-58,167,4reSuVI2S6xl4aJgZ9Cj9NBkxFM=,Xhz4ZDIxZ0Y8GUtue75ieAI2LxI=
-56,164,BUSXUQafC5Nu6EXirLaoJ0fGCHA=,xpBUUQ9d5gE6lBUS9sPvl+TsSNo=
-53,167,BUSXUQafC5Nu6EXirLaoJ0fGCHA=,xpBUUQ9d5gE6lBUS9sPvl+TsSNo=
-57,167,BUSXUQafC5Nu6EXirLaoJ0fGCHA=,Xhz4ZDIxZ0Y8GUtue75ieAI2LxI=
-54,167,BUSXUQafC5Nu6EXirLaoJ0fGCHA=,xpBUUQ9d5gE6lBUS9sPvl+TsSNo=
-54,164,J3BOkqE367Joi3NohnhjmRAxy7k=,xpBUUQ9d5gE6lBUS9sPvl+TsSNo=
-53,164,gREKp5IH1+LA6dwNTGkK7tlwKuY=,xpBUUQ9d5gE6lBUS9sPvl+TsSNo=
-55,164,gREKp5IH1+LA6dwNTGkK7tlwKuY=,xpBUUQ9d5gE6lBUS9sPvl+TsSNo=
-55,167,gREKp5IH1+LA6dwNTGkK7tlwKuY=,xpBUUQ9d5gE6lBUS9sPvl+TsSNo=
-55,165,gREKp5IH1+LA6dwNTGkK7tlwKuY=,xpBUUQ9d5gE6lBUS9sPvl+TsSNo=
-56,165,gREKp5IH1+LA6dwNTGkK7tlwKuY=,xpBUUQ9d5gE6lBUS9sPvl+TsSNo=
-53,166,gREKp5IH1+LA6dwNTGkK7tlwKuY=,xpBUUQ9d5gE6lBUS9sPvl+TsSNo=
-54,165,gREKp5IH1+LA6dwNTGkK7tlwKuY=,xpBUUQ9d5gE6lBUS9sPvl+TsSNo=
-56,167,gREKp5IH1+LA6dwNTGkK7tlwKuY=,xpBUUQ9d5gE6lBUS9sPvl+TsSNo=
-55,166,gREKp5IH1+LA6dwNTGkK7tlwKuY=,xpBUUQ9d5gE6lBUS9sPvl+TsSNo=
-56,166,gREKp5IH1+LA6dwNTGkK7tlwKuY=,xpBUUQ9d5gE6lBUS9sPvl+TsSNo=
-53,165,gREKp5IH1+LA6dwNTGkK7tlwKuY=,xpBUUQ9d5gE6lBUS9sPvl+TsSNo=
-54,166,gREKp5IH1+LA6dwNTGkK7tlwKuY=,xpBUUQ9d5gE6lBUS9sPvl+TsSNo=
-57,175,gREKp5IH1+LA6dwNTGkK7tlwKuY=,dnErehUOuBqzYBXYAk4iysIppQo=
-53,168,gREKp5IH1+LA6dwNTGkK7tlwKuY=,solz0Mb/St2U9NtcuF62RnS3cXc=
-54,168,gREKp5IH1+LA6dwNTGkK7tlwKuY=,solz0Mb/St2U9NtcuF62RnS3cXc=
-54,175,gREKp5IH1+LA6dwNTGkK7tlwKuY=,solz0Mb/St2U9NtcuF62RnS3cXc=
-54,173,gREKp5IH1+LA6dwNTGkK7tlwKuY=,solz0Mb/St2U9NtcuF62RnS3cXc=
-53,175,gREKp5IH1+LA6dwNTGkK7tlwKuY=,solz0Mb/St2U9NtcuF62RnS3cXc=
-56,169,gREKp5IH1+LA6dwNTGkK7tlwKuY=,solz0Mb/St2U9NtcuF62RnS3cXc=
-57,174,gREKp5IH1+LA6dwNTGkK7tlwKuY=,dnErehUOuBqzYBXYAk4iysIppQo=
-55,175,gREKp5IH1+LA6dwNTGkK7tlwKuY=,solz0Mb/St2U9NtcuF62RnS3cXc=
-53,173,gREKp5IH1+LA6dwNTGkK7tlwKuY=,solz0Mb/St2U9NtcuF62RnS3cXc=
-56,175,gREKp5IH1+LA6dwNTGkK7tlwKuY=,solz0Mb/St2U9NtcuF62RnS3cXc=
-57,173,gREKp5IH1+LA6dwNTGkK7tlwKuY=,dnErehUOuBqzYBXYAk4iysIppQo=
-57,172,gREKp5IH1+LA6dwNTGkK7tlwKuY=,dnErehUOuBqzYBXYAk4iysIppQo=
-55,169,gREKp5IH1+LA6dwNTGkK7tlwKuY=,solz0Mb/St2U9NtcuF62RnS3cXc=
-56,174,gREKp5IH1+LA6dwNTGkK7tlwKuY=,solz0Mb/St2U9NtcuF62RnS3cXc=
-54,169,gREKp5IH1+LA6dwNTGkK7tlwKuY=,solz0Mb/St2U9NtcuF62RnS3cXc=
-58,175,gREKp5IH1+LA6dwNTGkK7tlwKuY=,dnErehUOuBqzYBXYAk4iysIppQo=
-55,174,gREKp5IH1+LA6dwNTGkK7tlwKuY=,solz0Mb/St2U9NtcuF62RnS3cXc=
-59,175,gREKp5IH1+LA6dwNTGkK7tlwKuY=,dnErehUOuBqzYBXYAk4iysIppQo=
-54,174,gREKp5IH1+LA6dwNTGkK7tlwKuY=,solz0Mb/St2U9NtcuF62RnS3cXc=
-53,169,gREKp5IH1+LA6dwNTGkK7tlwKuY=,solz0Mb/St2U9NtcuF62RnS3cXc=
-57,168,gREKp5IH1+LA6dwNTGkK7tlwKuY=,dnErehUOuBqzYBXYAk4iysIppQo=
-60,175,gREKp5IH1+LA6dwNTGkK7tlwKuY=,dnErehUOuBqzYBXYAk4iysIppQo=
-53,174,gREKp5IH1+LA6dwNTGkK7tlwKuY=,solz0Mb/St2U9NtcuF62RnS3cXc=
-53,171,gREKp5IH1+LA6dwNTGkK7tlwKuY=,solz0Mb/St2U9NtcuF62RnS3cXc=
-60,172,gREKp5IH1+LA6dwNTGkK7tlwKuY=,dnErehUOuBqzYBXYAk4iysIppQo=
-54,171,gREKp5IH1+LA6dwNTGkK7tlwKuY=,solz0Mb/St2U9NtcuF62RnS3cXc=
-58,174,gREKp5IH1+LA6dwNTGkK7tlwKuY=,dnErehUOuBqzYBXYAk4iysIppQo=
-59,174,gREKp5IH1+LA6dwNTGkK7tlwKuY=,dnErehUOuBqzYBXYAk4iysIppQo=
-53,172,gREKp5IH1+LA6dwNTGkK7tlwKuY=,solz0Mb/St2U9NtcuF62RnS3cXc=
-55,171,gREKp5IH1+LA6dwNTGkK7tlwKuY=,solz0Mb/St2U9NtcuF62RnS3cXc=
-54,172,gREKp5IH1+LA6dwNTGkK7tlwKuY=,solz0Mb/St2U9NtcuF62RnS3cXc=
-60,174,gREKp5IH1+LA6dwNTGkK7tlwKuY=,dnErehUOuBqzYBXYAk4iysIppQo=
-56,171,gREKp5IH1+LA6dwNTGkK7tlwKuY=,solz0Mb/St2U9NtcuF62RnS3cXc=
-58,173,gREKp5IH1+LA6dwNTGkK7tlwKuY=,dnErehUOuBqzYBXYAk4iysIppQo=
-55,172,gREKp5IH1+LA6dwNTGkK7tlwKuY=,solz0Mb/St2U9NtcuF62RnS3cXc=
-53,170,gREKp5IH1+LA6dwNTGkK7tlwKuY=,solz0Mb/St2U9NtcuF62RnS3cXc=
-59,173,gREKp5IH1+LA6dwNTGkK7tlwKuY=,dnErehUOuBqzYBXYAk4iysIppQo=
-56,172,gREKp5IH1+LA6dwNTGkK7tlwKuY=,solz0Mb/St2U9NtcuF62RnS3cXc=
-57,171,gREKp5IH1+LA6dwNTGkK7tlwKuY=,dnErehUOuBqzYBXYAk4iysIppQo=
-60,173,gREKp5IH1+LA6dwNTGkK7tlwKuY=,dnErehUOuBqzYBXYAk4iysIppQo=
-54,170,gREKp5IH1+LA6dwNTGkK7tlwKuY=,solz0Mb/St2U9NtcuF62RnS3cXc=
-58,172,gREKp5IH1+LA6dwNTGkK7tlwKuY=,dnErehUOuBqzYBXYAk4iysIppQo=
-59,172,gREKp5IH1+LA6dwNTGkK7tlwKuY=,dnErehUOuBqzYBXYAk4iysIppQo=
-55,170,gREKp5IH1+LA6dwNTGkK7tlwKuY=,solz0Mb/St2U9NtcuF62RnS3cXc=
-60,169,gREKp5IH1+LA6dwNTGkK7tlwKuY=,dnErehUOuBqzYBXYAk4iysIppQo=
-57,170,gREKp5IH1+LA6dwNTGkK7tlwKuY=,dnErehUOuBqzYBXYAk4iysIppQo=
-56,170,gREKp5IH1+LA6dwNTGkK7tlwKuY=,solz0Mb/St2U9NtcuF62RnS3cXc=
-59,169,gREKp5IH1+LA6dwNTGkK7tlwKuY=,dnErehUOuBqzYBXYAk4iysIppQo=
-57,169,gREKp5IH1+LA6dwNTGkK7tlwKuY=,dnErehUOuBqzYBXYAk4iysIppQo=
-49,167,gREKp5IH1+LA6dwNTGkK7tlwKuY=,xpBUUQ9d5gE6lBUS9sPvl+TsSNo=
-58,168,gREKp5IH1+LA6dwNTGkK7tlwKuY=,dnErehUOuBqzYBXYAk4iysIppQo=
-60,168,gREKp5IH1+LA6dwNTGkK7tlwKuY=,dnErehUOuBqzYBXYAk4iysIppQo=
-50,167,gREKp5IH1+LA6dwNTGkK7tlwKuY=,xpBUUQ9d5gE6lBUS9sPvl+TsSNo=
-49,168,gREKp5IH1+LA6dwNTGkK7tlwKuY=,solz0Mb/St2U9NtcuF62RnS3cXc=
-51,167,gREKp5IH1+LA6dwNTGkK7tlwKuY=,xpBUUQ9d5gE6lBUS9sPvl+TsSNo=
-49,171,gREKp5IH1+LA6dwNTGkK7tlwKuY=,solz0Mb/St2U9NtcuF62RnS3cXc=
-52,169,gREKp5IH1+LA6dwNTGkK7tlwKuY=,solz0Mb/St2U9NtcuF62RnS3cXc=
-52,167,gREKp5IH1+LA6dwNTGkK7tlwKuY=,xpBUUQ9d5gE6lBUS9sPvl+TsSNo=
-49,170,gREKp5IH1+LA6dwNTGkK7tlwKuY=,solz0Mb/St2U9NtcuF62RnS3cXc=
-49,165,gREKp5IH1+LA6dwNTGkK7tlwKuY=,xpBUUQ9d5gE6lBUS9sPvl+TsSNo=
-49,169,gREKp5IH1+LA6dwNTGkK7tlwKuY=,solz0Mb/St2U9NtcuF62RnS3cXc=
-52,168,gREKp5IH1+LA6dwNTGkK7tlwKuY=,solz0Mb/St2U9NtcuF62RnS3cXc=
-51,168,gREKp5IH1+LA6dwNTGkK7tlwKuY=,solz0Mb/St2U9NtcuF62RnS3cXc=
-50,168,gREKp5IH1+LA6dwNTGkK7tlwKuY=,solz0Mb/St2U9NtcuF62RnS3cXc=
-50,171,gREKp5IH1+LA6dwNTGkK7tlwKuY=,solz0Mb/St2U9NtcuF62RnS3cXc=
-52,171,gREKp5IH1+LA6dwNTGkK7tlwKuY=,solz0Mb/St2U9NtcuF62RnS3cXc=
-51,171,gREKp5IH1+LA6dwNTGkK7tlwKuY=,solz0Mb/St2U9NtcuF62RnS3cXc=
-58,169,gREKp5IH1+LA6dwNTGkK7tlwKuY=,dnErehUOuBqzYBXYAk4iysIppQo=
-50,170,gREKp5IH1+LA6dwNTGkK7tlwKuY=,solz0Mb/St2U9NtcuF62RnS3cXc=
-49,160,gREKp5IH1+LA6dwNTGkK7tlwKuY=,xpBUUQ9d5gE6lBUS9sPvl+TsSNo=
-51,170,gREKp5IH1+LA6dwNTGkK7tlwKuY=,solz0Mb/St2U9NtcuF62RnS3cXc=
-50,160,gREKp5IH1+LA6dwNTGkK7tlwKuY=,xpBUUQ9d5gE6lBUS9sPvl+TsSNo=
-52,170,gREKp5IH1+LA6dwNTGkK7tlwKuY=,solz0Mb/St2U9NtcuF62RnS3cXc=
-58,171,gREKp5IH1+LA6dwNTGkK7tlwKuY=,dnErehUOuBqzYBXYAk4iysIppQo=
-59,171,gREKp5IH1+LA6dwNTGkK7tlwKuY=,dnErehUOuBqzYBXYAk4iysIppQo=
-51,160,gREKp5IH1+LA6dwNTGkK7tlwKuY=,xpBUUQ9d5gE6lBUS9sPvl+TsSNo=
-50,169,gREKp5IH1+LA6dwNTGkK7tlwKuY=,solz0Mb/St2U9NtcuF62RnS3cXc=
-60,171,gREKp5IH1+LA6dwNTGkK7tlwKuY=,dnErehUOuBqzYBXYAk4iysIppQo=
-52,160,gREKp5IH1+LA6dwNTGkK7tlwKuY=,xpBUUQ9d5gE6lBUS9sPvl+TsSNo=
-51,169,gREKp5IH1+LA6dwNTGkK7tlwKuY=,solz0Mb/St2U9NtcuF62RnS3cXc=
-58,170,gREKp5IH1+LA6dwNTGkK7tlwKuY=,dnErehUOuBqzYBXYAk4iysIppQo=
-49,163,gREKp5IH1+LA6dwNTGkK7tlwKuY=,xpBUUQ9d5gE6lBUS9sPvl+TsSNo=
-59,170,gREKp5IH1+LA6dwNTGkK7tlwKuY=,dnErehUOuBqzYBXYAk4iysIppQo=
-50,163,gREKp5IH1+LA6dwNTGkK7tlwKuY=,xpBUUQ9d5gE6lBUS9sPvl+TsSNo=
-60,170,gREKp5IH1+LA6dwNTGkK7tlwKuY=,dnErehUOuBqzYBXYAk4iysIppQo=
-59,168,gREKp5IH1+LA6dwNTGkK7tlwKuY=,dnErehUOuBqzYBXYAk4iysIppQo=
-51,163,gREKp5IH1+LA6dwNTGkK7tlwKuY=,xpBUUQ9d5gE6lBUS9sPvl+TsSNo=
-52,163,gREKp5IH1+LA6dwNTGkK7tlwKuY=,xpBUUQ9d5gE6lBUS9sPvl+TsSNo=
-49,162,gREKp5IH1+LA6dwNTGkK7tlwKuY=,xpBUUQ9d5gE6lBUS9sPvl+TsSNo=
-52,166,gREKp5IH1+LA6dwNTGkK7tlwKuY=,xpBUUQ9d5gE6lBUS9sPvl+TsSNo=
-51,162,gREKp5IH1+LA6dwNTGkK7tlwKuY=,xpBUUQ9d5gE6lBUS9sPvl+TsSNo=
-52,161,gREKp5IH1+LA6dwNTGkK7tlwKuY=,xpBUUQ9d5gE6lBUS9sPvl+TsSNo=
-50,162,gREKp5IH1+LA6dwNTGkK7tlwKuY=,xpBUUQ9d5gE6lBUS9sPvl+TsSNo=
-51,161,gREKp5IH1+LA6dwNTGkK7tlwKuY=,xpBUUQ9d5gE6lBUS9sPvl+TsSNo=
-50,161,gREKp5IH1+LA6dwNTGkK7tlwKuY=,xpBUUQ9d5gE6lBUS9sPvl+TsSNo=
-49,161,gREKp5IH1+LA6dwNTGkK7tlwKuY=,xpBUUQ9d5gE6lBUS9sPvl+TsSNo=
-52,162,gREKp5IH1+LA6dwNTGkK7tlwKuY=,xpBUUQ9d5gE6lBUS9sPvl+TsSNo=
-50,166,gREKp5IH1+LA6dwNTGkK7tlwKuY=,xpBUUQ9d5gE6lBUS9sPvl+TsSNo=
-55,168,gREKp5IH1+LA6dwNTGkK7tlwKuY=,solz0Mb/St2U9NtcuF62RnS3cXc=
-51,166,gREKp5IH1+LA6dwNTGkK7tlwKuY=,xpBUUQ9d5gE6lBUS9sPvl+TsSNo=
-49,166,gREKp5IH1+LA6dwNTGkK7tlwKuY=,xpBUUQ9d5gE6lBUS9sPvl+TsSNo=
-52,164,gREKp5IH1+LA6dwNTGkK7tlwKuY=,xpBUUQ9d5gE6lBUS9sPvl+TsSNo=
-51,164,gREKp5IH1+LA6dwNTGkK7tlwKuY=,xpBUUQ9d5gE6lBUS9sPvl+TsSNo=
-50,164,gREKp5IH1+LA6dwNTGkK7tlwKuY=,xpBUUQ9d5gE6lBUS9sPvl+TsSNo=
-49,164,gREKp5IH1+LA6dwNTGkK7tlwKuY=,xpBUUQ9d5gE6lBUS9sPvl+TsSNo=
-55,173,gREKp5IH1+LA6dwNTGkK7tlwKuY=,solz0Mb/St2U9NtcuF62RnS3cXc=
-52,165,gREKp5IH1+LA6dwNTGkK7tlwKuY=,xpBUUQ9d5gE6lBUS9sPvl+TsSNo=
-51,165,gREKp5IH1+LA6dwNTGkK7tlwKuY=,xpBUUQ9d5gE6lBUS9sPvl+TsSNo=
-56,168,gREKp5IH1+LA6dwNTGkK7tlwKuY=,solz0Mb/St2U9NtcuF62RnS3cXc=
-58,165,gREKp5IH1+LA6dwNTGkK7tlwKuY=,Xhz4ZDIxZ0Y8GUtue75ieAI2LxI=
-60,166,gREKp5IH1+LA6dwNTGkK7tlwKuY=,Xhz4ZDIxZ0Y8GUtue75ieAI2LxI=
-58,164,gREKp5IH1+LA6dwNTGkK7tlwKuY=,Xhz4ZDIxZ0Y8GUtue75ieAI2LxI=
-59,164,gREKp5IH1+LA6dwNTGkK7tlwKuY=,Xhz4ZDIxZ0Y8GUtue75ieAI2LxI=
-60,165,gREKp5IH1+LA6dwNTGkK7tlwKuY=,Xhz4ZDIxZ0Y8GUtue75ieAI2LxI=
-59,166,gREKp5IH1+LA6dwNTGkK7tlwKuY=,Xhz4ZDIxZ0Y8GUtue75ieAI2LxI=
-58,166,gREKp5IH1+LA6dwNTGkK7tlwKuY=,Xhz4ZDIxZ0Y8GUtue75ieAI2LxI=
-59,165,gREKp5IH1+LA6dwNTGkK7tlwKuY=,Xhz4ZDIxZ0Y8GUtue75ieAI2LxI=
-50,165,gREKp5IH1+LA6dwNTGkK7tlwKuY=,xpBUUQ9d5gE6lBUS9sPvl+TsSNo=
-56,173,gREKp5IH1+LA6dwNTGkK7tlwKuY=,solz0Mb/St2U9NtcuF62RnS3cXc=
-60,164,gREKp5IH1+LA6dwNTGkK7tlwKuY=,Xhz4ZDIxZ0Y8GUtue75ieAI2LxI=
-57,165,gREKp5IH1+LA6dwNTGkK7tlwKuY=,Xhz4ZDIxZ0Y8GUtue75ieAI2LxI=
-57,166,gREKp5IH1+LA6dwNTGkK7tlwKuY=,Xhz4ZDIxZ0Y8GUtue75ieAI2LxI=
-57,164,gREKp5IH1+LA6dwNTGkK7tlwKuY=,Xhz4ZDIxZ0Y8GUtue75ieAI2LxI=
-60,167,gREKp5IH1+LA6dwNTGkK7tlwKuY=,Xhz4ZDIxZ0Y8GUtue75ieAI2LxI=
-59,167,gREKp5IH1+LA6dwNTGkK7tlwKuY=,Xhz4ZDIxZ0Y8GUtue75ieAI2LxI=
-58,161,gREKp5IH1+LA6dwNTGkK7tlwKuY=,Xhz4ZDIxZ0Y8GUtue75ieAI2LxI=
-58,160,gREKp5IH1+LA6dwNTGkK7tlwKuY=,Xhz4ZDIxZ0Y8GUtue75ieAI2LxI=
-57,160,gREKp5IH1+LA6dwNTGkK7tlwKuY=,Xhz4ZDIxZ0Y8GUtue75ieAI2LxI=
-59,160,gREKp5IH1+LA6dwNTGkK7tlwKuY=,Xhz4ZDIxZ0Y8GUtue75ieAI2LxI=
-56,160,gREKp5IH1+LA6dwNTGkK7tlwKuY=,xpBUUQ9d5gE6lBUS9sPvl+TsSNo=
-53,160,gREKp5IH1+LA6dwNTGkK7tlwKuY=,xpBUUQ9d5gE6lBUS9sPvl+TsSNo=
-60,160,gREKp5IH1+LA6dwNTGkK7tlwKuY=,Xhz4ZDIxZ0Y8GUtue75ieAI2LxI=
-54,160,gREKp5IH1+LA6dwNTGkK7tlwKuY=,xpBUUQ9d5gE6lBUS9sPvl+TsSNo=
-55,160,gREKp5IH1+LA6dwNTGkK7tlwKuY=,xpBUUQ9d5gE6lBUS9sPvl+TsSNo=
-57,162,gREKp5IH1+LA6dwNTGkK7tlwKuY=,Xhz4ZDIxZ0Y8GUtue75ieAI2LxI=
-53,163,gREKp5IH1+LA6dwNTGkK7tlwKuY=,xpBUUQ9d5gE6lBUS9sPvl+TsSNo=
-54,163,gREKp5IH1+LA6dwNTGkK7tlwKuY=,xpBUUQ9d5gE6lBUS9sPvl+TsSNo=
-57,163,gREKp5IH1+LA6dwNTGkK7tlwKuY=,Xhz4ZDIxZ0Y8GUtue75ieAI2LxI=
-55,163,gREKp5IH1+LA6dwNTGkK7tlwKuY=,xpBUUQ9d5gE6lBUS9sPvl+TsSNo=
-56,163,gREKp5IH1+LA6dwNTGkK7tlwKuY=,xpBUUQ9d5gE6lBUS9sPvl+TsSNo=
-59,163,gREKp5IH1+LA6dwNTGkK7tlwKuY=,Xhz4ZDIxZ0Y8GUtue75ieAI2LxI=
-60,163,gREKp5IH1+LA6dwNTGkK7tlwKuY=,Xhz4ZDIxZ0Y8GUtue75ieAI2LxI=
-60,162,gREKp5IH1+LA6dwNTGkK7tlwKuY=,Xhz4ZDIxZ0Y8GUtue75ieAI2LxI=
-64,171,gREKp5IH1+LA6dwNTGkK7tlwKuY=,dnErehUOuBqzYBXYAk4iysIppQo=
-64,167,gREKp5IH1+LA6dwNTGkK7tlwKuY=,Xhz4ZDIxZ0Y8GUtue75ieAI2LxI=
-53,162,gREKp5IH1+LA6dwNTGkK7tlwKuY=,xpBUUQ9d5gE6lBUS9sPvl+TsSNo=
-58,163,gREKp5IH1+LA6dwNTGkK7tlwKuY=,Xhz4ZDIxZ0Y8GUtue75ieAI2LxI=
-63,166,gREKp5IH1+LA6dwNTGkK7tlwKuY=,Xhz4ZDIxZ0Y8GUtue75ieAI2LxI=
-64,170,gREKp5IH1+LA6dwNTGkK7tlwKuY=,dnErehUOuBqzYBXYAk4iysIppQo=
-64,165,gREKp5IH1+LA6dwNTGkK7tlwKuY=,Xhz4ZDIxZ0Y8GUtue75ieAI2LxI=
-54,162,gREKp5IH1+LA6dwNTGkK7tlwKuY=,xpBUUQ9d5gE6lBUS9sPvl+TsSNo=
-59,162,gREKp5IH1+LA6dwNTGkK7tlwKuY=,Xhz4ZDIxZ0Y8GUtue75ieAI2LxI=
-64,169,gREKp5IH1+LA6dwNTGkK7tlwKuY=,dnErehUOuBqzYBXYAk4iysIppQo=
-64,164,gREKp5IH1+LA6dwNTGkK7tlwKuY=,Xhz4ZDIxZ0Y8GUtue75ieAI2LxI=
-55,162,gREKp5IH1+LA6dwNTGkK7tlwKuY=,xpBUUQ9d5gE6lBUS9sPvl+TsSNo=
-64,168,gREKp5IH1+LA6dwNTGkK7tlwKuY=,dnErehUOuBqzYBXYAk4iysIppQo=
-64,166,gREKp5IH1+LA6dwNTGkK7tlwKuY=,Xhz4ZDIxZ0Y8GUtue75ieAI2LxI=
-61,171,gREKp5IH1+LA6dwNTGkK7tlwKuY=,dnErehUOuBqzYBXYAk4iysIppQo=
-56,162,gREKp5IH1+LA6dwNTGkK7tlwKuY=,xpBUUQ9d5gE6lBUS9sPvl+TsSNo=
-61,167,gREKp5IH1+LA6dwNTGkK7tlwKuY=,Xhz4ZDIxZ0Y8GUtue75ieAI2LxI=
-53,161,gREKp5IH1+LA6dwNTGkK7tlwKuY=,xpBUUQ9d5gE6lBUS9sPvl+TsSNo=
-62,171,gREKp5IH1+LA6dwNTGkK7tlwKuY=,dnErehUOuBqzYBXYAk4iysIppQo=
-62,167,gREKp5IH1+LA6dwNTGkK7tlwKuY=,Xhz4ZDIxZ0Y8GUtue75ieAI2LxI=
-54,161,gREKp5IH1+LA6dwNTGkK7tlwKuY=,xpBUUQ9d5gE6lBUS9sPvl+TsSNo=
-63,167,gREKp5IH1+LA6dwNTGkK7tlwKuY=,Xhz4ZDIxZ0Y8GUtue75ieAI2LxI=
-55,161,gREKp5IH1+LA6dwNTGkK7tlwKuY=,xpBUUQ9d5gE6lBUS9sPvl+TsSNo=
-61,164,gREKp5IH1+LA6dwNTGkK7tlwKuY=,Xhz4ZDIxZ0Y8GUtue75ieAI2LxI=
-63,171,gREKp5IH1+LA6dwNTGkK7tlwKuY=,dnErehUOuBqzYBXYAk4iysIppQo=
-57,161,gREKp5IH1+LA6dwNTGkK7tlwKuY=,Xhz4ZDIxZ0Y8GUtue75ieAI2LxI=
-56,161,gREKp5IH1+LA6dwNTGkK7tlwKuY=,xpBUUQ9d5gE6lBUS9sPvl+TsSNo=
-62,164,gREKp5IH1+LA6dwNTGkK7tlwKuY=,Xhz4ZDIxZ0Y8GUtue75ieAI2LxI=
-59,161,gREKp5IH1+LA6dwNTGkK7tlwKuY=,Xhz4ZDIxZ0Y8GUtue75ieAI2LxI=
-64,175,gREKp5IH1+LA6dwNTGkK7tlwKuY=,dnErehUOuBqzYBXYAk4iysIppQo=
-64,174,gREKp5IH1+LA6dwNTGkK7tlwKuY=,dnErehUOuBqzYBXYAk4iysIppQo=
-61,165,gREKp5IH1+LA6dwNTGkK7tlwKuY=,Xhz4ZDIxZ0Y8GUtue75ieAI2LxI=
-64,173,gREKp5IH1+LA6dwNTGkK7tlwKuY=,dnErehUOuBqzYBXYAk4iysIppQo=
-58,162,gREKp5IH1+LA6dwNTGkK7tlwKuY=,Xhz4ZDIxZ0Y8GUtue75ieAI2LxI=
-64,172,gREKp5IH1+LA6dwNTGkK7tlwKuY=,dnErehUOuBqzYBXYAk4iysIppQo=
-62,165,gREKp5IH1+LA6dwNTGkK7tlwKuY=,Xhz4ZDIxZ0Y8GUtue75ieAI2LxI=
-61,175,gREKp5IH1+LA6dwNTGkK7tlwKuY=,dnErehUOuBqzYBXYAk4iysIppQo=
-60,161,gREKp5IH1+LA6dwNTGkK7tlwKuY=,Xhz4ZDIxZ0Y8GUtue75ieAI2LxI=
-62,175,gREKp5IH1+LA6dwNTGkK7tlwKuY=,dnErehUOuBqzYBXYAk4iysIppQo=
-63,165,gREKp5IH1+LA6dwNTGkK7tlwKuY=,Xhz4ZDIxZ0Y8GUtue75ieAI2LxI=
-63,175,gREKp5IH1+LA6dwNTGkK7tlwKuY=,dnErehUOuBqzYBXYAk4iysIppQo=
-62,166,gREKp5IH1+LA6dwNTGkK7tlwKuY=,Xhz4ZDIxZ0Y8GUtue75ieAI2LxI=
-63,164,gREKp5IH1+LA6dwNTGkK7tlwKuY=,Xhz4ZDIxZ0Y8GUtue75ieAI2LxI=
-61,174,gREKp5IH1+LA6dwNTGkK7tlwKuY=,dnErehUOuBqzYBXYAk4iysIppQo=
-62,174,gREKp5IH1+LA6dwNTGkK7tlwKuY=,dnErehUOuBqzYBXYAk4iysIppQo=
-63,172,gREKp5IH1+LA6dwNTGkK7tlwKuY=,dnErehUOuBqzYBXYAk4iysIppQo=
-61,170,gREKp5IH1+LA6dwNTGkK7tlwKuY=,dnErehUOuBqzYBXYAk4iysIppQo=
-63,174,gREKp5IH1+LA6dwNTGkK7tlwKuY=,dnErehUOuBqzYBXYAk4iysIppQo=
-61,173,gREKp5IH1+LA6dwNTGkK7tlwKuY=,dnErehUOuBqzYBXYAk4iysIppQo=
-61,166,gREKp5IH1+LA6dwNTGkK7tlwKuY=,Xhz4ZDIxZ0Y8GUtue75ieAI2LxI=
-62,173,gREKp5IH1+LA6dwNTGkK7tlwKuY=,dnErehUOuBqzYBXYAk4iysIppQo=
-62,170,gREKp5IH1+LA6dwNTGkK7tlwKuY=,dnErehUOuBqzYBXYAk4iysIppQo=
-63,168,gREKp5IH1+LA6dwNTGkK7tlwKuY=,dnErehUOuBqzYBXYAk4iysIppQo=
-63,170,gREKp5IH1+LA6dwNTGkK7tlwKuY=,dnErehUOuBqzYBXYAk4iysIppQo=
-62,172,gREKp5IH1+LA6dwNTGkK7tlwKuY=,dnErehUOuBqzYBXYAk4iysIppQo=
-63,173,gREKp5IH1+LA6dwNTGkK7tlwKuY=,dnErehUOuBqzYBXYAk4iysIppQo=
-61,172,gREKp5IH1+LA6dwNTGkK7tlwKuY=,dnErehUOuBqzYBXYAk4iysIppQo=
-61,169,gREKp5IH1+LA6dwNTGkK7tlwKuY=,dnErehUOuBqzYBXYAk4iysIppQo=
-62,168,gREKp5IH1+LA6dwNTGkK7tlwKuY=,dnErehUOuBqzYBXYAk4iysIppQo=
-61,168,gREKp5IH1+LA6dwNTGkK7tlwKuY=,dnErehUOuBqzYBXYAk4iysIppQo=
-63,169,gREKp5IH1+LA6dwNTGkK7tlwKuY=,dnErehUOuBqzYBXYAk4iysIppQo=
-62,169,gREKp5IH1+LA6dwNTGkK7tlwKuY=,dnErehUOuBqzYBXYAk4iysIppQo=
-64,160,gREKp5IH1+LA6dwNTGkK7tlwKuY=,Xhz4ZDIxZ0Y8GUtue75ieAI2LxI=
-62,163,gREKp5IH1+LA6dwNTGkK7tlwKuY=,Xhz4ZDIxZ0Y8GUtue75ieAI2LxI=
-63,161,gREKp5IH1+LA6dwNTGkK7tlwKuY=,Xhz4ZDIxZ0Y8GUtue75ieAI2LxI=
-61,163,gREKp5IH1+LA6dwNTGkK7tlwKuY=,Xhz4ZDIxZ0Y8GUtue75ieAI2LxI=
-63,163,gREKp5IH1+LA6dwNTGkK7tlwKuY=,Xhz4ZDIxZ0Y8GUtue75ieAI2LxI=
-62,161,gREKp5IH1+LA6dwNTGkK7tlwKuY=,Xhz4ZDIxZ0Y8GUtue75ieAI2LxI=
-64,162,gREKp5IH1+LA6dwNTGkK7tlwKuY=,Xhz4ZDIxZ0Y8GUtue75ieAI2LxI=
-63,162,gREKp5IH1+LA6dwNTGkK7tlwKuY=,Xhz4ZDIxZ0Y8GUtue75ieAI2LxI=
-62,162,gREKp5IH1+LA6dwNTGkK7tlwKuY=,Xhz4ZDIxZ0Y8GUtue75ieAI2LxI=
-61,162,gREKp5IH1+LA6dwNTGkK7tlwKuY=,Xhz4ZDIxZ0Y8GUtue75ieAI2LxI=
-64,161,gREKp5IH1+LA6dwNTGkK7tlwKuY=,Xhz4ZDIxZ0Y8GUtue75ieAI2LxI=
-61,161,gREKp5IH1+LA6dwNTGkK7tlwKuY=,Xhz4ZDIxZ0Y8GUtue75ieAI2LxI=
-61,160,gREKp5IH1+LA6dwNTGkK7tlwKuY=,Xhz4ZDIxZ0Y8GUtue75ieAI2LxI=
-62,160,gREKp5IH1+LA6dwNTGkK7tlwKuY=,Xhz4ZDIxZ0Y8GUtue75ieAI2LxI=
-63,160,gREKp5IH1+LA6dwNTGkK7tlwKuY=,Xhz4ZDIxZ0Y8GUtue75ieAI2LxI=
-64,163,gREKp5IH1+LA6dwNTGkK7tlwKuY=,Xhz4ZDIxZ0Y8GUtue75ieAI2LxI=
-49,175,gREKp5IH1+LA6dwNTGkK7tlwKuY=,solz0Mb/St2U9NtcuF62RnS3cXc=
-51,172,gREKp5IH1+LA6dwNTGkK7tlwKuY=,solz0Mb/St2U9NtcuF62RnS3cXc=
-49,174,gREKp5IH1+LA6dwNTGkK7tlwKuY=,solz0Mb/St2U9NtcuF62RnS3cXc=
-52,172,gREKp5IH1+LA6dwNTGkK7tlwKuY=,solz0Mb/St2U9NtcuF62RnS3cXc=
-51,174,gREKp5IH1+LA6dwNTGkK7tlwKuY=,solz0Mb/St2U9NtcuF62RnS3cXc=
-50,172,gREKp5IH1+LA6dwNTGkK7tlwKuY=,solz0Mb/St2U9NtcuF62RnS3cXc=
-50,174,gREKp5IH1+LA6dwNTGkK7tlwKuY=,solz0Mb/St2U9NtcuF62RnS3cXc=
-52,174,gREKp5IH1+LA6dwNTGkK7tlwKuY=,solz0Mb/St2U9NtcuF62RnS3cXc=
-49,173,gREKp5IH1+LA6dwNTGkK7tlwKuY=,solz0Mb/St2U9NtcuF62RnS3cXc=
-50,173,gREKp5IH1+LA6dwNTGkK7tlwKuY=,solz0Mb/St2U9NtcuF62RnS3cXc=
-52,173,gREKp5IH1+LA6dwNTGkK7tlwKuY=,solz0Mb/St2U9NtcuF62RnS3cXc=
-51,173,gREKp5IH1+LA6dwNTGkK7tlwKuY=,solz0Mb/St2U9NtcuF62RnS3cXc=
-49,172,gREKp5IH1+LA6dwNTGkK7tlwKuY=,solz0Mb/St2U9NtcuF62RnS3cXc=
-50,175,gREKp5IH1+LA6dwNTGkK7tlwKuY=,solz0Mb/St2U9NtcuF62RnS3cXc=
-52,175,gREKp5IH1+LA6dwNTGkK7tlwKuY=,solz0Mb/St2U9NtcuF62RnS3cXc=
-51,175,gREKp5IH1+LA6dwNTGkK7tlwKuY=,solz0Mb/St2U9NtcuF62RnS3cXc=
-58,183,dxinRJ+ZdJw6pfVeAmg61gr362s=,GDm0sbSwWhige3MH9YcwzTKqp2k=
-59,183,dxinRJ+ZdJw6pfVeAmg61gr362s=,GDm0sbSwWhige3MH9YcwzTKqp2k=
-57,183,9vjhtVQegsW0qXnsr3Ba37MgO4M=,GDm0sbSwWhige3MH9YcwzTKqp2k=
-53,183,NLnO2+QX03MNOspbxOgcEJ/e99k=,7RnQQ+wGvosHdQOebi/iG/LK7DI=
-56,180,NLnO2+QX03MNOspbxOgcEJ/e99k=,7RnQQ+wGvosHdQOebi/iG/LK7DI=
-54,180,NLnO2+QX03MNOspbxOgcEJ/e99k=,7RnQQ+wGvosHdQOebi/iG/LK7DI=
-53,180,NLnO2+QX03MNOspbxOgcEJ/e99k=,7RnQQ+wGvosHdQOebi/iG/LK7DI=
-55,180,NLnO2+QX03MNOspbxOgcEJ/e99k=,7RnQQ+wGvosHdQOebi/iG/LK7DI=
-56,181,NLnO2+QX03MNOspbxOgcEJ/e99k=,7RnQQ+wGvosHdQOebi/iG/LK7DI=
-55,181,NLnO2+QX03MNOspbxOgcEJ/e99k=,7RnQQ+wGvosHdQOebi/iG/LK7DI=
-54,181,V05nC+Uv1lSmawDd8RZv4Jj7BU8=,7RnQQ+wGvosHdQOebi/iG/LK7DI=
-53,181,V05nC+Uv1lSmawDd8RZv4Jj7BU8=,7RnQQ+wGvosHdQOebi/iG/LK7DI=
-55,182,V05nC+Uv1lSmawDd8RZv4Jj7BU8=,7RnQQ+wGvosHdQOebi/iG/LK7DI=
-56,182,rHk0p1vOwxPR9MplA6yBJJUivmA=,7RnQQ+wGvosHdQOebi/iG/LK7DI=
-54,182,rHk0p1vOwxPR9MplA6yBJJUivmA=,7RnQQ+wGvosHdQOebi/iG/LK7DI=
-54,183,KEXIWe1Z391MZgzfBAysbOfPgxo=,7RnQQ+wGvosHdQOebi/iG/LK7DI=
-55,183,KEXIWe1Z391MZgzfBAysbOfPgxo=,7RnQQ+wGvosHdQOebi/iG/LK7DI=
-56,183,KEXIWe1Z391MZgzfBAysbOfPgxo=,7RnQQ+wGvosHdQOebi/iG/LK7DI=
-56,184,KEXIWe1Z391MZgzfBAysbOfPgxo=,3dRWeTpnb8SLOGiAg1uiwAh/dWY=
-55,184,KEXIWe1Z391MZgzfBAysbOfPgxo=,3dRWeTpnb8SLOGiAg1uiwAh/dWY=
-58,182,KEXIWe1Z391MZgzfBAysbOfPgxo=,GDm0sbSwWhige3MH9YcwzTKqp2k=
-60,180,KEXIWe1Z391MZgzfBAysbOfPgxo=,GDm0sbSwWhige3MH9YcwzTKqp2k=
-53,182,KEXIWe1Z391MZgzfBAysbOfPgxo=,7RnQQ+wGvosHdQOebi/iG/LK7DI=
-54,184,KEXIWe1Z391MZgzfBAysbOfPgxo=,3dRWeTpnb8SLOGiAg1uiwAh/dWY=
-56,185,KEXIWe1Z391MZgzfBAysbOfPgxo=,3dRWeTpnb8SLOGiAg1uiwAh/dWY=
-53,184,KEXIWe1Z391MZgzfBAysbOfPgxo=,3dRWeTpnb8SLOGiAg1uiwAh/dWY=
-58,180,KEXIWe1Z391MZgzfBAysbOfPgxo=,GDm0sbSwWhige3MH9YcwzTKqp2k=
-59,180,KEXIWe1Z391MZgzfBAysbOfPgxo=,GDm0sbSwWhige3MH9YcwzTKqp2k=
-55,185,KEXIWe1Z391MZgzfBAysbOfPgxo=,3dRWeTpnb8SLOGiAg1uiwAh/dWY=
-60,184,KEXIWe1Z391MZgzfBAysbOfPgxo=,iguRghwJatNReXjSDg7C2Nqdj24=
-59,184,KEXIWe1Z391MZgzfBAysbOfPgxo=,iguRghwJatNReXjSDg7C2Nqdj24=
-60,181,KEXIWe1Z391MZgzfBAysbOfPgxo=,GDm0sbSwWhige3MH9YcwzTKqp2k=
-60,185,KEXIWe1Z391MZgzfBAysbOfPgxo=,iguRghwJatNReXjSDg7C2Nqdj24=
-57,184,KEXIWe1Z391MZgzfBAysbOfPgxo=,iguRghwJatNReXjSDg7C2Nqdj24=
-58,181,KEXIWe1Z391MZgzfBAysbOfPgxo=,GDm0sbSwWhige3MH9YcwzTKqp2k=
-59,185,KEXIWe1Z391MZgzfBAysbOfPgxo=,iguRghwJatNReXjSDg7C2Nqdj24=
-58,185,KEXIWe1Z391MZgzfBAysbOfPgxo=,iguRghwJatNReXjSDg7C2Nqdj24=
-60,186,KEXIWe1Z391MZgzfBAysbOfPgxo=,iguRghwJatNReXjSDg7C2Nqdj24=
-59,186,KEXIWe1Z391MZgzfBAysbOfPgxo=,iguRghwJatNReXjSDg7C2Nqdj24=
-60,182,KEXIWe1Z391MZgzfBAysbOfPgxo=,GDm0sbSwWhige3MH9YcwzTKqp2k=
-59,181,KEXIWe1Z391MZgzfBAysbOfPgxo=,GDm0sbSwWhige3MH9YcwzTKqp2k=
-59,182,KEXIWe1Z391MZgzfBAysbOfPgxo=,GDm0sbSwWhige3MH9YcwzTKqp2k=
-57,180,KEXIWe1Z391MZgzfBAysbOfPgxo=,GDm0sbSwWhige3MH9YcwzTKqp2k=
-54,185,KEXIWe1Z391MZgzfBAysbOfPgxo=,3dRWeTpnb8SLOGiAg1uiwAh/dWY=
-57,182,KEXIWe1Z391MZgzfBAysbOfPgxo=,GDm0sbSwWhige3MH9YcwzTKqp2k=
-60,183,KEXIWe1Z391MZgzfBAysbOfPgxo=,GDm0sbSwWhige3MH9YcwzTKqp2k=
-60,187,KEXIWe1Z391MZgzfBAysbOfPgxo=,iguRghwJatNReXjSDg7C2Nqdj24=
-58,187,KEXIWe1Z391MZgzfBAysbOfPgxo=,iguRghwJatNReXjSDg7C2Nqdj24=
-59,187,KEXIWe1Z391MZgzfBAysbOfPgxo=,iguRghwJatNReXjSDg7C2Nqdj24=
-53,185,KEXIWe1Z391MZgzfBAysbOfPgxo=,3dRWeTpnb8SLOGiAg1uiwAh/dWY=
-57,187,KEXIWe1Z391MZgzfBAysbOfPgxo=,iguRghwJatNReXjSDg7C2Nqdj24=
-57,186,KEXIWe1Z391MZgzfBAysbOfPgxo=,iguRghwJatNReXjSDg7C2Nqdj24=
-58,184,KEXIWe1Z391MZgzfBAysbOfPgxo=,iguRghwJatNReXjSDg7C2Nqdj24=
-57,185,KEXIWe1Z391MZgzfBAysbOfPgxo=,iguRghwJatNReXjSDg7C2Nqdj24=
-55,186,KEXIWe1Z391MZgzfBAysbOfPgxo=,3dRWeTpnb8SLOGiAg1uiwAh/dWY=
-53,187,KEXIWe1Z391MZgzfBAysbOfPgxo=,3dRWeTpnb8SLOGiAg1uiwAh/dWY=
-54,186,KEXIWe1Z391MZgzfBAysbOfPgxo=,3dRWeTpnb8SLOGiAg1uiwAh/dWY=
-57,181,KEXIWe1Z391MZgzfBAysbOfPgxo=,GDm0sbSwWhige3MH9YcwzTKqp2k=
-53,186,KEXIWe1Z391MZgzfBAysbOfPgxo=,3dRWeTpnb8SLOGiAg1uiwAh/dWY=
-58,186,KEXIWe1Z391MZgzfBAysbOfPgxo=,iguRghwJatNReXjSDg7C2Nqdj24=
-54,187,KEXIWe1Z391MZgzfBAysbOfPgxo=,3dRWeTpnb8SLOGiAg1uiwAh/dWY=
-56,187,KEXIWe1Z391MZgzfBAysbOfPgxo=,3dRWeTpnb8SLOGiAg1uiwAh/dWY=
-55,187,KEXIWe1Z391MZgzfBAysbOfPgxo=,3dRWeTpnb8SLOGiAg1uiwAh/dWY=
-56,186,KEXIWe1Z391MZgzfBAysbOfPgxo=,3dRWeTpnb8SLOGiAg1uiwAh/dWY=
-58,191,KEXIWe1Z391MZgzfBAysbOfPgxo=,iguRghwJatNReXjSDg7C2Nqdj24=
-57,191,KEXIWe1Z391MZgzfBAysbOfPgxo=,iguRghwJatNReXjSDg7C2Nqdj24=
-58,188,KEXIWe1Z391MZgzfBAysbOfPgxo=,iguRghwJatNReXjSDg7C2Nqdj24=
-60,188,KEXIWe1Z391MZgzfBAysbOfPgxo=,iguRghwJatNReXjSDg7C2Nqdj24=
-60,189,KEXIWe1Z391MZgzfBAysbOfPgxo=,iguRghwJatNReXjSDg7C2Nqdj24=
-60,191,KEXIWe1Z391MZgzfBAysbOfPgxo=,iguRghwJatNReXjSDg7C2Nqdj24=
-59,191,KEXIWe1Z391MZgzfBAysbOfPgxo=,iguRghwJatNReXjSDg7C2Nqdj24=
-59,188,KEXIWe1Z391MZgzfBAysbOfPgxo=,iguRghwJatNReXjSDg7C2Nqdj24=
-56,191,KEXIWe1Z391MZgzfBAysbOfPgxo=,3dRWeTpnb8SLOGiAg1uiwAh/dWY=
-59,190,KEXIWe1Z391MZgzfBAysbOfPgxo=,iguRghwJatNReXjSDg7C2Nqdj24=
-58,189,KEXIWe1Z391MZgzfBAysbOfPgxo=,iguRghwJatNReXjSDg7C2Nqdj24=
-60,190,KEXIWe1Z391MZgzfBAysbOfPgxo=,iguRghwJatNReXjSDg7C2Nqdj24=
-59,189,KEXIWe1Z391MZgzfBAysbOfPgxo=,iguRghwJatNReXjSDg7C2Nqdj24=
-57,189,KEXIWe1Z391MZgzfBAysbOfPgxo=,iguRghwJatNReXjSDg7C2Nqdj24=
-58,190,KEXIWe1Z391MZgzfBAysbOfPgxo=,iguRghwJatNReXjSDg7C2Nqdj24=
-57,190,KEXIWe1Z391MZgzfBAysbOfPgxo=,iguRghwJatNReXjSDg7C2Nqdj24=
-54,188,KEXIWe1Z391MZgzfBAysbOfPgxo=,3dRWeTpnb8SLOGiAg1uiwAh/dWY=
-55,188,KEXIWe1Z391MZgzfBAysbOfPgxo=,3dRWeTpnb8SLOGiAg1uiwAh/dWY=
-53,188,KEXIWe1Z391MZgzfBAysbOfPgxo=,3dRWeTpnb8SLOGiAg1uiwAh/dWY=
-56,189,KEXIWe1Z391MZgzfBAysbOfPgxo=,3dRWeTpnb8SLOGiAg1uiwAh/dWY=
-56,188,KEXIWe1Z391MZgzfBAysbOfPgxo=,3dRWeTpnb8SLOGiAg1uiwAh/dWY=
-53,191,KEXIWe1Z391MZgzfBAysbOfPgxo=,3dRWeTpnb8SLOGiAg1uiwAh/dWY=
-55,189,KEXIWe1Z391MZgzfBAysbOfPgxo=,3dRWeTpnb8SLOGiAg1uiwAh/dWY=
-54,189,KEXIWe1Z391MZgzfBAysbOfPgxo=,3dRWeTpnb8SLOGiAg1uiwAh/dWY=
-54,191,KEXIWe1Z391MZgzfBAysbOfPgxo=,3dRWeTpnb8SLOGiAg1uiwAh/dWY=
-53,189,KEXIWe1Z391MZgzfBAysbOfPgxo=,3dRWeTpnb8SLOGiAg1uiwAh/dWY=
-56,190,KEXIWe1Z391MZgzfBAysbOfPgxo=,3dRWeTpnb8SLOGiAg1uiwAh/dWY=
-55,191,KEXIWe1Z391MZgzfBAysbOfPgxo=,3dRWeTpnb8SLOGiAg1uiwAh/dWY=
-57,188,KEXIWe1Z391MZgzfBAysbOfPgxo=,iguRghwJatNReXjSDg7C2Nqdj24=
-53,190,KEXIWe1Z391MZgzfBAysbOfPgxo=,3dRWeTpnb8SLOGiAg1uiwAh/dWY=
-54,190,KEXIWe1Z391MZgzfBAysbOfPgxo=,3dRWeTpnb8SLOGiAg1uiwAh/dWY=
-55,190,KEXIWe1Z391MZgzfBAysbOfPgxo=,3dRWeTpnb8SLOGiAg1uiwAh/dWY=
-64,190,KEXIWe1Z391MZgzfBAysbOfPgxo=,iguRghwJatNReXjSDg7C2Nqdj24=
-64,191,KEXIWe1Z391MZgzfBAysbOfPgxo=,iguRghwJatNReXjSDg7C2Nqdj24=
-64,189,KEXIWe1Z391MZgzfBAysbOfPgxo=,iguRghwJatNReXjSDg7C2Nqdj24=
-64,188,KEXIWe1Z391MZgzfBAysbOfPgxo=,iguRghwJatNReXjSDg7C2Nqdj24=
-61,191,KEXIWe1Z391MZgzfBAysbOfPgxo=,iguRghwJatNReXjSDg7C2Nqdj24=
-64,180,KEXIWe1Z391MZgzfBAysbOfPgxo=,GDm0sbSwWhige3MH9YcwzTKqp2k=
-64,184,KEXIWe1Z391MZgzfBAysbOfPgxo=,iguRghwJatNReXjSDg7C2Nqdj24=
-63,188,KEXIWe1Z391MZgzfBAysbOfPgxo=,iguRghwJatNReXjSDg7C2Nqdj24=
-62,191,KEXIWe1Z391MZgzfBAysbOfPgxo=,iguRghwJatNReXjSDg7C2Nqdj24=
-64,187,KEXIWe1Z391MZgzfBAysbOfPgxo=,iguRghwJatNReXjSDg7C2Nqdj24=
-63,189,KEXIWe1Z391MZgzfBAysbOfPgxo=,iguRghwJatNReXjSDg7C2Nqdj24=
-64,186,KEXIWe1Z391MZgzfBAysbOfPgxo=,iguRghwJatNReXjSDg7C2Nqdj24=
-61,188,KEXIWe1Z391MZgzfBAysbOfPgxo=,iguRghwJatNReXjSDg7C2Nqdj24=
-62,188,KEXIWe1Z391MZgzfBAysbOfPgxo=,iguRghwJatNReXjSDg7C2Nqdj24=
-63,191,KEXIWe1Z391MZgzfBAysbOfPgxo=,iguRghwJatNReXjSDg7C2Nqdj24=
-64,185,KEXIWe1Z391MZgzfBAysbOfPgxo=,iguRghwJatNReXjSDg7C2Nqdj24=
-61,183,KEXIWe1Z391MZgzfBAysbOfPgxo=,GDm0sbSwWhige3MH9YcwzTKqp2k=
-62,183,KEXIWe1Z391MZgzfBAysbOfPgxo=,GDm0sbSwWhige3MH9YcwzTKqp2k=
-61,189,KEXIWe1Z391MZgzfBAysbOfPgxo=,iguRghwJatNReXjSDg7C2Nqdj24=
-63,183,KEXIWe1Z391MZgzfBAysbOfPgxo=,GDm0sbSwWhige3MH9YcwzTKqp2k=
-62,189,KEXIWe1Z391MZgzfBAysbOfPgxo=,iguRghwJatNReXjSDg7C2Nqdj24=
-63,190,KEXIWe1Z391MZgzfBAysbOfPgxo=,iguRghwJatNReXjSDg7C2Nqdj24=
-64,182,KEXIWe1Z391MZgzfBAysbOfPgxo=,GDm0sbSwWhige3MH9YcwzTKqp2k=
-61,190,KEXIWe1Z391MZgzfBAysbOfPgxo=,iguRghwJatNReXjSDg7C2Nqdj24=
-64,181,KEXIWe1Z391MZgzfBAysbOfPgxo=,GDm0sbSwWhige3MH9YcwzTKqp2k=
-64,183,KEXIWe1Z391MZgzfBAysbOfPgxo=,GDm0sbSwWhige3MH9YcwzTKqp2k=
-63,181,KEXIWe1Z391MZgzfBAysbOfPgxo=,GDm0sbSwWhige3MH9YcwzTKqp2k=
-62,181,KEXIWe1Z391MZgzfBAysbOfPgxo=,GDm0sbSwWhige3MH9YcwzTKqp2k=
-61,181,KEXIWe1Z391MZgzfBAysbOfPgxo=,GDm0sbSwWhige3MH9YcwzTKqp2k=
-61,187,KEXIWe1Z391MZgzfBAysbOfPgxo=,iguRghwJatNReXjSDg7C2Nqdj24=
-63,182,KEXIWe1Z391MZgzfBAysbOfPgxo=,GDm0sbSwWhige3MH9YcwzTKqp2k=
-61,182,KEXIWe1Z391MZgzfBAysbOfPgxo=,GDm0sbSwWhige3MH9YcwzTKqp2k=
-62,182,KEXIWe1Z391MZgzfBAysbOfPgxo=,GDm0sbSwWhige3MH9YcwzTKqp2k=
-62,190,KEXIWe1Z391MZgzfBAysbOfPgxo=,iguRghwJatNReXjSDg7C2Nqdj24=
-62,180,KEXIWe1Z391MZgzfBAysbOfPgxo=,GDm0sbSwWhige3MH9YcwzTKqp2k=
-63,180,KEXIWe1Z391MZgzfBAysbOfPgxo=,GDm0sbSwWhige3MH9YcwzTKqp2k=
-61,180,KEXIWe1Z391MZgzfBAysbOfPgxo=,GDm0sbSwWhige3MH9YcwzTKqp2k=
-62,187,KEXIWe1Z391MZgzfBAysbOfPgxo=,iguRghwJatNReXjSDg7C2Nqdj24=
-63,185,KEXIWe1Z391MZgzfBAysbOfPgxo=,iguRghwJatNReXjSDg7C2Nqdj24=
-62,185,KEXIWe1Z391MZgzfBAysbOfPgxo=,iguRghwJatNReXjSDg7C2Nqdj24=
-63,184,KEXIWe1Z391MZgzfBAysbOfPgxo=,iguRghwJatNReXjSDg7C2Nqdj24=
-61,185,KEXIWe1Z391MZgzfBAysbOfPgxo=,iguRghwJatNReXjSDg7C2Nqdj24=
-63,187,KEXIWe1Z391MZgzfBAysbOfPgxo=,iguRghwJatNReXjSDg7C2Nqdj24=
-61,184,KEXIWe1Z391MZgzfBAysbOfPgxo=,iguRghwJatNReXjSDg7C2Nqdj24=
-62,184,KEXIWe1Z391MZgzfBAysbOfPgxo=,iguRghwJatNReXjSDg7C2Nqdj24=
-61,186,KEXIWe1Z391MZgzfBAysbOfPgxo=,iguRghwJatNReXjSDg7C2Nqdj24=
-62,186,KEXIWe1Z391MZgzfBAysbOfPgxo=,iguRghwJatNReXjSDg7C2Nqdj24=
-63,186,KEXIWe1Z391MZgzfBAysbOfPgxo=,iguRghwJatNReXjSDg7C2Nqdj24=
-49,183,KEXIWe1Z391MZgzfBAysbOfPgxo=,7RnQQ+wGvosHdQOebi/iG/LK7DI=
-50,183,KEXIWe1Z391MZgzfBAysbOfPgxo=,7RnQQ+wGvosHdQOebi/iG/LK7DI=
-51,183,KEXIWe1Z391MZgzfBAysbOfPgxo=,7RnQQ+wGvosHdQOebi/iG/LK7DI=
-52,183,KEXIWe1Z391MZgzfBAysbOfPgxo=,7RnQQ+wGvosHdQOebi/iG/LK7DI=
-49,181,KEXIWe1Z391MZgzfBAysbOfPgxo=,7RnQQ+wGvosHdQOebi/iG/LK7DI=
-50,181,KEXIWe1Z391MZgzfBAysbOfPgxo=,7RnQQ+wGvosHdQOebi/iG/LK7DI=
-51,181,KEXIWe1Z391MZgzfBAysbOfPgxo=,7RnQQ+wGvosHdQOebi/iG/LK7DI=
-51,185,KEXIWe1Z391MZgzfBAysbOfPgxo=,3dRWeTpnb8SLOGiAg1uiwAh/dWY=
-49,184,KEXIWe1Z391MZgzfBAysbOfPgxo=,3dRWeTpnb8SLOGiAg1uiwAh/dWY=
-52,185,KEXIWe1Z391MZgzfBAysbOfPgxo=,3dRWeTpnb8SLOGiAg1uiwAh/dWY=
-52,181,KEXIWe1Z391MZgzfBAysbOfPgxo=,7RnQQ+wGvosHdQOebi/iG/LK7DI=
-49,191,KEXIWe1Z391MZgzfBAysbOfPgxo=,3dRWeTpnb8SLOGiAg1uiwAh/dWY=
-50,185,KEXIWe1Z391MZgzfBAysbOfPgxo=,3dRWeTpnb8SLOGiAg1uiwAh/dWY=
-49,176,KEXIWe1Z391MZgzfBAysbOfPgxo=,7RnQQ+wGvosHdQOebi/iG/LK7DI=
-52,186,KEXIWe1Z391MZgzfBAysbOfPgxo=,3dRWeTpnb8SLOGiAg1uiwAh/dWY=
-49,180,KEXIWe1Z391MZgzfBAysbOfPgxo=,7RnQQ+wGvosHdQOebi/iG/LK7DI=
-52,182,KEXIWe1Z391MZgzfBAysbOfPgxo=,7RnQQ+wGvosHdQOebi/iG/LK7DI=
-50,176,KEXIWe1Z391MZgzfBAysbOfPgxo=,7RnQQ+wGvosHdQOebi/iG/LK7DI=
-51,186,KEXIWe1Z391MZgzfBAysbOfPgxo=,3dRWeTpnb8SLOGiAg1uiwAh/dWY=
-50,180,KEXIWe1Z391MZgzfBAysbOfPgxo=,7RnQQ+wGvosHdQOebi/iG/LK7DI=
-51,176,KEXIWe1Z391MZgzfBAysbOfPgxo=,7RnQQ+wGvosHdQOebi/iG/LK7DI=
-49,190,KEXIWe1Z391MZgzfBAysbOfPgxo=,3dRWeTpnb8SLOGiAg1uiwAh/dWY=
-50,182,KEXIWe1Z391MZgzfBAysbOfPgxo=,7RnQQ+wGvosHdQOebi/iG/LK7DI=
-51,182,KEXIWe1Z391MZgzfBAysbOfPgxo=,7RnQQ+wGvosHdQOebi/iG/LK7DI=
-51,180,KEXIWe1Z391MZgzfBAysbOfPgxo=,7RnQQ+wGvosHdQOebi/iG/LK7DI=
-52,187,KEXIWe1Z391MZgzfBAysbOfPgxo=,3dRWeTpnb8SLOGiAg1uiwAh/dWY=
-52,176,KEXIWe1Z391MZgzfBAysbOfPgxo=,7RnQQ+wGvosHdQOebi/iG/LK7DI=
-51,187,KEXIWe1Z391MZgzfBAysbOfPgxo=,3dRWeTpnb8SLOGiAg1uiwAh/dWY=
-49,189,KEXIWe1Z391MZgzfBAysbOfPgxo=,3dRWeTpnb8SLOGiAg1uiwAh/dWY=
-50,187,KEXIWe1Z391MZgzfBAysbOfPgxo=,3dRWeTpnb8SLOGiAg1uiwAh/dWY=
-50,186,KEXIWe1Z391MZgzfBAysbOfPgxo=,3dRWeTpnb8SLOGiAg1uiwAh/dWY=
-49,179,KEXIWe1Z391MZgzfBAysbOfPgxo=,7RnQQ+wGvosHdQOebi/iG/LK7DI=
-49,188,KEXIWe1Z391MZgzfBAysbOfPgxo=,3dRWeTpnb8SLOGiAg1uiwAh/dWY=
-51,188,KEXIWe1Z391MZgzfBAysbOfPgxo=,3dRWeTpnb8SLOGiAg1uiwAh/dWY=
-49,182,KEXIWe1Z391MZgzfBAysbOfPgxo=,7RnQQ+wGvosHdQOebi/iG/LK7DI=
-50,179,KEXIWe1Z391MZgzfBAysbOfPgxo=,7RnQQ+wGvosHdQOebi/iG/LK7DI=
-49,187,KEXIWe1Z391MZgzfBAysbOfPgxo=,3dRWeTpnb8SLOGiAg1uiwAh/dWY=
-52,177,KEXIWe1Z391MZgzfBAysbOfPgxo=,7RnQQ+wGvosHdQOebi/iG/LK7DI=
-51,179,KEXIWe1Z391MZgzfBAysbOfPgxo=,7RnQQ+wGvosHdQOebi/iG/LK7DI=
-49,186,KEXIWe1Z391MZgzfBAysbOfPgxo=,3dRWeTpnb8SLOGiAg1uiwAh/dWY=
-50,188,KEXIWe1Z391MZgzfBAysbOfPgxo=,3dRWeTpnb8SLOGiAg1uiwAh/dWY=
-52,189,KEXIWe1Z391MZgzfBAysbOfPgxo=,3dRWeTpnb8SLOGiAg1uiwAh/dWY=
-51,189,KEXIWe1Z391MZgzfBAysbOfPgxo=,3dRWeTpnb8SLOGiAg1uiwAh/dWY=
-49,185,KEXIWe1Z391MZgzfBAysbOfPgxo=,3dRWeTpnb8SLOGiAg1uiwAh/dWY=
-50,189,KEXIWe1Z391MZgzfBAysbOfPgxo=,3dRWeTpnb8SLOGiAg1uiwAh/dWY=
-52,179,KEXIWe1Z391MZgzfBAysbOfPgxo=,7RnQQ+wGvosHdQOebi/iG/LK7DI=
-52,190,KEXIWe1Z391MZgzfBAysbOfPgxo=,3dRWeTpnb8SLOGiAg1uiwAh/dWY=
-51,177,KEXIWe1Z391MZgzfBAysbOfPgxo=,7RnQQ+wGvosHdQOebi/iG/LK7DI=
-52,191,KEXIWe1Z391MZgzfBAysbOfPgxo=,3dRWeTpnb8SLOGiAg1uiwAh/dWY=
-51,191,KEXIWe1Z391MZgzfBAysbOfPgxo=,3dRWeTpnb8SLOGiAg1uiwAh/dWY=
-51,190,KEXIWe1Z391MZgzfBAysbOfPgxo=,3dRWeTpnb8SLOGiAg1uiwAh/dWY=
-52,188,KEXIWe1Z391MZgzfBAysbOfPgxo=,3dRWeTpnb8SLOGiAg1uiwAh/dWY=
-50,191,KEXIWe1Z391MZgzfBAysbOfPgxo=,3dRWeTpnb8SLOGiAg1uiwAh/dWY=
-63,176,KEXIWe1Z391MZgzfBAysbOfPgxo=,GDm0sbSwWhige3MH9YcwzTKqp2k=
-64,176,KEXIWe1Z391MZgzfBAysbOfPgxo=,GDm0sbSwWhige3MH9YcwzTKqp2k=
-52,184,KEXIWe1Z391MZgzfBAysbOfPgxo=,3dRWeTpnb8SLOGiAg1uiwAh/dWY=
-50,190,KEXIWe1Z391MZgzfBAysbOfPgxo=,3dRWeTpnb8SLOGiAg1uiwAh/dWY=
-50,177,KEXIWe1Z391MZgzfBAysbOfPgxo=,7RnQQ+wGvosHdQOebi/iG/LK7DI=
-57,176,KEXIWe1Z391MZgzfBAysbOfPgxo=,GDm0sbSwWhige3MH9YcwzTKqp2k=
-52,180,KEXIWe1Z391MZgzfBAysbOfPgxo=,7RnQQ+wGvosHdQOebi/iG/LK7DI=
-61,176,KEXIWe1Z391MZgzfBAysbOfPgxo=,GDm0sbSwWhige3MH9YcwzTKqp2k=
-49,178,KEXIWe1Z391MZgzfBAysbOfPgxo=,7RnQQ+wGvosHdQOebi/iG/LK7DI=
-58,176,KEXIWe1Z391MZgzfBAysbOfPgxo=,GDm0sbSwWhige3MH9YcwzTKqp2k=
-58,178,KEXIWe1Z391MZgzfBAysbOfPgxo=,GDm0sbSwWhige3MH9YcwzTKqp2k=
-51,178,KEXIWe1Z391MZgzfBAysbOfPgxo=,7RnQQ+wGvosHdQOebi/iG/LK7DI=
-59,176,KEXIWe1Z391MZgzfBAysbOfPgxo=,GDm0sbSwWhige3MH9YcwzTKqp2k=
-51,184,KEXIWe1Z391MZgzfBAysbOfPgxo=,3dRWeTpnb8SLOGiAg1uiwAh/dWY=
-62,179,KEXIWe1Z391MZgzfBAysbOfPgxo=,GDm0sbSwWhige3MH9YcwzTKqp2k=
-50,184,KEXIWe1Z391MZgzfBAysbOfPgxo=,3dRWeTpnb8SLOGiAg1uiwAh/dWY=
-63,179,KEXIWe1Z391MZgzfBAysbOfPgxo=,GDm0sbSwWhige3MH9YcwzTKqp2k=
-61,179,KEXIWe1Z391MZgzfBAysbOfPgxo=,GDm0sbSwWhige3MH9YcwzTKqp2k=
-62,178,KEXIWe1Z391MZgzfBAysbOfPgxo=,GDm0sbSwWhige3MH9YcwzTKqp2k=
-63,177,KEXIWe1Z391MZgzfBAysbOfPgxo=,GDm0sbSwWhige3MH9YcwzTKqp2k=
-61,178,KEXIWe1Z391MZgzfBAysbOfPgxo=,GDm0sbSwWhige3MH9YcwzTKqp2k=
-56,176,KEXIWe1Z391MZgzfBAysbOfPgxo=,7RnQQ+wGvosHdQOebi/iG/LK7DI=
-62,177,KEXIWe1Z391MZgzfBAysbOfPgxo=,GDm0sbSwWhige3MH9YcwzTKqp2k=
-52,178,KEXIWe1Z391MZgzfBAysbOfPgxo=,7RnQQ+wGvosHdQOebi/iG/LK7DI=
-61,177,KEXIWe1Z391MZgzfBAysbOfPgxo=,GDm0sbSwWhige3MH9YcwzTKqp2k=
-60,179,KEXIWe1Z391MZgzfBAysbOfPgxo=,GDm0sbSwWhige3MH9YcwzTKqp2k=
-59,179,KEXIWe1Z391MZgzfBAysbOfPgxo=,GDm0sbSwWhige3MH9YcwzTKqp2k=
-60,176,KEXIWe1Z391MZgzfBAysbOfPgxo=,GDm0sbSwWhige3MH9YcwzTKqp2k=
-58,179,KEXIWe1Z391MZgzfBAysbOfPgxo=,GDm0sbSwWhige3MH9YcwzTKqp2k=
-64,177,KEXIWe1Z391MZgzfBAysbOfPgxo=,GDm0sbSwWhige3MH9YcwzTKqp2k=
-60,177,KEXIWe1Z391MZgzfBAysbOfPgxo=,GDm0sbSwWhige3MH9YcwzTKqp2k=
-59,177,KEXIWe1Z391MZgzfBAysbOfPgxo=,GDm0sbSwWhige3MH9YcwzTKqp2k=
-64,178,KEXIWe1Z391MZgzfBAysbOfPgxo=,GDm0sbSwWhige3MH9YcwzTKqp2k=
-60,178,KEXIWe1Z391MZgzfBAysbOfPgxo=,GDm0sbSwWhige3MH9YcwzTKqp2k=
-59,178,KEXIWe1Z391MZgzfBAysbOfPgxo=,GDm0sbSwWhige3MH9YcwzTKqp2k=
-64,179,KEXIWe1Z391MZgzfBAysbOfPgxo=,GDm0sbSwWhige3MH9YcwzTKqp2k=
-57,177,KEXIWe1Z391MZgzfBAysbOfPgxo=,GDm0sbSwWhige3MH9YcwzTKqp2k=
-57,178,KEXIWe1Z391MZgzfBAysbOfPgxo=,GDm0sbSwWhige3MH9YcwzTKqp2k=
-56,177,KEXIWe1Z391MZgzfBAysbOfPgxo=,7RnQQ+wGvosHdQOebi/iG/LK7DI=
-53,176,KEXIWe1Z391MZgzfBAysbOfPgxo=,7RnQQ+wGvosHdQOebi/iG/LK7DI=
-55,177,KEXIWe1Z391MZgzfBAysbOfPgxo=,7RnQQ+wGvosHdQOebi/iG/LK7DI=
-54,177,KEXIWe1Z391MZgzfBAysbOfPgxo=,7RnQQ+wGvosHdQOebi/iG/LK7DI=
-53,177,KEXIWe1Z391MZgzfBAysbOfPgxo=,7RnQQ+wGvosHdQOebi/iG/LK7DI=
-56,178,KEXIWe1Z391MZgzfBAysbOfPgxo=,7RnQQ+wGvosHdQOebi/iG/LK7DI=
-55,178,KEXIWe1Z391MZgzfBAysbOfPgxo=,7RnQQ+wGvosHdQOebi/iG/LK7DI=
-54,176,KEXIWe1Z391MZgzfBAysbOfPgxo=,7RnQQ+wGvosHdQOebi/iG/LK7DI=
-54,178,KEXIWe1Z391MZgzfBAysbOfPgxo=,7RnQQ+wGvosHdQOebi/iG/LK7DI=
-53,178,KEXIWe1Z391MZgzfBAysbOfPgxo=,7RnQQ+wGvosHdQOebi/iG/LK7DI=
-55,179,KEXIWe1Z391MZgzfBAysbOfPgxo=,7RnQQ+wGvosHdQOebi/iG/LK7DI=
-54,179,KEXIWe1Z391MZgzfBAysbOfPgxo=,7RnQQ+wGvosHdQOebi/iG/LK7DI=
-55,176,KEXIWe1Z391MZgzfBAysbOfPgxo=,7RnQQ+wGvosHdQOebi/iG/LK7DI=
-50,178,KEXIWe1Z391MZgzfBAysbOfPgxo=,7RnQQ+wGvosHdQOebi/iG/LK7DI=
-49,177,KEXIWe1Z391MZgzfBAysbOfPgxo=,7RnQQ+wGvosHdQOebi/iG/LK7DI=
-62,176,KEXIWe1Z391MZgzfBAysbOfPgxo=,GDm0sbSwWhige3MH9YcwzTKqp2k=
-53,179,KEXIWe1Z391MZgzfBAysbOfPgxo=,7RnQQ+wGvosHdQOebi/iG/LK7DI=
-56,179,KEXIWe1Z391MZgzfBAysbOfPgxo=,7RnQQ+wGvosHdQOebi/iG/LK7DI=
-57,179,KEXIWe1Z391MZgzfBAysbOfPgxo=,GDm0sbSwWhige3MH9YcwzTKqp2k=
-58,177,KEXIWe1Z391MZgzfBAysbOfPgxo=,GDm0sbSwWhige3MH9YcwzTKqp2k=
-63,178,KEXIWe1Z391MZgzfBAysbOfPgxo=,GDm0sbSwWhige3MH9YcwzTKqp2k=
-41,181,126Oc+FtKAtB3AxtEZ1FP14wxis=,hX1IPwxAlygfIopaYckQ20qgRAA=
-41,183,cZlM26mQ9kk4y8+zAyaQGNV6Euk=,hX1IPwxAlygfIopaYckQ20qgRAA=
-37,183,cZlM26mQ9kk4y8+zAyaQGNV6Euk=,b8M2ECZdvY7zmVKnh9OMURWSWC4=
-40,180,cZlM26mQ9kk4y8+zAyaQGNV6Euk=,b8M2ECZdvY7zmVKnh9OMURWSWC4=
-38,183,0kVAtgXyZVw82Qct4wwYA6PBOJQ=,b8M2ECZdvY7zmVKnh9OMURWSWC4=
-39,180,0kVAtgXyZVw82Qct4wwYA6PBOJQ=,b8M2ECZdvY7zmVKnh9OMURWSWC4=
-39,183,0kVAtgXyZVw82Qct4wwYA6PBOJQ=,b8M2ECZdvY7zmVKnh9OMURWSWC4=
-38,180,dV2Eku0OST7+d2JsOSVuipMGcTQ=,b8M2ECZdvY7zmVKnh9OMURWSWC4=
-40,181,dV2Eku0OST7+d2JsOSVuipMGcTQ=,b8M2ECZdvY7zmVKnh9OMURWSWC4=
-40,183,dV2Eku0OST7+d2JsOSVuipMGcTQ=,b8M2ECZdvY7zmVKnh9OMURWSWC4=
-38,181,dV2Eku0OST7+d2JsOSVuipMGcTQ=,b8M2ECZdvY7zmVKnh9OMURWSWC4=
-39,181,dV2Eku0OST7+d2JsOSVuipMGcTQ=,b8M2ECZdvY7zmVKnh9OMURWSWC4=
-37,182,dV2Eku0OST7+d2JsOSVuipMGcTQ=,b8M2ECZdvY7zmVKnh9OMURWSWC4=
-38,182,/TjtS3DSHC1scWSdwIjhB56xdzI=,b8M2ECZdvY7zmVKnh9OMURWSWC4=
-44,185,/TjtS3DSHC1scWSdwIjhB56xdzI=,sZLUTrm88vbYGSJjnoN4GLOTUwU=
-43,185,/TjtS3DSHC1scWSdwIjhB56xdzI=,sZLUTrm88vbYGSJjnoN4GLOTUwU=
-42,185,/TjtS3DSHC1scWSdwIjhB56xdzI=,sZLUTrm88vbYGSJjnoN4GLOTUwU=
-37,190,/TjtS3DSHC1scWSdwIjhB56xdzI=,vGmlMnba5vcGvH2q7tXV3DIiCYw=
-41,189,/TjtS3DSHC1scWSdwIjhB56xdzI=,sZLUTrm88vbYGSJjnoN4GLOTUwU=
-42,186,/TjtS3DSHC1scWSdwIjhB56xdzI=,sZLUTrm88vbYGSJjnoN4GLOTUwU=
-43,186,/TjtS3DSHC1scWSdwIjhB56xdzI=,sZLUTrm88vbYGSJjnoN4GLOTUwU=
-38,190,/TjtS3DSHC1scWSdwIjhB56xdzI=,vGmlMnba5vcGvH2q7tXV3DIiCYw=
-42,187,/TjtS3DSHC1scWSdwIjhB56xdzI=,sZLUTrm88vbYGSJjnoN4GLOTUwU=
-38,191,/TjtS3DSHC1scWSdwIjhB56xdzI=,vGmlMnba5vcGvH2q7tXV3DIiCYw=
-37,180,/TjtS3DSHC1scWSdwIjhB56xdzI=,b8M2ECZdvY7zmVKnh9OMURWSWC4=
-39,191,/TjtS3DSHC1scWSdwIjhB56xdzI=,vGmlMnba5vcGvH2q7tXV3DIiCYw=
-37,191,/TjtS3DSHC1scWSdwIjhB56xdzI=,vGmlMnba5vcGvH2q7tXV3DIiCYw=
-37,181,/TjtS3DSHC1scWSdwIjhB56xdzI=,b8M2ECZdvY7zmVKnh9OMURWSWC4=
-39,182,/TjtS3DSHC1scWSdwIjhB56xdzI=,b8M2ECZdvY7zmVKnh9OMURWSWC4=
-42,188,/TjtS3DSHC1scWSdwIjhB56xdzI=,sZLUTrm88vbYGSJjnoN4GLOTUwU=
-44,188,/TjtS3DSHC1scWSdwIjhB56xdzI=,sZLUTrm88vbYGSJjnoN4GLOTUwU=
-44,186,/TjtS3DSHC1scWSdwIjhB56xdzI=,sZLUTrm88vbYGSJjnoN4GLOTUwU=
-44,187,/TjtS3DSHC1scWSdwIjhB56xdzI=,sZLUTrm88vbYGSJjnoN4GLOTUwU=
-40,182,/TjtS3DSHC1scWSdwIjhB56xdzI=,b8M2ECZdvY7zmVKnh9OMURWSWC4=
-39,184,/TjtS3DSHC1scWSdwIjhB56xdzI=,vGmlMnba5vcGvH2q7tXV3DIiCYw=
-41,190,/TjtS3DSHC1scWSdwIjhB56xdzI=,sZLUTrm88vbYGSJjnoN4GLOTUwU=
-43,189,/TjtS3DSHC1scWSdwIjhB56xdzI=,sZLUTrm88vbYGSJjnoN4GLOTUwU=
-43,187,/TjtS3DSHC1scWSdwIjhB56xdzI=,sZLUTrm88vbYGSJjnoN4GLOTUwU=
-37,184,/TjtS3DSHC1scWSdwIjhB56xdzI=,vGmlMnba5vcGvH2q7tXV3DIiCYw=
-38,184,/TjtS3DSHC1scWSdwIjhB56xdzI=,vGmlMnba5vcGvH2q7tXV3DIiCYw=
-39,185,/TjtS3DSHC1scWSdwIjhB56xdzI=,vGmlMnba5vcGvH2q7tXV3DIiCYw=
-41,184,/TjtS3DSHC1scWSdwIjhB56xdzI=,sZLUTrm88vbYGSJjnoN4GLOTUwU=
-40,185,/TjtS3DSHC1scWSdwIjhB56xdzI=,vGmlMnba5vcGvH2q7tXV3DIiCYw=
-44,191,/TjtS3DSHC1scWSdwIjhB56xdzI=,sZLUTrm88vbYGSJjnoN4GLOTUwU=
-41,191,/TjtS3DSHC1scWSdwIjhB56xdzI=,sZLUTrm88vbYGSJjnoN4GLOTUwU=
-42,191,/TjtS3DSHC1scWSdwIjhB56xdzI=,sZLUTrm88vbYGSJjnoN4GLOTUwU=
-37,189,/TjtS3DSHC1scWSdwIjhB56xdzI=,vGmlMnba5vcGvH2q7tXV3DIiCYw=
-43,191,/TjtS3DSHC1scWSdwIjhB56xdzI=,sZLUTrm88vbYGSJjnoN4GLOTUwU=
-39,189,/TjtS3DSHC1scWSdwIjhB56xdzI=,vGmlMnba5vcGvH2q7tXV3DIiCYw=
-44,189,/TjtS3DSHC1scWSdwIjhB56xdzI=,sZLUTrm88vbYGSJjnoN4GLOTUwU=
-41,188,/TjtS3DSHC1scWSdwIjhB56xdzI=,sZLUTrm88vbYGSJjnoN4GLOTUwU=
-40,189,/TjtS3DSHC1scWSdwIjhB56xdzI=,vGmlMnba5vcGvH2q7tXV3DIiCYw=
-43,188,/TjtS3DSHC1scWSdwIjhB56xdzI=,sZLUTrm88vbYGSJjnoN4GLOTUwU=
-38,185,/TjtS3DSHC1scWSdwIjhB56xdzI=,vGmlMnba5vcGvH2q7tXV3DIiCYw=
-38,188,/TjtS3DSHC1scWSdwIjhB56xdzI=,vGmlMnba5vcGvH2q7tXV3DIiCYw=
-39,188,/TjtS3DSHC1scWSdwIjhB56xdzI=,vGmlMnba5vcGvH2q7tXV3DIiCYw=
-40,188,/TjtS3DSHC1scWSdwIjhB56xdzI=,vGmlMnba5vcGvH2q7tXV3DIiCYw=
-40,191,/TjtS3DSHC1scWSdwIjhB56xdzI=,vGmlMnba5vcGvH2q7tXV3DIiCYw=
-42,189,/TjtS3DSHC1scWSdwIjhB56xdzI=,sZLUTrm88vbYGSJjnoN4GLOTUwU=
-41,186,/TjtS3DSHC1scWSdwIjhB56xdzI=,sZLUTrm88vbYGSJjnoN4GLOTUwU=
-37,188,/TjtS3DSHC1scWSdwIjhB56xdzI=,vGmlMnba5vcGvH2q7tXV3DIiCYw=
-37,187,/TjtS3DSHC1scWSdwIjhB56xdzI=,vGmlMnba5vcGvH2q7tXV3DIiCYw=
-39,187,/TjtS3DSHC1scWSdwIjhB56xdzI=,vGmlMnba5vcGvH2q7tXV3DIiCYw=
-38,187,/TjtS3DSHC1scWSdwIjhB56xdzI=,vGmlMnba5vcGvH2q7tXV3DIiCYw=
-40,187,/TjtS3DSHC1scWSdwIjhB56xdzI=,vGmlMnba5vcGvH2q7tXV3DIiCYw=
-37,186,/TjtS3DSHC1scWSdwIjhB56xdzI=,vGmlMnba5vcGvH2q7tXV3DIiCYw=
-39,186,/TjtS3DSHC1scWSdwIjhB56xdzI=,vGmlMnba5vcGvH2q7tXV3DIiCYw=
-40,186,/TjtS3DSHC1scWSdwIjhB56xdzI=,vGmlMnba5vcGvH2q7tXV3DIiCYw=
-38,186,/TjtS3DSHC1scWSdwIjhB56xdzI=,vGmlMnba5vcGvH2q7tXV3DIiCYw=
-43,184,/TjtS3DSHC1scWSdwIjhB56xdzI=,sZLUTrm88vbYGSJjnoN4GLOTUwU=
-37,185,/TjtS3DSHC1scWSdwIjhB56xdzI=,vGmlMnba5vcGvH2q7tXV3DIiCYw=
-38,189,/TjtS3DSHC1scWSdwIjhB56xdzI=,vGmlMnba5vcGvH2q7tXV3DIiCYw=
-44,184,/TjtS3DSHC1scWSdwIjhB56xdzI=,sZLUTrm88vbYGSJjnoN4GLOTUwU=
-44,190,/TjtS3DSHC1scWSdwIjhB56xdzI=,sZLUTrm88vbYGSJjnoN4GLOTUwU=
-42,190,/TjtS3DSHC1scWSdwIjhB56xdzI=,sZLUTrm88vbYGSJjnoN4GLOTUwU=
-41,182,/TjtS3DSHC1scWSdwIjhB56xdzI=,hX1IPwxAlygfIopaYckQ20qgRAA=
-42,184,/TjtS3DSHC1scWSdwIjhB56xdzI=,sZLUTrm88vbYGSJjnoN4GLOTUwU=
-43,182,/TjtS3DSHC1scWSdwIjhB56xdzI=,hX1IPwxAlygfIopaYckQ20qgRAA=
-41,185,/TjtS3DSHC1scWSdwIjhB56xdzI=,sZLUTrm88vbYGSJjnoN4GLOTUwU=
-41,187,/TjtS3DSHC1scWSdwIjhB56xdzI=,sZLUTrm88vbYGSJjnoN4GLOTUwU=
-41,180,/TjtS3DSHC1scWSdwIjhB56xdzI=,hX1IPwxAlygfIopaYckQ20qgRAA=
-44,182,/TjtS3DSHC1scWSdwIjhB56xdzI=,hX1IPwxAlygfIopaYckQ20qgRAA=
-42,183,/TjtS3DSHC1scWSdwIjhB56xdzI=,hX1IPwxAlygfIopaYckQ20qgRAA=
-43,183,/TjtS3DSHC1scWSdwIjhB56xdzI=,hX1IPwxAlygfIopaYckQ20qgRAA=
-42,181,/TjtS3DSHC1scWSdwIjhB56xdzI=,hX1IPwxAlygfIopaYckQ20qgRAA=
-44,183,/TjtS3DSHC1scWSdwIjhB56xdzI=,hX1IPwxAlygfIopaYckQ20qgRAA=
-44,181,/TjtS3DSHC1scWSdwIjhB56xdzI=,hX1IPwxAlygfIopaYckQ20qgRAA=
-44,180,/TjtS3DSHC1scWSdwIjhB56xdzI=,hX1IPwxAlygfIopaYckQ20qgRAA=
-43,190,/TjtS3DSHC1scWSdwIjhB56xdzI=,sZLUTrm88vbYGSJjnoN4GLOTUwU=
-40,184,/TjtS3DSHC1scWSdwIjhB56xdzI=,vGmlMnba5vcGvH2q7tXV3DIiCYw=
-43,180,/TjtS3DSHC1scWSdwIjhB56xdzI=,hX1IPwxAlygfIopaYckQ20qgRAA=
-43,181,/TjtS3DSHC1scWSdwIjhB56xdzI=,hX1IPwxAlygfIopaYckQ20qgRAA=
-42,182,/TjtS3DSHC1scWSdwIjhB56xdzI=,hX1IPwxAlygfIopaYckQ20qgRAA=
-40,190,/TjtS3DSHC1scWSdwIjhB56xdzI=,vGmlMnba5vcGvH2q7tXV3DIiCYw=
-42,180,/TjtS3DSHC1scWSdwIjhB56xdzI=,hX1IPwxAlygfIopaYckQ20qgRAA=
-39,190,/TjtS3DSHC1scWSdwIjhB56xdzI=,vGmlMnba5vcGvH2q7tXV3DIiCYw=
-33,184,/TjtS3DSHC1scWSdwIjhB56xdzI=,vGmlMnba5vcGvH2q7tXV3DIiCYw=
-33,183,/TjtS3DSHC1scWSdwIjhB56xdzI=,b8M2ECZdvY7zmVKnh9OMURWSWC4=
-33,190,/TjtS3DSHC1scWSdwIjhB56xdzI=,vGmlMnba5vcGvH2q7tXV3DIiCYw=
-33,191,/TjtS3DSHC1scWSdwIjhB56xdzI=,vGmlMnba5vcGvH2q7tXV3DIiCYw=
-34,183,/TjtS3DSHC1scWSdwIjhB56xdzI=,b8M2ECZdvY7zmVKnh9OMURWSWC4=
-33,189,/TjtS3DSHC1scWSdwIjhB56xdzI=,vGmlMnba5vcGvH2q7tXV3DIiCYw=
-33,188,/TjtS3DSHC1scWSdwIjhB56xdzI=,vGmlMnba5vcGvH2q7tXV3DIiCYw=
-35,183,/TjtS3DSHC1scWSdwIjhB56xdzI=,b8M2ECZdvY7zmVKnh9OMURWSWC4=
-33,187,/TjtS3DSHC1scWSdwIjhB56xdzI=,vGmlMnba5vcGvH2q7tXV3DIiCYw=
-33,186,/TjtS3DSHC1scWSdwIjhB56xdzI=,vGmlMnba5vcGvH2q7tXV3DIiCYw=
-36,183,/TjtS3DSHC1scWSdwIjhB56xdzI=,b8M2ECZdvY7zmVKnh9OMURWSWC4=
-33,185,/TjtS3DSHC1scWSdwIjhB56xdzI=,vGmlMnba5vcGvH2q7tXV3DIiCYw=
-36,190,/TjtS3DSHC1scWSdwIjhB56xdzI=,vGmlMnba5vcGvH2q7tXV3DIiCYw=
-35,190,/TjtS3DSHC1scWSdwIjhB56xdzI=,vGmlMnba5vcGvH2q7tXV3DIiCYw=
-33,181,/TjtS3DSHC1scWSdwIjhB56xdzI=,b8M2ECZdvY7zmVKnh9OMURWSWC4=
-34,190,/TjtS3DSHC1scWSdwIjhB56xdzI=,vGmlMnba5vcGvH2q7tXV3DIiCYw=
-36,191,/TjtS3DSHC1scWSdwIjhB56xdzI=,vGmlMnba5vcGvH2q7tXV3DIiCYw=
-34,181,/TjtS3DSHC1scWSdwIjhB56xdzI=,b8M2ECZdvY7zmVKnh9OMURWSWC4=
-35,191,/TjtS3DSHC1scWSdwIjhB56xdzI=,vGmlMnba5vcGvH2q7tXV3DIiCYw=
-34,191,/TjtS3DSHC1scWSdwIjhB56xdzI=,vGmlMnba5vcGvH2q7tXV3DIiCYw=
-35,181,/TjtS3DSHC1scWSdwIjhB56xdzI=,b8M2ECZdvY7zmVKnh9OMURWSWC4=
-36,184,/TjtS3DSHC1scWSdwIjhB56xdzI=,vGmlMnba5vcGvH2q7tXV3DIiCYw=
-34,184,/TjtS3DSHC1scWSdwIjhB56xdzI=,vGmlMnba5vcGvH2q7tXV3DIiCYw=
-35,184,/TjtS3DSHC1scWSdwIjhB56xdzI=,vGmlMnba5vcGvH2q7tXV3DIiCYw=
-36,181,/TjtS3DSHC1scWSdwIjhB56xdzI=,b8M2ECZdvY7zmVKnh9OMURWSWC4=
-34,189,/TjtS3DSHC1scWSdwIjhB56xdzI=,vGmlMnba5vcGvH2q7tXV3DIiCYw=
-35,189,/TjtS3DSHC1scWSdwIjhB56xdzI=,vGmlMnba5vcGvH2q7tXV3DIiCYw=
-36,189,/TjtS3DSHC1scWSdwIjhB56xdzI=,vGmlMnba5vcGvH2q7tXV3DIiCYw=
-33,180,/TjtS3DSHC1scWSdwIjhB56xdzI=,b8M2ECZdvY7zmVKnh9OMURWSWC4=
-34,188,/TjtS3DSHC1scWSdwIjhB56xdzI=,vGmlMnba5vcGvH2q7tXV3DIiCYw=
-34,180,/TjtS3DSHC1scWSdwIjhB56xdzI=,b8M2ECZdvY7zmVKnh9OMURWSWC4=
-35,188,/TjtS3DSHC1scWSdwIjhB56xdzI=,vGmlMnba5vcGvH2q7tXV3DIiCYw=
-35,180,/TjtS3DSHC1scWSdwIjhB56xdzI=,b8M2ECZdvY7zmVKnh9OMURWSWC4=
-36,188,/TjtS3DSHC1scWSdwIjhB56xdzI=,vGmlMnba5vcGvH2q7tXV3DIiCYw=
-36,180,/TjtS3DSHC1scWSdwIjhB56xdzI=,b8M2ECZdvY7zmVKnh9OMURWSWC4=
-34,187,/TjtS3DSHC1scWSdwIjhB56xdzI=,vGmlMnba5vcGvH2q7tXV3DIiCYw=
-35,187,/TjtS3DSHC1scWSdwIjhB56xdzI=,vGmlMnba5vcGvH2q7tXV3DIiCYw=
-36,187,/TjtS3DSHC1scWSdwIjhB56xdzI=,vGmlMnba5vcGvH2q7tXV3DIiCYw=
-36,185,/TjtS3DSHC1scWSdwIjhB56xdzI=,vGmlMnba5vcGvH2q7tXV3DIiCYw=
-34,186,/TjtS3DSHC1scWSdwIjhB56xdzI=,vGmlMnba5vcGvH2q7tXV3DIiCYw=
-35,186,/TjtS3DSHC1scWSdwIjhB56xdzI=,vGmlMnba5vcGvH2q7tXV3DIiCYw=
-36,182,/TjtS3DSHC1scWSdwIjhB56xdzI=,b8M2ECZdvY7zmVKnh9OMURWSWC4=
-36,186,/TjtS3DSHC1scWSdwIjhB56xdzI=,vGmlMnba5vcGvH2q7tXV3DIiCYw=
-34,185,/TjtS3DSHC1scWSdwIjhB56xdzI=,vGmlMnba5vcGvH2q7tXV3DIiCYw=
-35,185,/TjtS3DSHC1scWSdwIjhB56xdzI=,vGmlMnba5vcGvH2q7tXV3DIiCYw=
-35,182,/TjtS3DSHC1scWSdwIjhB56xdzI=,b8M2ECZdvY7zmVKnh9OMURWSWC4=
-34,182,/TjtS3DSHC1scWSdwIjhB56xdzI=,b8M2ECZdvY7zmVKnh9OMURWSWC4=
-33,182,/TjtS3DSHC1scWSdwIjhB56xdzI=,b8M2ECZdvY7zmVKnh9OMURWSWC4=
-48,183,/TjtS3DSHC1scWSdwIjhB56xdzI=,hX1IPwxAlygfIopaYckQ20qgRAA=
-48,190,/TjtS3DSHC1scWSdwIjhB56xdzI=,sZLUTrm88vbYGSJjnoN4GLOTUwU=
-48,189,/TjtS3DSHC1scWSdwIjhB56xdzI=,sZLUTrm88vbYGSJjnoN4GLOTUwU=
-48,191,/TjtS3DSHC1scWSdwIjhB56xdzI=,sZLUTrm88vbYGSJjnoN4GLOTUwU=
-48,182,/TjtS3DSHC1scWSdwIjhB56xdzI=,hX1IPwxAlygfIopaYckQ20qgRAA=
-48,188,/TjtS3DSHC1scWSdwIjhB56xdzI=,sZLUTrm88vbYGSJjnoN4GLOTUwU=
-47,183,/TjtS3DSHC1scWSdwIjhB56xdzI=,hX1IPwxAlygfIopaYckQ20qgRAA=
-48,181,/TjtS3DSHC1scWSdwIjhB56xdzI=,hX1IPwxAlygfIopaYckQ20qgRAA=
-47,185,/TjtS3DSHC1scWSdwIjhB56xdzI=,sZLUTrm88vbYGSJjnoN4GLOTUwU=
-46,183,/TjtS3DSHC1scWSdwIjhB56xdzI=,hX1IPwxAlygfIopaYckQ20qgRAA=
-46,185,/TjtS3DSHC1scWSdwIjhB56xdzI=,sZLUTrm88vbYGSJjnoN4GLOTUwU=
-48,187,/TjtS3DSHC1scWSdwIjhB56xdzI=,sZLUTrm88vbYGSJjnoN4GLOTUwU=
-45,183,/TjtS3DSHC1scWSdwIjhB56xdzI=,hX1IPwxAlygfIopaYckQ20qgRAA=
-45,185,/TjtS3DSHC1scWSdwIjhB56xdzI=,sZLUTrm88vbYGSJjnoN4GLOTUwU=
-48,186,/TjtS3DSHC1scWSdwIjhB56xdzI=,sZLUTrm88vbYGSJjnoN4GLOTUwU=
-46,181,/TjtS3DSHC1scWSdwIjhB56xdzI=,hX1IPwxAlygfIopaYckQ20qgRAA=
-47,181,/TjtS3DSHC1scWSdwIjhB56xdzI=,hX1IPwxAlygfIopaYckQ20qgRAA=
-48,184,/TjtS3DSHC1scWSdwIjhB56xdzI=,sZLUTrm88vbYGSJjnoN4GLOTUwU=
-48,180,/TjtS3DSHC1scWSdwIjhB56xdzI=,hX1IPwxAlygfIopaYckQ20qgRAA=
-45,181,/TjtS3DSHC1scWSdwIjhB56xdzI=,hX1IPwxAlygfIopaYckQ20qgRAA=
-46,186,/TjtS3DSHC1scWSdwIjhB56xdzI=,sZLUTrm88vbYGSJjnoN4GLOTUwU=
-48,185,/TjtS3DSHC1scWSdwIjhB56xdzI=,sZLUTrm88vbYGSJjnoN4GLOTUwU=
-47,180,/TjtS3DSHC1scWSdwIjhB56xdzI=,hX1IPwxAlygfIopaYckQ20qgRAA=
-47,182,/TjtS3DSHC1scWSdwIjhB56xdzI=,hX1IPwxAlygfIopaYckQ20qgRAA=
-45,191,/TjtS3DSHC1scWSdwIjhB56xdzI=,sZLUTrm88vbYGSJjnoN4GLOTUwU=
-45,180,/TjtS3DSHC1scWSdwIjhB56xdzI=,hX1IPwxAlygfIopaYckQ20qgRAA=
-45,182,/TjtS3DSHC1scWSdwIjhB56xdzI=,hX1IPwxAlygfIopaYckQ20qgRAA=
-46,182,/TjtS3DSHC1scWSdwIjhB56xdzI=,hX1IPwxAlygfIopaYckQ20qgRAA=
-46,180,/TjtS3DSHC1scWSdwIjhB56xdzI=,hX1IPwxAlygfIopaYckQ20qgRAA=
-45,186,/TjtS3DSHC1scWSdwIjhB56xdzI=,sZLUTrm88vbYGSJjnoN4GLOTUwU=
-46,191,/TjtS3DSHC1scWSdwIjhB56xdzI=,sZLUTrm88vbYGSJjnoN4GLOTUwU=
-47,187,/TjtS3DSHC1scWSdwIjhB56xdzI=,sZLUTrm88vbYGSJjnoN4GLOTUwU=
-46,187,/TjtS3DSHC1scWSdwIjhB56xdzI=,sZLUTrm88vbYGSJjnoN4GLOTUwU=
-47,188,/TjtS3DSHC1scWSdwIjhB56xdzI=,sZLUTrm88vbYGSJjnoN4GLOTUwU=
-47,191,/TjtS3DSHC1scWSdwIjhB56xdzI=,sZLUTrm88vbYGSJjnoN4GLOTUwU=
-47,189,/TjtS3DSHC1scWSdwIjhB56xdzI=,sZLUTrm88vbYGSJjnoN4GLOTUwU=
-47,186,/TjtS3DSHC1scWSdwIjhB56xdzI=,sZLUTrm88vbYGSJjnoN4GLOTUwU=
-45,184,/TjtS3DSHC1scWSdwIjhB56xdzI=,sZLUTrm88vbYGSJjnoN4GLOTUwU=
-46,188,/TjtS3DSHC1scWSdwIjhB56xdzI=,sZLUTrm88vbYGSJjnoN4GLOTUwU=
-46,189,/TjtS3DSHC1scWSdwIjhB56xdzI=,sZLUTrm88vbYGSJjnoN4GLOTUwU=
-45,187,/TjtS3DSHC1scWSdwIjhB56xdzI=,sZLUTrm88vbYGSJjnoN4GLOTUwU=
-46,184,/TjtS3DSHC1scWSdwIjhB56xdzI=,sZLUTrm88vbYGSJjnoN4GLOTUwU=
-45,188,/TjtS3DSHC1scWSdwIjhB56xdzI=,sZLUTrm88vbYGSJjnoN4GLOTUwU=
-47,190,/TjtS3DSHC1scWSdwIjhB56xdzI=,sZLUTrm88vbYGSJjnoN4GLOTUwU=
-45,190,/TjtS3DSHC1scWSdwIjhB56xdzI=,sZLUTrm88vbYGSJjnoN4GLOTUwU=
-46,190,/TjtS3DSHC1scWSdwIjhB56xdzI=,sZLUTrm88vbYGSJjnoN4GLOTUwU=
-47,184,/TjtS3DSHC1scWSdwIjhB56xdzI=,sZLUTrm88vbYGSJjnoN4GLOTUwU=
-45,176,/TjtS3DSHC1scWSdwIjhB56xdzI=,hX1IPwxAlygfIopaYckQ20qgRAA=
-45,189,/TjtS3DSHC1scWSdwIjhB56xdzI=,sZLUTrm88vbYGSJjnoN4GLOTUwU=
-47,176,/TjtS3DSHC1scWSdwIjhB56xdzI=,hX1IPwxAlygfIopaYckQ20qgRAA=
-48,176,/TjtS3DSHC1scWSdwIjhB56xdzI=,hX1IPwxAlygfIopaYckQ20qgRAA=
-46,179,/TjtS3DSHC1scWSdwIjhB56xdzI=,hX1IPwxAlygfIopaYckQ20qgRAA=
-42,177,/TjtS3DSHC1scWSdwIjhB56xdzI=,hX1IPwxAlygfIopaYckQ20qgRAA=
-47,179,/TjtS3DSHC1scWSdwIjhB56xdzI=,hX1IPwxAlygfIopaYckQ20qgRAA=
-45,179,/TjtS3DSHC1scWSdwIjhB56xdzI=,hX1IPwxAlygfIopaYckQ20qgRAA=
-41,176,/TjtS3DSHC1scWSdwIjhB56xdzI=,hX1IPwxAlygfIopaYckQ20qgRAA=
-47,177,/TjtS3DSHC1scWSdwIjhB56xdzI=,hX1IPwxAlygfIopaYckQ20qgRAA=
-45,177,/TjtS3DSHC1scWSdwIjhB56xdzI=,hX1IPwxAlygfIopaYckQ20qgRAA=
-47,178,/TjtS3DSHC1scWSdwIjhB56xdzI=,hX1IPwxAlygfIopaYckQ20qgRAA=
-46,177,/TjtS3DSHC1scWSdwIjhB56xdzI=,hX1IPwxAlygfIopaYckQ20qgRAA=
-46,178,/TjtS3DSHC1scWSdwIjhB56xdzI=,hX1IPwxAlygfIopaYckQ20qgRAA=
-42,176,/TjtS3DSHC1scWSdwIjhB56xdzI=,hX1IPwxAlygfIopaYckQ20qgRAA=
-44,177,/TjtS3DSHC1scWSdwIjhB56xdzI=,hX1IPwxAlygfIopaYckQ20qgRAA=
-44,179,/TjtS3DSHC1scWSdwIjhB56xdzI=,hX1IPwxAlygfIopaYckQ20qgRAA=
-43,176,/TjtS3DSHC1scWSdwIjhB56xdzI=,hX1IPwxAlygfIopaYckQ20qgRAA=
-43,177,/TjtS3DSHC1scWSdwIjhB56xdzI=,hX1IPwxAlygfIopaYckQ20qgRAA=
-43,179,/TjtS3DSHC1scWSdwIjhB56xdzI=,hX1IPwxAlygfIopaYckQ20qgRAA=
-45,178,/TjtS3DSHC1scWSdwIjhB56xdzI=,hX1IPwxAlygfIopaYckQ20qgRAA=
-44,178,/TjtS3DSHC1scWSdwIjhB56xdzI=,hX1IPwxAlygfIopaYckQ20qgRAA=
-46,176,/TjtS3DSHC1scWSdwIjhB56xdzI=,hX1IPwxAlygfIopaYckQ20qgRAA=
-42,179,/TjtS3DSHC1scWSdwIjhB56xdzI=,hX1IPwxAlygfIopaYckQ20qgRAA=
-43,178,/TjtS3DSHC1scWSdwIjhB56xdzI=,hX1IPwxAlygfIopaYckQ20qgRAA=
-42,178,/TjtS3DSHC1scWSdwIjhB56xdzI=,hX1IPwxAlygfIopaYckQ20qgRAA=
-40,177,/TjtS3DSHC1scWSdwIjhB56xdzI=,b8M2ECZdvY7zmVKnh9OMURWSWC4=
-38,177,/TjtS3DSHC1scWSdwIjhB56xdzI=,b8M2ECZdvY7zmVKnh9OMURWSWC4=
-39,177,/TjtS3DSHC1scWSdwIjhB56xdzI=,b8M2ECZdvY7zmVKnh9OMURWSWC4=
-37,177,/TjtS3DSHC1scWSdwIjhB56xdzI=,b8M2ECZdvY7zmVKnh9OMURWSWC4=
-40,176,/TjtS3DSHC1scWSdwIjhB56xdzI=,b8M2ECZdvY7zmVKnh9OMURWSWC4=
-41,177,/TjtS3DSHC1scWSdwIjhB56xdzI=,hX1IPwxAlygfIopaYckQ20qgRAA=
-40,178,/TjtS3DSHC1scWSdwIjhB56xdzI=,b8M2ECZdvY7zmVKnh9OMURWSWC4=
-39,178,/TjtS3DSHC1scWSdwIjhB56xdzI=,b8M2ECZdvY7zmVKnh9OMURWSWC4=
-37,178,/TjtS3DSHC1scWSdwIjhB56xdzI=,b8M2ECZdvY7zmVKnh9OMURWSWC4=
-44,176,/TjtS3DSHC1scWSdwIjhB56xdzI=,hX1IPwxAlygfIopaYckQ20qgRAA=
-40,179,/TjtS3DSHC1scWSdwIjhB56xdzI=,b8M2ECZdvY7zmVKnh9OMURWSWC4=
-38,179,/TjtS3DSHC1scWSdwIjhB56xdzI=,b8M2ECZdvY7zmVKnh9OMURWSWC4=
-48,178,/TjtS3DSHC1scWSdwIjhB56xdzI=,hX1IPwxAlygfIopaYckQ20qgRAA=
-39,179,/TjtS3DSHC1scWSdwIjhB56xdzI=,b8M2ECZdvY7zmVKnh9OMURWSWC4=
-33,176,/TjtS3DSHC1scWSdwIjhB56xdzI=,b8M2ECZdvY7zmVKnh9OMURWSWC4=
-35,176,/TjtS3DSHC1scWSdwIjhB56xdzI=,b8M2ECZdvY7zmVKnh9OMURWSWC4=
-48,177,/TjtS3DSHC1scWSdwIjhB56xdzI=,hX1IPwxAlygfIopaYckQ20qgRAA=
-36,176,/TjtS3DSHC1scWSdwIjhB56xdzI=,b8M2ECZdvY7zmVKnh9OMURWSWC4=
-39,176,/TjtS3DSHC1scWSdwIjhB56xdzI=,b8M2ECZdvY7zmVKnh9OMURWSWC4=
-38,176,/TjtS3DSHC1scWSdwIjhB56xdzI=,b8M2ECZdvY7zmVKnh9OMURWSWC4=
-41,178,/TjtS3DSHC1scWSdwIjhB56xdzI=,hX1IPwxAlygfIopaYckQ20qgRAA=
-34,176,/TjtS3DSHC1scWSdwIjhB56xdzI=,b8M2ECZdvY7zmVKnh9OMURWSWC4=
-37,176,/TjtS3DSHC1scWSdwIjhB56xdzI=,b8M2ECZdvY7zmVKnh9OMURWSWC4=
-48,179,/TjtS3DSHC1scWSdwIjhB56xdzI=,hX1IPwxAlygfIopaYckQ20qgRAA=
-36,177,/TjtS3DSHC1scWSdwIjhB56xdzI=,b8M2ECZdvY7zmVKnh9OMURWSWC4=
-33,179,/TjtS3DSHC1scWSdwIjhB56xdzI=,b8M2ECZdvY7zmVKnh9OMURWSWC4=
-35,177,/TjtS3DSHC1scWSdwIjhB56xdzI=,b8M2ECZdvY7zmVKnh9OMURWSWC4=
-34,177,/TjtS3DSHC1scWSdwIjhB56xdzI=,b8M2ECZdvY7zmVKnh9OMURWSWC4=
-37,179,/TjtS3DSHC1scWSdwIjhB56xdzI=,b8M2ECZdvY7zmVKnh9OMURWSWC4=
-35,178,/TjtS3DSHC1scWSdwIjhB56xdzI=,b8M2ECZdvY7zmVKnh9OMURWSWC4=
-33,177,/TjtS3DSHC1scWSdwIjhB56xdzI=,b8M2ECZdvY7zmVKnh9OMURWSWC4=
-34,179,/TjtS3DSHC1scWSdwIjhB56xdzI=,b8M2ECZdvY7zmVKnh9OMURWSWC4=
-33,178,/TjtS3DSHC1scWSdwIjhB56xdzI=,b8M2ECZdvY7zmVKnh9OMURWSWC4=
-38,178,/TjtS3DSHC1scWSdwIjhB56xdzI=,b8M2ECZdvY7zmVKnh9OMURWSWC4=
-41,179,/TjtS3DSHC1scWSdwIjhB56xdzI=,hX1IPwxAlygfIopaYckQ20qgRAA=
-34,178,/TjtS3DSHC1scWSdwIjhB56xdzI=,b8M2ECZdvY7zmVKnh9OMURWSWC4=
-36,179,/TjtS3DSHC1scWSdwIjhB56xdzI=,b8M2ECZdvY7zmVKnh9OMURWSWC4=
-35,179,/TjtS3DSHC1scWSdwIjhB56xdzI=,b8M2ECZdvY7zmVKnh9OMURWSWC4=
-36,178,/TjtS3DSHC1scWSdwIjhB56xdzI=,b8M2ECZdvY7zmVKnh9OMURWSWC4=
-41,166,AOFZ88Eo/K/I6SY3AXPA1+hkWYw=,giu78CDRygGz9LjyqHEw1wbhKY8=
-41,167,60BVTrSMCxP6z+8g0YPxYE4yigw=,giu78CDRygGz9LjyqHEw1wbhKY8=
-42,165,DpRPr4Wsw0ntm67qPnsMJcK6j7A=,giu78CDRygGz9LjyqHEw1wbhKY8=
-41,164,L0O46LBwyvVxGTrpNq/NSH01/FY=,giu78CDRygGz9LjyqHEw1wbhKY8=
-37,167,L0O46LBwyvVxGTrpNq/NSH01/FY=,Uo8+yQA4d5vzyIXjtS+VA097+wY=
-40,164,L0O46LBwyvVxGTrpNq/NSH01/FY=,Uo8+yQA4d5vzyIXjtS+VA097+wY=
-41,165,z7dD2UtGOvSxUWiJfh9fNE2fNgM=,giu78CDRygGz9LjyqHEw1wbhKY8=
-39,164,z7dD2UtGOvSxUWiJfh9fNE2fNgM=,Uo8+yQA4d5vzyIXjtS+VA097+wY=
-42,167,z7dD2UtGOvSxUWiJfh9fNE2fNgM=,giu78CDRygGz9LjyqHEw1wbhKY8=
-40,168,LqVoVM6AmzY41QDb77Z3T8SOllY=,7hDRgWemR9V/s0RatF80nEyqihA=
-38,167,LqVoVM6AmzY41QDb77Z3T8SOllY=,Uo8+yQA4d5vzyIXjtS+VA097+wY=
-43,167,LqVoVM6AmzY41QDb77Z3T8SOllY=,giu78CDRygGz9LjyqHEw1wbhKY8=
-38,164,LqVoVM6AmzY41QDb77Z3T8SOllY=,Uo8+yQA4d5vzyIXjtS+VA097+wY=
-44,167,LqVoVM6AmzY41QDb77Z3T8SOllY=,giu78CDRygGz9LjyqHEw1wbhKY8=
-39,167,LqVoVM6AmzY41QDb77Z3T8SOllY=,Uo8+yQA4d5vzyIXjtS+VA097+wY=
-37,164,LqVoVM6AmzY41QDb77Z3T8SOllY=,Uo8+yQA4d5vzyIXjtS+VA097+wY=
-44,169,LqVoVM6AmzY41QDb77Z3T8SOllY=,ExoYajdPTvehrX8hIyOJT8mcFhc=
-43,166,LqVoVM6AmzY41QDb77Z3T8SOllY=,giu78CDRygGz9LjyqHEw1wbhKY8=
-37,168,LqVoVM6AmzY41QDb77Z3T8SOllY=,7hDRgWemR9V/s0RatF80nEyqihA=
-42,166,LqVoVM6AmzY41QDb77Z3T8SOllY=,giu78CDRygGz9LjyqHEw1wbhKY8=
-44,166,LqVoVM6AmzY41QDb77Z3T8SOllY=,giu78CDRygGz9LjyqHEw1wbhKY8=
-43,165,LqVoVM6AmzY41QDb77Z3T8SOllY=,giu78CDRygGz9LjyqHEw1wbhKY8=
-44,165,LqVoVM6AmzY41QDb77Z3T8SOllY=,giu78CDRygGz9LjyqHEw1wbhKY8=
-40,167,LqVoVM6AmzY41QDb77Z3T8SOllY=,Uo8+yQA4d5vzyIXjtS+VA097+wY=
-42,164,LqVoVM6AmzY41QDb77Z3T8SOllY=,giu78CDRygGz9LjyqHEw1wbhKY8=
-37,166,LqVoVM6AmzY41QDb77Z3T8SOllY=,Uo8+yQA4d5vzyIXjtS+VA097+wY=
-43,169,LqVoVM6AmzY41QDb77Z3T8SOllY=,ExoYajdPTvehrX8hIyOJT8mcFhc=
-39,168,LqVoVM6AmzY41QDb77Z3T8SOllY=,7hDRgWemR9V/s0RatF80nEyqihA=
-39,165,LqVoVM6AmzY41QDb77Z3T8SOllY=,Uo8+yQA4d5vzyIXjtS+VA097+wY=
-38,168,LqVoVM6AmzY41QDb77Z3T8SOllY=,7hDRgWemR9V/s0RatF80nEyqihA=
-40,165,LqVoVM6AmzY41QDb77Z3T8SOllY=,Uo8+yQA4d5vzyIXjtS+VA097+wY=
-44,168,LqVoVM6AmzY41QDb77Z3T8SOllY=,ExoYajdPTvehrX8hIyOJT8mcFhc=
-38,165,LqVoVM6AmzY41QDb77Z3T8SOllY=,Uo8+yQA4d5vzyIXjtS+VA097+wY=
-43,164,LqVoVM6AmzY41QDb77Z3T8SOllY=,giu78CDRygGz9LjyqHEw1wbhKY8=
-37,165,LqVoVM6AmzY41QDb77Z3T8SOllY=,Uo8+yQA4d5vzyIXjtS+VA097+wY=
-38,166,LqVoVM6AmzY41QDb77Z3T8SOllY=,Uo8+yQA4d5vzyIXjtS+VA097+wY=
-40,166,LqVoVM6AmzY41QDb77Z3T8SOllY=,Uo8+yQA4d5vzyIXjtS+VA097+wY=
-44,164,LqVoVM6AmzY41QDb77Z3T8SOllY=,giu78CDRygGz9LjyqHEw1wbhKY8=
-44,170,LqVoVM6AmzY41QDb77Z3T8SOllY=,ExoYajdPTvehrX8hIyOJT8mcFhc=
-40,169,LqVoVM6AmzY41QDb77Z3T8SOllY=,7hDRgWemR9V/s0RatF80nEyqihA=
-39,166,LqVoVM6AmzY41QDb77Z3T8SOllY=,Uo8+yQA4d5vzyIXjtS+VA097+wY=
-43,168,LqVoVM6AmzY41QDb77Z3T8SOllY=,ExoYajdPTvehrX8hIyOJT8mcFhc=
-43,170,LqVoVM6AmzY41QDb77Z3T8SOllY=,ExoYajdPTvehrX8hIyOJT8mcFhc=
-42,170,LqVoVM6AmzY41QDb77Z3T8SOllY=,ExoYajdPTvehrX8hIyOJT8mcFhc=
-39,169,LqVoVM6AmzY41QDb77Z3T8SOllY=,7hDRgWemR9V/s0RatF80nEyqihA=
-44,171,LqVoVM6AmzY41QDb77Z3T8SOllY=,ExoYajdPTvehrX8hIyOJT8mcFhc=
-43,171,LqVoVM6AmzY41QDb77Z3T8SOllY=,ExoYajdPTvehrX8hIyOJT8mcFhc=
-42,171,LqVoVM6AmzY41QDb77Z3T8SOllY=,ExoYajdPTvehrX8hIyOJT8mcFhc=
-42,168,LqVoVM6AmzY41QDb77Z3T8SOllY=,ExoYajdPTvehrX8hIyOJT8mcFhc=
-42,169,LqVoVM6AmzY41QDb77Z3T8SOllY=,ExoYajdPTvehrX8hIyOJT8mcFhc=
-40,170,LqVoVM6AmzY41QDb77Z3T8SOllY=,7hDRgWemR9V/s0RatF80nEyqihA=
-38,170,LqVoVM6AmzY41QDb77Z3T8SOllY=,7hDRgWemR9V/s0RatF80nEyqihA=
-39,170,LqVoVM6AmzY41QDb77Z3T8SOllY=,7hDRgWemR9V/s0RatF80nEyqihA=
-37,170,LqVoVM6AmzY41QDb77Z3T8SOllY=,7hDRgWemR9V/s0RatF80nEyqihA=
-39,171,LqVoVM6AmzY41QDb77Z3T8SOllY=,7hDRgWemR9V/s0RatF80nEyqihA=
-40,171,LqVoVM6AmzY41QDb77Z3T8SOllY=,7hDRgWemR9V/s0RatF80nEyqihA=
-38,171,LqVoVM6AmzY41QDb77Z3T8SOllY=,7hDRgWemR9V/s0RatF80nEyqihA=
-37,169,LqVoVM6AmzY41QDb77Z3T8SOllY=,7hDRgWemR9V/s0RatF80nEyqihA=
-38,169,LqVoVM6AmzY41QDb77Z3T8SOllY=,7hDRgWemR9V/s0RatF80nEyqihA=
-41,168,LqVoVM6AmzY41QDb77Z3T8SOllY=,ExoYajdPTvehrX8hIyOJT8mcFhc=
-41,169,LqVoVM6AmzY41QDb77Z3T8SOllY=,ExoYajdPTvehrX8hIyOJT8mcFhc=
-41,171,LqVoVM6AmzY41QDb77Z3T8SOllY=,ExoYajdPTvehrX8hIyOJT8mcFhc=
-41,170,LqVoVM6AmzY41QDb77Z3T8SOllY=,ExoYajdPTvehrX8hIyOJT8mcFhc=
-37,171,LqVoVM6AmzY41QDb77Z3T8SOllY=,7hDRgWemR9V/s0RatF80nEyqihA=
-33,167,LqVoVM6AmzY41QDb77Z3T8SOllY=,Uo8+yQA4d5vzyIXjtS+VA097+wY=
-34,167,LqVoVM6AmzY41QDb77Z3T8SOllY=,Uo8+yQA4d5vzyIXjtS+VA097+wY=
-35,167,LqVoVM6AmzY41QDb77Z3T8SOllY=,Uo8+yQA4d5vzyIXjtS+VA097+wY=
-36,167,LqVoVM6AmzY41QDb77Z3T8SOllY=,Uo8+yQA4d5vzyIXjtS+VA097+wY=
-33,165,LqVoVM6AmzY41QDb77Z3T8SOllY=,Uo8+yQA4d5vzyIXjtS+VA097+wY=
-41,160,LqVoVM6AmzY41QDb77Z3T8SOllY=,giu78CDRygGz9LjyqHEw1wbhKY8=
-34,165,LqVoVM6AmzY41QDb77Z3T8SOllY=,Uo8+yQA4d5vzyIXjtS+VA097+wY=
-43,160,LqVoVM6AmzY41QDb77Z3T8SOllY=,giu78CDRygGz9LjyqHEw1wbhKY8=
-44,160,LqVoVM6AmzY41QDb77Z3T8SOllY=,giu78CDRygGz9LjyqHEw1wbhKY8=
-35,165,LqVoVM6AmzY41QDb77Z3T8SOllY=,Uo8+yQA4d5vzyIXjtS+VA097+wY=
-36,165,LqVoVM6AmzY41QDb77Z3T8SOllY=,Uo8+yQA4d5vzyIXjtS+VA097+wY=
-42,160,LqVoVM6AmzY41QDb77Z3T8SOllY=,giu78CDRygGz9LjyqHEw1wbhKY8=
-41,162,LqVoVM6AmzY41QDb77Z3T8SOllY=,giu78CDRygGz9LjyqHEw1wbhKY8=
-33,164,LqVoVM6AmzY41QDb77Z3T8SOllY=,Uo8+yQA4d5vzyIXjtS+VA097+wY=
-41,161,LqVoVM6AmzY41QDb77Z3T8SOllY=,giu78CDRygGz9LjyqHEw1wbhKY8=
-41,163,LqVoVM6AmzY41QDb77Z3T8SOllY=,giu78CDRygGz9LjyqHEw1wbhKY8=
-34,164,LqVoVM6AmzY41QDb77Z3T8SOllY=,Uo8+yQA4d5vzyIXjtS+VA097+wY=
-42,162,LqVoVM6AmzY41QDb77Z3T8SOllY=,giu78CDRygGz9LjyqHEw1wbhKY8=
-43,162,LqVoVM6AmzY41QDb77Z3T8SOllY=,giu78CDRygGz9LjyqHEw1wbhKY8=
-42,161,LqVoVM6AmzY41QDb77Z3T8SOllY=,giu78CDRygGz9LjyqHEw1wbhKY8=
-35,164,LqVoVM6AmzY41QDb77Z3T8SOllY=,Uo8+yQA4d5vzyIXjtS+VA097+wY=
-43,161,LqVoVM6AmzY41QDb77Z3T8SOllY=,giu78CDRygGz9LjyqHEw1wbhKY8=
-44,161,LqVoVM6AmzY41QDb77Z3T8SOllY=,giu78CDRygGz9LjyqHEw1wbhKY8=
-44,162,LqVoVM6AmzY41QDb77Z3T8SOllY=,giu78CDRygGz9LjyqHEw1wbhKY8=
-36,164,LqVoVM6AmzY41QDb77Z3T8SOllY=,Uo8+yQA4d5vzyIXjtS+VA097+wY=
-42,163,LqVoVM6AmzY41QDb77Z3T8SOllY=,giu78CDRygGz9LjyqHEw1wbhKY8=
-43,163,LqVoVM6AmzY41QDb77Z3T8SOllY=,giu78CDRygGz9LjyqHEw1wbhKY8=
-44,163,LqVoVM6AmzY41QDb77Z3T8SOllY=,giu78CDRygGz9LjyqHEw1wbhKY8=
-37,160,LqVoVM6AmzY41QDb77Z3T8SOllY=,Uo8+yQA4d5vzyIXjtS+VA097+wY=
-38,160,LqVoVM6AmzY41QDb77Z3T8SOllY=,Uo8+yQA4d5vzyIXjtS+VA097+wY=
-39,160,LqVoVM6AmzY41QDb77Z3T8SOllY=,Uo8+yQA4d5vzyIXjtS+VA097+wY=
-40,160,LqVoVM6AmzY41QDb77Z3T8SOllY=,Uo8+yQA4d5vzyIXjtS+VA097+wY=
-37,163,LqVoVM6AmzY41QDb77Z3T8SOllY=,Uo8+yQA4d5vzyIXjtS+VA097+wY=
-40,163,LqVoVM6AmzY41QDb77Z3T8SOllY=,Uo8+yQA4d5vzyIXjtS+VA097+wY=
-39,163,LqVoVM6AmzY41QDb77Z3T8SOllY=,Uo8+yQA4d5vzyIXjtS+VA097+wY=
-38,163,LqVoVM6AmzY41QDb77Z3T8SOllY=,Uo8+yQA4d5vzyIXjtS+VA097+wY=
-37,162,LqVoVM6AmzY41QDb77Z3T8SOllY=,Uo8+yQA4d5vzyIXjtS+VA097+wY=
-38,162,LqVoVM6AmzY41QDb77Z3T8SOllY=,Uo8+yQA4d5vzyIXjtS+VA097+wY=
-39,162,LqVoVM6AmzY41QDb77Z3T8SOllY=,Uo8+yQA4d5vzyIXjtS+VA097+wY=
-33,166,LqVoVM6AmzY41QDb77Z3T8SOllY=,Uo8+yQA4d5vzyIXjtS+VA097+wY=
-34,166,LqVoVM6AmzY41QDb77Z3T8SOllY=,Uo8+yQA4d5vzyIXjtS+VA097+wY=
-40,162,LqVoVM6AmzY41QDb77Z3T8SOllY=,Uo8+yQA4d5vzyIXjtS+VA097+wY=
-35,166,LqVoVM6AmzY41QDb77Z3T8SOllY=,Uo8+yQA4d5vzyIXjtS+VA097+wY=
-36,166,LqVoVM6AmzY41QDb77Z3T8SOllY=,Uo8+yQA4d5vzyIXjtS+VA097+wY=
-38,161,LqVoVM6AmzY41QDb77Z3T8SOllY=,Uo8+yQA4d5vzyIXjtS+VA097+wY=
-37,161,LqVoVM6AmzY41QDb77Z3T8SOllY=,Uo8+yQA4d5vzyIXjtS+VA097+wY=
-39,161,LqVoVM6AmzY41QDb77Z3T8SOllY=,Uo8+yQA4d5vzyIXjtS+VA097+wY=
-40,161,LqVoVM6AmzY41QDb77Z3T8SOllY=,Uo8+yQA4d5vzyIXjtS+VA097+wY=
-33,171,LqVoVM6AmzY41QDb77Z3T8SOllY=,7hDRgWemR9V/s0RatF80nEyqihA=
-33,169,LqVoVM6AmzY41QDb77Z3T8SOllY=,7hDRgWemR9V/s0RatF80nEyqihA=
-36,168,LqVoVM6AmzY41QDb77Z3T8SOllY=,7hDRgWemR9V/s0RatF80nEyqihA=
-33,170,LqVoVM6AmzY41QDb77Z3T8SOllY=,7hDRgWemR9V/s0RatF80nEyqihA=
-33,173,LqVoVM6AmzY41QDb77Z3T8SOllY=,7hDRgWemR9V/s0RatF80nEyqihA=
-33,174,LqVoVM6AmzY41QDb77Z3T8SOllY=,7hDRgWemR9V/s0RatF80nEyqihA=
-33,175,LqVoVM6AmzY41QDb77Z3T8SOllY=,7hDRgWemR9V/s0RatF80nEyqihA=
-35,175,LqVoVM6AmzY41QDb77Z3T8SOllY=,7hDRgWemR9V/s0RatF80nEyqihA=
-33,172,LqVoVM6AmzY41QDb77Z3T8SOllY=,7hDRgWemR9V/s0RatF80nEyqihA=
-35,168,LqVoVM6AmzY41QDb77Z3T8SOllY=,7hDRgWemR9V/s0RatF80nEyqihA=
-34,168,LqVoVM6AmzY41QDb77Z3T8SOllY=,7hDRgWemR9V/s0RatF80nEyqihA=
-44,175,LqVoVM6AmzY41QDb77Z3T8SOllY=,ExoYajdPTvehrX8hIyOJT8mcFhc=
-34,175,LqVoVM6AmzY41QDb77Z3T8SOllY=,7hDRgWemR9V/s0RatF80nEyqihA=
-33,168,LqVoVM6AmzY41QDb77Z3T8SOllY=,7hDRgWemR9V/s0RatF80nEyqihA=
-36,175,LqVoVM6AmzY41QDb77Z3T8SOllY=,7hDRgWemR9V/s0RatF80nEyqihA=
-37,175,LqVoVM6AmzY41QDb77Z3T8SOllY=,7hDRgWemR9V/s0RatF80nEyqihA=
-41,175,LqVoVM6AmzY41QDb77Z3T8SOllY=,ExoYajdPTvehrX8hIyOJT8mcFhc=
-42,175,LqVoVM6AmzY41QDb77Z3T8SOllY=,ExoYajdPTvehrX8hIyOJT8mcFhc=
-40,175,LqVoVM6AmzY41QDb77Z3T8SOllY=,7hDRgWemR9V/s0RatF80nEyqihA=
-34,174,LqVoVM6AmzY41QDb77Z3T8SOllY=,7hDRgWemR9V/s0RatF80nEyqihA=
-34,171,LqVoVM6AmzY41QDb77Z3T8SOllY=,7hDRgWemR9V/s0RatF80nEyqihA=
-38,175,LqVoVM6AmzY41QDb77Z3T8SOllY=,7hDRgWemR9V/s0RatF80nEyqihA=
-35,174,LqVoVM6AmzY41QDb77Z3T8SOllY=,7hDRgWemR9V/s0RatF80nEyqihA=
-35,171,LqVoVM6AmzY41QDb77Z3T8SOllY=,7hDRgWemR9V/s0RatF80nEyqihA=
-39,175,LqVoVM6AmzY41QDb77Z3T8SOllY=,7hDRgWemR9V/s0RatF80nEyqihA=
-44,172,LqVoVM6AmzY41QDb77Z3T8SOllY=,ExoYajdPTvehrX8hIyOJT8mcFhc=
-36,174,LqVoVM6AmzY41QDb77Z3T8SOllY=,7hDRgWemR9V/s0RatF80nEyqihA=
-36,171,LqVoVM6AmzY41QDb77Z3T8SOllY=,7hDRgWemR9V/s0RatF80nEyqihA=
-43,172,LqVoVM6AmzY41QDb77Z3T8SOllY=,ExoYajdPTvehrX8hIyOJT8mcFhc=
-43,175,LqVoVM6AmzY41QDb77Z3T8SOllY=,ExoYajdPTvehrX8hIyOJT8mcFhc=
-37,174,LqVoVM6AmzY41QDb77Z3T8SOllY=,7hDRgWemR9V/s0RatF80nEyqihA=
-44,173,LqVoVM6AmzY41QDb77Z3T8SOllY=,ExoYajdPTvehrX8hIyOJT8mcFhc=
-34,170,LqVoVM6AmzY41QDb77Z3T8SOllY=,7hDRgWemR9V/s0RatF80nEyqihA=
-38,174,LqVoVM6AmzY41QDb77Z3T8SOllY=,7hDRgWemR9V/s0RatF80nEyqihA=
-42,172,LqVoVM6AmzY41QDb77Z3T8SOllY=,ExoYajdPTvehrX8hIyOJT8mcFhc=
-34,173,LqVoVM6AmzY41QDb77Z3T8SOllY=,7hDRgWemR9V/s0RatF80nEyqihA=
-35,173,LqVoVM6AmzY41QDb77Z3T8SOllY=,7hDRgWemR9V/s0RatF80nEyqihA=
-42,173,LqVoVM6AmzY41QDb77Z3T8SOllY=,ExoYajdPTvehrX8hIyOJT8mcFhc=
-36,169,LqVoVM6AmzY41QDb77Z3T8SOllY=,7hDRgWemR9V/s0RatF80nEyqihA=
-43,173,LqVoVM6AmzY41QDb77Z3T8SOllY=,ExoYajdPTvehrX8hIyOJT8mcFhc=
-41,174,LqVoVM6AmzY41QDb77Z3T8SOllY=,ExoYajdPTvehrX8hIyOJT8mcFhc=
-36,173,LqVoVM6AmzY41QDb77Z3T8SOllY=,7hDRgWemR9V/s0RatF80nEyqihA=
-35,170,LqVoVM6AmzY41QDb77Z3T8SOllY=,7hDRgWemR9V/s0RatF80nEyqihA=
-39,174,LqVoVM6AmzY41QDb77Z3T8SOllY=,7hDRgWemR9V/s0RatF80nEyqihA=
-33,160,LqVoVM6AmzY41QDb77Z3T8SOllY=,Uo8+yQA4d5vzyIXjtS+VA097+wY=
-35,160,LqVoVM6AmzY41QDb77Z3T8SOllY=,Uo8+yQA4d5vzyIXjtS+VA097+wY=
-36,170,LqVoVM6AmzY41QDb77Z3T8SOllY=,7hDRgWemR9V/s0RatF80nEyqihA=
-34,160,LqVoVM6AmzY41QDb77Z3T8SOllY=,Uo8+yQA4d5vzyIXjtS+VA097+wY=
-34,172,LqVoVM6AmzY41QDb77Z3T8SOllY=,7hDRgWemR9V/s0RatF80nEyqihA=
-36,160,LqVoVM6AmzY41QDb77Z3T8SOllY=,Uo8+yQA4d5vzyIXjtS+VA097+wY=
-40,174,LqVoVM6AmzY41QDb77Z3T8SOllY=,7hDRgWemR9V/s0RatF80nEyqihA=
-34,163,LqVoVM6AmzY41QDb77Z3T8SOllY=,Uo8+yQA4d5vzyIXjtS+VA097+wY=
-33,163,LqVoVM6AmzY41QDb77Z3T8SOllY=,Uo8+yQA4d5vzyIXjtS+VA097+wY=
-34,169,LqVoVM6AmzY41QDb77Z3T8SOllY=,7hDRgWemR9V/s0RatF80nEyqihA=
-35,163,LqVoVM6AmzY41QDb77Z3T8SOllY=,Uo8+yQA4d5vzyIXjtS+VA097+wY=
-37,173,LqVoVM6AmzY41QDb77Z3T8SOllY=,7hDRgWemR9V/s0RatF80nEyqihA=
-35,172,LqVoVM6AmzY41QDb77Z3T8SOllY=,7hDRgWemR9V/s0RatF80nEyqihA=
-36,161,LqVoVM6AmzY41QDb77Z3T8SOllY=,Uo8+yQA4d5vzyIXjtS+VA097+wY=
-35,161,LqVoVM6AmzY41QDb77Z3T8SOllY=,Uo8+yQA4d5vzyIXjtS+VA097+wY=
-35,169,LqVoVM6AmzY41QDb77Z3T8SOllY=,7hDRgWemR9V/s0RatF80nEyqihA=
-34,161,LqVoVM6AmzY41QDb77Z3T8SOllY=,Uo8+yQA4d5vzyIXjtS+VA097+wY=
-33,161,LqVoVM6AmzY41QDb77Z3T8SOllY=,Uo8+yQA4d5vzyIXjtS+VA097+wY=
-36,162,LqVoVM6AmzY41QDb77Z3T8SOllY=,Uo8+yQA4d5vzyIXjtS+VA097+wY=
-35,162,LqVoVM6AmzY41QDb77Z3T8SOllY=,Uo8+yQA4d5vzyIXjtS+VA097+wY=
-34,162,LqVoVM6AmzY41QDb77Z3T8SOllY=,Uo8+yQA4d5vzyIXjtS+VA097+wY=
-38,173,LqVoVM6AmzY41QDb77Z3T8SOllY=,7hDRgWemR9V/s0RatF80nEyqihA=
-36,172,LqVoVM6AmzY41QDb77Z3T8SOllY=,7hDRgWemR9V/s0RatF80nEyqihA=
-33,162,LqVoVM6AmzY41QDb77Z3T8SOllY=,Uo8+yQA4d5vzyIXjtS+VA097+wY=
-43,174,LqVoVM6AmzY41QDb77Z3T8SOllY=,ExoYajdPTvehrX8hIyOJT8mcFhc=
-41,173,LqVoVM6AmzY41QDb77Z3T8SOllY=,ExoYajdPTvehrX8hIyOJT8mcFhc=
-42,174,LqVoVM6AmzY41QDb77Z3T8SOllY=,ExoYajdPTvehrX8hIyOJT8mcFhc=
-41,172,LqVoVM6AmzY41QDb77Z3T8SOllY=,ExoYajdPTvehrX8hIyOJT8mcFhc=
-36,163,LqVoVM6AmzY41QDb77Z3T8SOllY=,Uo8+yQA4d5vzyIXjtS+VA097+wY=
-39,173,LqVoVM6AmzY41QDb77Z3T8SOllY=,7hDRgWemR9V/s0RatF80nEyqihA=
-44,174,LqVoVM6AmzY41QDb77Z3T8SOllY=,ExoYajdPTvehrX8hIyOJT8mcFhc=
-39,172,LqVoVM6AmzY41QDb77Z3T8SOllY=,7hDRgWemR9V/s0RatF80nEyqihA=
-38,172,LqVoVM6AmzY41QDb77Z3T8SOllY=,7hDRgWemR9V/s0RatF80nEyqihA=
-40,172,LqVoVM6AmzY41QDb77Z3T8SOllY=,7hDRgWemR9V/s0RatF80nEyqihA=
-40,173,LqVoVM6AmzY41QDb77Z3T8SOllY=,7hDRgWemR9V/s0RatF80nEyqihA=
-37,172,LqVoVM6AmzY41QDb77Z3T8SOllY=,7hDRgWemR9V/s0RatF80nEyqihA=
-46,172,LqVoVM6AmzY41QDb77Z3T8SOllY=,ExoYajdPTvehrX8hIyOJT8mcFhc=
-48,174,LqVoVM6AmzY41QDb77Z3T8SOllY=,ExoYajdPTvehrX8hIyOJT8mcFhc=
-47,172,LqVoVM6AmzY41QDb77Z3T8SOllY=,ExoYajdPTvehrX8hIyOJT8mcFhc=
-46,173,LqVoVM6AmzY41QDb77Z3T8SOllY=,ExoYajdPTvehrX8hIyOJT8mcFhc=
-45,173,LqVoVM6AmzY41QDb77Z3T8SOllY=,ExoYajdPTvehrX8hIyOJT8mcFhc=
-47,174,LqVoVM6AmzY41QDb77Z3T8SOllY=,ExoYajdPTvehrX8hIyOJT8mcFhc=
-45,172,LqVoVM6AmzY41QDb77Z3T8SOllY=,ExoYajdPTvehrX8hIyOJT8mcFhc=
-48,175,LqVoVM6AmzY41QDb77Z3T8SOllY=,ExoYajdPTvehrX8hIyOJT8mcFhc=
-47,173,LqVoVM6AmzY41QDb77Z3T8SOllY=,ExoYajdPTvehrX8hIyOJT8mcFhc=
-48,173,LqVoVM6AmzY41QDb77Z3T8SOllY=,ExoYajdPTvehrX8hIyOJT8mcFhc=
-47,175,LqVoVM6AmzY41QDb77Z3T8SOllY=,ExoYajdPTvehrX8hIyOJT8mcFhc=
-45,175,LqVoVM6AmzY41QDb77Z3T8SOllY=,ExoYajdPTvehrX8hIyOJT8mcFhc=
-45,174,LqVoVM6AmzY41QDb77Z3T8SOllY=,ExoYajdPTvehrX8hIyOJT8mcFhc=
-46,174,LqVoVM6AmzY41QDb77Z3T8SOllY=,ExoYajdPTvehrX8hIyOJT8mcFhc=
-48,172,LqVoVM6AmzY41QDb77Z3T8SOllY=,ExoYajdPTvehrX8hIyOJT8mcFhc=
-48,164,LqVoVM6AmzY41QDb77Z3T8SOllY=,giu78CDRygGz9LjyqHEw1wbhKY8=
-48,166,LqVoVM6AmzY41QDb77Z3T8SOllY=,giu78CDRygGz9LjyqHEw1wbhKY8=
-48,161,LqVoVM6AmzY41QDb77Z3T8SOllY=,giu78CDRygGz9LjyqHEw1wbhKY8=
-48,168,LqVoVM6AmzY41QDb77Z3T8SOllY=,ExoYajdPTvehrX8hIyOJT8mcFhc=
-46,163,LqVoVM6AmzY41QDb77Z3T8SOllY=,giu78CDRygGz9LjyqHEw1wbhKY8=
-45,163,LqVoVM6AmzY41QDb77Z3T8SOllY=,giu78CDRygGz9LjyqHEw1wbhKY8=
-48,167,LqVoVM6AmzY41QDb77Z3T8SOllY=,giu78CDRygGz9LjyqHEw1wbhKY8=
-46,175,LqVoVM6AmzY41QDb77Z3T8SOllY=,ExoYajdPTvehrX8hIyOJT8mcFhc=
-47,162,LqVoVM6AmzY41QDb77Z3T8SOllY=,giu78CDRygGz9LjyqHEw1wbhKY8=
-46,162,LqVoVM6AmzY41QDb77Z3T8SOllY=,giu78CDRygGz9LjyqHEw1wbhKY8=
-48,165,LqVoVM6AmzY41QDb77Z3T8SOllY=,giu78CDRygGz9LjyqHEw1wbhKY8=
-48,160,LqVoVM6AmzY41QDb77Z3T8SOllY=,giu78CDRygGz9LjyqHEw1wbhKY8=
-48,171,LqVoVM6AmzY41QDb77Z3T8SOllY=,ExoYajdPTvehrX8hIyOJT8mcFhc=
-47,161,LqVoVM6AmzY41QDb77Z3T8SOllY=,giu78CDRygGz9LjyqHEw1wbhKY8=
-47,169,LqVoVM6AmzY41QDb77Z3T8SOllY=,ExoYajdPTvehrX8hIyOJT8mcFhc=
-48,163,LqVoVM6AmzY41QDb77Z3T8SOllY=,giu78CDRygGz9LjyqHEw1wbhKY8=
-48,162,LqVoVM6AmzY41QDb77Z3T8SOllY=,giu78CDRygGz9LjyqHEw1wbhKY8=
-45,162,LqVoVM6AmzY41QDb77Z3T8SOllY=,giu78CDRygGz9LjyqHEw1wbhKY8=
-47,160,LqVoVM6AmzY41QDb77Z3T8SOllY=,giu78CDRygGz9LjyqHEw1wbhKY8=
-47,166,LqVoVM6AmzY41QDb77Z3T8SOllY=,giu78CDRygGz9LjyqHEw1wbhKY8=
-45,160,LqVoVM6AmzY41QDb77Z3T8SOllY=,giu78CDRygGz9LjyqHEw1wbhKY8=
-46,169,LqVoVM6AmzY41QDb77Z3T8SOllY=,ExoYajdPTvehrX8hIyOJT8mcFhc=
-47,164,LqVoVM6AmzY41QDb77Z3T8SOllY=,giu78CDRygGz9LjyqHEw1wbhKY8=
-48,170,LqVoVM6AmzY41QDb77Z3T8SOllY=,ExoYajdPTvehrX8hIyOJT8mcFhc=
-46,166,LqVoVM6AmzY41QDb77Z3T8SOllY=,giu78CDRygGz9LjyqHEw1wbhKY8=
-46,160,LqVoVM6AmzY41QDb77Z3T8SOllY=,giu78CDRygGz9LjyqHEw1wbhKY8=
-45,169,LqVoVM6AmzY41QDb77Z3T8SOllY=,ExoYajdPTvehrX8hIyOJT8mcFhc=
-46,161,LqVoVM6AmzY41QDb77Z3T8SOllY=,giu78CDRygGz9LjyqHEw1wbhKY8=
-45,167,LqVoVM6AmzY41QDb77Z3T8SOllY=,giu78CDRygGz9LjyqHEw1wbhKY8=
-45,161,LqVoVM6AmzY41QDb77Z3T8SOllY=,giu78CDRygGz9LjyqHEw1wbhKY8=
-47,168,LqVoVM6AmzY41QDb77Z3T8SOllY=,ExoYajdPTvehrX8hIyOJT8mcFhc=
-46,164,LqVoVM6AmzY41QDb77Z3T8SOllY=,giu78CDRygGz9LjyqHEw1wbhKY8=
-46,167,LqVoVM6AmzY41QDb77Z3T8SOllY=,giu78CDRygGz9LjyqHEw1wbhKY8=
-47,170,LqVoVM6AmzY41QDb77Z3T8SOllY=,ExoYajdPTvehrX8hIyOJT8mcFhc=
-47,167,LqVoVM6AmzY41QDb77Z3T8SOllY=,giu78CDRygGz9LjyqHEw1wbhKY8=
-48,169,LqVoVM6AmzY41QDb77Z3T8SOllY=,ExoYajdPTvehrX8hIyOJT8mcFhc=
-45,166,LqVoVM6AmzY41QDb77Z3T8SOllY=,giu78CDRygGz9LjyqHEw1wbhKY8=
-47,165,LqVoVM6AmzY41QDb77Z3T8SOllY=,giu78CDRygGz9LjyqHEw1wbhKY8=
-45,164,LqVoVM6AmzY41QDb77Z3T8SOllY=,giu78CDRygGz9LjyqHEw1wbhKY8=
-46,165,LqVoVM6AmzY41QDb77Z3T8SOllY=,giu78CDRygGz9LjyqHEw1wbhKY8=
-45,165,LqVoVM6AmzY41QDb77Z3T8SOllY=,giu78CDRygGz9LjyqHEw1wbhKY8=
-47,163,LqVoVM6AmzY41QDb77Z3T8SOllY=,giu78CDRygGz9LjyqHEw1wbhKY8=
-46,168,LqVoVM6AmzY41QDb77Z3T8SOllY=,ExoYajdPTvehrX8hIyOJT8mcFhc=
-45,171,LqVoVM6AmzY41QDb77Z3T8SOllY=,ExoYajdPTvehrX8hIyOJT8mcFhc=
-46,170,LqVoVM6AmzY41QDb77Z3T8SOllY=,ExoYajdPTvehrX8hIyOJT8mcFhc=
-45,168,LqVoVM6AmzY41QDb77Z3T8SOllY=,ExoYajdPTvehrX8hIyOJT8mcFhc=
-47,171,LqVoVM6AmzY41QDb77Z3T8SOllY=,ExoYajdPTvehrX8hIyOJT8mcFhc=
-45,170,LqVoVM6AmzY41QDb77Z3T8SOllY=,ExoYajdPTvehrX8hIyOJT8mcFhc=
-46,171,LqVoVM6AmzY41QDb77Z3T8SOllY=,ExoYajdPTvehrX8hIyOJT8mcFhc=
