103,271,By6CfYqXsDvAZZf99uzg6JsclCo=,ScQpJeL+bhyV7PzjcDpop6Spdn4=
104,270,OoZKvOaOn7QzBx6zbScP2jGcoRs=,3/JirjkCw9ItJyQblWmVSgRBxQU=
100,270,OoZKvOaOn7QzBx6zbScP2jGcoRs=,ScQpJeL+bhyV7PzjcDpop6Spdn4=
107,271,OoZKvOaOn7QzBx6zbScP2jGcoRs=,3/JirjkCw9ItJyQblWmVSgRBxQU=
106,271,OoZKvOaOn7QzBx6zbScP2jGcoRs=,3/JirjkCw9ItJyQblWmVSgRBxQU=
101,270,Kt85Q2DWyRxatEMGAhBE/QQDdMk=,ScQpJeL+bhyV7PzjcDpop6Spdn4=
104,268,Kt85Q2DWyRxatEMGAhBE/QQDdMk=,3/JirjkCw9ItJyQblWmVSgRBxQU=
105,271,Kt85Q2DWyRxatEMGAhBE/QQDdMk=,3/JirjkCw9ItJyQblWmVSgRBxQU=
102,270,Kt85Q2DWyRxatEMGAhBE/QQDdMk=,ScQpJeL+bhyV7PzjcDpop6Spdn4=
104,271,Kt85Q2DWyRxatEMGAhBE/QQDdMk=,3/JirjkCw9ItJyQblWmVSgRBxQU=
102,269,Kt85Q2DWyRxatEMGAhBE/QQDdMk=,ScQpJeL+bhyV7PzjcDpop6Spdn4=
107,269,Kt85Q2DWyRxatEMGAhBE/QQDdMk=,3/JirjkCw9ItJyQblWmVSgRBxQU=
105,268,Kt85Q2DWyRxatEMGAhBE/QQDdMk=,3/JirjkCw9ItJyQblWmVSgRBxQU=
101,269,Kt85Q2DWyRxatEMGAhBE/QQDdMk=,ScQpJeL+bhyV7PzjcDpop6Spdn4=
106,269,Kt85Q2DWyRxatEMGAhBE/QQDdMk=,3/JirjkCw9ItJyQblWmVSgRBxQU=
105,270,Kt85Q2DWyRxatEMGAhBE/QQDdMk=,3/JirjkCw9ItJyQblWmVSgRBxQU=
105,269,xvHJk+2hCjIUlVwThTYi33MoofU=,3/JirjkCw9ItJyQblWmVSgRBxQU=
101,268,xvHJk+2hCjIUlVwThTYi33MoofU=,ScQpJeL+bhyV7PzjcDpop6Spdn4=
100,269,xvHJk+2hCjIUlVwThTYi33MoofU=,ScQpJeL+bhyV7PzjcDpop6Spdn4=
106,270,xvHJk+2hCjIUlVwThTYi33MoofU=,3/JirjkCw9ItJyQblWmVSgRBxQU=
106,268,xvHJk+2hCjIUlVwThTYi33MoofU=,3/JirjkCw9ItJyQblWmVSgRBxQU=
102,268,pCeptWuG9cggkMlSpNspZJGPVp4=,ScQpJeL+bhyV7PzjcDpop6Spdn4=
107,270,pCeptWuG9cggkMlSpNspZJGPVp4=,3/JirjkCw9ItJyQblWmVSgRBxQU=
104,269,pCeptWuG9cggkMlSpNspZJGPVp4=,3/JirjkCw9ItJyQblWmVSgRBxQU=
102,271,pCeptWuG9cggkMlSpNspZJGPVp4=,ScQpJeL+bhyV7PzjcDpop6Spdn4=
100,271,pCeptWuG9cggkMlSpNspZJGPVp4=,ScQpJeL+bhyV7PzjcDpop6Spdn4=
107,268,pCeptWuG9cggkMlSpNspZJGPVp4=,3/JirjkCw9ItJyQblWmVSgRBxQU=
100,268,pCeptWuG9cggkMlSpNspZJGPVp4=,ScQpJeL+bhyV7PzjcDpop6Spdn4=
101,271,pCeptWuG9cggkMlSpNspZJGPVp4=,ScQpJeL+bhyV7PzjcDpop6Spdn4=
103,270,pCeptWuG9cggkMlSpNspZJGPVp4=,ScQpJeL+bhyV7PzjcDpop6Spdn4=
103,269,pCeptWuG9cggkMlSpNspZJGPVp4=,ScQpJeL+bhyV7PzjcDpop6Spdn4=
103,268,yXqCt8LD4UQ24TEmzLDbC7pFEWc=,ScQpJeL+bhyV7PzjcDpop6Spdn4=
101,262,yXqCt8LD4UQ24TEmzLDbC7pFEWc=,YGK7PX0bz4nLMg3YAH2XsZNHyP8=
103,264,yXqCt8LD4UQ24TEmzLDbC7pFEWc=,ScQpJeL+bhyV7PzjcDpop6Spdn4=
103,262,yXqCt8LD4UQ24TEmzLDbC7pFEWc=,YGK7PX0bz4nLMg3YAH2XsZNHyP8=
102,262,yXqCt8LD4UQ24TEmzLDbC7pFEWc=,YGK7PX0bz4nLMg3YAH2XsZNHyP8=
100,262,yXqCt8LD4UQ24TEmzLDbC7pFEWc=,YGK7PX0bz4nLMg3YAH2XsZNHyP8=
103,263,yXqCt8LD4UQ24TEmzLDbC7pFEWc=,YGK7PX0bz4nLMg3YAH2XsZNHyP8=
103,267,yXqCt8LD4UQ24TEmzLDbC7pFEWc=,ScQpJeL+bhyV7PzjcDpop6Spdn4=
101,261,yXqCt8LD4UQ24TEmzLDbC7pFEWc=,YGK7PX0bz4nLMg3YAH2XsZNHyP8=
102,261,yXqCt8LD4UQ24TEmzLDbC7pFEWc=,YGK7PX0bz4nLMg3YAH2XsZNHyP8=
100,261,ZQeE+RPK8R1+O8m9MCOgROhRVeA=,YGK7PX0bz4nLMg3YAH2XsZNHyP8=
103,266,ZQeE+RPK8R1+O8m9MCOgROhRVeA=,ScQpJeL+bhyV7PzjcDpop6Spdn4=
100,263,ZQeE+RPK8R1+O8m9MCOgROhRVeA=,YGK7PX0bz4nLMg3YAH2XsZNHyP8=
103,261,ZQeE+RPK8R1+O8m9MCOgROhRVeA=,YGK7PX0bz4nLMg3YAH2XsZNHyP8=
101,260,ZQeE+RPK8R1+O8m9MCOgROhRVeA=,YGK7PX0bz4nLMg3YAH2XsZNHyP8=
103,265,IzfFGFqcaeR+Uxb1jja1n7dHzow=,ScQpJeL+bhyV7PzjcDpop6Spdn4=
101,263,IzfFGFqcaeR+Uxb1jja1n7dHzow=,YGK7PX0bz4nLMg3YAH2XsZNHyP8=
102,260,IzfFGFqcaeR+Uxb1jja1n7dHzow=,YGK7PX0bz4nLMg3YAH2XsZNHyP8=
102,263,IzfFGFqcaeR+Uxb1jja1n7dHzow=,YGK7PX0bz4nLMg3YAH2XsZNHyP8=
102,265,IzfFGFqcaeR+Uxb1jja1n7dHzow=,ScQpJeL+bhyV7PzjcDpop6Spdn4=
100,260,aUEAMhuL8KXlHYjCYBg+o6DSxqY=,YGK7PX0bz4nLMg3YAH2XsZNHyP8=
104,260,aUEAMhuL8KXlHYjCYBg+o6DSxqY=,T/NZ4rlNLFBMO6A8KpjOa5qxQPA=
103,260,aUEAMhuL8KXlHYjCYBg+o6DSxqY=,YGK7PX0bz4nLMg3YAH2XsZNHyP8=
100,264,aUEAMhuL8KXlHYjCYBg+o6DSxqY=,ScQpJeL+bhyV7PzjcDpop6Spdn4=
104,266,aUEAMhuL8KXlHYjCYBg+o6DSxqY=,3/JirjkCw9ItJyQblWmVSgRBxQU=
101,264,aUEAMhuL8KXlHYjCYBg+o6DSxqY=,ScQpJeL+bhyV7PzjcDpop6Spdn4=
105,260,aUEAMhuL8KXlHYjCYBg+o6DSxqY=,T/NZ4rlNLFBMO6A8KpjOa5qxQPA=
104,265,aUEAMhuL8KXlHYjCYBg+o6DSxqY=,3/JirjkCw9ItJyQblWmVSgRBxQU=
102,264,aUEAMhuL8KXlHYjCYBg+o6DSxqY=,ScQpJeL+bhyV7PzjcDpop6Spdn4=
100,266,aUEAMhuL8KXlHYjCYBg+o6DSxqY=,ScQpJeL+bhyV7PzjcDpop6Spdn4=
102,267,aUEAMhuL8KXlHYjCYBg+o6DSxqY=,ScQpJeL+bhyV7PzjcDpop6Spdn4=
105,265,aUEAMhuL8KXlHYjCYBg+o6DSxqY=,3/JirjkCw9ItJyQblWmVSgRBxQU=
101,266,aUEAMhuL8KXlHYjCYBg+o6DSxqY=,ScQpJeL+bhyV7PzjcDpop6Spdn4=
106,266,aUEAMhuL8KXlHYjCYBg+o6DSxqY=,3/JirjkCw9ItJyQblWmVSgRBxQU=
105,266,aUEAMhuL8KXlHYjCYBg+o6DSxqY=,3/JirjkCw9ItJyQblWmVSgRBxQU=
101,265,aUEAMhuL8KXlHYjCYBg+o6DSxqY=,ScQpJeL+bhyV7PzjcDpop6Spdn4=
106,265,aUEAMhuL8KXlHYjCYBg+o6DSxqY=,3/JirjkCw9ItJyQblWmVSgRBxQU=
107,265,aUEAMhuL8KXlHYjCYBg+o6DSxqY=,3/JirjkCw9ItJyQblWmVSgRBxQU=
107,266,aUEAMhuL8KXlHYjCYBg+o6DSxqY=,3/JirjkCw9ItJyQblWmVSgRBxQU=
107,267,aUEAMhuL8KXlHYjCYBg+o6DSxqY=,3/JirjkCw9ItJyQblWmVSgRBxQU=
102,266,aUEAMhuL8KXlHYjCYBg+o6DSxqY=,ScQpJeL+bhyV7PzjcDpop6Spdn4=
106,260,aUEAMhuL8KXlHYjCYBg+o6DSxqY=,T/NZ4rlNLFBMO6A8KpjOa5qxQPA=
101,267,aUEAMhuL8KXlHYjCYBg+o6DSxqY=,ScQpJeL+bhyV7PzjcDpop6Spdn4=
106,267,aUEAMhuL8KXlHYjCYBg+o6DSxqY=,3/JirjkCw9ItJyQblWmVSgRBxQU=
104,267,aUEAMhuL8KXlHYjCYBg+o6DSxqY=,3/JirjkCw9ItJyQblWmVSgRBxQU=
100,265,aUEAMhuL8KXlHYjCYBg+o6DSxqY=,ScQpJeL+bhyV7PzjcDpop6Spdn4=
105,267,aUEAMhuL8KXlHYjCYBg+o6DSxqY=,3/JirjkCw9ItJyQblWmVSgRBxQU=
100,267,aUEAMhuL8KXlHYjCYBg+o6DSxqY=,ScQpJeL+bhyV7PzjcDpop6Spdn4=
107,260,aUEAMhuL8KXlHYjCYBg+o6DSxqY=,T/NZ4rlNLFBMO6A8KpjOa5qxQPA=
106,264,aUEAMhuL8KXlHYjCYBg+o6DSxqY=,3/JirjkCw9ItJyQblWmVSgRBxQU=
106,263,aUEAMhuL8KXlHYjCYBg+o6DSxqY=,T/NZ4rlNLFBMO6A8KpjOa5qxQPA=
107,263,aUEAMhuL8KXlHYjCYBg+o6DSxqY=,T/NZ4rlNLFBMO6A8KpjOa5qxQPA=
107,264,aUEAMhuL8KXlHYjCYBg+o6DSxqY=,3/JirjkCw9ItJyQblWmVSgRBxQU=
104,264,aUEAMhuL8KXlHYjCYBg+o6DSxqY=,3/JirjkCw9ItJyQblWmVSgRBxQU=
104,263,aUEAMhuL8KXlHYjCYBg+o6DSxqY=,T/NZ4rlNLFBMO6A8KpjOa5qxQPA=
105,263,aUEAMhuL8KXlHYjCYBg+o6DSxqY=,T/NZ4rlNLFBMO6A8KpjOa5qxQPA=
107,262,aUEAMhuL8KXlHYjCYBg+o6DSxqY=,T/NZ4rlNLFBMO6A8KpjOa5qxQPA=
105,262,aUEAMhuL8KXlHYjCYBg+o6DSxqY=,T/NZ4rlNLFBMO6A8KpjOa5qxQPA=
104,261,aUEAMhuL8KXlHYjCYBg+o6DSxqY=,T/NZ4rlNLFBMO6A8KpjOa5qxQPA=
104,262,aUEAMhuL8KXlHYjCYBg+o6DSxqY=,T/NZ4rlNLFBMO6A8KpjOa5qxQPA=
106,262,aUEAMhuL8KXlHYjCYBg+o6DSxqY=,T/NZ4rlNLFBMO6A8KpjOa5qxQPA=
105,264,aUEAMhuL8KXlHYjCYBg+o6DSxqY=,3/JirjkCw9ItJyQblWmVSgRBxQU=
105,261,aUEAMhuL8KXlHYjCYBg+o6DSxqY=,T/NZ4rlNLFBMO6A8KpjOa5qxQPA=
107,261,aUEAMhuL8KXlHYjCYBg+o6DSxqY=,T/NZ4rlNLFBMO6A8KpjOa5qxQPA=
106,261,aUEAMhuL8KXlHYjCYBg+o6DSxqY=,T/NZ4rlNLFBMO6A8KpjOa5qxQPA=
96,263,aUEAMhuL8KXlHYjCYBg+o6DSxqY=,YGK7PX0bz4nLMg3YAH2XsZNHyP8=
98,262,aUEAMhuL8KXlHYjCYBg+o6DSxqY=,YGK7PX0bz4nLMg3YAH2XsZNHyP8=
99,262,aUEAMhuL8KXlHYjCYBg+o6DSxqY=,YGK7PX0bz4nLMg3YAH2XsZNHyP8=
97,262,aUEAMhuL8KXlHYjCYBg+o6DSxqY=,YGK7PX0bz4nLMg3YAH2XsZNHyP8=
96,262,aUEAMhuL8KXlHYjCYBg+o6DSxqY=,YGK7PX0bz4nLMg3YAH2XsZNHyP8=
98,261,aUEAMhuL8KXlHYjCYBg+o6DSxqY=,YGK7PX0bz4nLMg3YAH2XsZNHyP8=
96,261,aUEAMhuL8KXlHYjCYBg+o6DSxqY=,YGK7PX0bz4nLMg3YAH2XsZNHyP8=
99,260,aUEAMhuL8KXlHYjCYBg+o6DSxqY=,YGK7PX0bz4nLMg3YAH2XsZNHyP8=
96,257,aUEAMhuL8KXlHYjCYBg+o6DSxqY=,YGK7PX0bz4nLMg3YAH2XsZNHyP8=
97,261,aUEAMhuL8KXlHYjCYBg+o6DSxqY=,YGK7PX0bz4nLMg3YAH2XsZNHyP8=
99,261,aUEAMhuL8KXlHYjCYBg+o6DSxqY=,YGK7PX0bz4nLMg3YAH2XsZNHyP8=
96,260,aUEAMhuL8KXlHYjCYBg+o6DSxqY=,YGK7PX0bz4nLMg3YAH2XsZNHyP8=
96,259,aUEAMhuL8KXlHYjCYBg+o6DSxqY=,YGK7PX0bz4nLMg3YAH2XsZNHyP8=
96,256,aUEAMhuL8KXlHYjCYBg+o6DSxqY=,YGK7PX0bz4nLMg3YAH2XsZNHyP8=
99,257,aUEAMhuL8KXlHYjCYBg+o6DSxqY=,YGK7PX0bz4nLMg3YAH2XsZNHyP8=
96,264,aUEAMhuL8KXlHYjCYBg+o6DSxqY=,ScQpJeL+bhyV7PzjcDpop6Spdn4=
98,257,aUEAMhuL8KXlHYjCYBg+o6DSxqY=,YGK7PX0bz4nLMg3YAH2XsZNHyP8=
97,257,aUEAMhuL8KXlHYjCYBg+o6DSxqY=,YGK7PX0bz4nLMg3YAH2XsZNHyP8=
96,266,aUEAMhuL8KXlHYjCYBg+o6DSxqY=,ScQpJeL+bhyV7PzjcDpop6Spdn4=
97,258,aUEAMhuL8KXlHYjCYBg+o6DSxqY=,YGK7PX0bz4nLMg3YAH2XsZNHyP8=
99,258,aUEAMhuL8KXlHYjCYBg+o6DSxqY=,YGK7PX0bz4nLMg3YAH2XsZNHyP8=
98,258,aUEAMhuL8KXlHYjCYBg+o6DSxqY=,YGK7PX0bz4nLMg3YAH2XsZNHyP8=
97,266,aUEAMhuL8KXlHYjCYBg+o6DSxqY=,ScQpJeL+bhyV7PzjcDpop6Spdn4=
97,256,aUEAMhuL8KXlHYjCYBg+o6DSxqY=,YGK7PX0bz4nLMg3YAH2XsZNHyP8=
98,256,aUEAMhuL8KXlHYjCYBg+o6DSxqY=,YGK7PX0bz4nLMg3YAH2XsZNHyP8=
97,259,aUEAMhuL8KXlHYjCYBg+o6DSxqY=,YGK7PX0bz4nLMg3YAH2XsZNHyP8=
98,259,aUEAMhuL8KXlHYjCYBg+o6DSxqY=,YGK7PX0bz4nLMg3YAH2XsZNHyP8=
99,259,aUEAMhuL8KXlHYjCYBg+o6DSxqY=,YGK7PX0bz4nLMg3YAH2XsZNHyP8=
98,266,aUEAMhuL8KXlHYjCYBg+o6DSxqY=,ScQpJeL+bhyV7PzjcDpop6Spdn4=
96,258,aUEAMhuL8KXlHYjCYBg+o6DSxqY=,YGK7PX0bz4nLMg3YAH2XsZNHyP8=
99,256,aUEAMhuL8KXlHYjCYBg+o6DSxqY=,YGK7PX0bz4nLMg3YAH2XsZNHyP8=
98,264,aUEAMhuL8KXlHYjCYBg+o6DSxqY=,ScQpJeL+bhyV7PzjcDpop6Spdn4=
98,260,aUEAMhuL8KXlHYjCYBg+o6DSxqY=,YGK7PX0bz4nLMg3YAH2XsZNHyP8=
99,266,aUEAMhuL8KXlHYjCYBg+o6DSxqY=,ScQpJeL+bhyV7PzjcDpop6Spdn4=
99,264,aUEAMhuL8KXlHYjCYBg+o6DSxqY=,ScQpJeL+bhyV7PzjcDpop6Spdn4=
97,264,aUEAMhuL8KXlHYjCYBg+o6DSxqY=,ScQpJeL+bhyV7PzjcDpop6Spdn4=
99,263,aUEAMhuL8KXlHYjCYBg+o6DSxqY=,YGK7PX0bz4nLMg3YAH2XsZNHyP8=
96,267,aUEAMhuL8KXlHYjCYBg+o6DSxqY=,ScQpJeL+bhyV7PzjcDpop6Spdn4=
98,263,aUEAMhuL8KXlHYjCYBg+o6DSxqY=,YGK7PX0bz4nLMg3YAH2XsZNHyP8=
97,260,aUEAMhuL8KXlHYjCYBg+o6DSxqY=,YGK7PX0bz4nLMg3YAH2XsZNHyP8=
97,265,aUEAMhuL8KXlHYjCYBg+o6DSxqY=,ScQpJeL+bhyV7PzjcDpop6Spdn4=
99,267,aUEAMhuL8KXlHYjCYBg+o6DSxqY=,ScQpJeL+bhyV7PzjcDpop6Spdn4=
98,265,aUEAMhuL8KXlHYjCYBg+o6DSxqY=,ScQpJeL+bhyV7PzjcDpop6Spdn4=
97,267,aUEAMhuL8KXlHYjCYBg+o6DSxqY=,ScQpJeL+bhyV7PzjcDpop6Spdn4=
96,265,aUEAMhuL8KXlHYjCYBg+o6DSxqY=,ScQpJeL+bhyV7PzjcDpop6Spdn4=
98,267,aUEAMhuL8KXlHYjCYBg+o6DSxqY=,ScQpJeL+bhyV7PzjcDpop6Spdn4=
99,265,aUEAMhuL8KXlHYjCYBg+o6DSxqY=,ScQpJeL+bhyV7PzjcDpop6Spdn4=
97,263,aUEAMhuL8KXlHYjCYBg+o6DSxqY=,YGK7PX0bz4nLMg3YAH2XsZNHyP8=
103,256,aUEAMhuL8KXlHYjCYBg+o6DSxqY=,YGK7PX0bz4nLMg3YAH2XsZNHyP8=
102,256,aUEAMhuL8KXlHYjCYBg+o6DSxqY=,YGK7PX0bz4nLMg3YAH2XsZNHyP8=
101,256,aUEAMhuL8KXlHYjCYBg+o6DSxqY=,YGK7PX0bz4nLMg3YAH2XsZNHyP8=
107,256,aUEAMhuL8KXlHYjCYBg+o6DSxqY=,T/NZ4rlNLFBMO6A8KpjOa5qxQPA=
101,257,aUEAMhuL8KXlHYjCYBg+o6DSxqY=,YGK7PX0bz4nLMg3YAH2XsZNHyP8=
96,271,aUEAMhuL8KXlHYjCYBg+o6DSxqY=,ScQpJeL+bhyV7PzjcDpop6Spdn4=
100,257,aUEAMhuL8KXlHYjCYBg+o6DSxqY=,YGK7PX0bz4nLMg3YAH2XsZNHyP8=
100,256,aUEAMhuL8KXlHYjCYBg+o6DSxqY=,YGK7PX0bz4nLMg3YAH2XsZNHyP8=
106,256,aUEAMhuL8KXlHYjCYBg+o6DSxqY=,T/NZ4rlNLFBMO6A8KpjOa5qxQPA=
105,256,aUEAMhuL8KXlHYjCYBg+o6DSxqY=,T/NZ4rlNLFBMO6A8KpjOa5qxQPA=
96,268,aUEAMhuL8KXlHYjCYBg+o6DSxqY=,ScQpJeL+bhyV7PzjcDpop6Spdn4=
102,257,aUEAMhuL8KXlHYjCYBg+o6DSxqY=,YGK7PX0bz4nLMg3YAH2XsZNHyP8=
103,259,aUEAMhuL8KXlHYjCYBg+o6DSxqY=,YGK7PX0bz4nLMg3YAH2XsZNHyP8=
100,258,aUEAMhuL8KXlHYjCYBg+o6DSxqY=,YGK7PX0bz4nLMg3YAH2XsZNHyP8=
104,256,aUEAMhuL8KXlHYjCYBg+o6DSxqY=,T/NZ4rlNLFBMO6A8KpjOa5qxQPA=
97,268,aUEAMhuL8KXlHYjCYBg+o6DSxqY=,ScQpJeL+bhyV7PzjcDpop6Spdn4=
104,257,aUEAMhuL8KXlHYjCYBg+o6DSxqY=,T/NZ4rlNLFBMO6A8KpjOa5qxQPA=
101,258,aUEAMhuL8KXlHYjCYBg+o6DSxqY=,YGK7PX0bz4nLMg3YAH2XsZNHyP8=
103,258,aUEAMhuL8KXlHYjCYBg+o6DSxqY=,YGK7PX0bz4nLMg3YAH2XsZNHyP8=
107,259,aUEAMhuL8KXlHYjCYBg+o6DSxqY=,T/NZ4rlNLFBMO6A8KpjOa5qxQPA=
98,268,aUEAMhuL8KXlHYjCYBg+o6DSxqY=,ScQpJeL+bhyV7PzjcDpop6Spdn4=
105,257,aUEAMhuL8KXlHYjCYBg+o6DSxqY=,T/NZ4rlNLFBMO6A8KpjOa5qxQPA=
106,257,aUEAMhuL8KXlHYjCYBg+o6DSxqY=,T/NZ4rlNLFBMO6A8KpjOa5qxQPA=
103,257,aUEAMhuL8KXlHYjCYBg+o6DSxqY=,YGK7PX0bz4nLMg3YAH2XsZNHyP8=
106,259,aUEAMhuL8KXlHYjCYBg+o6DSxqY=,T/NZ4rlNLFBMO6A8KpjOa5qxQPA=
99,268,aUEAMhuL8KXlHYjCYBg+o6DSxqY=,ScQpJeL+bhyV7PzjcDpop6Spdn4=
99,270,aUEAMhuL8KXlHYjCYBg+o6DSxqY=,ScQpJeL+bhyV7PzjcDpop6Spdn4=
102,259,aUEAMhuL8KXlHYjCYBg+o6DSxqY=,YGK7PX0bz4nLMg3YAH2XsZNHyP8=
100,259,aUEAMhuL8KXlHYjCYBg+o6DSxqY=,YGK7PX0bz4nLMg3YAH2XsZNHyP8=
105,259,aUEAMhuL8KXlHYjCYBg+o6DSxqY=,T/NZ4rlNLFBMO6A8KpjOa5qxQPA=
96,269,aUEAMhuL8KXlHYjCYBg+o6DSxqY=,ScQpJeL+bhyV7PzjcDpop6Spdn4=
102,258,aUEAMhuL8KXlHYjCYBg+o6DSxqY=,YGK7PX0bz4nLMg3YAH2XsZNHyP8=
98,270,aUEAMhuL8KXlHYjCYBg+o6DSxqY=,ScQpJeL+bhyV7PzjcDpop6Spdn4=
104,259,aUEAMhuL8KXlHYjCYBg+o6DSxqY=,T/NZ4rlNLFBMO6A8KpjOa5qxQPA=
101,259,aUEAMhuL8KXlHYjCYBg+o6DSxqY=,YGK7PX0bz4nLMg3YAH2XsZNHyP8=
97,269,aUEAMhuL8KXlHYjCYBg+o6DSxqY=,ScQpJeL+bhyV7PzjcDpop6Spdn4=
97,270,aUEAMhuL8KXlHYjCYBg+o6DSxqY=,ScQpJeL+bhyV7PzjcDpop6Spdn4=
111,264,aUEAMhuL8KXlHYjCYBg+o6DSxqY=,3/JirjkCw9ItJyQblWmVSgRBxQU=
96,270,aUEAMhuL8KXlHYjCYBg+o6DSxqY=,ScQpJeL+bhyV7PzjcDpop6Spdn4=
107,258,aUEAMhuL8KXlHYjCYBg+o6DSxqY=,T/NZ4rlNLFBMO6A8KpjOa5qxQPA=
99,271,aUEAMhuL8KXlHYjCYBg+o6DSxqY=,ScQpJeL+bhyV7PzjcDpop6Spdn4=
97,271,aUEAMhuL8KXlHYjCYBg+o6DSxqY=,ScQpJeL+bhyV7PzjcDpop6Spdn4=
106,258,aUEAMhuL8KXlHYjCYBg+o6DSxqY=,T/NZ4rlNLFBMO6A8KpjOa5qxQPA=
98,271,aUEAMhuL8KXlHYjCYBg+o6DSxqY=,ScQpJeL+bhyV7PzjcDpop6Spdn4=
109,264,aUEAMhuL8KXlHYjCYBg+o6DSxqY=,3/JirjkCw9ItJyQblWmVSgRBxQU=
99,269,aUEAMhuL8KXlHYjCYBg+o6DSxqY=,ScQpJeL+bhyV7PzjcDpop6Spdn4=
98,269,aUEAMhuL8KXlHYjCYBg+o6DSxqY=,ScQpJeL+bhyV7PzjcDpop6Spdn4=
105,258,aUEAMhuL8KXlHYjCYBg+o6DSxqY=,T/NZ4rlNLFBMO6A8KpjOa5qxQPA=
111,261,aUEAMhuL8KXlHYjCYBg+o6DSxqY=,T/NZ4rlNLFBMO6A8KpjOa5qxQPA=
107,257,aUEAMhuL8KXlHYjCYBg+o6DSxqY=,T/NZ4rlNLFBMO6A8KpjOa5qxQPA=
110,264,aUEAMhuL8KXlHYjCYBg+o6DSxqY=,3/JirjkCw9ItJyQblWmVSgRBxQU=
111,260,aUEAMhuL8KXlHYjCYBg+o6DSxqY=,T/NZ4rlNLFBMO6A8KpjOa5qxQPA=
104,258,aUEAMhuL8KXlHYjCYBg+o6DSxqY=,T/NZ4rlNLFBMO6A8KpjOa5qxQPA=
111,262,aUEAMhuL8KXlHYjCYBg+o6DSxqY=,T/NZ4rlNLFBMO6A8KpjOa5qxQPA=
108,257,aUEAMhuL8KXlHYjCYBg+o6DSxqY=,T/NZ4rlNLFBMO6A8KpjOa5qxQPA=
108,264,aUEAMhuL8KXlHYjCYBg+o6DSxqY=,3/JirjkCw9ItJyQblWmVSgRBxQU=
108,266,aUEAMhuL8KXlHYjCYBg+o6DSxqY=,3/JirjkCw9ItJyQblWmVSgRBxQU=
111,259,aUEAMhuL8KXlHYjCYBg+o6DSxqY=,T/NZ4rlNLFBMO6A8KpjOa5qxQPA=
111,263,aUEAMhuL8KXlHYjCYBg+o6DSxqY=,T/NZ4rlNLFBMO6A8KpjOa5qxQPA=
108,265,aUEAMhuL8KXlHYjCYBg+o6DSxqY=,3/JirjkCw9ItJyQblWmVSgRBxQU=
111,265,aUEAMhuL8KXlHYjCYBg+o6DSxqY=,3/JirjkCw9ItJyQblWmVSgRBxQU=
109,266,aUEAMhuL8KXlHYjCYBg+o6DSxqY=,3/JirjkCw9ItJyQblWmVSgRBxQU=
109,257,aUEAMhuL8KXlHYjCYBg+o6DSxqY=,T/NZ4rlNLFBMO6A8KpjOa5qxQPA=
111,256,aUEAMhuL8KXlHYjCYBg+o6DSxqY=,T/NZ4rlNLFBMO6A8KpjOa5qxQPA=
110,265,aUEAMhuL8KXlHYjCYBg+o6DSxqY=,3/JirjkCw9ItJyQblWmVSgRBxQU=
111,258,aUEAMhuL8KXlHYjCYBg+o6DSxqY=,T/NZ4rlNLFBMO6A8KpjOa5qxQPA=
111,266,aUEAMhuL8KXlHYjCYBg+o6DSxqY=,3/JirjkCw9ItJyQblWmVSgRBxQU=
110,266,aUEAMhuL8KXlHYjCYBg+o6DSxqY=,3/JirjkCw9ItJyQblWmVSgRBxQU=
110,257,aUEAMhuL8KXlHYjCYBg+o6DSxqY=,T/NZ4rlNLFBMO6A8KpjOa5qxQPA=
111,267,aUEAMhuL8KXlHYjCYBg+o6DSxqY=,3/JirjkCw9ItJyQblWmVSgRBxQU=
111,257,aUEAMhuL8KXlHYjCYBg+o6DSxqY=,T/NZ4rlNLFBMO6A8KpjOa5qxQPA=
109,258,aUEAMhuL8KXlHYjCYBg+o6DSxqY=,T/NZ4rlNLFBMO6A8KpjOa5qxQPA=
108,267,aUEAMhuL8KXlHYjCYBg+o6DSxqY=,3/JirjkCw9ItJyQblWmVSgRBxQU=
108,258,aUEAMhuL8KXlHYjCYBg+o6DSxqY=,T/NZ4rlNLFBMO6A8KpjOa5qxQPA=
109,265,aUEAMhuL8KXlHYjCYBg+o6DSxqY=,3/JirjkCw9ItJyQblWmVSgRBxQU=
109,256,aUEAMhuL8KXlHYjCYBg+o6DSxqY=,T/NZ4rlNLFBMO6A8KpjOa5qxQPA=
110,258,aUEAMhuL8KXlHYjCYBg+o6DSxqY=,T/NZ4rlNLFBMO6A8KpjOa5qxQPA=
109,267,aUEAMhuL8KXlHYjCYBg+o6DSxqY=,3/JirjkCw9ItJyQblWmVSgRBxQU=
110,263,aUEAMhuL8KXlHYjCYBg+o6DSxqY=,T/NZ4rlNLFBMO6A8KpjOa5qxQPA=
110,267,aUEAMhuL8KXlHYjCYBg+o6DSxqY=,3/JirjkCw9ItJyQblWmVSgRBxQU=
110,256,aUEAMhuL8KXlHYjCYBg+o6DSxqY=,T/NZ4rlNLFBMO6A8KpjOa5qxQPA=
108,263,aUEAMhuL8KXlHYjCYBg+o6DSxqY=,T/NZ4rlNLFBMO6A8KpjOa5qxQPA=
109,263,aUEAMhuL8KXlHYjCYBg+o6DSxqY=,T/NZ4rlNLFBMO6A8KpjOa5qxQPA=
110,262,aUEAMhuL8KXlHYjCYBg+o6DSxqY=,T/NZ4rlNLFBMO6A8KpjOa5qxQPA=
108,256,aUEAMhuL8KXlHYjCYBg+o6DSxqY=,T/NZ4rlNLFBMO6A8KpjOa5qxQPA=
110,261,aUEAMhuL8KXlHYjCYBg+o6DSxqY=,T/NZ4rlNLFBMO6A8KpjOa5qxQPA=
109,262,aUEAMhuL8KXlHYjCYBg+o6DSxqY=,T/NZ4rlNLFBMO6A8KpjOa5qxQPA=
108,262,aUEAMhuL8KXlHYjCYBg+o6DSxqY=,T/NZ4rlNLFBMO6A8KpjOa5qxQPA=
109,261,aUEAMhuL8KXlHYjCYBg+o6DSxqY=,T/NZ4rlNLFBMO6A8KpjOa5qxQPA=
108,259,aUEAMhuL8KXlHYjCYBg+o6DSxqY=,T/NZ4rlNLFBMO6A8KpjOa5qxQPA=
109,260,aUEAMhuL8KXlHYjCYBg+o6DSxqY=,T/NZ4rlNLFBMO6A8KpjOa5qxQPA=
110,260,aUEAMhuL8KXlHYjCYBg+o6DSxqY=,T/NZ4rlNLFBMO6A8KpjOa5qxQPA=
108,261,aUEAMhuL8KXlHYjCYBg+o6DSxqY=,T/NZ4rlNLFBMO6A8KpjOa5qxQPA=
108,260,aUEAMhuL8KXlHYjCYBg+o6DSxqY=,T/NZ4rlNLFBMO6A8KpjOa5qxQPA=
109,259,aUEAMhuL8KXlHYjCYBg+o6DSxqY=,T/NZ4rlNLFBMO6A8KpjOa5qxQPA=
110,259,aUEAMhuL8KXlHYjCYBg+o6DSxqY=,T/NZ4rlNLFBMO6A8KpjOa5qxQPA=
111,271,aUEAMhuL8KXlHYjCYBg+o6DSxqY=,3/JirjkCw9ItJyQblWmVSgRBxQU=
110,271,aUEAMhuL8KXlHYjCYBg+o6DSxqY=,3/JirjkCw9ItJyQblWmVSgRBxQU=
111,270,aUEAMhuL8KXlHYjCYBg+o6DSxqY=,3/JirjkCw9ItJyQblWmVSgRBxQU=
110,270,aUEAMhuL8KXlHYjCYBg+o6DSxqY=,3/JirjkCw9ItJyQblWmVSgRBxQU=
108,269,aUEAMhuL8KXlHYjCYBg+o6DSxqY=,3/JirjkCw9ItJyQblWmVSgRBxQU=
109,269,aUEAMhuL8KXlHYjCYBg+o6DSxqY=,3/JirjkCw9ItJyQblWmVSgRBxQU=
109,271,aUEAMhuL8KXlHYjCYBg+o6DSxqY=,3/JirjkCw9ItJyQblWmVSgRBxQU=
110,269,aUEAMhuL8KXlHYjCYBg+o6DSxqY=,3/JirjkCw9ItJyQblWmVSgRBxQU=
111,269,aUEAMhuL8KXlHYjCYBg+o6DSxqY=,3/JirjkCw9ItJyQblWmVSgRBxQU=
108,268,aUEAMhuL8KXlHYjCYBg+o6DSxqY=,3/JirjkCw9ItJyQblWmVSgRBxQU=
108,270,aUEAMhuL8KXlHYjCYBg+o6DSxqY=,3/JirjkCw9ItJyQblWmVSgRBxQU=
108,271,aUEAMhuL8KXlHYjCYBg+o6DSxqY=,3/JirjkCw9ItJyQblWmVSgRBxQU=
109,268,aUEAMhuL8KXlHYjCYBg+o6DSxqY=,3/JirjkCw9ItJyQblWmVSgRBxQU=
110,268,aUEAMhuL8KXlHYjCYBg+o6DSxqY=,3/JirjkCw9ItJyQblWmVSgRBxQU=
111,268,aUEAMhuL8KXlHYjCYBg+o6DSxqY=,3/JirjkCw9ItJyQblWmVSgRBxQU=
109,270,aUEAMhuL8KXlHYjCYBg+o6DSxqY=,3/JirjkCw9ItJyQblWmVSgRBxQU=
103,278,pSp2ZfP/l/GcRhx5cfCpMtvCUBI=,y1KsuPDualNqxfpmDMBh9uWdedA=
103,280,CCTFUiXciC4xw3a8DtvudonOKWg=,+KMfno5o840y48Fe0Woldczb4sA=
101,276,CCTFUiXciC4xw3a8DtvudonOKWg=,y1KsuPDualNqxfpmDMBh9uWdedA=
100,276,CCTFUiXciC4xw3a8DtvudonOKWg=,y1KsuPDualNqxfpmDMBh9uWdedA=
103,283,FshOBcv2qtWRxEXPnjPrydYoQJo=,+KMfno5o840y48Fe0Woldczb4sA=
102,276,FshOBcv2qtWRxEXPnjPrydYoQJo=,y1KsuPDualNqxfpmDMBh9uWdedA=
100,277,iVMboliTIDL98VCo+jc4I4nZV+I=,y1KsuPDualNqxfpmDMBh9uWdedA=
103,282,iVMboliTIDL98VCo+jc4I4nZV+I=,+KMfno5o840y48Fe0Woldczb4sA=
101,277,iVMboliTIDL98VCo+jc4I4nZV+I=,y1KsuPDualNqxfpmDMBh9uWdedA=
102,277,FXAn8vEltmxB0PudcV8j8bjZuao=,y1KsuPDualNqxfpmDMBh9uWdedA=
103,281,FXAn8vEltmxB0PudcV8j8bjZuao=,+KMfno5o840y48Fe0Woldczb4sA=
103,277,FXAn8vEltmxB0PudcV8j8bjZuao=,y1KsuPDualNqxfpmDMBh9uWdedA=
102,280,FXAn8vEltmxB0PudcV8j8bjZuao=,+KMfno5o840y48Fe0Woldczb4sA=
100,278,+0kZs6dM7XhQRCtYaKDLOVQoBjM=,y1KsuPDualNqxfpmDMBh9uWdedA=
101,280,DDa6jQGewgt6/MtsVGApfSmq9iQ=,+KMfno5o840y48Fe0Woldczb4sA=
100,280,a6cMmX97PJRKi+nuUtITl/StKrI=,+KMfno5o840y48Fe0Woldczb4sA=
100,279,a6cMmX97PJRKi+nuUtITl/StKrI=,y1KsuPDualNqxfpmDMBh9uWdedA=
102,278,a6cMmX97PJRKi+nuUtITl/StKrI=,y1KsuPDualNqxfpmDMBh9uWdedA=
101,278,a6cMmX97PJRKi+nuUtITl/StKrI=,y1KsuPDualNqxfpmDMBh9uWdedA=
101,283,a6cMmX97PJRKi+nuUtITl/StKrI=,+KMfno5o840y48Fe0Woldczb4sA=
102,283,a6cMmX97PJRKi+nuUtITl/StKrI=,+KMfno5o840y48Fe0Woldczb4sA=
101,279,a6cMmX97PJRKi+nuUtITl/StKrI=,y1KsuPDualNqxfpmDMBh9uWdedA=
100,283,a6cMmX97PJRKi+nuUtITl/StKrI=,+KMfno5o840y48Fe0Woldczb4sA=
102,279,a6cMmX97PJRKi+nuUtITl/StKrI=,y1KsuPDualNqxfpmDMBh9uWdedA=
103,276,a6cMmX97PJRKi+nuUtITl/StKrI=,y1KsuPDualNqxfpmDMBh9uWdedA=
103,279,a6cMmX97PJRKi+nuUtITl/StKrI=,y1KsuPDualNqxfpmDMBh9uWdedA=
102,282,a6cMmX97PJRKi+nuUtITl/StKrI=,+KMfno5o840y48Fe0Woldczb4sA=
101,282,a6cMmX97PJRKi+nuUtITl/StKrI=,+KMfno5o840y48Fe0Woldczb4sA=
103,287,a6cMmX97PJRKi+nuUtITl/StKrI=,+KMfno5o840y48Fe0Woldczb4sA=
100,282,a6cMmX97PJRKi+nuUtITl/StKrI=,+KMfno5o840y48Fe0Woldczb4sA=
103,285,a6cMmX97PJRKi+nuUtITl/StKrI=,+KMfno5o840y48Fe0Woldczb4sA=
106,276,a6cMmX97PJRKi+nuUtITl/StKrI=,DyJH2m3MdS1nbe+0be/ByuyJbUs=
102,281,a6cMmX97PJRKi+nuUtITl/StKrI=,+KMfno5o840y48Fe0Woldczb4sA=
107,276,a6cMmX97PJRKi+nuUtITl/StKrI=,DyJH2m3MdS1nbe+0be/ByuyJbUs=
105,276,a6cMmX97PJRKi+nuUtITl/StKrI=,DyJH2m3MdS1nbe+0be/ByuyJbUs=
103,284,a6cMmX97PJRKi+nuUtITl/StKrI=,+KMfno5o840y48Fe0Woldczb4sA=
104,277,a6cMmX97PJRKi+nuUtITl/StKrI=,DyJH2m3MdS1nbe+0be/ByuyJbUs=
104,276,a6cMmX97PJRKi+nuUtITl/StKrI=,DyJH2m3MdS1nbe+0be/ByuyJbUs=
103,286,a6cMmX97PJRKi+nuUtITl/StKrI=,+KMfno5o840y48Fe0Woldczb4sA=
102,285,a6cMmX97PJRKi+nuUtITl/StKrI=,+KMfno5o840y48Fe0Woldczb4sA=
105,277,a6cMmX97PJRKi+nuUtITl/StKrI=,DyJH2m3MdS1nbe+0be/ByuyJbUs=
106,287,a6cMmX97PJRKi+nuUtITl/StKrI=,c0VwwuC2pQqy+FpzEhaZlQbThlE=
101,285,a6cMmX97PJRKi+nuUtITl/StKrI=,+KMfno5o840y48Fe0Woldczb4sA=
104,281,a6cMmX97PJRKi+nuUtITl/StKrI=,c0VwwuC2pQqy+FpzEhaZlQbThlE=
107,287,a6cMmX97PJRKi+nuUtITl/StKrI=,c0VwwuC2pQqy+FpzEhaZlQbThlE=
100,285,a6cMmX97PJRKi+nuUtITl/StKrI=,+KMfno5o840y48Fe0Woldczb4sA=
105,287,a6cMmX97PJRKi+nuUtITl/StKrI=,c0VwwuC2pQqy+FpzEhaZlQbThlE=
106,277,a6cMmX97PJRKi+nuUtITl/StKrI=,DyJH2m3MdS1nbe+0be/ByuyJbUs=
102,284,a6cMmX97PJRKi+nuUtITl/StKrI=,+KMfno5o840y48Fe0Woldczb4sA=
104,285,a6cMmX97PJRKi+nuUtITl/StKrI=,c0VwwuC2pQqy+FpzEhaZlQbThlE=
101,281,a6cMmX97PJRKi+nuUtITl/StKrI=,+KMfno5o840y48Fe0Woldczb4sA=
104,282,a6cMmX97PJRKi+nuUtITl/StKrI=,c0VwwuC2pQqy+FpzEhaZlQbThlE=
101,284,a6cMmX97PJRKi+nuUtITl/StKrI=,+KMfno5o840y48Fe0Woldczb4sA=
100,286,a6cMmX97PJRKi+nuUtITl/StKrI=,+KMfno5o840y48Fe0Woldczb4sA=
106,280,a6cMmX97PJRKi+nuUtITl/StKrI=,c0VwwuC2pQqy+FpzEhaZlQbThlE=
101,286,a6cMmX97PJRKi+nuUtITl/StKrI=,+KMfno5o840y48Fe0Woldczb4sA=
100,281,a6cMmX97PJRKi+nuUtITl/StKrI=,+KMfno5o840y48Fe0Woldczb4sA=
105,281,a6cMmX97PJRKi+nuUtITl/StKrI=,c0VwwuC2pQqy+FpzEhaZlQbThlE=
104,287,a6cMmX97PJRKi+nuUtITl/StKrI=,c0VwwuC2pQqy+FpzEhaZlQbThlE=
105,282,a6cMmX97PJRKi+nuUtITl/StKrI=,c0VwwuC2pQqy+FpzEhaZlQbThlE=
107,286,a6cMmX97PJRKi+nuUtITl/StKrI=,c0VwwuC2pQqy+FpzEhaZlQbThlE=
100,284,a6cMmX97PJRKi+nuUtITl/StKrI=,+KMfno5o840y48Fe0Woldczb4sA=
106,282,a6cMmX97PJRKi+nuUtITl/StKrI=,c0VwwuC2pQqy+FpzEhaZlQbThlE=
106,286,a6cMmX97PJRKi+nuUtITl/StKrI=,c0VwwuC2pQqy+FpzEhaZlQbThlE=
107,277,a6cMmX97PJRKi+nuUtITl/StKrI=,DyJH2m3MdS1nbe+0be/ByuyJbUs=
105,286,a6cMmX97PJRKi+nuUtITl/StKrI=,c0VwwuC2pQqy+FpzEhaZlQbThlE=
102,287,a6cMmX97PJRKi+nuUtITl/StKrI=,+KMfno5o840y48Fe0Woldczb4sA=
104,278,a6cMmX97PJRKi+nuUtITl/StKrI=,DyJH2m3MdS1nbe+0be/ByuyJbUs=
105,278,a6cMmX97PJRKi+nuUtITl/StKrI=,DyJH2m3MdS1nbe+0be/ByuyJbUs=
107,280,a6cMmX97PJRKi+nuUtITl/StKrI=,c0VwwuC2pQqy+FpzEhaZlQbThlE=
104,286,a6cMmX97PJRKi+nuUtITl/StKrI=,c0VwwuC2pQqy+FpzEhaZlQbThlE=
101,287,a6cMmX97PJRKi+nuUtITl/StKrI=,+KMfno5o840y48Fe0Woldczb4sA=
107,284,a6cMmX97PJRKi+nuUtITl/StKrI=,c0VwwuC2pQqy+FpzEhaZlQbThlE=
106,278,a6cMmX97PJRKi+nuUtITl/StKrI=,DyJH2m3MdS1nbe+0be/ByuyJbUs=
105,279,a6cMmX97PJRKi+nuUtITl/StKrI=,DyJH2m3MdS1nbe+0be/ByuyJbUs=
107,278,a6cMmX97PJRKi+nuUtITl/StKrI=,DyJH2m3MdS1nbe+0be/ByuyJbUs=
104,279,a6cMmX97PJRKi+nuUtITl/StKrI=,DyJH2m3MdS1nbe+0be/ByuyJbUs=
100,287,a6cMmX97PJRKi+nuUtITl/StKrI=,+KMfno5o840y48Fe0Woldczb4sA=
102,286,a6cMmX97PJRKi+nuUtITl/StKrI=,+KMfno5o840y48Fe0Woldczb4sA=
106,279,a6cMmX97PJRKi+nuUtITl/StKrI=,DyJH2m3MdS1nbe+0be/ByuyJbUs=
107,279,a6cMmX97PJRKi+nuUtITl/StKrI=,DyJH2m3MdS1nbe+0be/ByuyJbUs=
106,284,a6cMmX97PJRKi+nuUtITl/StKrI=,c0VwwuC2pQqy+FpzEhaZlQbThlE=
105,280,a6cMmX97PJRKi+nuUtITl/StKrI=,c0VwwuC2pQqy+FpzEhaZlQbThlE=
105,284,a6cMmX97PJRKi+nuUtITl/StKrI=,c0VwwuC2pQqy+FpzEhaZlQbThlE=
107,283,a6cMmX97PJRKi+nuUtITl/StKrI=,c0VwwuC2pQqy+FpzEhaZlQbThlE=
104,280,a6cMmX97PJRKi+nuUtITl/StKrI=,c0VwwuC2pQqy+FpzEhaZlQbThlE=
104,283,a6cMmX97PJRKi+nuUtITl/StKrI=,c0VwwuC2pQqy+FpzEhaZlQbThlE=
105,283,a6cMmX97PJRKi+nuUtITl/StKrI=,c0VwwuC2pQqy+FpzEhaZlQbThlE=
106,283,a6cMmX97PJRKi+nuUtITl/StKrI=,c0VwwuC2pQqy+FpzEhaZlQbThlE=
107,281,a6cMmX97PJRKi+nuUtITl/StKrI=,c0VwwuC2pQqy+FpzEhaZlQbThlE=
104,284,a6cMmX97PJRKi+nuUtITl/StKrI=,c0VwwuC2pQqy+FpzEhaZlQbThlE=
107,282,a6cMmX97PJRKi+nuUtITl/StKrI=,c0VwwuC2pQqy+FpzEhaZlQbThlE=
106,281,a6cMmX97PJRKi+nuUtITl/StKrI=,c0VwwuC2pQqy+FpzEhaZlQbThlE=
107,285,a6cMmX97PJRKi+nuUtITl/StKrI=,c0VwwuC2pQqy+FpzEhaZlQbThlE=
106,285,a6cMmX97PJRKi+nuUtITl/StKrI=,c0VwwuC2pQqy+FpzEhaZlQbThlE=
105,285,a6cMmX97PJRKi+nuUtITl/StKrI=,c0VwwuC2pQqy+FpzEhaZlQbThlE=
111,286,a6cMmX97PJRKi+nuUtITl/StKrI=,c0VwwuC2pQqy+FpzEhaZlQbThlE=
111,285,a6cMmX97PJRKi+nuUtITl/StKrI=,c0VwwuC2pQqy+FpzEhaZlQbThlE=
111,284,a6cMmX97PJRKi+nuUtITl/StKrI=,c0VwwuC2pQqy+FpzEhaZlQbThlE=
110,287,a6cMmX97PJRKi+nuUtITl/StKrI=,c0VwwuC2pQqy+FpzEhaZlQbThlE=
109,287,a6cMmX97PJRKi+nuUtITl/StKrI=,c0VwwuC2pQqy+FpzEhaZlQbThlE=
108,287,a6cMmX97PJRKi+nuUtITl/StKrI=,c0VwwuC2pQqy+FpzEhaZlQbThlE=
109,286,a6cMmX97PJRKi+nuUtITl/StKrI=,c0VwwuC2pQqy+FpzEhaZlQbThlE=
109,285,a6cMmX97PJRKi+nuUtITl/StKrI=,c0VwwuC2pQqy+FpzEhaZlQbThlE=
108,286,a6cMmX97PJRKi+nuUtITl/StKrI=,c0VwwuC2pQqy+FpzEhaZlQbThlE=
111,280,a6cMmX97PJRKi+nuUtITl/StKrI=,c0VwwuC2pQqy+FpzEhaZlQbThlE=
111,282,a6cMmX97PJRKi+nuUtITl/StKrI=,c0VwwuC2pQqy+FpzEhaZlQbThlE=
110,285,a6cMmX97PJRKi+nuUtITl/StKrI=,c0VwwuC2pQqy+FpzEhaZlQbThlE=
111,283,a6cMmX97PJRKi+nuUtITl/StKrI=,c0VwwuC2pQqy+FpzEhaZlQbThlE=
108,285,a6cMmX97PJRKi+nuUtITl/StKrI=,c0VwwuC2pQqy+FpzEhaZlQbThlE=
110,286,a6cMmX97PJRKi+nuUtITl/StKrI=,c0VwwuC2pQqy+FpzEhaZlQbThlE=
111,287,a6cMmX97PJRKi+nuUtITl/StKrI=,c0VwwuC2pQqy+FpzEhaZlQbThlE=
111,281,a6cMmX97PJRKi+nuUtITl/StKrI=,c0VwwuC2pQqy+FpzEhaZlQbThlE=
108,284,a6cMmX97PJRKi+nuUtITl/StKrI=,c0VwwuC2pQqy+FpzEhaZlQbThlE=
110,280,a6cMmX97PJRKi+nuUtITl/StKrI=,c0VwwuC2pQqy+FpzEhaZlQbThlE=
109,284,a6cMmX97PJRKi+nuUtITl/StKrI=,c0VwwuC2pQqy+FpzEhaZlQbThlE=
109,280,a6cMmX97PJRKi+nuUtITl/StKrI=,c0VwwuC2pQqy+FpzEhaZlQbThlE=
110,284,a6cMmX97PJRKi+nuUtITl/StKrI=,c0VwwuC2pQqy+FpzEhaZlQbThlE=
96,279,a6cMmX97PJRKi+nuUtITl/StKrI=,y1KsuPDualNqxfpmDMBh9uWdedA=
111,272,a6cMmX97PJRKi+nuUtITl/StKrI=,DyJH2m3MdS1nbe+0be/ByuyJbUs=
109,282,a6cMmX97PJRKi+nuUtITl/StKrI=,c0VwwuC2pQqy+FpzEhaZlQbThlE=
108,280,a6cMmX97PJRKi+nuUtITl/StKrI=,c0VwwuC2pQqy+FpzEhaZlQbThlE=
111,279,a6cMmX97PJRKi+nuUtITl/StKrI=,DyJH2m3MdS1nbe+0be/ByuyJbUs=
110,283,a6cMmX97PJRKi+nuUtITl/StKrI=,c0VwwuC2pQqy+FpzEhaZlQbThlE=
96,278,a6cMmX97PJRKi+nuUtITl/StKrI=,y1KsuPDualNqxfpmDMBh9uWdedA=
104,272,a6cMmX97PJRKi+nuUtITl/StKrI=,DyJH2m3MdS1nbe+0be/ByuyJbUs=
96,277,a6cMmX97PJRKi+nuUtITl/StKrI=,y1KsuPDualNqxfpmDMBh9uWdedA=
108,282,a6cMmX97PJRKi+nuUtITl/StKrI=,c0VwwuC2pQqy+FpzEhaZlQbThlE=
109,283,a6cMmX97PJRKi+nuUtITl/StKrI=,c0VwwuC2pQqy+FpzEhaZlQbThlE=
107,275,a6cMmX97PJRKi+nuUtITl/StKrI=,DyJH2m3MdS1nbe+0be/ByuyJbUs=
111,275,a6cMmX97PJRKi+nuUtITl/StKrI=,DyJH2m3MdS1nbe+0be/ByuyJbUs=
108,283,a6cMmX97PJRKi+nuUtITl/StKrI=,c0VwwuC2pQqy+FpzEhaZlQbThlE=
105,272,a6cMmX97PJRKi+nuUtITl/StKrI=,DyJH2m3MdS1nbe+0be/ByuyJbUs=
109,273,a6cMmX97PJRKi+nuUtITl/StKrI=,DyJH2m3MdS1nbe+0be/ByuyJbUs=
109,281,a6cMmX97PJRKi+nuUtITl/StKrI=,c0VwwuC2pQqy+FpzEhaZlQbThlE=
111,278,a6cMmX97PJRKi+nuUtITl/StKrI=,DyJH2m3MdS1nbe+0be/ByuyJbUs=
96,276,a6cMmX97PJRKi+nuUtITl/StKrI=,y1KsuPDualNqxfpmDMBh9uWdedA=
106,272,a6cMmX97PJRKi+nuUtITl/StKrI=,DyJH2m3MdS1nbe+0be/ByuyJbUs=
111,274,a6cMmX97PJRKi+nuUtITl/StKrI=,DyJH2m3MdS1nbe+0be/ByuyJbUs=
96,280,a6cMmX97PJRKi+nuUtITl/StKrI=,+KMfno5o840y48Fe0Woldczb4sA=
108,281,a6cMmX97PJRKi+nuUtITl/StKrI=,c0VwwuC2pQqy+FpzEhaZlQbThlE=
111,277,a6cMmX97PJRKi+nuUtITl/StKrI=,DyJH2m3MdS1nbe+0be/ByuyJbUs=
96,283,a6cMmX97PJRKi+nuUtITl/StKrI=,+KMfno5o840y48Fe0Woldczb4sA=
107,272,a6cMmX97PJRKi+nuUtITl/StKrI=,DyJH2m3MdS1nbe+0be/ByuyJbUs=
111,273,a6cMmX97PJRKi+nuUtITl/StKrI=,DyJH2m3MdS1nbe+0be/ByuyJbUs=
110,282,a6cMmX97PJRKi+nuUtITl/StKrI=,c0VwwuC2pQqy+FpzEhaZlQbThlE=
96,282,a6cMmX97PJRKi+nuUtITl/StKrI=,+KMfno5o840y48Fe0Woldczb4sA=
110,281,a6cMmX97PJRKi+nuUtITl/StKrI=,c0VwwuC2pQqy+FpzEhaZlQbThlE=
96,281,a6cMmX97PJRKi+nuUtITl/StKrI=,+KMfno5o840y48Fe0Woldczb4sA=
108,273,a6cMmX97PJRKi+nuUtITl/StKrI=,DyJH2m3MdS1nbe+0be/ByuyJbUs=
106,275,a6cMmX97PJRKi+nuUtITl/StKrI=,DyJH2m3MdS1nbe+0be/ByuyJbUs=
111,276,a6cMmX97PJRKi+nuUtITl/StKrI=,DyJH2m3MdS1nbe+0be/ByuyJbUs=
99,279,a6cMmX97PJRKi+nuUtITl/StKrI=,y1KsuPDualNqxfpmDMBh9uWdedA=
105,275,a6cMmX97PJRKi+nuUtITl/StKrI=,DyJH2m3MdS1nbe+0be/ByuyJbUs=
108,275,a6cMmX97PJRKi+nuUtITl/StKrI=,DyJH2m3MdS1nbe+0be/ByuyJbUs=
110,273,a6cMmX97PJRKi+nuUtITl/StKrI=,DyJH2m3MdS1nbe+0be/ByuyJbUs=
109,274,a6cMmX97PJRKi+nuUtITl/StKrI=,DyJH2m3MdS1nbe+0be/ByuyJbUs=
110,274,a6cMmX97PJRKi+nuUtITl/StKrI=,DyJH2m3MdS1nbe+0be/ByuyJbUs=
104,275,a6cMmX97PJRKi+nuUtITl/StKrI=,DyJH2m3MdS1nbe+0be/ByuyJbUs=
109,275,a6cMmX97PJRKi+nuUtITl/StKrI=,DyJH2m3MdS1nbe+0be/ByuyJbUs=
103,272,a6cMmX97PJRKi+nuUtITl/StKrI=,y1KsuPDualNqxfpmDMBh9uWdedA=
110,272,a6cMmX97PJRKi+nuUtITl/StKrI=,DyJH2m3MdS1nbe+0be/ByuyJbUs=
109,272,a6cMmX97PJRKi+nuUtITl/StKrI=,DyJH2m3MdS1nbe+0be/ByuyJbUs=
100,273,a6cMmX97PJRKi+nuUtITl/StKrI=,y1KsuPDualNqxfpmDMBh9uWdedA=
110,279,a6cMmX97PJRKi+nuUtITl/StKrI=,DyJH2m3MdS1nbe+0be/ByuyJbUs=
107,274,a6cMmX97PJRKi+nuUtITl/StKrI=,DyJH2m3MdS1nbe+0be/ByuyJbUs=
110,275,a6cMmX97PJRKi+nuUtITl/StKrI=,DyJH2m3MdS1nbe+0be/ByuyJbUs=
102,272,a6cMmX97PJRKi+nuUtITl/StKrI=,y1KsuPDualNqxfpmDMBh9uWdedA=
96,287,a6cMmX97PJRKi+nuUtITl/StKrI=,+KMfno5o840y48Fe0Woldczb4sA=
106,274,a6cMmX97PJRKi+nuUtITl/StKrI=,DyJH2m3MdS1nbe+0be/ByuyJbUs=
108,274,a6cMmX97PJRKi+nuUtITl/StKrI=,DyJH2m3MdS1nbe+0be/ByuyJbUs=
96,272,a6cMmX97PJRKi+nuUtITl/StKrI=,y1KsuPDualNqxfpmDMBh9uWdedA=
96,286,a6cMmX97PJRKi+nuUtITl/StKrI=,+KMfno5o840y48Fe0Woldczb4sA=
96,285,a6cMmX97PJRKi+nuUtITl/StKrI=,+KMfno5o840y48Fe0Woldczb4sA=
101,273,a6cMmX97PJRKi+nuUtITl/StKrI=,y1KsuPDualNqxfpmDMBh9uWdedA=
110,278,a6cMmX97PJRKi+nuUtITl/StKrI=,DyJH2m3MdS1nbe+0be/ByuyJbUs=
96,284,a6cMmX97PJRKi+nuUtITl/StKrI=,+KMfno5o840y48Fe0Woldczb4sA=
98,279,a6cMmX97PJRKi+nuUtITl/StKrI=,y1KsuPDualNqxfpmDMBh9uWdedA=
96,273,a6cMmX97PJRKi+nuUtITl/StKrI=,y1KsuPDualNqxfpmDMBh9uWdedA=
101,272,a6cMmX97PJRKi+nuUtITl/StKrI=,y1KsuPDualNqxfpmDMBh9uWdedA=
102,273,a6cMmX97PJRKi+nuUtITl/StKrI=,y1KsuPDualNqxfpmDMBh9uWdedA=
105,274,a6cMmX97PJRKi+nuUtITl/StKrI=,DyJH2m3MdS1nbe+0be/ByuyJbUs=
109,279,a6cMmX97PJRKi+nuUtITl/StKrI=,DyJH2m3MdS1nbe+0be/ByuyJbUs=
108,279,a6cMmX97PJRKi+nuUtITl/StKrI=,DyJH2m3MdS1nbe+0be/ByuyJbUs=
109,278,a6cMmX97PJRKi+nuUtITl/StKrI=,DyJH2m3MdS1nbe+0be/ByuyJbUs=
97,286,a6cMmX97PJRKi+nuUtITl/StKrI=,+KMfno5o840y48Fe0Woldczb4sA=
96,275,a6cMmX97PJRKi+nuUtITl/StKrI=,y1KsuPDualNqxfpmDMBh9uWdedA=
98,286,a6cMmX97PJRKi+nuUtITl/StKrI=,+KMfno5o840y48Fe0Woldczb4sA=
104,274,a6cMmX97PJRKi+nuUtITl/StKrI=,DyJH2m3MdS1nbe+0be/ByuyJbUs=
99,286,a6cMmX97PJRKi+nuUtITl/StKrI=,+KMfno5o840y48Fe0Woldczb4sA=
97,285,a6cMmX97PJRKi+nuUtITl/StKrI=,+KMfno5o840y48Fe0Woldczb4sA=
108,276,a6cMmX97PJRKi+nuUtITl/StKrI=,DyJH2m3MdS1nbe+0be/ByuyJbUs=
96,274,a6cMmX97PJRKi+nuUtITl/StKrI=,y1KsuPDualNqxfpmDMBh9uWdedA=
98,285,a6cMmX97PJRKi+nuUtITl/StKrI=,+KMfno5o840y48Fe0Woldczb4sA=
99,285,a6cMmX97PJRKi+nuUtITl/StKrI=,+KMfno5o840y48Fe0Woldczb4sA=
99,284,a6cMmX97PJRKi+nuUtITl/StKrI=,+KMfno5o840y48Fe0Woldczb4sA=
98,284,a6cMmX97PJRKi+nuUtITl/StKrI=,+KMfno5o840y48Fe0Woldczb4sA=
97,284,a6cMmX97PJRKi+nuUtITl/StKrI=,+KMfno5o840y48Fe0Woldczb4sA=
107,273,a6cMmX97PJRKi+nuUtITl/StKrI=,DyJH2m3MdS1nbe+0be/ByuyJbUs=
103,275,a6cMmX97PJRKi+nuUtITl/StKrI=,y1KsuPDualNqxfpmDMBh9uWdedA=
109,276,a6cMmX97PJRKi+nuUtITl/StKrI=,DyJH2m3MdS1nbe+0be/ByuyJbUs=
98,287,a6cMmX97PJRKi+nuUtITl/StKrI=,+KMfno5o840y48Fe0Woldczb4sA=
97,287,a6cMmX97PJRKi+nuUtITl/StKrI=,+KMfno5o840y48Fe0Woldczb4sA=
106,273,a6cMmX97PJRKi+nuUtITl/StKrI=,DyJH2m3MdS1nbe+0be/ByuyJbUs=
110,276,a6cMmX97PJRKi+nuUtITl/StKrI=,DyJH2m3MdS1nbe+0be/ByuyJbUs=
99,287,a6cMmX97PJRKi+nuUtITl/StKrI=,+KMfno5o840y48Fe0Woldczb4sA=
97,279,a6cMmX97PJRKi+nuUtITl/StKrI=,y1KsuPDualNqxfpmDMBh9uWdedA=
103,274,a6cMmX97PJRKi+nuUtITl/StKrI=,y1KsuPDualNqxfpmDMBh9uWdedA=
99,278,a6cMmX97PJRKi+nuUtITl/StKrI=,y1KsuPDualNqxfpmDMBh9uWdedA=
98,278,a6cMmX97PJRKi+nuUtITl/StKrI=,y1KsuPDualNqxfpmDMBh9uWdedA=
105,273,a6cMmX97PJRKi+nuUtITl/StKrI=,DyJH2m3MdS1nbe+0be/ByuyJbUs=
97,278,a6cMmX97PJRKi+nuUtITl/StKrI=,y1KsuPDualNqxfpmDMBh9uWdedA=
103,273,a6cMmX97PJRKi+nuUtITl/StKrI=,y1KsuPDualNqxfpmDMBh9uWdedA=
108,277,a6cMmX97PJRKi+nuUtITl/StKrI=,DyJH2m3MdS1nbe+0be/ByuyJbUs=
104,273,a6cMmX97PJRKi+nuUtITl/StKrI=,DyJH2m3MdS1nbe+0be/ByuyJbUs=
99,277,a6cMmX97PJRKi+nuUtITl/StKrI=,y1KsuPDualNqxfpmDMBh9uWdedA=
109,277,a6cMmX97PJRKi+nuUtITl/StKrI=,DyJH2m3MdS1nbe+0be/ByuyJbUs=
99,273,a6cMmX97PJRKi+nuUtITl/StKrI=,y1KsuPDualNqxfpmDMBh9uWdedA=
98,277,a6cMmX97PJRKi+nuUtITl/StKrI=,y1KsuPDualNqxfpmDMBh9uWdedA=
110,277,a6cMmX97PJRKi+nuUtITl/StKrI=,DyJH2m3MdS1nbe+0be/ByuyJbUs=
97,277,a6cMmX97PJRKi+nuUtITl/StKrI=,y1KsuPDualNqxfpmDMBh9uWdedA=
97,272,a6cMmX97PJRKi+nuUtITl/StKrI=,y1KsuPDualNqxfpmDMBh9uWdedA=
99,276,a6cMmX97PJRKi+nuUtITl/StKrI=,y1KsuPDualNqxfpmDMBh9uWdedA=
98,273,a6cMmX97PJRKi+nuUtITl/StKrI=,y1KsuPDualNqxfpmDMBh9uWdedA=
98,276,a6cMmX97PJRKi+nuUtITl/StKrI=,y1KsuPDualNqxfpmDMBh9uWdedA=
98,272,a6cMmX97PJRKi+nuUtITl/StKrI=,y1KsuPDualNqxfpmDMBh9uWdedA=
99,280,a6cMmX97PJRKi+nuUtITl/StKrI=,+KMfno5o840y48Fe0Woldczb4sA=
108,278,a6cMmX97PJRKi+nuUtITl/StKrI=,DyJH2m3MdS1nbe+0be/ByuyJbUs=
97,276,a6cMmX97PJRKi+nuUtITl/StKrI=,y1KsuPDualNqxfpmDMBh9uWdedA=
97,273,a6cMmX97PJRKi+nuUtITl/StKrI=,y1KsuPDualNqxfpmDMBh9uWdedA=
98,280,a6cMmX97PJRKi+nuUtITl/StKrI=,+KMfno5o840y48Fe0Woldczb4sA=
99,272,a6cMmX97PJRKi+nuUtITl/StKrI=,y1KsuPDualNqxfpmDMBh9uWdedA=
97,280,a6cMmX97PJRKi+nuUtITl/StKrI=,+KMfno5o840y48Fe0Woldczb4sA=
99,283,a6cMmX97PJRKi+nuUtITl/StKrI=,+KMfno5o840y48Fe0Woldczb4sA=
98,283,a6cMmX97PJRKi+nuUtITl/StKrI=,+KMfno5o840y48Fe0Woldczb4sA=
108,272,a6cMmX97PJRKi+nuUtITl/StKrI=,DyJH2m3MdS1nbe+0be/ByuyJbUs=
102,275,a6cMmX97PJRKi+nuUtITl/StKrI=,y1KsuPDualNqxfpmDMBh9uWdedA=
97,283,a6cMmX97PJRKi+nuUtITl/StKrI=,+KMfno5o840y48Fe0Woldczb4sA=
100,272,a6cMmX97PJRKi+nuUtITl/StKrI=,y1KsuPDualNqxfpmDMBh9uWdedA=
98,282,a6cMmX97PJRKi+nuUtITl/StKrI=,+KMfno5o840y48Fe0Woldczb4sA=
99,282,a6cMmX97PJRKi+nuUtITl/StKrI=,+KMfno5o840y48Fe0Woldczb4sA=
97,282,a6cMmX97PJRKi+nuUtITl/StKrI=,+KMfno5o840y48Fe0Woldczb4sA=
99,281,a6cMmX97PJRKi+nuUtITl/StKrI=,+KMfno5o840y48Fe0Woldczb4sA=
98,281,a6cMmX97PJRKi+nuUtITl/StKrI=,+KMfno5o840y48Fe0Woldczb4sA=
97,281,a6cMmX97PJRKi+nuUtITl/StKrI=,+KMfno5o840y48Fe0Woldczb4sA=
101,275,a6cMmX97PJRKi+nuUtITl/StKrI=,y1KsuPDualNqxfpmDMBh9uWdedA=
98,274,a6cMmX97PJRKi+nuUtITl/StKrI=,y1KsuPDualNqxfpmDMBh9uWdedA=
97,274,a6cMmX97PJRKi+nuUtITl/StKrI=,y1KsuPDualNqxfpmDMBh9uWdedA=
99,274,a6cMmX97PJRKi+nuUtITl/StKrI=,y1KsuPDualNqxfpmDMBh9uWdedA=
100,274,a6cMmX97PJRKi+nuUtITl/StKrI=,y1KsuPDualNqxfpmDMBh9uWdedA=
100,275,a6cMmX97PJRKi+nuUtITl/StKrI=,y1KsuPDualNqxfpmDMBh9uWdedA=
101,274,a6cMmX97PJRKi+nuUtITl/StKrI=,y1KsuPDualNqxfpmDMBh9uWdedA=
102,274,a6cMmX97PJRKi+nuUtITl/StKrI=,y1KsuPDualNqxfpmDMBh9uWdedA=
97,275,a6cMmX97PJRKi+nuUtITl/StKrI=,y1KsuPDualNqxfpmDMBh9uWdedA=
99,275,a6cMmX97PJRKi+nuUtITl/StKrI=,y1KsuPDualNqxfpmDMBh9uWdedA=
98,275,a6cMmX97PJRKi+nuUtITl/StKrI=,y1KsuPDualNqxfpmDMBh9uWdedA=
120,284,Voxm8pR69LxryxQ0T7cf6GPx7q4=,AdZFOpitIdVHBgVzzUalGsB56H4=
119,285,Voxm8pR69LxryxQ0T7cf6GPx7q4=,L7wMA/7JyxET6E7/PvGrgfaCTWU=
119,284,99/gvz0TFXFSF5Vj8091v8L+68M=,L7wMA/7JyxET6E7/PvGrgfaCTWU=
116,286,99/gvz0TFXFSF5Vj8091v8L+68M=,L7wMA/7JyxET6E7/PvGrgfaCTWU=
119,287,99/gvz0TFXFSF5Vj8091v8L+68M=,L7wMA/7JyxET6E7/PvGrgfaCTWU=
117,286,99/gvz0TFXFSF5Vj8091v8L+68M=,L7wMA/7JyxET6E7/PvGrgfaCTWU=
120,286,99/gvz0TFXFSF5Vj8091v8L+68M=,AdZFOpitIdVHBgVzzUalGsB56H4=
118,286,99/gvz0TFXFSF5Vj8091v8L+68M=,L7wMA/7JyxET6E7/PvGrgfaCTWU=
119,286,99/gvz0TFXFSF5Vj8091v8L+68M=,L7wMA/7JyxET6E7/PvGrgfaCTWU=
116,287,99/gvz0TFXFSF5Vj8091v8L+68M=,L7wMA/7JyxET6E7/PvGrgfaCTWU=
121,286,99/gvz0TFXFSF5Vj8091v8L+68M=,AdZFOpitIdVHBgVzzUalGsB56H4=
117,287,99/gvz0TFXFSF5Vj8091v8L+68M=,L7wMA/7JyxET6E7/PvGrgfaCTWU=
118,287,99/gvz0TFXFSF5Vj8091v8L+68M=,L7wMA/7JyxET6E7/PvGrgfaCTWU=
118,285,99/gvz0TFXFSF5Vj8091v8L+68M=,L7wMA/7JyxET6E7/PvGrgfaCTWU=
116,284,99/gvz0TFXFSF5Vj8091v8L+68M=,L7wMA/7JyxET6E7/PvGrgfaCTWU=
122,286,99/gvz0TFXFSF5Vj8091v8L+68M=,AdZFOpitIdVHBgVzzUalGsB56H4=
118,284,99/gvz0TFXFSF5Vj8091v8L+68M=,L7wMA/7JyxET6E7/PvGrgfaCTWU=
117,284,99/gvz0TFXFSF5Vj8091v8L+68M=,L7wMA/7JyxET6E7/PvGrgfaCTWU=
117,285,99/gvz0TFXFSF5Vj8091v8L+68M=,L7wMA/7JyxET6E7/PvGrgfaCTWU=
116,285,99/gvz0TFXFSF5Vj8091v8L+68M=,L7wMA/7JyxET6E7/PvGrgfaCTWU=
122,287,99/gvz0TFXFSF5Vj8091v8L+68M=,AdZFOpitIdVHBgVzzUalGsB56H4=
123,286,99/gvz0TFXFSF5Vj8091v8L+68M=,AdZFOpitIdVHBgVzzUalGsB56H4=
123,287,2o9uMuoLXDI7Nd0L9C8cmXIBKsI=,AdZFOpitIdVHBgVzzUalGsB56H4=
120,287,JabWtsKr+0Ri1hRkPSy8/baFIhk=,AdZFOpitIdVHBgVzzUalGsB56H4=
121,287,JabWtsKr+0Ri1hRkPSy8/baFIhk=,AdZFOpitIdVHBgVzzUalGsB56H4=
123,285,JabWtsKr+0Ri1hRkPSy8/baFIhk=,AdZFOpitIdVHBgVzzUalGsB56H4=
122,285,JabWtsKr+0Ri1hRkPSy8/baFIhk=,AdZFOpitIdVHBgVzzUalGsB56H4=
123,284,JabWtsKr+0Ri1hRkPSy8/baFIhk=,AdZFOpitIdVHBgVzzUalGsB56H4=
122,284,JabWtsKr+0Ri1hRkPSy8/baFIhk=,AdZFOpitIdVHBgVzzUalGsB56H4=
121,284,JabWtsKr+0Ri1hRkPSy8/baFIhk=,AdZFOpitIdVHBgVzzUalGsB56H4=
120,285,JabWtsKr+0Ri1hRkPSy8/baFIhk=,AdZFOpitIdVHBgVzzUalGsB56H4=
121,285,JabWtsKr+0Ri1hRkPSy8/baFIhk=,AdZFOpitIdVHBgVzzUalGsB56H4=
118,280,Sh2jMMoaigF/hlJ5kVVv4C/Ic4s=,L7wMA/7JyxET6E7/PvGrgfaCTWU=
116,276,Sh2jMMoaigF/hlJ5kVVv4C/Ic4s=,TJmQB8mBPLwBVKgYuuEnxXD7/f0=
119,279,Sh2jMMoaigF/hlJ5kVVv4C/Ic4s=,TJmQB8mBPLwBVKgYuuEnxXD7/f0=
117,276,Sh2jMMoaigF/hlJ5kVVv4C/Ic4s=,TJmQB8mBPLwBVKgYuuEnxXD7/f0=
119,278,e1v64Fxsqa1hTR7II0q8sXJpUzE=,TJmQB8mBPLwBVKgYuuEnxXD7/f0=
118,276,e1v64Fxsqa1hTR7II0q8sXJpUzE=,TJmQB8mBPLwBVKgYuuEnxXD7/f0=
117,280,e1v64Fxsqa1hTR7II0q8sXJpUzE=,L7wMA/7JyxET6E7/PvGrgfaCTWU=
116,277,e1v64Fxsqa1hTR7II0q8sXJpUzE=,TJmQB8mBPLwBVKgYuuEnxXD7/f0=
118,279,e1v64Fxsqa1hTR7II0q8sXJpUzE=,TJmQB8mBPLwBVKgYuuEnxXD7/f0=
117,277,e1v64Fxsqa1hTR7II0q8sXJpUzE=,TJmQB8mBPLwBVKgYuuEnxXD7/f0=
118,277,C8QSxMrNLs0RyJCll2V3d/V3jFI=,TJmQB8mBPLwBVKgYuuEnxXD7/f0=
116,280,C8QSxMrNLs0RyJCll2V3d/V3jFI=,L7wMA/7JyxET6E7/PvGrgfaCTWU=
116,278,LFbn2rf8nWusIwTkmu/mFC+K5tk=,TJmQB8mBPLwBVKgYuuEnxXD7/f0=
117,279,Hf9XQNR6r2FINvts45Tm8PXP+CU=,TJmQB8mBPLwBVKgYuuEnxXD7/f0=
118,278,Hf9XQNR6r2FINvts45Tm8PXP+CU=,TJmQB8mBPLwBVKgYuuEnxXD7/f0=
117,278,Hf9XQNR6r2FINvts45Tm8PXP+CU=,TJmQB8mBPLwBVKgYuuEnxXD7/f0=
127,280,Hf9XQNR6r2FINvts45Tm8PXP+CU=,AdZFOpitIdVHBgVzzUalGsB56H4=
119,276,Hf9XQNR6r2FINvts45Tm8PXP+CU=,TJmQB8mBPLwBVKgYuuEnxXD7/f0=
116,279,Hf9XQNR6r2FINvts45Tm8PXP+CU=,TJmQB8mBPLwBVKgYuuEnxXD7/f0=
119,280,Hf9XQNR6r2FINvts45Tm8PXP+CU=,L7wMA/7JyxET6E7/PvGrgfaCTWU=
119,277,Hf9XQNR6r2FINvts45Tm8PXP+CU=,TJmQB8mBPLwBVKgYuuEnxXD7/f0=
120,276,Hf9XQNR6r2FINvts45Tm8PXP+CU=,ZYBysMSK+KipfU4cd1VkFhiJdyo=
119,281,Hf9XQNR6r2FINvts45Tm8PXP+CU=,L7wMA/7JyxET6E7/PvGrgfaCTWU=
122,283,Hf9XQNR6r2FINvts45Tm8PXP+CU=,AdZFOpitIdVHBgVzzUalGsB56H4=
112,278,Hf9XQNR6r2FINvts45Tm8PXP+CU=,TJmQB8mBPLwBVKgYuuEnxXD7/f0=
112,277,Hf9XQNR6r2FINvts45Tm8PXP+CU=,TJmQB8mBPLwBVKgYuuEnxXD7/f0=
112,279,Hf9XQNR6r2FINvts45Tm8PXP+CU=,TJmQB8mBPLwBVKgYuuEnxXD7/f0=
121,276,Hf9XQNR6r2FINvts45Tm8PXP+CU=,ZYBysMSK+KipfU4cd1VkFhiJdyo=
113,281,Hf9XQNR6r2FINvts45Tm8PXP+CU=,L7wMA/7JyxET6E7/PvGrgfaCTWU=
119,282,Hf9XQNR6r2FINvts45Tm8PXP+CU=,L7wMA/7JyxET6E7/PvGrgfaCTWU=
120,282,Hf9XQNR6r2FINvts45Tm8PXP+CU=,AdZFOpitIdVHBgVzzUalGsB56H4=
122,276,Hf9XQNR6r2FINvts45Tm8PXP+CU=,ZYBysMSK+KipfU4cd1VkFhiJdyo=
112,276,Hf9XQNR6r2FINvts45Tm8PXP+CU=,TJmQB8mBPLwBVKgYuuEnxXD7/f0=
114,281,Hf9XQNR6r2FINvts45Tm8PXP+CU=,L7wMA/7JyxET6E7/PvGrgfaCTWU=
119,283,Hf9XQNR6r2FINvts45Tm8PXP+CU=,L7wMA/7JyxET6E7/PvGrgfaCTWU=
115,281,Hf9XQNR6r2FINvts45Tm8PXP+CU=,L7wMA/7JyxET6E7/PvGrgfaCTWU=
112,280,Hf9XQNR6r2FINvts45Tm8PXP+CU=,L7wMA/7JyxET6E7/PvGrgfaCTWU=
123,276,Hf9XQNR6r2FINvts45Tm8PXP+CU=,ZYBysMSK+KipfU4cd1VkFhiJdyo=
113,282,Hf9XQNR6r2FINvts45Tm8PXP+CU=,L7wMA/7JyxET6E7/PvGrgfaCTWU=
114,282,Hf9XQNR6r2FINvts45Tm8PXP+CU=,L7wMA/7JyxET6E7/PvGrgfaCTWU=
115,279,Hf9XQNR6r2FINvts45Tm8PXP+CU=,TJmQB8mBPLwBVKgYuuEnxXD7/f0=
118,283,Hf9XQNR6r2FINvts45Tm8PXP+CU=,L7wMA/7JyxET6E7/PvGrgfaCTWU=
114,279,Hf9XQNR6r2FINvts45Tm8PXP+CU=,TJmQB8mBPLwBVKgYuuEnxXD7/f0=
125,276,Hf9XQNR6r2FINvts45Tm8PXP+CU=,ZYBysMSK+KipfU4cd1VkFhiJdyo=
124,276,Hf9XQNR6r2FINvts45Tm8PXP+CU=,ZYBysMSK+KipfU4cd1VkFhiJdyo=
126,276,Hf9XQNR6r2FINvts45Tm8PXP+CU=,ZYBysMSK+KipfU4cd1VkFhiJdyo=
117,283,Hf9XQNR6r2FINvts45Tm8PXP+CU=,L7wMA/7JyxET6E7/PvGrgfaCTWU=
113,279,Hf9XQNR6r2FINvts45Tm8PXP+CU=,TJmQB8mBPLwBVKgYuuEnxXD7/f0=
116,283,Hf9XQNR6r2FINvts45Tm8PXP+CU=,L7wMA/7JyxET6E7/PvGrgfaCTWU=
127,276,Hf9XQNR6r2FINvts45Tm8PXP+CU=,ZYBysMSK+KipfU4cd1VkFhiJdyo=
115,278,Hf9XQNR6r2FINvts45Tm8PXP+CU=,TJmQB8mBPLwBVKgYuuEnxXD7/f0=
114,278,Hf9XQNR6r2FINvts45Tm8PXP+CU=,TJmQB8mBPLwBVKgYuuEnxXD7/f0=
120,277,Hf9XQNR6r2FINvts45Tm8PXP+CU=,ZYBysMSK+KipfU4cd1VkFhiJdyo=
124,274,Hf9XQNR6r2FINvts45Tm8PXP+CU=,ZYBysMSK+KipfU4cd1VkFhiJdyo=
118,282,Hf9XQNR6r2FINvts45Tm8PXP+CU=,L7wMA/7JyxET6E7/PvGrgfaCTWU=
113,278,Hf9XQNR6r2FINvts45Tm8PXP+CU=,TJmQB8mBPLwBVKgYuuEnxXD7/f0=
121,277,Hf9XQNR6r2FINvts45Tm8PXP+CU=,ZYBysMSK+KipfU4cd1VkFhiJdyo=
125,274,Hf9XQNR6r2FINvts45Tm8PXP+CU=,ZYBysMSK+KipfU4cd1VkFhiJdyo=
117,282,Hf9XQNR6r2FINvts45Tm8PXP+CU=,L7wMA/7JyxET6E7/PvGrgfaCTWU=
115,277,Hf9XQNR6r2FINvts45Tm8PXP+CU=,TJmQB8mBPLwBVKgYuuEnxXD7/f0=
116,282,Hf9XQNR6r2FINvts45Tm8PXP+CU=,L7wMA/7JyxET6E7/PvGrgfaCTWU=
122,277,Hf9XQNR6r2FINvts45Tm8PXP+CU=,ZYBysMSK+KipfU4cd1VkFhiJdyo=
126,274,Hf9XQNR6r2FINvts45Tm8PXP+CU=,ZYBysMSK+KipfU4cd1VkFhiJdyo=
114,277,Hf9XQNR6r2FINvts45Tm8PXP+CU=,TJmQB8mBPLwBVKgYuuEnxXD7/f0=
123,277,Hf9XQNR6r2FINvts45Tm8PXP+CU=,ZYBysMSK+KipfU4cd1VkFhiJdyo=
127,274,Hf9XQNR6r2FINvts45Tm8PXP+CU=,ZYBysMSK+KipfU4cd1VkFhiJdyo=
118,281,Hf9XQNR6r2FINvts45Tm8PXP+CU=,L7wMA/7JyxET6E7/PvGrgfaCTWU=
113,277,Hf9XQNR6r2FINvts45Tm8PXP+CU=,TJmQB8mBPLwBVKgYuuEnxXD7/f0=
124,275,Hf9XQNR6r2FINvts45Tm8PXP+CU=,ZYBysMSK+KipfU4cd1VkFhiJdyo=
124,277,Hf9XQNR6r2FINvts45Tm8PXP+CU=,ZYBysMSK+KipfU4cd1VkFhiJdyo=
117,281,Hf9XQNR6r2FINvts45Tm8PXP+CU=,L7wMA/7JyxET6E7/PvGrgfaCTWU=
115,276,Hf9XQNR6r2FINvts45Tm8PXP+CU=,TJmQB8mBPLwBVKgYuuEnxXD7/f0=
125,275,Hf9XQNR6r2FINvts45Tm8PXP+CU=,ZYBysMSK+KipfU4cd1VkFhiJdyo=
121,280,Hf9XQNR6r2FINvts45Tm8PXP+CU=,AdZFOpitIdVHBgVzzUalGsB56H4=
126,275,Hf9XQNR6r2FINvts45Tm8PXP+CU=,ZYBysMSK+KipfU4cd1VkFhiJdyo=
116,281,Hf9XQNR6r2FINvts45Tm8PXP+CU=,L7wMA/7JyxET6E7/PvGrgfaCTWU=
112,287,Hf9XQNR6r2FINvts45Tm8PXP+CU=,L7wMA/7JyxET6E7/PvGrgfaCTWU=
114,276,Hf9XQNR6r2FINvts45Tm8PXP+CU=,TJmQB8mBPLwBVKgYuuEnxXD7/f0=
125,277,Hf9XQNR6r2FINvts45Tm8PXP+CU=,ZYBysMSK+KipfU4cd1VkFhiJdyo=
112,286,Hf9XQNR6r2FINvts45Tm8PXP+CU=,L7wMA/7JyxET6E7/PvGrgfaCTWU=
112,285,Hf9XQNR6r2FINvts45Tm8PXP+CU=,L7wMA/7JyxET6E7/PvGrgfaCTWU=
127,275,Hf9XQNR6r2FINvts45Tm8PXP+CU=,ZYBysMSK+KipfU4cd1VkFhiJdyo=
113,276,Hf9XQNR6r2FINvts45Tm8PXP+CU=,TJmQB8mBPLwBVKgYuuEnxXD7/f0=
124,272,Hf9XQNR6r2FINvts45Tm8PXP+CU=,ZYBysMSK+KipfU4cd1VkFhiJdyo=
112,284,Hf9XQNR6r2FINvts45Tm8PXP+CU=,L7wMA/7JyxET6E7/PvGrgfaCTWU=
126,277,Hf9XQNR6r2FINvts45Tm8PXP+CU=,ZYBysMSK+KipfU4cd1VkFhiJdyo=
115,280,Hf9XQNR6r2FINvts45Tm8PXP+CU=,L7wMA/7JyxET6E7/PvGrgfaCTWU=
115,282,Hf9XQNR6r2FINvts45Tm8PXP+CU=,L7wMA/7JyxET6E7/PvGrgfaCTWU=
127,277,Hf9XQNR6r2FINvts45Tm8PXP+CU=,ZYBysMSK+KipfU4cd1VkFhiJdyo=
125,272,Hf9XQNR6r2FINvts45Tm8PXP+CU=,ZYBysMSK+KipfU4cd1VkFhiJdyo=
115,286,Hf9XQNR6r2FINvts45Tm8PXP+CU=,L7wMA/7JyxET6E7/PvGrgfaCTWU=
114,280,Hf9XQNR6r2FINvts45Tm8PXP+CU=,L7wMA/7JyxET6E7/PvGrgfaCTWU=
114,286,Hf9XQNR6r2FINvts45Tm8PXP+CU=,L7wMA/7JyxET6E7/PvGrgfaCTWU=
120,272,Hf9XQNR6r2FINvts45Tm8PXP+CU=,ZYBysMSK+KipfU4cd1VkFhiJdyo=
120,278,Hf9XQNR6r2FINvts45Tm8PXP+CU=,ZYBysMSK+KipfU4cd1VkFhiJdyo=
126,272,Hf9XQNR6r2FINvts45Tm8PXP+CU=,ZYBysMSK+KipfU4cd1VkFhiJdyo=
113,286,Hf9XQNR6r2FINvts45Tm8PXP+CU=,L7wMA/7JyxET6E7/PvGrgfaCTWU=
113,280,Hf9XQNR6r2FINvts45Tm8PXP+CU=,L7wMA/7JyxET6E7/PvGrgfaCTWU=
121,278,Hf9XQNR6r2FINvts45Tm8PXP+CU=,ZYBysMSK+KipfU4cd1VkFhiJdyo=
120,275,Hf9XQNR6r2FINvts45Tm8PXP+CU=,ZYBysMSK+KipfU4cd1VkFhiJdyo=
115,285,Hf9XQNR6r2FINvts45Tm8PXP+CU=,L7wMA/7JyxET6E7/PvGrgfaCTWU=
112,283,Hf9XQNR6r2FINvts45Tm8PXP+CU=,L7wMA/7JyxET6E7/PvGrgfaCTWU=
127,273,Hf9XQNR6r2FINvts45Tm8PXP+CU=,ZYBysMSK+KipfU4cd1VkFhiJdyo=
122,278,Hf9XQNR6r2FINvts45Tm8PXP+CU=,ZYBysMSK+KipfU4cd1VkFhiJdyo=
114,285,Hf9XQNR6r2FINvts45Tm8PXP+CU=,L7wMA/7JyxET6E7/PvGrgfaCTWU=
121,275,Hf9XQNR6r2FINvts45Tm8PXP+CU=,ZYBysMSK+KipfU4cd1VkFhiJdyo=
126,273,Hf9XQNR6r2FINvts45Tm8PXP+CU=,ZYBysMSK+KipfU4cd1VkFhiJdyo=
123,278,Hf9XQNR6r2FINvts45Tm8PXP+CU=,ZYBysMSK+KipfU4cd1VkFhiJdyo=
112,282,Hf9XQNR6r2FINvts45Tm8PXP+CU=,L7wMA/7JyxET6E7/PvGrgfaCTWU=
113,285,Hf9XQNR6r2FINvts45Tm8PXP+CU=,L7wMA/7JyxET6E7/PvGrgfaCTWU=
112,281,Hf9XQNR6r2FINvts45Tm8PXP+CU=,L7wMA/7JyxET6E7/PvGrgfaCTWU=
122,275,Hf9XQNR6r2FINvts45Tm8PXP+CU=,ZYBysMSK+KipfU4cd1VkFhiJdyo=
125,273,Hf9XQNR6r2FINvts45Tm8PXP+CU=,ZYBysMSK+KipfU4cd1VkFhiJdyo=
124,278,Hf9XQNR6r2FINvts45Tm8PXP+CU=,ZYBysMSK+KipfU4cd1VkFhiJdyo=
115,283,Hf9XQNR6r2FINvts45Tm8PXP+CU=,L7wMA/7JyxET6E7/PvGrgfaCTWU=
115,284,Hf9XQNR6r2FINvts45Tm8PXP+CU=,L7wMA/7JyxET6E7/PvGrgfaCTWU=
123,275,Hf9XQNR6r2FINvts45Tm8PXP+CU=,ZYBysMSK+KipfU4cd1VkFhiJdyo=
124,273,Hf9XQNR6r2FINvts45Tm8PXP+CU=,ZYBysMSK+KipfU4cd1VkFhiJdyo=
125,278,Hf9XQNR6r2FINvts45Tm8PXP+CU=,ZYBysMSK+KipfU4cd1VkFhiJdyo=
114,283,Hf9XQNR6r2FINvts45Tm8PXP+CU=,L7wMA/7JyxET6E7/PvGrgfaCTWU=
114,284,Hf9XQNR6r2FINvts45Tm8PXP+CU=,L7wMA/7JyxET6E7/PvGrgfaCTWU=
121,272,Hf9XQNR6r2FINvts45Tm8PXP+CU=,ZYBysMSK+KipfU4cd1VkFhiJdyo=
127,272,Hf9XQNR6r2FINvts45Tm8PXP+CU=,ZYBysMSK+KipfU4cd1VkFhiJdyo=
126,278,Hf9XQNR6r2FINvts45Tm8PXP+CU=,ZYBysMSK+KipfU4cd1VkFhiJdyo=
113,283,Hf9XQNR6r2FINvts45Tm8PXP+CU=,L7wMA/7JyxET6E7/PvGrgfaCTWU=
122,272,Hf9XQNR6r2FINvts45Tm8PXP+CU=,ZYBysMSK+KipfU4cd1VkFhiJdyo=
113,284,Hf9XQNR6r2FINvts45Tm8PXP+CU=,L7wMA/7JyxET6E7/PvGrgfaCTWU=
115,287,Hf9XQNR6r2FINvts45Tm8PXP+CU=,L7wMA/7JyxET6E7/PvGrgfaCTWU=
114,287,Hf9XQNR6r2FINvts45Tm8PXP+CU=,L7wMA/7JyxET6E7/PvGrgfaCTWU=
127,278,Hf9XQNR6r2FINvts45Tm8PXP+CU=,ZYBysMSK+KipfU4cd1VkFhiJdyo=
113,287,Hf9XQNR6r2FINvts45Tm8PXP+CU=,L7wMA/7JyxET6E7/PvGrgfaCTWU=
123,272,Hf9XQNR6r2FINvts45Tm8PXP+CU=,ZYBysMSK+KipfU4cd1VkFhiJdyo=
127,287,Hf9XQNR6r2FINvts45Tm8PXP+CU=,AdZFOpitIdVHBgVzzUalGsB56H4=
121,282,Hf9XQNR6r2FINvts45Tm8PXP+CU=,AdZFOpitIdVHBgVzzUalGsB56H4=
121,283,Hf9XQNR6r2FINvts45Tm8PXP+CU=,AdZFOpitIdVHBgVzzUalGsB56H4=
123,274,Hf9XQNR6r2FINvts45Tm8PXP+CU=,ZYBysMSK+KipfU4cd1VkFhiJdyo=
126,285,Hf9XQNR6r2FINvts45Tm8PXP+CU=,AdZFOpitIdVHBgVzzUalGsB56H4=
120,279,Hf9XQNR6r2FINvts45Tm8PXP+CU=,ZYBysMSK+KipfU4cd1VkFhiJdyo=
127,286,Hf9XQNR6r2FINvts45Tm8PXP+CU=,AdZFOpitIdVHBgVzzUalGsB56H4=
124,284,Hf9XQNR6r2FINvts45Tm8PXP+CU=,AdZFOpitIdVHBgVzzUalGsB56H4=
122,274,Hf9XQNR6r2FINvts45Tm8PXP+CU=,ZYBysMSK+KipfU4cd1VkFhiJdyo=
125,284,Hf9XQNR6r2FINvts45Tm8PXP+CU=,AdZFOpitIdVHBgVzzUalGsB56H4=
121,279,Hf9XQNR6r2FINvts45Tm8PXP+CU=,ZYBysMSK+KipfU4cd1VkFhiJdyo=
127,284,Hf9XQNR6r2FINvts45Tm8PXP+CU=,AdZFOpitIdVHBgVzzUalGsB56H4=
119,272,Hf9XQNR6r2FINvts45Tm8PXP+CU=,TJmQB8mBPLwBVKgYuuEnxXD7/f0=
116,273,Hf9XQNR6r2FINvts45Tm8PXP+CU=,TJmQB8mBPLwBVKgYuuEnxXD7/f0=
125,287,Hf9XQNR6r2FINvts45Tm8PXP+CU=,AdZFOpitIdVHBgVzzUalGsB56H4=
127,285,Hf9XQNR6r2FINvts45Tm8PXP+CU=,AdZFOpitIdVHBgVzzUalGsB56H4=
121,274,Hf9XQNR6r2FINvts45Tm8PXP+CU=,ZYBysMSK+KipfU4cd1VkFhiJdyo=
122,279,Hf9XQNR6r2FINvts45Tm8PXP+CU=,ZYBysMSK+KipfU4cd1VkFhiJdyo=
126,287,Hf9XQNR6r2FINvts45Tm8PXP+CU=,AdZFOpitIdVHBgVzzUalGsB56H4=
112,273,Hf9XQNR6r2FINvts45Tm8PXP+CU=,TJmQB8mBPLwBVKgYuuEnxXD7/f0=
123,279,Hf9XQNR6r2FINvts45Tm8PXP+CU=,ZYBysMSK+KipfU4cd1VkFhiJdyo=
117,273,Hf9XQNR6r2FINvts45Tm8PXP+CU=,TJmQB8mBPLwBVKgYuuEnxXD7/f0=
118,273,Hf9XQNR6r2FINvts45Tm8PXP+CU=,TJmQB8mBPLwBVKgYuuEnxXD7/f0=
120,274,Hf9XQNR6r2FINvts45Tm8PXP+CU=,ZYBysMSK+KipfU4cd1VkFhiJdyo=
125,286,Hf9XQNR6r2FINvts45Tm8PXP+CU=,AdZFOpitIdVHBgVzzUalGsB56H4=
124,286,Hf9XQNR6r2FINvts45Tm8PXP+CU=,AdZFOpitIdVHBgVzzUalGsB56H4=
112,275,Hf9XQNR6r2FINvts45Tm8PXP+CU=,TJmQB8mBPLwBVKgYuuEnxXD7/f0=
124,287,Hf9XQNR6r2FINvts45Tm8PXP+CU=,AdZFOpitIdVHBgVzzUalGsB56H4=
124,279,Hf9XQNR6r2FINvts45Tm8PXP+CU=,ZYBysMSK+KipfU4cd1VkFhiJdyo=
123,273,Hf9XQNR6r2FINvts45Tm8PXP+CU=,ZYBysMSK+KipfU4cd1VkFhiJdyo=
126,284,Hf9XQNR6r2FINvts45Tm8PXP+CU=,AdZFOpitIdVHBgVzzUalGsB56H4=
126,286,Hf9XQNR6r2FINvts45Tm8PXP+CU=,AdZFOpitIdVHBgVzzUalGsB56H4=
124,285,Hf9XQNR6r2FINvts45Tm8PXP+CU=,AdZFOpitIdVHBgVzzUalGsB56H4=
112,274,Hf9XQNR6r2FINvts45Tm8PXP+CU=,TJmQB8mBPLwBVKgYuuEnxXD7/f0=
125,279,Hf9XQNR6r2FINvts45Tm8PXP+CU=,ZYBysMSK+KipfU4cd1VkFhiJdyo=
122,273,Hf9XQNR6r2FINvts45Tm8PXP+CU=,ZYBysMSK+KipfU4cd1VkFhiJdyo=
120,283,Hf9XQNR6r2FINvts45Tm8PXP+CU=,AdZFOpitIdVHBgVzzUalGsB56H4=
125,285,Hf9XQNR6r2FINvts45Tm8PXP+CU=,AdZFOpitIdVHBgVzzUalGsB56H4=
119,275,Hf9XQNR6r2FINvts45Tm8PXP+CU=,TJmQB8mBPLwBVKgYuuEnxXD7/f0=
126,279,Hf9XQNR6r2FINvts45Tm8PXP+CU=,ZYBysMSK+KipfU4cd1VkFhiJdyo=
121,273,Hf9XQNR6r2FINvts45Tm8PXP+CU=,ZYBysMSK+KipfU4cd1VkFhiJdyo=
113,274,Hf9XQNR6r2FINvts45Tm8PXP+CU=,TJmQB8mBPLwBVKgYuuEnxXD7/f0=
120,273,Hf9XQNR6r2FINvts45Tm8PXP+CU=,ZYBysMSK+KipfU4cd1VkFhiJdyo=
114,274,Hf9XQNR6r2FINvts45Tm8PXP+CU=,TJmQB8mBPLwBVKgYuuEnxXD7/f0=
127,279,Hf9XQNR6r2FINvts45Tm8PXP+CU=,ZYBysMSK+KipfU4cd1VkFhiJdyo=
119,274,Hf9XQNR6r2FINvts45Tm8PXP+CU=,TJmQB8mBPLwBVKgYuuEnxXD7/f0=
126,281,Hf9XQNR6r2FINvts45Tm8PXP+CU=,AdZFOpitIdVHBgVzzUalGsB56H4=
118,272,Hf9XQNR6r2FINvts45Tm8PXP+CU=,TJmQB8mBPLwBVKgYuuEnxXD7/f0=
125,281,Hf9XQNR6r2FINvts45Tm8PXP+CU=,AdZFOpitIdVHBgVzzUalGsB56H4=
112,272,Hf9XQNR6r2FINvts45Tm8PXP+CU=,TJmQB8mBPLwBVKgYuuEnxXD7/f0=
119,273,Hf9XQNR6r2FINvts45Tm8PXP+CU=,TJmQB8mBPLwBVKgYuuEnxXD7/f0=
123,280,Hf9XQNR6r2FINvts45Tm8PXP+CU=,AdZFOpitIdVHBgVzzUalGsB56H4=
124,281,Hf9XQNR6r2FINvts45Tm8PXP+CU=,AdZFOpitIdVHBgVzzUalGsB56H4=
126,283,Hf9XQNR6r2FINvts45Tm8PXP+CU=,AdZFOpitIdVHBgVzzUalGsB56H4=
123,281,Hf9XQNR6r2FINvts45Tm8PXP+CU=,AdZFOpitIdVHBgVzzUalGsB56H4=
113,272,Hf9XQNR6r2FINvts45Tm8PXP+CU=,TJmQB8mBPLwBVKgYuuEnxXD7/f0=
115,273,Hf9XQNR6r2FINvts45Tm8PXP+CU=,TJmQB8mBPLwBVKgYuuEnxXD7/f0=
125,280,Hf9XQNR6r2FINvts45Tm8PXP+CU=,AdZFOpitIdVHBgVzzUalGsB56H4=
117,272,Hf9XQNR6r2FINvts45Tm8PXP+CU=,TJmQB8mBPLwBVKgYuuEnxXD7/f0=
125,283,Hf9XQNR6r2FINvts45Tm8PXP+CU=,AdZFOpitIdVHBgVzzUalGsB56H4=
124,283,Hf9XQNR6r2FINvts45Tm8PXP+CU=,AdZFOpitIdVHBgVzzUalGsB56H4=
114,272,Hf9XQNR6r2FINvts45Tm8PXP+CU=,TJmQB8mBPLwBVKgYuuEnxXD7/f0=
115,274,Hf9XQNR6r2FINvts45Tm8PXP+CU=,TJmQB8mBPLwBVKgYuuEnxXD7/f0=
126,280,Hf9XQNR6r2FINvts45Tm8PXP+CU=,AdZFOpitIdVHBgVzzUalGsB56H4=
116,272,Hf9XQNR6r2FINvts45Tm8PXP+CU=,TJmQB8mBPLwBVKgYuuEnxXD7/f0=
123,283,Hf9XQNR6r2FINvts45Tm8PXP+CU=,AdZFOpitIdVHBgVzzUalGsB56H4=
126,282,Hf9XQNR6r2FINvts45Tm8PXP+CU=,AdZFOpitIdVHBgVzzUalGsB56H4=
115,272,Hf9XQNR6r2FINvts45Tm8PXP+CU=,TJmQB8mBPLwBVKgYuuEnxXD7/f0=
122,281,Hf9XQNR6r2FINvts45Tm8PXP+CU=,AdZFOpitIdVHBgVzzUalGsB56H4=
122,280,Hf9XQNR6r2FINvts45Tm8PXP+CU=,AdZFOpitIdVHBgVzzUalGsB56H4=
125,282,Hf9XQNR6r2FINvts45Tm8PXP+CU=,AdZFOpitIdVHBgVzzUalGsB56H4=
124,282,Hf9XQNR6r2FINvts45Tm8PXP+CU=,AdZFOpitIdVHBgVzzUalGsB56H4=
121,281,Hf9XQNR6r2FINvts45Tm8PXP+CU=,AdZFOpitIdVHBgVzzUalGsB56H4=
120,281,Hf9XQNR6r2FINvts45Tm8PXP+CU=,AdZFOpitIdVHBgVzzUalGsB56H4=
123,282,Hf9XQNR6r2FINvts45Tm8PXP+CU=,AdZFOpitIdVHBgVzzUalGsB56H4=
124,280,Hf9XQNR6r2FINvts45Tm8PXP+CU=,AdZFOpitIdVHBgVzzUalGsB56H4=
114,273,Hf9XQNR6r2FINvts45Tm8PXP+CU=,TJmQB8mBPLwBVKgYuuEnxXD7/f0=
122,282,Hf9XQNR6r2FINvts45Tm8PXP+CU=,AdZFOpitIdVHBgVzzUalGsB56H4=
116,274,Hf9XQNR6r2FINvts45Tm8PXP+CU=,TJmQB8mBPLwBVKgYuuEnxXD7/f0=
127,281,Hf9XQNR6r2FINvts45Tm8PXP+CU=,AdZFOpitIdVHBgVzzUalGsB56H4=
127,282,Hf9XQNR6r2FINvts45Tm8PXP+CU=,AdZFOpitIdVHBgVzzUalGsB56H4=
117,274,Hf9XQNR6r2FINvts45Tm8PXP+CU=,TJmQB8mBPLwBVKgYuuEnxXD7/f0=
113,273,Hf9XQNR6r2FINvts45Tm8PXP+CU=,TJmQB8mBPLwBVKgYuuEnxXD7/f0=
127,283,Hf9XQNR6r2FINvts45Tm8PXP+CU=,AdZFOpitIdVHBgVzzUalGsB56H4=
113,275,Hf9XQNR6r2FINvts45Tm8PXP+CU=,TJmQB8mBPLwBVKgYuuEnxXD7/f0=
115,275,Hf9XQNR6r2FINvts45Tm8PXP+CU=,TJmQB8mBPLwBVKgYuuEnxXD7/f0=
118,274,Hf9XQNR6r2FINvts45Tm8PXP+CU=,TJmQB8mBPLwBVKgYuuEnxXD7/f0=
114,275,Hf9XQNR6r2FINvts45Tm8PXP+CU=,TJmQB8mBPLwBVKgYuuEnxXD7/f0=
120,280,Hf9XQNR6r2FINvts45Tm8PXP+CU=,AdZFOpitIdVHBgVzzUalGsB56H4=
116,275,Hf9XQNR6r2FINvts45Tm8PXP+CU=,TJmQB8mBPLwBVKgYuuEnxXD7/f0=
118,275,Hf9XQNR6r2FINvts45Tm8PXP+CU=,TJmQB8mBPLwBVKgYuuEnxXD7/f0=
117,275,Hf9XQNR6r2FINvts45Tm8PXP+CU=,TJmQB8mBPLwBVKgYuuEnxXD7/f0=
117,260,fQcZrWvwllrGjOGLtYhmgU18AGM=,tBtwJRxJSasdIheoKofZ4GKGMt0=
118,260,fQcZrWvwllrGjOGLtYhmgU18AGM=,tBtwJRxJSasdIheoKofZ4GKGMt0=
116,261,fQcZrWvwllrGjOGLtYhmgU18AGM=,tBtwJRxJSasdIheoKofZ4GKGMt0=
119,267,fQcZrWvwllrGjOGLtYhmgU18AGM=,42PoggGYVNdjxPt2erc0M38YQpQ=
116,260,fQcZrWvwllrGjOGLtYhmgU18AGM=,tBtwJRxJSasdIheoKofZ4GKGMt0=
119,261,iobYrErNpajyU9J4QuaGw9KxflQ=,tBtwJRxJSasdIheoKofZ4GKGMt0=
117,261,iobYrErNpajyU9J4QuaGw9KxflQ=,tBtwJRxJSasdIheoKofZ4GKGMt0=
118,261,iobYrErNpajyU9J4QuaGw9KxflQ=,tBtwJRxJSasdIheoKofZ4GKGMt0=
116,262,iobYrErNpajyU9J4QuaGw9KxflQ=,tBtwJRxJSasdIheoKofZ4GKGMt0=
119,266,tNzWDNl3v0PQtGfXqlsbdiBsB6g=,42PoggGYVNdjxPt2erc0M38YQpQ=
119,260,tNzWDNl3v0PQtGfXqlsbdiBsB6g=,tBtwJRxJSasdIheoKofZ4GKGMt0=
117,262,tNzWDNl3v0PQtGfXqlsbdiBsB6g=,tBtwJRxJSasdIheoKofZ4GKGMt0=
119,262,tNzWDNl3v0PQtGfXqlsbdiBsB6g=,tBtwJRxJSasdIheoKofZ4GKGMt0=
116,263,tNzWDNl3v0PQtGfXqlsbdiBsB6g=,tBtwJRxJSasdIheoKofZ4GKGMt0=
119,265,tNzWDNl3v0PQtGfXqlsbdiBsB6g=,42PoggGYVNdjxPt2erc0M38YQpQ=
117,263,tNzWDNl3v0PQtGfXqlsbdiBsB6g=,tBtwJRxJSasdIheoKofZ4GKGMt0=
119,263,PkTDIUqWEk7CXYhaHE6+CzQcGNw=,tBtwJRxJSasdIheoKofZ4GKGMt0=
118,262,PkTDIUqWEk7CXYhaHE6+CzQcGNw=,tBtwJRxJSasdIheoKofZ4GKGMt0=
118,264,NYEtOXvpjuEQuGaN7mP3qCIibvk=,42PoggGYVNdjxPt2erc0M38YQpQ=
120,265,NYEtOXvpjuEQuGaN7mP3qCIibvk=,Y/bh8h0RTGK03eK/YMhbHvBzsIw=
118,263,NYEtOXvpjuEQuGaN7mP3qCIibvk=,tBtwJRxJSasdIheoKofZ4GKGMt0=
120,260,NYEtOXvpjuEQuGaN7mP3qCIibvk=,cvkA5gVEA66CPJcBBGbwC2OAmd4=
121,265,NYEtOXvpjuEQuGaN7mP3qCIibvk=,Y/bh8h0RTGK03eK/YMhbHvBzsIw=
121,260,NYEtOXvpjuEQuGaN7mP3qCIibvk=,cvkA5gVEA66CPJcBBGbwC2OAmd4=
117,264,NYEtOXvpjuEQuGaN7mP3qCIibvk=,42PoggGYVNdjxPt2erc0M38YQpQ=
123,259,NYEtOXvpjuEQuGaN7mP3qCIibvk=,cvkA5gVEA66CPJcBBGbwC2OAmd4=
120,256,NYEtOXvpjuEQuGaN7mP3qCIibvk=,cvkA5gVEA66CPJcBBGbwC2OAmd4=
123,258,NYEtOXvpjuEQuGaN7mP3qCIibvk=,cvkA5gVEA66CPJcBBGbwC2OAmd4=
123,264,NYEtOXvpjuEQuGaN7mP3qCIibvk=,Y/bh8h0RTGK03eK/YMhbHvBzsIw=
122,259,NYEtOXvpjuEQuGaN7mP3qCIibvk=,cvkA5gVEA66CPJcBBGbwC2OAmd4=
116,264,NYEtOXvpjuEQuGaN7mP3qCIibvk=,42PoggGYVNdjxPt2erc0M38YQpQ=
122,258,ZoHVtyvo3osolCNI1qcK9ihp/v0=,cvkA5gVEA66CPJcBBGbwC2OAmd4=
125,264,ZoHVtyvo3osolCNI1qcK9ihp/v0=,Y/bh8h0RTGK03eK/YMhbHvBzsIw=
121,259,ZoHVtyvo3osolCNI1qcK9ihp/v0=,cvkA5gVEA66CPJcBBGbwC2OAmd4=
122,260,ZoHVtyvo3osolCNI1qcK9ihp/v0=,cvkA5gVEA66CPJcBBGbwC2OAmd4=
118,267,ZoHVtyvo3osolCNI1qcK9ihp/v0=,42PoggGYVNdjxPt2erc0M38YQpQ=
126,264,nXKj901kLaZkzGw4lHDpHJnsSdY=,Y/bh8h0RTGK03eK/YMhbHvBzsIw=
121,258,nXKj901kLaZkzGw4lHDpHJnsSdY=,cvkA5gVEA66CPJcBBGbwC2OAmd4=
123,260,nXKj901kLaZkzGw4lHDpHJnsSdY=,cvkA5gVEA66CPJcBBGbwC2OAmd4=
122,266,/mAqBxLFHlEkdf3/y4g/6C1a53c=,Y/bh8h0RTGK03eK/YMhbHvBzsIw=
117,267,/mAqBxLFHlEkdf3/y4g/6C1a53c=,42PoggGYVNdjxPt2erc0M38YQpQ=
120,258,/mAqBxLFHlEkdf3/y4g/6C1a53c=,cvkA5gVEA66CPJcBBGbwC2OAmd4=
124,264,/mAqBxLFHlEkdf3/y4g/6C1a53c=,Y/bh8h0RTGK03eK/YMhbHvBzsIw=
120,261,/mAqBxLFHlEkdf3/y4g/6C1a53c=,cvkA5gVEA66CPJcBBGbwC2OAmd4=
123,256,/mAqBxLFHlEkdf3/y4g/6C1a53c=,cvkA5gVEA66CPJcBBGbwC2OAmd4=
127,267,/mAqBxLFHlEkdf3/y4g/6C1a53c=,Y/bh8h0RTGK03eK/YMhbHvBzsIw=
127,266,/mAqBxLFHlEkdf3/y4g/6C1a53c=,Y/bh8h0RTGK03eK/YMhbHvBzsIw=
116,267,/mAqBxLFHlEkdf3/y4g/6C1a53c=,42PoggGYVNdjxPt2erc0M38YQpQ=
119,264,/mAqBxLFHlEkdf3/y4g/6C1a53c=,42PoggGYVNdjxPt2erc0M38YQpQ=
121,261,/mAqBxLFHlEkdf3/y4g/6C1a53c=,cvkA5gVEA66CPJcBBGbwC2OAmd4=
122,256,/mAqBxLFHlEkdf3/y4g/6C1a53c=,cvkA5gVEA66CPJcBBGbwC2OAmd4=
118,266,/mAqBxLFHlEkdf3/y4g/6C1a53c=,42PoggGYVNdjxPt2erc0M38YQpQ=
127,265,/mAqBxLFHlEkdf3/y4g/6C1a53c=,Y/bh8h0RTGK03eK/YMhbHvBzsIw=
123,257,/mAqBxLFHlEkdf3/y4g/6C1a53c=,cvkA5gVEA66CPJcBBGbwC2OAmd4=
116,256,/mAqBxLFHlEkdf3/y4g/6C1a53c=,tBtwJRxJSasdIheoKofZ4GKGMt0=
126,267,/mAqBxLFHlEkdf3/y4g/6C1a53c=,Y/bh8h0RTGK03eK/YMhbHvBzsIw=
122,261,/mAqBxLFHlEkdf3/y4g/6C1a53c=,cvkA5gVEA66CPJcBBGbwC2OAmd4=
122,257,/mAqBxLFHlEkdf3/y4g/6C1a53c=,cvkA5gVEA66CPJcBBGbwC2OAmd4=
125,267,/mAqBxLFHlEkdf3/y4g/6C1a53c=,Y/bh8h0RTGK03eK/YMhbHvBzsIw=
117,266,/mAqBxLFHlEkdf3/y4g/6C1a53c=,42PoggGYVNdjxPt2erc0M38YQpQ=
117,256,/mAqBxLFHlEkdf3/y4g/6C1a53c=,tBtwJRxJSasdIheoKofZ4GKGMt0=
123,261,/mAqBxLFHlEkdf3/y4g/6C1a53c=,cvkA5gVEA66CPJcBBGbwC2OAmd4=
124,267,/mAqBxLFHlEkdf3/y4g/6C1a53c=,Y/bh8h0RTGK03eK/YMhbHvBzsIw=
116,266,/mAqBxLFHlEkdf3/y4g/6C1a53c=,42PoggGYVNdjxPt2erc0M38YQpQ=
126,266,/mAqBxLFHlEkdf3/y4g/6C1a53c=,Y/bh8h0RTGK03eK/YMhbHvBzsIw=
118,256,/mAqBxLFHlEkdf3/y4g/6C1a53c=,tBtwJRxJSasdIheoKofZ4GKGMt0=
121,256,/mAqBxLFHlEkdf3/y4g/6C1a53c=,cvkA5gVEA66CPJcBBGbwC2OAmd4=
121,257,/mAqBxLFHlEkdf3/y4g/6C1a53c=,cvkA5gVEA66CPJcBBGbwC2OAmd4=
120,262,/mAqBxLFHlEkdf3/y4g/6C1a53c=,cvkA5gVEA66CPJcBBGbwC2OAmd4=
118,265,/mAqBxLFHlEkdf3/y4g/6C1a53c=,42PoggGYVNdjxPt2erc0M38YQpQ=
126,265,/mAqBxLFHlEkdf3/y4g/6C1a53c=,Y/bh8h0RTGK03eK/YMhbHvBzsIw=
119,256,/mAqBxLFHlEkdf3/y4g/6C1a53c=,tBtwJRxJSasdIheoKofZ4GKGMt0=
121,262,/mAqBxLFHlEkdf3/y4g/6C1a53c=,cvkA5gVEA66CPJcBBGbwC2OAmd4=
120,257,/mAqBxLFHlEkdf3/y4g/6C1a53c=,cvkA5gVEA66CPJcBBGbwC2OAmd4=
117,265,/mAqBxLFHlEkdf3/y4g/6C1a53c=,42PoggGYVNdjxPt2erc0M38YQpQ=
119,259,/mAqBxLFHlEkdf3/y4g/6C1a53c=,tBtwJRxJSasdIheoKofZ4GKGMt0=
116,265,/mAqBxLFHlEkdf3/y4g/6C1a53c=,42PoggGYVNdjxPt2erc0M38YQpQ=
122,262,/mAqBxLFHlEkdf3/y4g/6C1a53c=,cvkA5gVEA66CPJcBBGbwC2OAmd4=
125,265,/mAqBxLFHlEkdf3/y4g/6C1a53c=,Y/bh8h0RTGK03eK/YMhbHvBzsIw=
124,265,/mAqBxLFHlEkdf3/y4g/6C1a53c=,Y/bh8h0RTGK03eK/YMhbHvBzsIw=
119,258,/mAqBxLFHlEkdf3/y4g/6C1a53c=,tBtwJRxJSasdIheoKofZ4GKGMt0=
122,265,/mAqBxLFHlEkdf3/y4g/6C1a53c=,Y/bh8h0RTGK03eK/YMhbHvBzsIw=
125,266,/mAqBxLFHlEkdf3/y4g/6C1a53c=,Y/bh8h0RTGK03eK/YMhbHvBzsIw=
123,262,/mAqBxLFHlEkdf3/y4g/6C1a53c=,cvkA5gVEA66CPJcBBGbwC2OAmd4=
119,257,/mAqBxLFHlEkdf3/y4g/6C1a53c=,tBtwJRxJSasdIheoKofZ4GKGMt0=
120,259,/mAqBxLFHlEkdf3/y4g/6C1a53c=,cvkA5gVEA66CPJcBBGbwC2OAmd4=
120,263,/mAqBxLFHlEkdf3/y4g/6C1a53c=,cvkA5gVEA66CPJcBBGbwC2OAmd4=
123,265,/mAqBxLFHlEkdf3/y4g/6C1a53c=,Y/bh8h0RTGK03eK/YMhbHvBzsIw=
124,266,/mAqBxLFHlEkdf3/y4g/6C1a53c=,Y/bh8h0RTGK03eK/YMhbHvBzsIw=
118,259,/mAqBxLFHlEkdf3/y4g/6C1a53c=,tBtwJRxJSasdIheoKofZ4GKGMt0=
127,264,/mAqBxLFHlEkdf3/y4g/6C1a53c=,Y/bh8h0RTGK03eK/YMhbHvBzsIw=
127,262,/mAqBxLFHlEkdf3/y4g/6C1a53c=,cvkA5gVEA66CPJcBBGbwC2OAmd4=
117,259,/mAqBxLFHlEkdf3/y4g/6C1a53c=,tBtwJRxJSasdIheoKofZ4GKGMt0=
124,257,/mAqBxLFHlEkdf3/y4g/6C1a53c=,cvkA5gVEA66CPJcBBGbwC2OAmd4=
127,261,/mAqBxLFHlEkdf3/y4g/6C1a53c=,cvkA5gVEA66CPJcBBGbwC2OAmd4=
121,263,/mAqBxLFHlEkdf3/y4g/6C1a53c=,cvkA5gVEA66CPJcBBGbwC2OAmd4=
125,257,/mAqBxLFHlEkdf3/y4g/6C1a53c=,cvkA5gVEA66CPJcBBGbwC2OAmd4=
116,259,/mAqBxLFHlEkdf3/y4g/6C1a53c=,tBtwJRxJSasdIheoKofZ4GKGMt0=
123,266,/mAqBxLFHlEkdf3/y4g/6C1a53c=,Y/bh8h0RTGK03eK/YMhbHvBzsIw=
126,257,/mAqBxLFHlEkdf3/y4g/6C1a53c=,cvkA5gVEA66CPJcBBGbwC2OAmd4=
127,263,/mAqBxLFHlEkdf3/y4g/6C1a53c=,cvkA5gVEA66CPJcBBGbwC2OAmd4=
120,266,/mAqBxLFHlEkdf3/y4g/6C1a53c=,Y/bh8h0RTGK03eK/YMhbHvBzsIw=
122,263,/mAqBxLFHlEkdf3/y4g/6C1a53c=,cvkA5gVEA66CPJcBBGbwC2OAmd4=
127,256,/mAqBxLFHlEkdf3/y4g/6C1a53c=,cvkA5gVEA66CPJcBBGbwC2OAmd4=
118,258,/mAqBxLFHlEkdf3/y4g/6C1a53c=,tBtwJRxJSasdIheoKofZ4GKGMt0=
127,260,/mAqBxLFHlEkdf3/y4g/6C1a53c=,cvkA5gVEA66CPJcBBGbwC2OAmd4=
121,266,/mAqBxLFHlEkdf3/y4g/6C1a53c=,Y/bh8h0RTGK03eK/YMhbHvBzsIw=
123,263,/mAqBxLFHlEkdf3/y4g/6C1a53c=,cvkA5gVEA66CPJcBBGbwC2OAmd4=
127,259,/mAqBxLFHlEkdf3/y4g/6C1a53c=,cvkA5gVEA66CPJcBBGbwC2OAmd4=
122,267,/mAqBxLFHlEkdf3/y4g/6C1a53c=,Y/bh8h0RTGK03eK/YMhbHvBzsIw=
117,258,/mAqBxLFHlEkdf3/y4g/6C1a53c=,tBtwJRxJSasdIheoKofZ4GKGMt0=
127,258,/mAqBxLFHlEkdf3/y4g/6C1a53c=,cvkA5gVEA66CPJcBBGbwC2OAmd4=
120,264,/mAqBxLFHlEkdf3/y4g/6C1a53c=,Y/bh8h0RTGK03eK/YMhbHvBzsIw=
123,267,/mAqBxLFHlEkdf3/y4g/6C1a53c=,Y/bh8h0RTGK03eK/YMhbHvBzsIw=
117,257,/mAqBxLFHlEkdf3/y4g/6C1a53c=,tBtwJRxJSasdIheoKofZ4GKGMt0=
116,258,/mAqBxLFHlEkdf3/y4g/6C1a53c=,tBtwJRxJSasdIheoKofZ4GKGMt0=
127,257,/mAqBxLFHlEkdf3/y4g/6C1a53c=,cvkA5gVEA66CPJcBBGbwC2OAmd4=
121,264,/mAqBxLFHlEkdf3/y4g/6C1a53c=,Y/bh8h0RTGK03eK/YMhbHvBzsIw=
124,259,/mAqBxLFHlEkdf3/y4g/6C1a53c=,cvkA5gVEA66CPJcBBGbwC2OAmd4=
118,257,/mAqBxLFHlEkdf3/y4g/6C1a53c=,tBtwJRxJSasdIheoKofZ4GKGMt0=
124,256,/mAqBxLFHlEkdf3/y4g/6C1a53c=,cvkA5gVEA66CPJcBBGbwC2OAmd4=
125,259,/mAqBxLFHlEkdf3/y4g/6C1a53c=,cvkA5gVEA66CPJcBBGbwC2OAmd4=
125,256,/mAqBxLFHlEkdf3/y4g/6C1a53c=,cvkA5gVEA66CPJcBBGbwC2OAmd4=
124,258,/mAqBxLFHlEkdf3/y4g/6C1a53c=,cvkA5gVEA66CPJcBBGbwC2OAmd4=
126,259,/mAqBxLFHlEkdf3/y4g/6C1a53c=,cvkA5gVEA66CPJcBBGbwC2OAmd4=
116,257,/mAqBxLFHlEkdf3/y4g/6C1a53c=,tBtwJRxJSasdIheoKofZ4GKGMt0=
126,258,/mAqBxLFHlEkdf3/y4g/6C1a53c=,cvkA5gVEA66CPJcBBGbwC2OAmd4=
125,258,/mAqBxLFHlEkdf3/y4g/6C1a53c=,cvkA5gVEA66CPJcBBGbwC2OAmd4=
122,264,/mAqBxLFHlEkdf3/y4g/6C1a53c=,Y/bh8h0RTGK03eK/YMhbHvBzsIw=
124,260,/mAqBxLFHlEkdf3/y4g/6C1a53c=,cvkA5gVEA66CPJcBBGbwC2OAmd4=
124,263,/mAqBxLFHlEkdf3/y4g/6C1a53c=,cvkA5gVEA66CPJcBBGbwC2OAmd4=
125,263,/mAqBxLFHlEkdf3/y4g/6C1a53c=,cvkA5gVEA66CPJcBBGbwC2OAmd4=
125,260,/mAqBxLFHlEkdf3/y4g/6C1a53c=,cvkA5gVEA66CPJcBBGbwC2OAmd4=
120,267,/mAqBxLFHlEkdf3/y4g/6C1a53c=,Y/bh8h0RTGK03eK/YMhbHvBzsIw=
126,263,/mAqBxLFHlEkdf3/y4g/6C1a53c=,cvkA5gVEA66CPJcBBGbwC2OAmd4=
126,260,/mAqBxLFHlEkdf3/y4g/6C1a53c=,cvkA5gVEA66CPJcBBGbwC2OAmd4=
121,267,/mAqBxLFHlEkdf3/y4g/6C1a53c=,Y/bh8h0RTGK03eK/YMhbHvBzsIw=
125,262,/mAqBxLFHlEkdf3/y4g/6C1a53c=,cvkA5gVEA66CPJcBBGbwC2OAmd4=
126,262,/mAqBxLFHlEkdf3/y4g/6C1a53c=,cvkA5gVEA66CPJcBBGbwC2OAmd4=
124,262,/mAqBxLFHlEkdf3/y4g/6C1a53c=,cvkA5gVEA66CPJcBBGbwC2OAmd4=
126,256,/mAqBxLFHlEkdf3/y4g/6C1a53c=,cvkA5gVEA66CPJcBBGbwC2OAmd4=
126,261,/mAqBxLFHlEkdf3/y4g/6C1a53c=,cvkA5gVEA66CPJcBBGbwC2OAmd4=
125,261,/mAqBxLFHlEkdf3/y4g/6C1a53c=,cvkA5gVEA66CPJcBBGbwC2OAmd4=
112,256,/mAqBxLFHlEkdf3/y4g/6C1a53c=,tBtwJRxJSasdIheoKofZ4GKGMt0=
124,261,/mAqBxLFHlEkdf3/y4g/6C1a53c=,cvkA5gVEA66CPJcBBGbwC2OAmd4=
114,258,/mAqBxLFHlEkdf3/y4g/6C1a53c=,tBtwJRxJSasdIheoKofZ4GKGMt0=
115,258,/mAqBxLFHlEkdf3/y4g/6C1a53c=,tBtwJRxJSasdIheoKofZ4GKGMt0=
112,257,/mAqBxLFHlEkdf3/y4g/6C1a53c=,tBtwJRxJSasdIheoKofZ4GKGMt0=
113,258,/mAqBxLFHlEkdf3/y4g/6C1a53c=,tBtwJRxJSasdIheoKofZ4GKGMt0=
113,257,/mAqBxLFHlEkdf3/y4g/6C1a53c=,tBtwJRxJSasdIheoKofZ4GKGMt0=
112,259,/mAqBxLFHlEkdf3/y4g/6C1a53c=,tBtwJRxJSasdIheoKofZ4GKGMt0=
115,259,/mAqBxLFHlEkdf3/y4g/6C1a53c=,tBtwJRxJSasdIheoKofZ4GKGMt0=
114,259,/mAqBxLFHlEkdf3/y4g/6C1a53c=,tBtwJRxJSasdIheoKofZ4GKGMt0=
113,259,/mAqBxLFHlEkdf3/y4g/6C1a53c=,tBtwJRxJSasdIheoKofZ4GKGMt0=
114,257,/mAqBxLFHlEkdf3/y4g/6C1a53c=,tBtwJRxJSasdIheoKofZ4GKGMt0=
112,258,/mAqBxLFHlEkdf3/y4g/6C1a53c=,tBtwJRxJSasdIheoKofZ4GKGMt0=
115,256,/mAqBxLFHlEkdf3/y4g/6C1a53c=,tBtwJRxJSasdIheoKofZ4GKGMt0=
114,256,/mAqBxLFHlEkdf3/y4g/6C1a53c=,tBtwJRxJSasdIheoKofZ4GKGMt0=
115,257,/mAqBxLFHlEkdf3/y4g/6C1a53c=,tBtwJRxJSasdIheoKofZ4GKGMt0=
113,256,/mAqBxLFHlEkdf3/y4g/6C1a53c=,tBtwJRxJSasdIheoKofZ4GKGMt0=
112,263,/mAqBxLFHlEkdf3/y4g/6C1a53c=,tBtwJRxJSasdIheoKofZ4GKGMt0=
112,270,/mAqBxLFHlEkdf3/y4g/6C1a53c=,42PoggGYVNdjxPt2erc0M38YQpQ=
112,262,/mAqBxLFHlEkdf3/y4g/6C1a53c=,tBtwJRxJSasdIheoKofZ4GKGMt0=
113,260,/mAqBxLFHlEkdf3/y4g/6C1a53c=,tBtwJRxJSasdIheoKofZ4GKGMt0=
112,269,/mAqBxLFHlEkdf3/y4g/6C1a53c=,42PoggGYVNdjxPt2erc0M38YQpQ=
112,261,/mAqBxLFHlEkdf3/y4g/6C1a53c=,tBtwJRxJSasdIheoKofZ4GKGMt0=
115,260,/mAqBxLFHlEkdf3/y4g/6C1a53c=,tBtwJRxJSasdIheoKofZ4GKGMt0=
114,260,/mAqBxLFHlEkdf3/y4g/6C1a53c=,tBtwJRxJSasdIheoKofZ4GKGMt0=
112,268,/mAqBxLFHlEkdf3/y4g/6C1a53c=,42PoggGYVNdjxPt2erc0M38YQpQ=
119,271,/mAqBxLFHlEkdf3/y4g/6C1a53c=,42PoggGYVNdjxPt2erc0M38YQpQ=
112,260,/mAqBxLFHlEkdf3/y4g/6C1a53c=,tBtwJRxJSasdIheoKofZ4GKGMt0=
114,261,/mAqBxLFHlEkdf3/y4g/6C1a53c=,tBtwJRxJSasdIheoKofZ4GKGMt0=
119,269,/mAqBxLFHlEkdf3/y4g/6C1a53c=,42PoggGYVNdjxPt2erc0M38YQpQ=
113,261,/mAqBxLFHlEkdf3/y4g/6C1a53c=,tBtwJRxJSasdIheoKofZ4GKGMt0=
112,267,/mAqBxLFHlEkdf3/y4g/6C1a53c=,42PoggGYVNdjxPt2erc0M38YQpQ=
115,263,/mAqBxLFHlEkdf3/y4g/6C1a53c=,tBtwJRxJSasdIheoKofZ4GKGMt0=
119,268,/mAqBxLFHlEkdf3/y4g/6C1a53c=,42PoggGYVNdjxPt2erc0M38YQpQ=
115,261,/mAqBxLFHlEkdf3/y4g/6C1a53c=,tBtwJRxJSasdIheoKofZ4GKGMt0=
113,262,/mAqBxLFHlEkdf3/y4g/6C1a53c=,tBtwJRxJSasdIheoKofZ4GKGMt0=
112,266,/mAqBxLFHlEkdf3/y4g/6C1a53c=,42PoggGYVNdjxPt2erc0M38YQpQ=
114,263,/mAqBxLFHlEkdf3/y4g/6C1a53c=,tBtwJRxJSasdIheoKofZ4GKGMt0=
119,270,/mAqBxLFHlEkdf3/y4g/6C1a53c=,42PoggGYVNdjxPt2erc0M38YQpQ=
113,271,/mAqBxLFHlEkdf3/y4g/6C1a53c=,42PoggGYVNdjxPt2erc0M38YQpQ=
114,262,/mAqBxLFHlEkdf3/y4g/6C1a53c=,tBtwJRxJSasdIheoKofZ4GKGMt0=
114,271,/mAqBxLFHlEkdf3/y4g/6C1a53c=,42PoggGYVNdjxPt2erc0M38YQpQ=
113,263,/mAqBxLFHlEkdf3/y4g/6C1a53c=,tBtwJRxJSasdIheoKofZ4GKGMt0=
118,269,/mAqBxLFHlEkdf3/y4g/6C1a53c=,42PoggGYVNdjxPt2erc0M38YQpQ=
112,265,/mAqBxLFHlEkdf3/y4g/6C1a53c=,42PoggGYVNdjxPt2erc0M38YQpQ=
115,262,/mAqBxLFHlEkdf3/y4g/6C1a53c=,tBtwJRxJSasdIheoKofZ4GKGMt0=
115,271,/mAqBxLFHlEkdf3/y4g/6C1a53c=,42PoggGYVNdjxPt2erc0M38YQpQ=
113,265,/mAqBxLFHlEkdf3/y4g/6C1a53c=,42PoggGYVNdjxPt2erc0M38YQpQ=
114,265,/mAqBxLFHlEkdf3/y4g/6C1a53c=,42PoggGYVNdjxPt2erc0M38YQpQ=
117,269,/mAqBxLFHlEkdf3/y4g/6C1a53c=,42PoggGYVNdjxPt2erc0M38YQpQ=
112,271,/mAqBxLFHlEkdf3/y4g/6C1a53c=,42PoggGYVNdjxPt2erc0M38YQpQ=
115,265,/mAqBxLFHlEkdf3/y4g/6C1a53c=,42PoggGYVNdjxPt2erc0M38YQpQ=
112,264,/mAqBxLFHlEkdf3/y4g/6C1a53c=,42PoggGYVNdjxPt2erc0M38YQpQ=
116,269,/mAqBxLFHlEkdf3/y4g/6C1a53c=,42PoggGYVNdjxPt2erc0M38YQpQ=
113,266,/mAqBxLFHlEkdf3/y4g/6C1a53c=,42PoggGYVNdjxPt2erc0M38YQpQ=
115,266,/mAqBxLFHlEkdf3/y4g/6C1a53c=,42PoggGYVNdjxPt2erc0M38YQpQ=
114,266,/mAqBxLFHlEkdf3/y4g/6C1a53c=,42PoggGYVNdjxPt2erc0M38YQpQ=
118,268,/mAqBxLFHlEkdf3/y4g/6C1a53c=,42PoggGYVNdjxPt2erc0M38YQpQ=
115,264,/mAqBxLFHlEkdf3/y4g/6C1a53c=,42PoggGYVNdjxPt2erc0M38YQpQ=
113,267,/mAqBxLFHlEkdf3/y4g/6C1a53c=,42PoggGYVNdjxPt2erc0M38YQpQ=
114,267,/mAqBxLFHlEkdf3/y4g/6C1a53c=,42PoggGYVNdjxPt2erc0M38YQpQ=
115,267,/mAqBxLFHlEkdf3/y4g/6C1a53c=,42PoggGYVNdjxPt2erc0M38YQpQ=
117,268,/mAqBxLFHlEkdf3/y4g/6C1a53c=,42PoggGYVNdjxPt2erc0M38YQpQ=
114,264,/mAqBxLFHlEkdf3/y4g/6C1a53c=,42PoggGYVNdjxPt2erc0M38YQpQ=
114,268,/mAqBxLFHlEkdf3/y4g/6C1a53c=,42PoggGYVNdjxPt2erc0M38YQpQ=
115,268,/mAqBxLFHlEkdf3/y4g/6C1a53c=,42PoggGYVNdjxPt2erc0M38YQpQ=
113,268,/mAqBxLFHlEkdf3/y4g/6C1a53c=,42PoggGYVNdjxPt2erc0M38YQpQ=
116,268,/mAqBxLFHlEkdf3/y4g/6C1a53c=,42PoggGYVNdjxPt2erc0M38YQpQ=
113,264,/mAqBxLFHlEkdf3/y4g/6C1a53c=,42PoggGYVNdjxPt2erc0M38YQpQ=
114,269,/mAqBxLFHlEkdf3/y4g/6C1a53c=,42PoggGYVNdjxPt2erc0M38YQpQ=
115,270,/mAqBxLFHlEkdf3/y4g/6C1a53c=,42PoggGYVNdjxPt2erc0M38YQpQ=
117,270,/mAqBxLFHlEkdf3/y4g/6C1a53c=,42PoggGYVNdjxPt2erc0M38YQpQ=
114,270,/mAqBxLFHlEkdf3/y4g/6C1a53c=,42PoggGYVNdjxPt2erc0M38YQpQ=
116,270,/mAqBxLFHlEkdf3/y4g/6C1a53c=,42PoggGYVNdjxPt2erc0M38YQpQ=
113,270,/mAqBxLFHlEkdf3/y4g/6C1a53c=,42PoggGYVNdjxPt2erc0M38YQpQ=
117,271,/mAqBxLFHlEkdf3/y4g/6C1a53c=,42PoggGYVNdjxPt2erc0M38YQpQ=
118,271,/mAqBxLFHlEkdf3/y4g/6C1a53c=,42PoggGYVNdjxPt2erc0M38YQpQ=
125,268,/mAqBxLFHlEkdf3/y4g/6C1a53c=,Y/bh8h0RTGK03eK/YMhbHvBzsIw=
126,268,/mAqBxLFHlEkdf3/y4g/6C1a53c=,Y/bh8h0RTGK03eK/YMhbHvBzsIw=
124,268,/mAqBxLFHlEkdf3/y4g/6C1a53c=,Y/bh8h0RTGK03eK/YMhbHvBzsIw=
123,271,/mAqBxLFHlEkdf3/y4g/6C1a53c=,Y/bh8h0RTGK03eK/YMhbHvBzsIw=
126,269,/mAqBxLFHlEkdf3/y4g/6C1a53c=,Y/bh8h0RTGK03eK/YMhbHvBzsIw=
115,269,/mAqBxLFHlEkdf3/y4g/6C1a53c=,42PoggGYVNdjxPt2erc0M38YQpQ=
124,271,/mAqBxLFHlEkdf3/y4g/6C1a53c=,Y/bh8h0RTGK03eK/YMhbHvBzsIw=
120,270,/mAqBxLFHlEkdf3/y4g/6C1a53c=,Y/bh8h0RTGK03eK/YMhbHvBzsIw=
120,271,/mAqBxLFHlEkdf3/y4g/6C1a53c=,Y/bh8h0RTGK03eK/YMhbHvBzsIw=
113,269,/mAqBxLFHlEkdf3/y4g/6C1a53c=,42PoggGYVNdjxPt2erc0M38YQpQ=
118,270,/mAqBxLFHlEkdf3/y4g/6C1a53c=,42PoggGYVNdjxPt2erc0M38YQpQ=
121,271,/mAqBxLFHlEkdf3/y4g/6C1a53c=,Y/bh8h0RTGK03eK/YMhbHvBzsIw=
121,269,/mAqBxLFHlEkdf3/y4g/6C1a53c=,Y/bh8h0RTGK03eK/YMhbHvBzsIw=
125,271,/mAqBxLFHlEkdf3/y4g/6C1a53c=,Y/bh8h0RTGK03eK/YMhbHvBzsIw=
122,270,/mAqBxLFHlEkdf3/y4g/6C1a53c=,Y/bh8h0RTGK03eK/YMhbHvBzsIw=
124,270,/mAqBxLFHlEkdf3/y4g/6C1a53c=,Y/bh8h0RTGK03eK/YMhbHvBzsIw=
116,271,/mAqBxLFHlEkdf3/y4g/6C1a53c=,42PoggGYVNdjxPt2erc0M38YQpQ=
120,268,/mAqBxLFHlEkdf3/y4g/6C1a53c=,Y/bh8h0RTGK03eK/YMhbHvBzsIw=
122,271,/mAqBxLFHlEkdf3/y4g/6C1a53c=,Y/bh8h0RTGK03eK/YMhbHvBzsIw=
122,269,/mAqBxLFHlEkdf3/y4g/6C1a53c=,Y/bh8h0RTGK03eK/YMhbHvBzsIw=
120,269,/mAqBxLFHlEkdf3/y4g/6C1a53c=,Y/bh8h0RTGK03eK/YMhbHvBzsIw=
121,270,/mAqBxLFHlEkdf3/y4g/6C1a53c=,Y/bh8h0RTGK03eK/YMhbHvBzsIw=
123,268,/mAqBxLFHlEkdf3/y4g/6C1a53c=,Y/bh8h0RTGK03eK/YMhbHvBzsIw=
125,269,/mAqBxLFHlEkdf3/y4g/6C1a53c=,Y/bh8h0RTGK03eK/YMhbHvBzsIw=
123,269,/mAqBxLFHlEkdf3/y4g/6C1a53c=,Y/bh8h0RTGK03eK/YMhbHvBzsIw=
124,269,/mAqBxLFHlEkdf3/y4g/6C1a53c=,Y/bh8h0RTGK03eK/YMhbHvBzsIw=
123,270,/mAqBxLFHlEkdf3/y4g/6C1a53c=,Y/bh8h0RTGK03eK/YMhbHvBzsIw=
122,268,/mAqBxLFHlEkdf3/y4g/6C1a53c=,Y/bh8h0RTGK03eK/YMhbHvBzsIw=
127,269,/mAqBxLFHlEkdf3/y4g/6C1a53c=,Y/bh8h0RTGK03eK/YMhbHvBzsIw=
121,268,/mAqBxLFHlEkdf3/y4g/6C1a53c=,Y/bh8h0RTGK03eK/YMhbHvBzsIw=
126,271,/mAqBxLFHlEkdf3/y4g/6C1a53c=,Y/bh8h0RTGK03eK/YMhbHvBzsIw=
126,270,/mAqBxLFHlEkdf3/y4g/6C1a53c=,Y/bh8h0RTGK03eK/YMhbHvBzsIw=
127,270,/mAqBxLFHlEkdf3/y4g/6C1a53c=,Y/bh8h0RTGK03eK/YMhbHvBzsIw=
127,271,/mAqBxLFHlEkdf3/y4g/6C1a53c=,Y/bh8h0RTGK03eK/YMhbHvBzsIw=
125,270,/mAqBxLFHlEkdf3/y4g/6C1a53c=,Y/bh8h0RTGK03eK/YMhbHvBzsIw=
127,268,/mAqBxLFHlEkdf3/y4g/6C1a53c=,Y/bh8h0RTGK03eK/YMhbHvBzsIw=
