-73,-1,6pn6IBExXNO3MdFBjcIu3PgQ8DQ=,Bm4mN+eNy66SiKwYn+zsoIkmPp0=
-71,-3,mA1kmB1C+dCO/EmimaTkK6JdWO0=,nwXWuwUzy95k3jupACNLLHhRkq4=
-72,-8,mA1kmB1C+dCO/EmimaTkK6JdWO0=,nwXWuwUzy95k3jupACNLLHhRkq4=
-69,-2,hQgh6YVZ+m1+kMrCEPCUd6mRssA=,nwXWuwUzy95k3jupACNLLHhRkq4=
-76,-2,hQgh6YVZ+m1+kMrCEPCUd6mRssA=,Bm4mN+eNy66SiKwYn+zsoIkmPp0=
-70,-1,hQgh6YVZ+m1+kMrCEPCUd6mRssA=,nwXWuwUzy95k3jupACNLLHhRkq4=
-71,-2,VDycjN3q/sTXnSjEYDkZKIeOzvQ=,nwXWuwUzy95k3jupACNLLHhRkq4=
-70,-2,VDycjN3q/sTXnSjEYDkZKIeOzvQ=,nwXWuwUzy95k3jupACNLLHhRkq4=
-71,-1,z/9kBnZnijFKncjyQ+1tk2lTLbE=,nwXWuwUzy95k3jupACNLLHhRkq4=
-69,-1,z/9kBnZnijFKncjyQ+1tk2lTLbE=,nwXWuwUzy95k3jupACNLLHhRkq4=
-72,-7,z/9kBnZnijFKncjyQ+1tk2lTLbE=,nwXWuwUzy95k3jupACNLLHhRkq4=
-70,-3,z/9kBnZnijFKncjyQ+1tk2lTLbE=,nwXWuwUzy95k3jupACNLLHhRkq4=
-72,-1,OP6vNCyVtP3k3+8TRDwpxqHJO6U=,nwXWuwUzy95k3jupACNLLHhRkq4=
-72,-6,OP6vNCyVtP3k3+8TRDwpxqHJO6U=,nwXWuwUzy95k3jupACNLLHhRkq4=
-69,-5,OP6vNCyVtP3k3+8TRDwpxqHJO6U=,nwXWuwUzy95k3jupACNLLHhRkq4=
-72,-5,OP6vNCyVtP3k3+8TRDwpxqHJO6U=,nwXWuwUzy95k3jupACNLLHhRkq4=
-71,-6,tTB1v8VQ6bqd3+3w3EmiwPaPrnQ=,nwXWuwUzy95k3jupACNLLHhRkq4=
-70,-5,tTB1v8VQ6bqd3+3w3EmiwPaPrnQ=,nwXWuwUzy95k3jupACNLLHhRkq4=
-70,-8,tTB1v8VQ6bqd3+3w3EmiwPaPrnQ=,nwXWuwUzy95k3jupACNLLHhRkq4=
-71,-8,tTB1v8VQ6bqd3+3w3EmiwPaPrnQ=,nwXWuwUzy95k3jupACNLLHhRkq4=
-69,-8,tTB1v8VQ6bqd3+3w3EmiwPaPrnQ=,nwXWuwUzy95k3jupACNLLHhRkq4=
-71,-5,tTB1v8VQ6bqd3+3w3EmiwPaPrnQ=,nwXWuwUzy95k3jupACNLLHhRkq4=
-72,-4,bYEOBAPPFy+ax1D/DD8vWVND/ho=,nwXWuwUzy95k3jupACNLLHhRkq4=
-70,-7,bYEOBAPPFy+ax1D/DD8vWVND/ho=,nwXWuwUzy95k3jupACNLLHhRkq4=
-72,-3,bYEOBAPPFy+ax1D/DD8vWVND/ho=,nwXWuwUzy95k3jupACNLLHhRkq4=
-69,-7,bYEOBAPPFy+ax1D/DD8vWVND/ho=,nwXWuwUzy95k3jupACNLLHhRkq4=
-72,-10,bYEOBAPPFy+ax1D/DD8vWVND/ho=,3mQF/DzH03b9DgmQ2ACfxIutNRw=
-72,-2,bYEOBAPPFy+ax1D/DD8vWVND/ho=,nwXWuwUzy95k3jupACNLLHhRkq4=
-72,-11,bYEOBAPPFy+ax1D/DD8vWVND/ho=,3mQF/DzH03b9DgmQ2ACfxIutNRw=
-69,-6,LAdn+UEZFRaOndS1GwyqXNkISgM=,nwXWuwUzy95k3jupACNLLHhRkq4=
-70,-6,LAdn+UEZFRaOndS1GwyqXNkISgM=,nwXWuwUzy95k3jupACNLLHhRkq4=
-71,-7,LAdn+UEZFRaOndS1GwyqXNkISgM=,nwXWuwUzy95k3jupACNLLHhRkq4=
-72,-12,LAdn+UEZFRaOndS1GwyqXNkISgM=,3mQF/DzH03b9DgmQ2ACfxIutNRw=
-69,-4,LAdn+UEZFRaOndS1GwyqXNkISgM=,nwXWuwUzy95k3jupACNLLHhRkq4=
-72,-9,LAdn+UEZFRaOndS1GwyqXNkISgM=,3mQF/DzH03b9DgmQ2ACfxIutNRw=
-70,-4,LAdn+UEZFRaOndS1GwyqXNkISgM=,nwXWuwUzy95k3jupACNLLHhRkq4=
-79,-7,LAdn+UEZFRaOndS1GwyqXNkISgM=,Bm4mN+eNy66SiKwYn+zsoIkmPp0=
-71,-15,LAdn+UEZFRaOndS1GwyqXNkISgM=,3mQF/DzH03b9DgmQ2ACfxIutNRw=
-80,-7,LAdn+UEZFRaOndS1GwyqXNkISgM=,Bm4mN+eNy66SiKwYn+zsoIkmPp0=
-72,-16,LAdn+UEZFRaOndS1GwyqXNkISgM=,3mQF/DzH03b9DgmQ2ACfxIutNRw=
-77,-7,LAdn+UEZFRaOndS1GwyqXNkISgM=,Bm4mN+eNy66SiKwYn+zsoIkmPp0=
-73,-9,LAdn+UEZFRaOndS1GwyqXNkISgM=,uRi3dSU1GXl4d/fCUjkGi9xFBc0=
-78,-7,LAdn+UEZFRaOndS1GwyqXNkISgM=,Bm4mN+eNy66SiKwYn+zsoIkmPp0=
-79,-6,LAdn+UEZFRaOndS1GwyqXNkISgM=,Bm4mN+eNy66SiKwYn+zsoIkmPp0=
-71,-4,LAdn+UEZFRaOndS1GwyqXNkISgM=,nwXWuwUzy95k3jupACNLLHhRkq4=
-73,-7,LAdn+UEZFRaOndS1GwyqXNkISgM=,Bm4mN+eNy66SiKwYn+zsoIkmPp0=
-76,-7,LAdn+UEZFRaOndS1GwyqXNkISgM=,Bm4mN+eNy66SiKwYn+zsoIkmPp0=
-73,-16,LAdn+UEZFRaOndS1GwyqXNkISgM=,uRi3dSU1GXl4d/fCUjkGi9xFBc0=
-75,-7,LAdn+UEZFRaOndS1GwyqXNkISgM=,Bm4mN+eNy66SiKwYn+zsoIkmPp0=
-72,-13,LAdn+UEZFRaOndS1GwyqXNkISgM=,3mQF/DzH03b9DgmQ2ACfxIutNRw=
-69,-3,LAdn+UEZFRaOndS1GwyqXNkISgM=,nwXWuwUzy95k3jupACNLLHhRkq4=
-76,-6,LAdn+UEZFRaOndS1GwyqXNkISgM=,Bm4mN+eNy66SiKwYn+zsoIkmPp0=
-70,-15,LAdn+UEZFRaOndS1GwyqXNkISgM=,3mQF/DzH03b9DgmQ2ACfxIutNRw=
-77,-6,LAdn+UEZFRaOndS1GwyqXNkISgM=,Bm4mN+eNy66SiKwYn+zsoIkmPp0=
-72,-14,LAdn+UEZFRaOndS1GwyqXNkISgM=,3mQF/DzH03b9DgmQ2ACfxIutNRw=
-75,-6,LAdn+UEZFRaOndS1GwyqXNkISgM=,Bm4mN+eNy66SiKwYn+zsoIkmPp0=
-74,-7,LAdn+UEZFRaOndS1GwyqXNkISgM=,Bm4mN+eNy66SiKwYn+zsoIkmPp0=
-74,-9,LAdn+UEZFRaOndS1GwyqXNkISgM=,uRi3dSU1GXl4d/fCUjkGi9xFBc0=
-78,-6,LAdn+UEZFRaOndS1GwyqXNkISgM=,Bm4mN+eNy66SiKwYn+zsoIkmPp0=
-72,-15,LAdn+UEZFRaOndS1GwyqXNkISgM=,3mQF/DzH03b9DgmQ2ACfxIutNRw=
-80,-6,LAdn+UEZFRaOndS1GwyqXNkISgM=,Bm4mN+eNy66SiKwYn+zsoIkmPp0=
-69,-16,LAdn+UEZFRaOndS1GwyqXNkISgM=,3mQF/DzH03b9DgmQ2ACfxIutNRw=
-75,-9,LAdn+UEZFRaOndS1GwyqXNkISgM=,uRi3dSU1GXl4d/fCUjkGi9xFBc0=
-70,-16,LAdn+UEZFRaOndS1GwyqXNkISgM=,3mQF/DzH03b9DgmQ2ACfxIutNRw=
-76,-9,LAdn+UEZFRaOndS1GwyqXNkISgM=,uRi3dSU1GXl4d/fCUjkGi9xFBc0=
-70,-9,LAdn+UEZFRaOndS1GwyqXNkISgM=,3mQF/DzH03b9DgmQ2ACfxIutNRw=
-71,-9,LAdn+UEZFRaOndS1GwyqXNkISgM=,3mQF/DzH03b9DgmQ2ACfxIutNRw=
-69,-9,LAdn+UEZFRaOndS1GwyqXNkISgM=,3mQF/DzH03b9DgmQ2ACfxIutNRw=
-71,-16,LAdn+UEZFRaOndS1GwyqXNkISgM=,3mQF/DzH03b9DgmQ2ACfxIutNRw=
-69,-10,LAdn+UEZFRaOndS1GwyqXNkISgM=,3mQF/DzH03b9DgmQ2ACfxIutNRw=
-77,-9,LAdn+UEZFRaOndS1GwyqXNkISgM=,uRi3dSU1GXl4d/fCUjkGi9xFBc0=
-70,-10,LAdn+UEZFRaOndS1GwyqXNkISgM=,3mQF/DzH03b9DgmQ2ACfxIutNRw=
-70,-11,LAdn+UEZFRaOndS1GwyqXNkISgM=,3mQF/DzH03b9DgmQ2ACfxIutNRw=
-71,-10,LAdn+UEZFRaOndS1GwyqXNkISgM=,3mQF/DzH03b9DgmQ2ACfxIutNRw=
-71,-11,LAdn+UEZFRaOndS1GwyqXNkISgM=,3mQF/DzH03b9DgmQ2ACfxIutNRw=
-70,-12,LAdn+UEZFRaOndS1GwyqXNkISgM=,3mQF/DzH03b9DgmQ2ACfxIutNRw=
-69,-14,LAdn+UEZFRaOndS1GwyqXNkISgM=,3mQF/DzH03b9DgmQ2ACfxIutNRw=
-71,-12,LAdn+UEZFRaOndS1GwyqXNkISgM=,3mQF/DzH03b9DgmQ2ACfxIutNRw=
-71,-13,LAdn+UEZFRaOndS1GwyqXNkISgM=,3mQF/DzH03b9DgmQ2ACfxIutNRw=
-70,-13,LAdn+UEZFRaOndS1GwyqXNkISgM=,3mQF/DzH03b9DgmQ2ACfxIutNRw=
-71,-14,LAdn+UEZFRaOndS1GwyqXNkISgM=,3mQF/DzH03b9DgmQ2ACfxIutNRw=
-69,-12,LAdn+UEZFRaOndS1GwyqXNkISgM=,3mQF/DzH03b9DgmQ2ACfxIutNRw=
-69,-11,LAdn+UEZFRaOndS1GwyqXNkISgM=,3mQF/DzH03b9DgmQ2ACfxIutNRw=
-75,-2,LAdn+UEZFRaOndS1GwyqXNkISgM=,Bm4mN+eNy66SiKwYn+zsoIkmPp0=
-70,-14,LAdn+UEZFRaOndS1GwyqXNkISgM=,3mQF/DzH03b9DgmQ2ACfxIutNRw=
-69,-13,LAdn+UEZFRaOndS1GwyqXNkISgM=,3mQF/DzH03b9DgmQ2ACfxIutNRw=
-74,-2,LAdn+UEZFRaOndS1GwyqXNkISgM=,Bm4mN+eNy66SiKwYn+zsoIkmPp0=
-78,-9,LAdn+UEZFRaOndS1GwyqXNkISgM=,uRi3dSU1GXl4d/fCUjkGi9xFBc0=
-73,-6,LAdn+UEZFRaOndS1GwyqXNkISgM=,Bm4mN+eNy66SiKwYn+zsoIkmPp0=
-75,-1,LAdn+UEZFRaOndS1GwyqXNkISgM=,Bm4mN+eNy66SiKwYn+zsoIkmPp0=
-69,-15,LAdn+UEZFRaOndS1GwyqXNkISgM=,3mQF/DzH03b9DgmQ2ACfxIutNRw=
-79,-9,LAdn+UEZFRaOndS1GwyqXNkISgM=,uRi3dSU1GXl4d/fCUjkGi9xFBc0=
-74,-1,LAdn+UEZFRaOndS1GwyqXNkISgM=,Bm4mN+eNy66SiKwYn+zsoIkmPp0=
-80,-5,LAdn+UEZFRaOndS1GwyqXNkISgM=,Bm4mN+eNy66SiKwYn+zsoIkmPp0=
-79,-5,LAdn+UEZFRaOndS1GwyqXNkISgM=,Bm4mN+eNy66SiKwYn+zsoIkmPp0=
-76,-1,LAdn+UEZFRaOndS1GwyqXNkISgM=,Bm4mN+eNy66SiKwYn+zsoIkmPp0=
-74,-6,LAdn+UEZFRaOndS1GwyqXNkISgM=,Bm4mN+eNy66SiKwYn+zsoIkmPp0=
-74,-4,LAdn+UEZFRaOndS1GwyqXNkISgM=,Bm4mN+eNy66SiKwYn+zsoIkmPp0=
-75,-4,LAdn+UEZFRaOndS1GwyqXNkISgM=,Bm4mN+eNy66SiKwYn+zsoIkmPp0=
-76,-4,LAdn+UEZFRaOndS1GwyqXNkISgM=,Bm4mN+eNy66SiKwYn+zsoIkmPp0=
-74,-16,LAdn+UEZFRaOndS1GwyqXNkISgM=,uRi3dSU1GXl4d/fCUjkGi9xFBc0=
-75,-16,LAdn+UEZFRaOndS1GwyqXNkISgM=,uRi3dSU1GXl4d/fCUjkGi9xFBc0=
-80,-9,LAdn+UEZFRaOndS1GwyqXNkISgM=,uRi3dSU1GXl4d/fCUjkGi9xFBc0=
-73,-10,LAdn+UEZFRaOndS1GwyqXNkISgM=,uRi3dSU1GXl4d/fCUjkGi9xFBc0=
-74,-10,LAdn+UEZFRaOndS1GwyqXNkISgM=,uRi3dSU1GXl4d/fCUjkGi9xFBc0=
-73,-2,LAdn+UEZFRaOndS1GwyqXNkISgM=,Bm4mN+eNy66SiKwYn+zsoIkmPp0=
-75,-10,LAdn+UEZFRaOndS1GwyqXNkISgM=,uRi3dSU1GXl4d/fCUjkGi9xFBc0=
-78,-10,LAdn+UEZFRaOndS1GwyqXNkISgM=,uRi3dSU1GXl4d/fCUjkGi9xFBc0=
-76,-10,LAdn+UEZFRaOndS1GwyqXNkISgM=,uRi3dSU1GXl4d/fCUjkGi9xFBc0=
-77,-10,LAdn+UEZFRaOndS1GwyqXNkISgM=,uRi3dSU1GXl4d/fCUjkGi9xFBc0=
-80,-10,LAdn+UEZFRaOndS1GwyqXNkISgM=,uRi3dSU1GXl4d/fCUjkGi9xFBc0=
-73,-11,LAdn+UEZFRaOndS1GwyqXNkISgM=,uRi3dSU1GXl4d/fCUjkGi9xFBc0=
-79,-10,LAdn+UEZFRaOndS1GwyqXNkISgM=,uRi3dSU1GXl4d/fCUjkGi9xFBc0=
-76,-16,LAdn+UEZFRaOndS1GwyqXNkISgM=,uRi3dSU1GXl4d/fCUjkGi9xFBc0=
-75,-11,LAdn+UEZFRaOndS1GwyqXNkISgM=,uRi3dSU1GXl4d/fCUjkGi9xFBc0=
-76,-11,LAdn+UEZFRaOndS1GwyqXNkISgM=,uRi3dSU1GXl4d/fCUjkGi9xFBc0=
-77,-11,LAdn+UEZFRaOndS1GwyqXNkISgM=,uRi3dSU1GXl4d/fCUjkGi9xFBc0=
-74,-11,LAdn+UEZFRaOndS1GwyqXNkISgM=,uRi3dSU1GXl4d/fCUjkGi9xFBc0=
-73,-12,LAdn+UEZFRaOndS1GwyqXNkISgM=,uRi3dSU1GXl4d/fCUjkGi9xFBc0=
-80,-11,LAdn+UEZFRaOndS1GwyqXNkISgM=,uRi3dSU1GXl4d/fCUjkGi9xFBc0=
-79,-11,LAdn+UEZFRaOndS1GwyqXNkISgM=,uRi3dSU1GXl4d/fCUjkGi9xFBc0=
-74,-12,LAdn+UEZFRaOndS1GwyqXNkISgM=,uRi3dSU1GXl4d/fCUjkGi9xFBc0=
-75,-12,LAdn+UEZFRaOndS1GwyqXNkISgM=,uRi3dSU1GXl4d/fCUjkGi9xFBc0=
-77,-12,LAdn+UEZFRaOndS1GwyqXNkISgM=,uRi3dSU1GXl4d/fCUjkGi9xFBc0=
-76,-12,LAdn+UEZFRaOndS1GwyqXNkISgM=,uRi3dSU1GXl4d/fCUjkGi9xFBc0=
-78,-11,LAdn+UEZFRaOndS1GwyqXNkISgM=,uRi3dSU1GXl4d/fCUjkGi9xFBc0=
-78,-12,LAdn+UEZFRaOndS1GwyqXNkISgM=,uRi3dSU1GXl4d/fCUjkGi9xFBc0=
-79,-12,LAdn+UEZFRaOndS1GwyqXNkISgM=,uRi3dSU1GXl4d/fCUjkGi9xFBc0=
-80,-12,LAdn+UEZFRaOndS1GwyqXNkISgM=,uRi3dSU1GXl4d/fCUjkGi9xFBc0=
-74,-13,LAdn+UEZFRaOndS1GwyqXNkISgM=,uRi3dSU1GXl4d/fCUjkGi9xFBc0=
-75,-13,LAdn+UEZFRaOndS1GwyqXNkISgM=,uRi3dSU1GXl4d/fCUjkGi9xFBc0=
-73,-13,LAdn+UEZFRaOndS1GwyqXNkISgM=,uRi3dSU1GXl4d/fCUjkGi9xFBc0=
-76,-13,LAdn+UEZFRaOndS1GwyqXNkISgM=,uRi3dSU1GXl4d/fCUjkGi9xFBc0=
-73,-8,LAdn+UEZFRaOndS1GwyqXNkISgM=,Bm4mN+eNy66SiKwYn+zsoIkmPp0=
-75,-8,LAdn+UEZFRaOndS1GwyqXNkISgM=,Bm4mN+eNy66SiKwYn+zsoIkmPp0=
-74,-8,LAdn+UEZFRaOndS1GwyqXNkISgM=,Bm4mN+eNy66SiKwYn+zsoIkmPp0=
-77,-8,LAdn+UEZFRaOndS1GwyqXNkISgM=,Bm4mN+eNy66SiKwYn+zsoIkmPp0=
-76,-14,LAdn+UEZFRaOndS1GwyqXNkISgM=,uRi3dSU1GXl4d/fCUjkGi9xFBc0=
-73,-14,LAdn+UEZFRaOndS1GwyqXNkISgM=,uRi3dSU1GXl4d/fCUjkGi9xFBc0=
-78,-8,LAdn+UEZFRaOndS1GwyqXNkISgM=,Bm4mN+eNy66SiKwYn+zsoIkmPp0=
-76,-8,LAdn+UEZFRaOndS1GwyqXNkISgM=,Bm4mN+eNy66SiKwYn+zsoIkmPp0=
-74,-14,LAdn+UEZFRaOndS1GwyqXNkISgM=,uRi3dSU1GXl4d/fCUjkGi9xFBc0=
-79,-8,LAdn+UEZFRaOndS1GwyqXNkISgM=,Bm4mN+eNy66SiKwYn+zsoIkmPp0=
-73,-15,LAdn+UEZFRaOndS1GwyqXNkISgM=,uRi3dSU1GXl4d/fCUjkGi9xFBc0=
-75,-15,LAdn+UEZFRaOndS1GwyqXNkISgM=,uRi3dSU1GXl4d/fCUjkGi9xFBc0=
-80,-8,LAdn+UEZFRaOndS1GwyqXNkISgM=,Bm4mN+eNy66SiKwYn+zsoIkmPp0=
-75,-14,LAdn+UEZFRaOndS1GwyqXNkISgM=,uRi3dSU1GXl4d/fCUjkGi9xFBc0=
-75,-5,LAdn+UEZFRaOndS1GwyqXNkISgM=,Bm4mN+eNy66SiKwYn+zsoIkmPp0=
-74,-5,LAdn+UEZFRaOndS1GwyqXNkISgM=,Bm4mN+eNy66SiKwYn+zsoIkmPp0=
-75,-3,LAdn+UEZFRaOndS1GwyqXNkISgM=,Bm4mN+eNy66SiKwYn+zsoIkmPp0=
-76,-15,LAdn+UEZFRaOndS1GwyqXNkISgM=,uRi3dSU1GXl4d/fCUjkGi9xFBc0=
-77,-5,LAdn+UEZFRaOndS1GwyqXNkISgM=,Bm4mN+eNy66SiKwYn+zsoIkmPp0=
-74,-3,LAdn+UEZFRaOndS1GwyqXNkISgM=,Bm4mN+eNy66SiKwYn+zsoIkmPp0=
-76,-5,LAdn+UEZFRaOndS1GwyqXNkISgM=,Bm4mN+eNy66SiKwYn+zsoIkmPp0=
-78,-5,LAdn+UEZFRaOndS1GwyqXNkISgM=,Bm4mN+eNy66SiKwYn+zsoIkmPp0=
-73,-4,LAdn+UEZFRaOndS1GwyqXNkISgM=,Bm4mN+eNy66SiKwYn+zsoIkmPp0=
-74,-15,LAdn+UEZFRaOndS1GwyqXNkISgM=,uRi3dSU1GXl4d/fCUjkGi9xFBc0=
-73,-3,LAdn+UEZFRaOndS1GwyqXNkISgM=,Bm4mN+eNy66SiKwYn+zsoIkmPp0=
-73,-5,LAdn+UEZFRaOndS1GwyqXNkISgM=,Bm4mN+eNy66SiKwYn+zsoIkmPp0=
-76,-3,LAdn+UEZFRaOndS1GwyqXNkISgM=,Bm4mN+eNy66SiKwYn+zsoIkmPp0=
-80,-16,LAdn+UEZFRaOndS1GwyqXNkISgM=,uRi3dSU1GXl4d/fCUjkGi9xFBc0=
-80,-1,LAdn+UEZFRaOndS1GwyqXNkISgM=,Bm4mN+eNy66SiKwYn+zsoIkmPp0=
-77,-15,LAdn+UEZFRaOndS1GwyqXNkISgM=,uRi3dSU1GXl4d/fCUjkGi9xFBc0=
-78,-1,LAdn+UEZFRaOndS1GwyqXNkISgM=,Bm4mN+eNy66SiKwYn+zsoIkmPp0=
-77,-2,LAdn+UEZFRaOndS1GwyqXNkISgM=,Bm4mN+eNy66SiKwYn+zsoIkmPp0=
-79,-4,LAdn+UEZFRaOndS1GwyqXNkISgM=,Bm4mN+eNy66SiKwYn+zsoIkmPp0=
-78,-15,LAdn+UEZFRaOndS1GwyqXNkISgM=,uRi3dSU1GXl4d/fCUjkGi9xFBc0=
-79,-15,LAdn+UEZFRaOndS1GwyqXNkISgM=,uRi3dSU1GXl4d/fCUjkGi9xFBc0=
-78,-2,LAdn+UEZFRaOndS1GwyqXNkISgM=,Bm4mN+eNy66SiKwYn+zsoIkmPp0=
-80,-3,LAdn+UEZFRaOndS1GwyqXNkISgM=,Bm4mN+eNy66SiKwYn+zsoIkmPp0=
-77,-4,LAdn+UEZFRaOndS1GwyqXNkISgM=,Bm4mN+eNy66SiKwYn+zsoIkmPp0=
-80,-15,LAdn+UEZFRaOndS1GwyqXNkISgM=,uRi3dSU1GXl4d/fCUjkGi9xFBc0=
-77,-1,LAdn+UEZFRaOndS1GwyqXNkISgM=,Bm4mN+eNy66SiKwYn+zsoIkmPp0=
-79,-1,LAdn+UEZFRaOndS1GwyqXNkISgM=,Bm4mN+eNy66SiKwYn+zsoIkmPp0=
-80,-14,LAdn+UEZFRaOndS1GwyqXNkISgM=,uRi3dSU1GXl4d/fCUjkGi9xFBc0=
-78,-4,LAdn+UEZFRaOndS1GwyqXNkISgM=,Bm4mN+eNy66SiKwYn+zsoIkmPp0=
-79,-2,LAdn+UEZFRaOndS1GwyqXNkISgM=,Bm4mN+eNy66SiKwYn+zsoIkmPp0=
-80,-4,LAdn+UEZFRaOndS1GwyqXNkISgM=,Bm4mN+eNy66SiKwYn+zsoIkmPp0=
-79,-14,LAdn+UEZFRaOndS1GwyqXNkISgM=,uRi3dSU1GXl4d/fCUjkGi9xFBc0=
-78,-16,LAdn+UEZFRaOndS1GwyqXNkISgM=,uRi3dSU1GXl4d/fCUjkGi9xFBc0=
-77,-16,LAdn+UEZFRaOndS1GwyqXNkISgM=,uRi3dSU1GXl4d/fCUjkGi9xFBc0=
-79,-16,LAdn+UEZFRaOndS1GwyqXNkISgM=,uRi3dSU1GXl4d/fCUjkGi9xFBc0=
-80,-2,LAdn+UEZFRaOndS1GwyqXNkISgM=,Bm4mN+eNy66SiKwYn+zsoIkmPp0=
-78,-13,LAdn+UEZFRaOndS1GwyqXNkISgM=,uRi3dSU1GXl4d/fCUjkGi9xFBc0=
-77,-14,LAdn+UEZFRaOndS1GwyqXNkISgM=,uRi3dSU1GXl4d/fCUjkGi9xFBc0=
-77,-13,LAdn+UEZFRaOndS1GwyqXNkISgM=,uRi3dSU1GXl4d/fCUjkGi9xFBc0=
-79,-13,LAdn+UEZFRaOndS1GwyqXNkISgM=,uRi3dSU1GXl4d/fCUjkGi9xFBc0=
-77,-3,LAdn+UEZFRaOndS1GwyqXNkISgM=,Bm4mN+eNy66SiKwYn+zsoIkmPp0=
-78,-14,LAdn+UEZFRaOndS1GwyqXNkISgM=,uRi3dSU1GXl4d/fCUjkGi9xFBc0=
-80,-13,LAdn+UEZFRaOndS1GwyqXNkISgM=,uRi3dSU1GXl4d/fCUjkGi9xFBc0=
-79,-3,LAdn+UEZFRaOndS1GwyqXNkISgM=,Bm4mN+eNy66SiKwYn+zsoIkmPp0=
-78,-3,LAdn+UEZFRaOndS1GwyqXNkISgM=,Bm4mN+eNy66SiKwYn+zsoIkmPp0=
-65,-13,LAdn+UEZFRaOndS1GwyqXNkISgM=,3mQF/DzH03b9DgmQ2ACfxIutNRw=
-67,-15,LAdn+UEZFRaOndS1GwyqXNkISgM=,3mQF/DzH03b9DgmQ2ACfxIutNRw=
-65,-16,LAdn+UEZFRaOndS1GwyqXNkISgM=,3mQF/DzH03b9DgmQ2ACfxIutNRw=
-66,-15,LAdn+UEZFRaOndS1GwyqXNkISgM=,3mQF/DzH03b9DgmQ2ACfxIutNRw=
-68,-15,LAdn+UEZFRaOndS1GwyqXNkISgM=,3mQF/DzH03b9DgmQ2ACfxIutNRw=
-65,-14,LAdn+UEZFRaOndS1GwyqXNkISgM=,3mQF/DzH03b9DgmQ2ACfxIutNRw=
-66,-14,LAdn+UEZFRaOndS1GwyqXNkISgM=,3mQF/DzH03b9DgmQ2ACfxIutNRw=
-68,-14,LAdn+UEZFRaOndS1GwyqXNkISgM=,3mQF/DzH03b9DgmQ2ACfxIutNRw=
-67,-14,LAdn+UEZFRaOndS1GwyqXNkISgM=,3mQF/DzH03b9DgmQ2ACfxIutNRw=
-65,-15,LAdn+UEZFRaOndS1GwyqXNkISgM=,3mQF/DzH03b9DgmQ2ACfxIutNRw=
-67,-13,LAdn+UEZFRaOndS1GwyqXNkISgM=,3mQF/DzH03b9DgmQ2ACfxIutNRw=
-68,-13,LAdn+UEZFRaOndS1GwyqXNkISgM=,3mQF/DzH03b9DgmQ2ACfxIutNRw=
-68,-16,LAdn+UEZFRaOndS1GwyqXNkISgM=,3mQF/DzH03b9DgmQ2ACfxIutNRw=
-67,-16,LAdn+UEZFRaOndS1GwyqXNkISgM=,3mQF/DzH03b9DgmQ2ACfxIutNRw=
-66,-16,LAdn+UEZFRaOndS1GwyqXNkISgM=,3mQF/DzH03b9DgmQ2ACfxIutNRw=
-66,-13,LAdn+UEZFRaOndS1GwyqXNkISgM=,3mQF/DzH03b9DgmQ2ACfxIutNRw=
-65,-9,LAdn+UEZFRaOndS1GwyqXNkISgM=,3mQF/DzH03b9DgmQ2ACfxIutNRw=
-65,-10,LAdn+UEZFRaOndS1GwyqXNkISgM=,3mQF/DzH03b9DgmQ2ACfxIutNRw=
-65,-6,LAdn+UEZFRaOndS1GwyqXNkISgM=,nwXWuwUzy95k3jupACNLLHhRkq4=
-66,-4,LAdn+UEZFRaOndS1GwyqXNkISgM=,nwXWuwUzy95k3jupACNLLHhRkq4=
-65,-11,LAdn+UEZFRaOndS1GwyqXNkISgM=,3mQF/DzH03b9DgmQ2ACfxIutNRw=
-67,-8,LAdn+UEZFRaOndS1GwyqXNkISgM=,nwXWuwUzy95k3jupACNLLHhRkq4=
-68,-8,LAdn+UEZFRaOndS1GwyqXNkISgM=,nwXWuwUzy95k3jupACNLLHhRkq4=
-66,-8,LAdn+UEZFRaOndS1GwyqXNkISgM=,nwXWuwUzy95k3jupACNLLHhRkq4=
-65,-12,LAdn+UEZFRaOndS1GwyqXNkISgM=,3mQF/DzH03b9DgmQ2ACfxIutNRw=
-65,-5,LAdn+UEZFRaOndS1GwyqXNkISgM=,nwXWuwUzy95k3jupACNLLHhRkq4=
-68,-6,LAdn+UEZFRaOndS1GwyqXNkISgM=,nwXWuwUzy95k3jupACNLLHhRkq4=
-66,-9,LAdn+UEZFRaOndS1GwyqXNkISgM=,3mQF/DzH03b9DgmQ2ACfxIutNRw=
-67,-6,LAdn+UEZFRaOndS1GwyqXNkISgM=,nwXWuwUzy95k3jupACNLLHhRkq4=
-68,-5,LAdn+UEZFRaOndS1GwyqXNkISgM=,nwXWuwUzy95k3jupACNLLHhRkq4=
-67,-9,LAdn+UEZFRaOndS1GwyqXNkISgM=,3mQF/DzH03b9DgmQ2ACfxIutNRw=
-68,-9,LAdn+UEZFRaOndS1GwyqXNkISgM=,3mQF/DzH03b9DgmQ2ACfxIutNRw=
-68,-12,LAdn+UEZFRaOndS1GwyqXNkISgM=,3mQF/DzH03b9DgmQ2ACfxIutNRw=
-67,-5,LAdn+UEZFRaOndS1GwyqXNkISgM=,nwXWuwUzy95k3jupACNLLHhRkq4=
-65,-2,LAdn+UEZFRaOndS1GwyqXNkISgM=,nwXWuwUzy95k3jupACNLLHhRkq4=
-68,-2,LAdn+UEZFRaOndS1GwyqXNkISgM=,nwXWuwUzy95k3jupACNLLHhRkq4=
-68,-7,LAdn+UEZFRaOndS1GwyqXNkISgM=,nwXWuwUzy95k3jupACNLLHhRkq4=
-66,-10,LAdn+UEZFRaOndS1GwyqXNkISgM=,3mQF/DzH03b9DgmQ2ACfxIutNRw=
-67,-12,LAdn+UEZFRaOndS1GwyqXNkISgM=,3mQF/DzH03b9DgmQ2ACfxIutNRw=
-65,-3,LAdn+UEZFRaOndS1GwyqXNkISgM=,nwXWuwUzy95k3jupACNLLHhRkq4=
-66,-12,LAdn+UEZFRaOndS1GwyqXNkISgM=,3mQF/DzH03b9DgmQ2ACfxIutNRw=
-67,-10,LAdn+UEZFRaOndS1GwyqXNkISgM=,3mQF/DzH03b9DgmQ2ACfxIutNRw=
-68,-3,LAdn+UEZFRaOndS1GwyqXNkISgM=,nwXWuwUzy95k3jupACNLLHhRkq4=
-67,-2,LAdn+UEZFRaOndS1GwyqXNkISgM=,nwXWuwUzy95k3jupACNLLHhRkq4=
-68,-10,LAdn+UEZFRaOndS1GwyqXNkISgM=,3mQF/DzH03b9DgmQ2ACfxIutNRw=
-65,-7,LAdn+UEZFRaOndS1GwyqXNkISgM=,nwXWuwUzy95k3jupACNLLHhRkq4=
-66,-2,LAdn+UEZFRaOndS1GwyqXNkISgM=,nwXWuwUzy95k3jupACNLLHhRkq4=
-67,-7,LAdn+UEZFRaOndS1GwyqXNkISgM=,nwXWuwUzy95k3jupACNLLHhRkq4=
-66,-6,LAdn+UEZFRaOndS1GwyqXNkISgM=,nwXWuwUzy95k3jupACNLLHhRkq4=
-66,-11,LAdn+UEZFRaOndS1GwyqXNkISgM=,3mQF/DzH03b9DgmQ2ACfxIutNRw=
-68,-11,LAdn+UEZFRaOndS1GwyqXNkISgM=,3mQF/DzH03b9DgmQ2ACfxIutNRw=
-67,-11,LAdn+UEZFRaOndS1GwyqXNkISgM=,3mQF/DzH03b9DgmQ2ACfxIutNRw=
-66,-7,LAdn+UEZFRaOndS1GwyqXNkISgM=,nwXWuwUzy95k3jupACNLLHhRkq4=
-66,-5,LAdn+UEZFRaOndS1GwyqXNkISgM=,nwXWuwUzy95k3jupACNLLHhRkq4=
-67,-3,LAdn+UEZFRaOndS1GwyqXNkISgM=,nwXWuwUzy95k3jupACNLLHhRkq4=
-66,-3,LAdn+UEZFRaOndS1GwyqXNkISgM=,nwXWuwUzy95k3jupACNLLHhRkq4=
-68,-4,LAdn+UEZFRaOndS1GwyqXNkISgM=,nwXWuwUzy95k3jupACNLLHhRkq4=
-65,-1,LAdn+UEZFRaOndS1GwyqXNkISgM=,nwXWuwUzy95k3jupACNLLHhRkq4=
-67,-4,LAdn+UEZFRaOndS1GwyqXNkISgM=,nwXWuwUzy95k3jupACNLLHhRkq4=
-65,-8,LAdn+UEZFRaOndS1GwyqXNkISgM=,nwXWuwUzy95k3jupACNLLHhRkq4=
-65,-4,LAdn+UEZFRaOndS1GwyqXNkISgM=,nwXWuwUzy95k3jupACNLLHhRkq4=
-66,-1,LAdn+UEZFRaOndS1GwyqXNkISgM=,nwXWuwUzy95k3jupACNLLHhRkq4=
-68,-1,LAdn+UEZFRaOndS1GwyqXNkISgM=,nwXWuwUzy95k3jupACNLLHhRkq4=
-67,-1,LAdn+UEZFRaOndS1GwyqXNkISgM=,nwXWuwUzy95k3jupACNLLHhRkq4=
-69,-17,eCHvYL6nhEyovJc25YFEaHJAOzo=,hAd7PzeFwcx+X5tmv6087813Lfg=
-76,-18,eCHvYL6nhEyovJc25YFEaHJAOzo=,P2vReZ3DP1q0nFBwkoVLegWhB1o=
-69,-20,eCHvYL6nhEyovJc25YFEaHJAOzo=,hAd7PzeFwcx+X5tmv6087813Lfg=
-73,-17,XVjUUXTvqjD03+/n29xLyQDy01E=,P2vReZ3DP1q0nFBwkoVLegWhB1o=
-75,-18,XVjUUXTvqjD03+/n29xLyQDy01E=,P2vReZ3DP1q0nFBwkoVLegWhB1o=
-74,-18,XVjUUXTvqjD03+/n29xLyQDy01E=,P2vReZ3DP1q0nFBwkoVLegWhB1o=
-75,-17,XVjUUXTvqjD03+/n29xLyQDy01E=,P2vReZ3DP1q0nFBwkoVLegWhB1o=
-76,-17,XVjUUXTvqjD03+/n29xLyQDy01E=,P2vReZ3DP1q0nFBwkoVLegWhB1o=
-72,-18,XVjUUXTvqjD03+/n29xLyQDy01E=,hAd7PzeFwcx+X5tmv6087813Lfg=
-74,-17,XVjUUXTvqjD03+/n29xLyQDy01E=,P2vReZ3DP1q0nFBwkoVLegWhB1o=
-76,-20,EYncgePVZn2MHiGYXajd1pLkuNM=,P2vReZ3DP1q0nFBwkoVLegWhB1o=
-73,-20,EYncgePVZn2MHiGYXajd1pLkuNM=,P2vReZ3DP1q0nFBwkoVLegWhB1o=
-71,-18,EYncgePVZn2MHiGYXajd1pLkuNM=,hAd7PzeFwcx+X5tmv6087813Lfg=
-75,-20,EYncgePVZn2MHiGYXajd1pLkuNM=,P2vReZ3DP1q0nFBwkoVLegWhB1o=
-74,-20,EYncgePVZn2MHiGYXajd1pLkuNM=,P2vReZ3DP1q0nFBwkoVLegWhB1o=
-73,-18,rWTSBlDsgBGMPgjx3mTiSO74OJk=,P2vReZ3DP1q0nFBwkoVLegWhB1o=
-70,-18,rWTSBlDsgBGMPgjx3mTiSO74OJk=,hAd7PzeFwcx+X5tmv6087813Lfg=
-76,-19,rWTSBlDsgBGMPgjx3mTiSO74OJk=,P2vReZ3DP1q0nFBwkoVLegWhB1o=
-75,-19,rWTSBlDsgBGMPgjx3mTiSO74OJk=,P2vReZ3DP1q0nFBwkoVLegWhB1o=
-73,-19,rWTSBlDsgBGMPgjx3mTiSO74OJk=,P2vReZ3DP1q0nFBwkoVLegWhB1o=
-74,-19,rWTSBlDsgBGMPgjx3mTiSO74OJk=,P2vReZ3DP1q0nFBwkoVLegWhB1o=
-69,-18,DRL2LNSVves89fV4iQKOkI6l0BQ=,hAd7PzeFwcx+X5tmv6087813Lfg=
-72,-20,DRL2LNSVves89fV4iQKOkI6l0BQ=,hAd7PzeFwcx+X5tmv6087813Lfg=
-72,-24,DRL2LNSVves89fV4iQKOkI6l0BQ=,hAd7PzeFwcx+X5tmv6087813Lfg=
-72,-19,DRL2LNSVves89fV4iQKOkI6l0BQ=,hAd7PzeFwcx+X5tmv6087813Lfg=
-70,-20,DRL2LNSVves89fV4iQKOkI6l0BQ=,hAd7PzeFwcx+X5tmv6087813Lfg=
-71,-20,DRL2LNSVves89fV4iQKOkI6l0BQ=,hAd7PzeFwcx+X5tmv6087813Lfg=
-69,-19,DRL2LNSVves89fV4iQKOkI6l0BQ=,hAd7PzeFwcx+X5tmv6087813Lfg=
-69,-24,DRL2LNSVves89fV4iQKOkI6l0BQ=,hAd7PzeFwcx+X5tmv6087813Lfg=
-71,-19,pleQph+aqn43uSbD3DIV8MvdGFQ=,hAd7PzeFwcx+X5tmv6087813Lfg=
-70,-19,pleQph+aqn43uSbD3DIV8MvdGFQ=,hAd7PzeFwcx+X5tmv6087813Lfg=
-72,-17,pleQph+aqn43uSbD3DIV8MvdGFQ=,hAd7PzeFwcx+X5tmv6087813Lfg=
-71,-17,pleQph+aqn43uSbD3DIV8MvdGFQ=,hAd7PzeFwcx+X5tmv6087813Lfg=
-70,-24,pleQph+aqn43uSbD3DIV8MvdGFQ=,hAd7PzeFwcx+X5tmv6087813Lfg=
-70,-17,pleQph+aqn43uSbD3DIV8MvdGFQ=,hAd7PzeFwcx+X5tmv6087813Lfg=
-72,-28,pleQph+aqn43uSbD3DIV8MvdGFQ=,V30W4LXxkDNnHyBZ2TMUpyoE610=
-79,-23,pleQph+aqn43uSbD3DIV8MvdGFQ=,P2vReZ3DP1q0nFBwkoVLegWhB1o=
-73,-28,pleQph+aqn43uSbD3DIV8MvdGFQ=,UYsyQAiRijiErQVS6+ETw1YtmTQ=
-69,-25,pleQph+aqn43uSbD3DIV8MvdGFQ=,V30W4LXxkDNnHyBZ2TMUpyoE610=
-71,-24,TF50uCnOT/APmxfoz7cZKNRb3Ts=,hAd7PzeFwcx+X5tmv6087813Lfg=
-78,-23,TF50uCnOT/APmxfoz7cZKNRb3Ts=,P2vReZ3DP1q0nFBwkoVLegWhB1o=
-71,-28,TF50uCnOT/APmxfoz7cZKNRb3Ts=,V30W4LXxkDNnHyBZ2TMUpyoE610=
-74,-28,TF50uCnOT/APmxfoz7cZKNRb3Ts=,UYsyQAiRijiErQVS6+ETw1YtmTQ=
-70,-25,TF50uCnOT/APmxfoz7cZKNRb3Ts=,V30W4LXxkDNnHyBZ2TMUpyoE610=
-70,-23,TF50uCnOT/APmxfoz7cZKNRb3Ts=,hAd7PzeFwcx+X5tmv6087813Lfg=
-70,-28,TF50uCnOT/APmxfoz7cZKNRb3Ts=,V30W4LXxkDNnHyBZ2TMUpyoE610=
-77,-23,TF50uCnOT/APmxfoz7cZKNRb3Ts=,P2vReZ3DP1q0nFBwkoVLegWhB1o=
-75,-28,NhrJu8XkyaCnjDl2yY4ZUSvAw0E=,UYsyQAiRijiErQVS6+ETw1YtmTQ=
-71,-25,NhrJu8XkyaCnjDl2yY4ZUSvAw0E=,V30W4LXxkDNnHyBZ2TMUpyoE610=
-71,-27,NhrJu8XkyaCnjDl2yY4ZUSvAw0E=,V30W4LXxkDNnHyBZ2TMUpyoE610=
-69,-28,NhrJu8XkyaCnjDl2yY4ZUSvAw0E=,V30W4LXxkDNnHyBZ2TMUpyoE610=
-71,-21,NhrJu8XkyaCnjDl2yY4ZUSvAw0E=,hAd7PzeFwcx+X5tmv6087813Lfg=
-69,-26,NhrJu8XkyaCnjDl2yY4ZUSvAw0E=,V30W4LXxkDNnHyBZ2TMUpyoE610=
-76,-28,NhrJu8XkyaCnjDl2yY4ZUSvAw0E=,UYsyQAiRijiErQVS6+ETw1YtmTQ=
-70,-27,NhrJu8XkyaCnjDl2yY4ZUSvAw0E=,V30W4LXxkDNnHyBZ2TMUpyoE610=
-76,-23,G3sIHtTFkY3uX1hYCR2QpsFuog8=,P2vReZ3DP1q0nFBwkoVLegWhB1o=
-70,-26,G3sIHtTFkY3uX1hYCR2QpsFuog8=,V30W4LXxkDNnHyBZ2TMUpyoE610=
-69,-21,G3sIHtTFkY3uX1hYCR2QpsFuog8=,hAd7PzeFwcx+X5tmv6087813Lfg=
-71,-26,G3sIHtTFkY3uX1hYCR2QpsFuog8=,V30W4LXxkDNnHyBZ2TMUpyoE610=
-69,-27,G3sIHtTFkY3uX1hYCR2QpsFuog8=,V30W4LXxkDNnHyBZ2TMUpyoE610=
-71,-23,G3sIHtTFkY3uX1hYCR2QpsFuog8=,hAd7PzeFwcx+X5tmv6087813Lfg=
-75,-23,G3sIHtTFkY3uX1hYCR2QpsFuog8=,P2vReZ3DP1q0nFBwkoVLegWhB1o=
-77,-28,G3sIHtTFkY3uX1hYCR2QpsFuog8=,UYsyQAiRijiErQVS6+ETw1YtmTQ=
-74,-23,G3sIHtTFkY3uX1hYCR2QpsFuog8=,P2vReZ3DP1q0nFBwkoVLegWhB1o=
-74,-25,G3sIHtTFkY3uX1hYCR2QpsFuog8=,UYsyQAiRijiErQVS6+ETw1YtmTQ=
-73,-25,G3sIHtTFkY3uX1hYCR2QpsFuog8=,UYsyQAiRijiErQVS6+ETw1YtmTQ=
-75,-25,G3sIHtTFkY3uX1hYCR2QpsFuog8=,UYsyQAiRijiErQVS6+ETw1YtmTQ=
-72,-23,G3sIHtTFkY3uX1hYCR2QpsFuog8=,hAd7PzeFwcx+X5tmv6087813Lfg=
-79,-22,G3sIHtTFkY3uX1hYCR2QpsFuog8=,P2vReZ3DP1q0nFBwkoVLegWhB1o=
-76,-25,G3sIHtTFkY3uX1hYCR2QpsFuog8=,UYsyQAiRijiErQVS6+ETw1YtmTQ=
-78,-28,G3sIHtTFkY3uX1hYCR2QpsFuog8=,UYsyQAiRijiErQVS6+ETw1YtmTQ=
-75,-22,G3sIHtTFkY3uX1hYCR2QpsFuog8=,P2vReZ3DP1q0nFBwkoVLegWhB1o=
-76,-22,G3sIHtTFkY3uX1hYCR2QpsFuog8=,P2vReZ3DP1q0nFBwkoVLegWhB1o=
-74,-22,G3sIHtTFkY3uX1hYCR2QpsFuog8=,P2vReZ3DP1q0nFBwkoVLegWhB1o=
-78,-22,G3sIHtTFkY3uX1hYCR2QpsFuog8=,P2vReZ3DP1q0nFBwkoVLegWhB1o=
-72,-25,G3sIHtTFkY3uX1hYCR2QpsFuog8=,V30W4LXxkDNnHyBZ2TMUpyoE610=
-77,-22,G3sIHtTFkY3uX1hYCR2QpsFuog8=,P2vReZ3DP1q0nFBwkoVLegWhB1o=
-69,-22,G3sIHtTFkY3uX1hYCR2QpsFuog8=,hAd7PzeFwcx+X5tmv6087813Lfg=
-79,-21,G3sIHtTFkY3uX1hYCR2QpsFuog8=,P2vReZ3DP1q0nFBwkoVLegWhB1o=
-80,-25,G3sIHtTFkY3uX1hYCR2QpsFuog8=,UYsyQAiRijiErQVS6+ETw1YtmTQ=
-77,-21,G3sIHtTFkY3uX1hYCR2QpsFuog8=,P2vReZ3DP1q0nFBwkoVLegWhB1o=
-78,-25,G3sIHtTFkY3uX1hYCR2QpsFuog8=,UYsyQAiRijiErQVS6+ETw1YtmTQ=
-79,-28,G3sIHtTFkY3uX1hYCR2QpsFuog8=,UYsyQAiRijiErQVS6+ETw1YtmTQ=
-69,-23,G3sIHtTFkY3uX1hYCR2QpsFuog8=,hAd7PzeFwcx+X5tmv6087813Lfg=
-77,-25,G3sIHtTFkY3uX1hYCR2QpsFuog8=,UYsyQAiRijiErQVS6+ETw1YtmTQ=
-78,-21,G3sIHtTFkY3uX1hYCR2QpsFuog8=,P2vReZ3DP1q0nFBwkoVLegWhB1o=
-79,-25,G3sIHtTFkY3uX1hYCR2QpsFuog8=,UYsyQAiRijiErQVS6+ETw1YtmTQ=
-73,-26,G3sIHtTFkY3uX1hYCR2QpsFuog8=,UYsyQAiRijiErQVS6+ETw1YtmTQ=
-70,-21,G3sIHtTFkY3uX1hYCR2QpsFuog8=,hAd7PzeFwcx+X5tmv6087813Lfg=
-74,-24,G3sIHtTFkY3uX1hYCR2QpsFuog8=,P2vReZ3DP1q0nFBwkoVLegWhB1o=
-73,-24,G3sIHtTFkY3uX1hYCR2QpsFuog8=,P2vReZ3DP1q0nFBwkoVLegWhB1o=
-80,-28,G3sIHtTFkY3uX1hYCR2QpsFuog8=,UYsyQAiRijiErQVS6+ETw1YtmTQ=
-70,-22,G3sIHtTFkY3uX1hYCR2QpsFuog8=,hAd7PzeFwcx+X5tmv6087813Lfg=
-75,-24,G3sIHtTFkY3uX1hYCR2QpsFuog8=,P2vReZ3DP1q0nFBwkoVLegWhB1o=
-71,-22,G3sIHtTFkY3uX1hYCR2QpsFuog8=,hAd7PzeFwcx+X5tmv6087813Lfg=
-76,-24,G3sIHtTFkY3uX1hYCR2QpsFuog8=,P2vReZ3DP1q0nFBwkoVLegWhB1o=
-77,-24,G3sIHtTFkY3uX1hYCR2QpsFuog8=,P2vReZ3DP1q0nFBwkoVLegWhB1o=
-78,-24,G3sIHtTFkY3uX1hYCR2QpsFuog8=,P2vReZ3DP1q0nFBwkoVLegWhB1o=
-72,-22,G3sIHtTFkY3uX1hYCR2QpsFuog8=,hAd7PzeFwcx+X5tmv6087813Lfg=
-80,-24,G3sIHtTFkY3uX1hYCR2QpsFuog8=,P2vReZ3DP1q0nFBwkoVLegWhB1o=
-79,-24,G3sIHtTFkY3uX1hYCR2QpsFuog8=,P2vReZ3DP1q0nFBwkoVLegWhB1o=
-80,-21,G3sIHtTFkY3uX1hYCR2QpsFuog8=,P2vReZ3DP1q0nFBwkoVLegWhB1o=
-80,-22,G3sIHtTFkY3uX1hYCR2QpsFuog8=,P2vReZ3DP1q0nFBwkoVLegWhB1o=
-72,-21,G3sIHtTFkY3uX1hYCR2QpsFuog8=,hAd7PzeFwcx+X5tmv6087813Lfg=
-80,-23,G3sIHtTFkY3uX1hYCR2QpsFuog8=,P2vReZ3DP1q0nFBwkoVLegWhB1o=
-73,-21,G3sIHtTFkY3uX1hYCR2QpsFuog8=,P2vReZ3DP1q0nFBwkoVLegWhB1o=
-73,-22,G3sIHtTFkY3uX1hYCR2QpsFuog8=,P2vReZ3DP1q0nFBwkoVLegWhB1o=
-75,-21,G3sIHtTFkY3uX1hYCR2QpsFuog8=,P2vReZ3DP1q0nFBwkoVLegWhB1o=
-74,-21,G3sIHtTFkY3uX1hYCR2QpsFuog8=,P2vReZ3DP1q0nFBwkoVLegWhB1o=
-73,-23,G3sIHtTFkY3uX1hYCR2QpsFuog8=,P2vReZ3DP1q0nFBwkoVLegWhB1o=
-76,-21,G3sIHtTFkY3uX1hYCR2QpsFuog8=,P2vReZ3DP1q0nFBwkoVLegWhB1o=
-80,-27,G3sIHtTFkY3uX1hYCR2QpsFuog8=,UYsyQAiRijiErQVS6+ETw1YtmTQ=
-72,-26,G3sIHtTFkY3uX1hYCR2QpsFuog8=,V30W4LXxkDNnHyBZ2TMUpyoE610=
-75,-26,G3sIHtTFkY3uX1hYCR2QpsFuog8=,UYsyQAiRijiErQVS6+ETw1YtmTQ=
-76,-26,G3sIHtTFkY3uX1hYCR2QpsFuog8=,UYsyQAiRijiErQVS6+ETw1YtmTQ=
-79,-27,G3sIHtTFkY3uX1hYCR2QpsFuog8=,UYsyQAiRijiErQVS6+ETw1YtmTQ=
-78,-26,G3sIHtTFkY3uX1hYCR2QpsFuog8=,UYsyQAiRijiErQVS6+ETw1YtmTQ=
-74,-26,G3sIHtTFkY3uX1hYCR2QpsFuog8=,UYsyQAiRijiErQVS6+ETw1YtmTQ=
-77,-26,G3sIHtTFkY3uX1hYCR2QpsFuog8=,UYsyQAiRijiErQVS6+ETw1YtmTQ=
-79,-26,G3sIHtTFkY3uX1hYCR2QpsFuog8=,UYsyQAiRijiErQVS6+ETw1YtmTQ=
-78,-27,G3sIHtTFkY3uX1hYCR2QpsFuog8=,UYsyQAiRijiErQVS6+ETw1YtmTQ=
-72,-27,G3sIHtTFkY3uX1hYCR2QpsFuog8=,V30W4LXxkDNnHyBZ2TMUpyoE610=
-77,-27,G3sIHtTFkY3uX1hYCR2QpsFuog8=,UYsyQAiRijiErQVS6+ETw1YtmTQ=
-73,-27,G3sIHtTFkY3uX1hYCR2QpsFuog8=,UYsyQAiRijiErQVS6+ETw1YtmTQ=
-80,-26,G3sIHtTFkY3uX1hYCR2QpsFuog8=,UYsyQAiRijiErQVS6+ETw1YtmTQ=
-74,-27,G3sIHtTFkY3uX1hYCR2QpsFuog8=,UYsyQAiRijiErQVS6+ETw1YtmTQ=
-76,-27,G3sIHtTFkY3uX1hYCR2QpsFuog8=,UYsyQAiRijiErQVS6+ETw1YtmTQ=
-75,-27,G3sIHtTFkY3uX1hYCR2QpsFuog8=,UYsyQAiRijiErQVS6+ETw1YtmTQ=
-80,-17,G3sIHtTFkY3uX1hYCR2QpsFuog8=,P2vReZ3DP1q0nFBwkoVLegWhB1o=
-68,-17,G3sIHtTFkY3uX1hYCR2QpsFuog8=,hAd7PzeFwcx+X5tmv6087813Lfg=
-79,-17,G3sIHtTFkY3uX1hYCR2QpsFuog8=,P2vReZ3DP1q0nFBwkoVLegWhB1o=
-78,-17,G3sIHtTFkY3uX1hYCR2QpsFuog8=,P2vReZ3DP1q0nFBwkoVLegWhB1o=
-77,-17,G3sIHtTFkY3uX1hYCR2QpsFuog8=,P2vReZ3DP1q0nFBwkoVLegWhB1o=
-66,-17,G3sIHtTFkY3uX1hYCR2QpsFuog8=,hAd7PzeFwcx+X5tmv6087813Lfg=
-80,-18,G3sIHtTFkY3uX1hYCR2QpsFuog8=,P2vReZ3DP1q0nFBwkoVLegWhB1o=
-66,-19,G3sIHtTFkY3uX1hYCR2QpsFuog8=,hAd7PzeFwcx+X5tmv6087813Lfg=
-65,-17,G3sIHtTFkY3uX1hYCR2QpsFuog8=,hAd7PzeFwcx+X5tmv6087813Lfg=
-67,-17,G3sIHtTFkY3uX1hYCR2QpsFuog8=,hAd7PzeFwcx+X5tmv6087813Lfg=
-65,-18,G3sIHtTFkY3uX1hYCR2QpsFuog8=,hAd7PzeFwcx+X5tmv6087813Lfg=
-67,-19,G3sIHtTFkY3uX1hYCR2QpsFuog8=,hAd7PzeFwcx+X5tmv6087813Lfg=
-79,-20,G3sIHtTFkY3uX1hYCR2QpsFuog8=,P2vReZ3DP1q0nFBwkoVLegWhB1o=
-80,-19,G3sIHtTFkY3uX1hYCR2QpsFuog8=,P2vReZ3DP1q0nFBwkoVLegWhB1o=
-65,-20,G3sIHtTFkY3uX1hYCR2QpsFuog8=,hAd7PzeFwcx+X5tmv6087813Lfg=
-78,-20,G3sIHtTFkY3uX1hYCR2QpsFuog8=,P2vReZ3DP1q0nFBwkoVLegWhB1o=
-68,-20,G3sIHtTFkY3uX1hYCR2QpsFuog8=,hAd7PzeFwcx+X5tmv6087813Lfg=
-77,-20,G3sIHtTFkY3uX1hYCR2QpsFuog8=,P2vReZ3DP1q0nFBwkoVLegWhB1o=
-65,-19,G3sIHtTFkY3uX1hYCR2QpsFuog8=,hAd7PzeFwcx+X5tmv6087813Lfg=
-80,-20,G3sIHtTFkY3uX1hYCR2QpsFuog8=,P2vReZ3DP1q0nFBwkoVLegWhB1o=
-68,-18,G3sIHtTFkY3uX1hYCR2QpsFuog8=,hAd7PzeFwcx+X5tmv6087813Lfg=
-79,-19,G3sIHtTFkY3uX1hYCR2QpsFuog8=,P2vReZ3DP1q0nFBwkoVLegWhB1o=
-78,-19,G3sIHtTFkY3uX1hYCR2QpsFuog8=,P2vReZ3DP1q0nFBwkoVLegWhB1o=
-67,-18,G3sIHtTFkY3uX1hYCR2QpsFuog8=,hAd7PzeFwcx+X5tmv6087813Lfg=
-77,-19,G3sIHtTFkY3uX1hYCR2QpsFuog8=,P2vReZ3DP1q0nFBwkoVLegWhB1o=
-77,-18,G3sIHtTFkY3uX1hYCR2QpsFuog8=,P2vReZ3DP1q0nFBwkoVLegWhB1o=
-66,-18,G3sIHtTFkY3uX1hYCR2QpsFuog8=,hAd7PzeFwcx+X5tmv6087813Lfg=
-68,-19,G3sIHtTFkY3uX1hYCR2QpsFuog8=,hAd7PzeFwcx+X5tmv6087813Lfg=
-79,-18,G3sIHtTFkY3uX1hYCR2QpsFuog8=,P2vReZ3DP1q0nFBwkoVLegWhB1o=
-78,-18,G3sIHtTFkY3uX1hYCR2QpsFuog8=,P2vReZ3DP1q0nFBwkoVLegWhB1o=
-66,-20,G3sIHtTFkY3uX1hYCR2QpsFuog8=,hAd7PzeFwcx+X5tmv6087813Lfg=
-67,-20,G3sIHtTFkY3uX1hYCR2QpsFuog8=,hAd7PzeFwcx+X5tmv6087813Lfg=
-70,-31,G3sIHtTFkY3uX1hYCR2QpsFuog8=,V30W4LXxkDNnHyBZ2TMUpyoE610=
-69,-31,G3sIHtTFkY3uX1hYCR2QpsFuog8=,V30W4LXxkDNnHyBZ2TMUpyoE610=
-71,-31,G3sIHtTFkY3uX1hYCR2QpsFuog8=,V30W4LXxkDNnHyBZ2TMUpyoE610=
-80,-32,G3sIHtTFkY3uX1hYCR2QpsFuog8=,UYsyQAiRijiErQVS6+ETw1YtmTQ=
-72,-32,G3sIHtTFkY3uX1hYCR2QpsFuog8=,V30W4LXxkDNnHyBZ2TMUpyoE610=
-71,-30,G3sIHtTFkY3uX1hYCR2QpsFuog8=,V30W4LXxkDNnHyBZ2TMUpyoE610=
-70,-30,G3sIHtTFkY3uX1hYCR2QpsFuog8=,V30W4LXxkDNnHyBZ2TMUpyoE610=
-69,-30,G3sIHtTFkY3uX1hYCR2QpsFuog8=,V30W4LXxkDNnHyBZ2TMUpyoE610=
-71,-29,G3sIHtTFkY3uX1hYCR2QpsFuog8=,V30W4LXxkDNnHyBZ2TMUpyoE610=
-70,-29,G3sIHtTFkY3uX1hYCR2QpsFuog8=,V30W4LXxkDNnHyBZ2TMUpyoE610=
-69,-29,G3sIHtTFkY3uX1hYCR2QpsFuog8=,V30W4LXxkDNnHyBZ2TMUpyoE610=
-79,-32,G3sIHtTFkY3uX1hYCR2QpsFuog8=,UYsyQAiRijiErQVS6+ETw1YtmTQ=
-72,-31,G3sIHtTFkY3uX1hYCR2QpsFuog8=,V30W4LXxkDNnHyBZ2TMUpyoE610=
-76,-31,G3sIHtTFkY3uX1hYCR2QpsFuog8=,UYsyQAiRijiErQVS6+ETw1YtmTQ=
-75,-31,G3sIHtTFkY3uX1hYCR2QpsFuog8=,UYsyQAiRijiErQVS6+ETw1YtmTQ=
-74,-31,G3sIHtTFkY3uX1hYCR2QpsFuog8=,UYsyQAiRijiErQVS6+ETw1YtmTQ=
-78,-32,G3sIHtTFkY3uX1hYCR2QpsFuog8=,UYsyQAiRijiErQVS6+ETw1YtmTQ=
-73,-31,G3sIHtTFkY3uX1hYCR2QpsFuog8=,UYsyQAiRijiErQVS6+ETw1YtmTQ=
-80,-30,G3sIHtTFkY3uX1hYCR2QpsFuog8=,UYsyQAiRijiErQVS6+ETw1YtmTQ=
-79,-30,G3sIHtTFkY3uX1hYCR2QpsFuog8=,UYsyQAiRijiErQVS6+ETw1YtmTQ=
-78,-30,G3sIHtTFkY3uX1hYCR2QpsFuog8=,UYsyQAiRijiErQVS6+ETw1YtmTQ=
-77,-32,G3sIHtTFkY3uX1hYCR2QpsFuog8=,UYsyQAiRijiErQVS6+ETw1YtmTQ=
-72,-30,G3sIHtTFkY3uX1hYCR2QpsFuog8=,V30W4LXxkDNnHyBZ2TMUpyoE610=
-76,-30,G3sIHtTFkY3uX1hYCR2QpsFuog8=,UYsyQAiRijiErQVS6+ETw1YtmTQ=
-77,-30,G3sIHtTFkY3uX1hYCR2QpsFuog8=,UYsyQAiRijiErQVS6+ETw1YtmTQ=
-74,-30,G3sIHtTFkY3uX1hYCR2QpsFuog8=,UYsyQAiRijiErQVS6+ETw1YtmTQ=
-75,-30,G3sIHtTFkY3uX1hYCR2QpsFuog8=,UYsyQAiRijiErQVS6+ETw1YtmTQ=
-76,-32,G3sIHtTFkY3uX1hYCR2QpsFuog8=,UYsyQAiRijiErQVS6+ETw1YtmTQ=
-73,-30,G3sIHtTFkY3uX1hYCR2QpsFuog8=,UYsyQAiRijiErQVS6+ETw1YtmTQ=
-80,-29,G3sIHtTFkY3uX1hYCR2QpsFuog8=,UYsyQAiRijiErQVS6+ETw1YtmTQ=
-79,-29,G3sIHtTFkY3uX1hYCR2QpsFuog8=,UYsyQAiRijiErQVS6+ETw1YtmTQ=
-78,-29,G3sIHtTFkY3uX1hYCR2QpsFuog8=,UYsyQAiRijiErQVS6+ETw1YtmTQ=
-77,-29,G3sIHtTFkY3uX1hYCR2QpsFuog8=,UYsyQAiRijiErQVS6+ETw1YtmTQ=
-76,-29,G3sIHtTFkY3uX1hYCR2QpsFuog8=,UYsyQAiRijiErQVS6+ETw1YtmTQ=
-75,-29,G3sIHtTFkY3uX1hYCR2QpsFuog8=,UYsyQAiRijiErQVS6+ETw1YtmTQ=
-75,-32,G3sIHtTFkY3uX1hYCR2QpsFuog8=,UYsyQAiRijiErQVS6+ETw1YtmTQ=
-74,-29,G3sIHtTFkY3uX1hYCR2QpsFuog8=,UYsyQAiRijiErQVS6+ETw1YtmTQ=
-73,-29,G3sIHtTFkY3uX1hYCR2QpsFuog8=,UYsyQAiRijiErQVS6+ETw1YtmTQ=
-72,-29,G3sIHtTFkY3uX1hYCR2QpsFuog8=,V30W4LXxkDNnHyBZ2TMUpyoE610=
-74,-32,G3sIHtTFkY3uX1hYCR2QpsFuog8=,UYsyQAiRijiErQVS6+ETw1YtmTQ=
-78,-31,G3sIHtTFkY3uX1hYCR2QpsFuog8=,UYsyQAiRijiErQVS6+ETw1YtmTQ=
-77,-31,G3sIHtTFkY3uX1hYCR2QpsFuog8=,UYsyQAiRijiErQVS6+ETw1YtmTQ=
-80,-31,G3sIHtTFkY3uX1hYCR2QpsFuog8=,UYsyQAiRijiErQVS6+ETw1YtmTQ=
-79,-31,G3sIHtTFkY3uX1hYCR2QpsFuog8=,UYsyQAiRijiErQVS6+ETw1YtmTQ=
-73,-32,G3sIHtTFkY3uX1hYCR2QpsFuog8=,UYsyQAiRijiErQVS6+ETw1YtmTQ=
-70,-32,G3sIHtTFkY3uX1hYCR2QpsFuog8=,V30W4LXxkDNnHyBZ2TMUpyoE610=
-69,-32,G3sIHtTFkY3uX1hYCR2QpsFuog8=,V30W4LXxkDNnHyBZ2TMUpyoE610=
-71,-32,G3sIHtTFkY3uX1hYCR2QpsFuog8=,V30W4LXxkDNnHyBZ2TMUpyoE610=
-68,-23,G3sIHtTFkY3uX1hYCR2QpsFuog8=,hAd7PzeFwcx+X5tmv6087813Lfg=
-67,-23,G3sIHtTFkY3uX1hYCR2QpsFuog8=,hAd7PzeFwcx+X5tmv6087813Lfg=
-65,-28,G3sIHtTFkY3uX1hYCR2QpsFuog8=,V30W4LXxkDNnHyBZ2TMUpyoE610=
-65,-27,G3sIHtTFkY3uX1hYCR2QpsFuog8=,V30W4LXxkDNnHyBZ2TMUpyoE610=
-66,-23,G3sIHtTFkY3uX1hYCR2QpsFuog8=,hAd7PzeFwcx+X5tmv6087813Lfg=
-68,-22,G3sIHtTFkY3uX1hYCR2QpsFuog8=,hAd7PzeFwcx+X5tmv6087813Lfg=
-67,-22,G3sIHtTFkY3uX1hYCR2QpsFuog8=,hAd7PzeFwcx+X5tmv6087813Lfg=
-68,-21,G3sIHtTFkY3uX1hYCR2QpsFuog8=,hAd7PzeFwcx+X5tmv6087813Lfg=
-67,-21,G3sIHtTFkY3uX1hYCR2QpsFuog8=,hAd7PzeFwcx+X5tmv6087813Lfg=
-66,-21,G3sIHtTFkY3uX1hYCR2QpsFuog8=,hAd7PzeFwcx+X5tmv6087813Lfg=
-65,-26,G3sIHtTFkY3uX1hYCR2QpsFuog8=,V30W4LXxkDNnHyBZ2TMUpyoE610=
-66,-22,G3sIHtTFkY3uX1hYCR2QpsFuog8=,hAd7PzeFwcx+X5tmv6087813Lfg=
-68,-31,G3sIHtTFkY3uX1hYCR2QpsFuog8=,V30W4LXxkDNnHyBZ2TMUpyoE610=
-66,-31,G3sIHtTFkY3uX1hYCR2QpsFuog8=,V30W4LXxkDNnHyBZ2TMUpyoE610=
-67,-31,G3sIHtTFkY3uX1hYCR2QpsFuog8=,V30W4LXxkDNnHyBZ2TMUpyoE610=
-66,-24,G3sIHtTFkY3uX1hYCR2QpsFuog8=,hAd7PzeFwcx+X5tmv6087813Lfg=
-65,-29,G3sIHtTFkY3uX1hYCR2QpsFuog8=,V30W4LXxkDNnHyBZ2TMUpyoE610=
-68,-30,G3sIHtTFkY3uX1hYCR2QpsFuog8=,V30W4LXxkDNnHyBZ2TMUpyoE610=
-67,-30,G3sIHtTFkY3uX1hYCR2QpsFuog8=,V30W4LXxkDNnHyBZ2TMUpyoE610=
-66,-30,G3sIHtTFkY3uX1hYCR2QpsFuog8=,V30W4LXxkDNnHyBZ2TMUpyoE610=
-68,-29,G3sIHtTFkY3uX1hYCR2QpsFuog8=,V30W4LXxkDNnHyBZ2TMUpyoE610=
-68,-28,G3sIHtTFkY3uX1hYCR2QpsFuog8=,V30W4LXxkDNnHyBZ2TMUpyoE610=
-67,-29,G3sIHtTFkY3uX1hYCR2QpsFuog8=,V30W4LXxkDNnHyBZ2TMUpyoE610=
-65,-25,G3sIHtTFkY3uX1hYCR2QpsFuog8=,V30W4LXxkDNnHyBZ2TMUpyoE610=
-67,-28,G3sIHtTFkY3uX1hYCR2QpsFuog8=,V30W4LXxkDNnHyBZ2TMUpyoE610=
-66,-29,G3sIHtTFkY3uX1hYCR2QpsFuog8=,V30W4LXxkDNnHyBZ2TMUpyoE610=
-68,-27,G3sIHtTFkY3uX1hYCR2QpsFuog8=,V30W4LXxkDNnHyBZ2TMUpyoE610=
-66,-28,G3sIHtTFkY3uX1hYCR2QpsFuog8=,V30W4LXxkDNnHyBZ2TMUpyoE610=
-67,-27,G3sIHtTFkY3uX1hYCR2QpsFuog8=,V30W4LXxkDNnHyBZ2TMUpyoE610=
-68,-24,G3sIHtTFkY3uX1hYCR2QpsFuog8=,hAd7PzeFwcx+X5tmv6087813Lfg=
-65,-30,G3sIHtTFkY3uX1hYCR2QpsFuog8=,V30W4LXxkDNnHyBZ2TMUpyoE610=
-68,-26,G3sIHtTFkY3uX1hYCR2QpsFuog8=,V30W4LXxkDNnHyBZ2TMUpyoE610=
-66,-27,G3sIHtTFkY3uX1hYCR2QpsFuog8=,V30W4LXxkDNnHyBZ2TMUpyoE610=
-67,-26,G3sIHtTFkY3uX1hYCR2QpsFuog8=,V30W4LXxkDNnHyBZ2TMUpyoE610=
-65,-24,G3sIHtTFkY3uX1hYCR2QpsFuog8=,hAd7PzeFwcx+X5tmv6087813Lfg=
-66,-25,G3sIHtTFkY3uX1hYCR2QpsFuog8=,V30W4LXxkDNnHyBZ2TMUpyoE610=
-68,-25,G3sIHtTFkY3uX1hYCR2QpsFuog8=,V30W4LXxkDNnHyBZ2TMUpyoE610=
-66,-26,G3sIHtTFkY3uX1hYCR2QpsFuog8=,V30W4LXxkDNnHyBZ2TMUpyoE610=
-67,-25,G3sIHtTFkY3uX1hYCR2QpsFuog8=,V30W4LXxkDNnHyBZ2TMUpyoE610=
-65,-21,G3sIHtTFkY3uX1hYCR2QpsFuog8=,hAd7PzeFwcx+X5tmv6087813Lfg=
-65,-32,G3sIHtTFkY3uX1hYCR2QpsFuog8=,V30W4LXxkDNnHyBZ2TMUpyoE610=
-67,-24,G3sIHtTFkY3uX1hYCR2QpsFuog8=,hAd7PzeFwcx+X5tmv6087813Lfg=
-65,-22,G3sIHtTFkY3uX1hYCR2QpsFuog8=,hAd7PzeFwcx+X5tmv6087813Lfg=
-65,-23,G3sIHtTFkY3uX1hYCR2QpsFuog8=,hAd7PzeFwcx+X5tmv6087813Lfg=
-68,-32,G3sIHtTFkY3uX1hYCR2QpsFuog8=,V30W4LXxkDNnHyBZ2TMUpyoE610=
-65,-31,G3sIHtTFkY3uX1hYCR2QpsFuog8=,V30W4LXxkDNnHyBZ2TMUpyoE610=
-66,-32,G3sIHtTFkY3uX1hYCR2QpsFuog8=,V30W4LXxkDNnHyBZ2TMUpyoE610=
-67,-32,G3sIHtTFkY3uX1hYCR2QpsFuog8=,V30W4LXxkDNnHyBZ2TMUpyoE610=
