55,-36,LNouo5l6BEybaFGzT1TFbyYVHog=,eW/UK80OGa+nzmUVL4+i+eVBgpg=
48,-35,LNouo5l6BEybaFGzT1TFbyYVHog=,eW/UK80OGa+nzmUVL4+i+eVBgpg=
54,-36,P0WfrAvVob2xxWMo2G/B2kOevGE=,eW/UK80OGa+nzmUVL4+i+eVBgpg=
50,-35,P0WfrAvVob2xxWMo2G/B2kOevGE=,eW/UK80OGa+nzmUVL4+i+eVBgpg=
49,-35,P0WfrAvVob2xxWMo2G/B2kOevGE=,eW/UK80OGa+nzmUVL4+i+eVBgpg=
51,-35,SnPxps6VQOyc09urR6RJe1A4rdA=,eW/UK80OGa+nzmUVL4+i+eVBgpg=
53,-35,SnPxps6VQOyc09urR6RJe1A4rdA=,eW/UK80OGa+nzmUVL4+i+eVBgpg=
54,-35,SnPxps6VQOyc09urR6RJe1A4rdA=,eW/UK80OGa+nzmUVL4+i+eVBgpg=
53,-36,SnPxps6VQOyc09urR6RJe1A4rdA=,eW/UK80OGa+nzmUVL4+i+eVBgpg=
55,-35,SnPxps6VQOyc09urR6RJe1A4rdA=,eW/UK80OGa+nzmUVL4+i+eVBgpg=
52,-35,SnPxps6VQOyc09urR6RJe1A4rdA=,eW/UK80OGa+nzmUVL4+i+eVBgpg=
48,-34,SnPxps6VQOyc09urR6RJe1A4rdA=,eW/UK80OGa+nzmUVL4+i+eVBgpg=
52,-36,SbmWvQmn8K/+82lufm9sNhc59j8=,eW/UK80OGa+nzmUVL4+i+eVBgpg=
49,-34,SbmWvQmn8K/+82lufm9sNhc59j8=,eW/UK80OGa+nzmUVL4+i+eVBgpg=
50,-34,SbmWvQmn8K/+82lufm9sNhc59j8=,eW/UK80OGa+nzmUVL4+i+eVBgpg=
53,-34,SbmWvQmn8K/+82lufm9sNhc59j8=,eW/UK80OGa+nzmUVL4+i+eVBgpg=
52,-34,SbmWvQmn8K/+82lufm9sNhc59j8=,eW/UK80OGa+nzmUVL4+i+eVBgpg=
54,-34,QZd/Q5wB+CVI1C1QnrSzLP1zG3Q=,eW/UK80OGa+nzmUVL4+i+eVBgpg=
51,-34,QZd/Q5wB+CVI1C1QnrSzLP1zG3Q=,eW/UK80OGa+nzmUVL4+i+eVBgpg=
51,-36,ZNJuFZZD4PGRhMhWY2BRGUZaglw=,eW/UK80OGa+nzmUVL4+i+eVBgpg=
55,-34,ZNJuFZZD4PGRhMhWY2BRGUZaglw=,eW/UK80OGa+nzmUVL4+i+eVBgpg=
48,-33,ZNJuFZZD4PGRhMhWY2BRGUZaglw=,eW/UK80OGa+nzmUVL4+i+eVBgpg=
49,-33,ZNJuFZZD4PGRhMhWY2BRGUZaglw=,eW/UK80OGa+nzmUVL4+i+eVBgpg=
50,-33,ZNJuFZZD4PGRhMhWY2BRGUZaglw=,eW/UK80OGa+nzmUVL4+i+eVBgpg=
50,-36,ZNJuFZZD4PGRhMhWY2BRGUZaglw=,eW/UK80OGa+nzmUVL4+i+eVBgpg=
53,-33,ZNJuFZZD4PGRhMhWY2BRGUZaglw=,eW/UK80OGa+nzmUVL4+i+eVBgpg=
49,-36,ZNJuFZZD4PGRhMhWY2BRGUZaglw=,eW/UK80OGa+nzmUVL4+i+eVBgpg=
52,-33,ZNJuFZZD4PGRhMhWY2BRGUZaglw=,eW/UK80OGa+nzmUVL4+i+eVBgpg=
51,-33,ZNJuFZZD4PGRhMhWY2BRGUZaglw=,eW/UK80OGa+nzmUVL4+i+eVBgpg=
54,-33,ZNJuFZZD4PGRhMhWY2BRGUZaglw=,eW/UK80OGa+nzmUVL4+i+eVBgpg=
48,-36,ZNJuFZZD4PGRhMhWY2BRGUZaglw=,eW/UK80OGa+nzmUVL4+i+eVBgpg=
55,-33,ZNJuFZZD4PGRhMhWY2BRGUZaglw=,eW/UK80OGa+nzmUVL4+i+eVBgpg=
50,-46,ZNJuFZZD4PGRhMhWY2BRGUZaglw=,/FRpSpr6dKe/30lRQ2d15mXpKBA=
48,-44,ZNJuFZZD4PGRhMhWY2BRGUZaglw=,/FRpSpr6dKe/30lRQ2d15mXpKBA=
48,-40,ZNJuFZZD4PGRhMhWY2BRGUZaglw=,eW/UK80OGa+nzmUVL4+i+eVBgpg=
55,-37,ZNJuFZZD4PGRhMhWY2BRGUZaglw=,eW/UK80OGa+nzmUVL4+i+eVBgpg=
55,-45,ZNJuFZZD4PGRhMhWY2BRGUZaglw=,/FRpSpr6dKe/30lRQ2d15mXpKBA=
53,-48,ZNJuFZZD4PGRhMhWY2BRGUZaglw=,/FRpSpr6dKe/30lRQ2d15mXpKBA=
49,-40,ZNJuFZZD4PGRhMhWY2BRGUZaglw=,eW/UK80OGa+nzmUVL4+i+eVBgpg=
51,-44,ZNJuFZZD4PGRhMhWY2BRGUZaglw=,/FRpSpr6dKe/30lRQ2d15mXpKBA=
48,-39,ZNJuFZZD4PGRhMhWY2BRGUZaglw=,eW/UK80OGa+nzmUVL4+i+eVBgpg=
54,-37,ZNJuFZZD4PGRhMhWY2BRGUZaglw=,eW/UK80OGa+nzmUVL4+i+eVBgpg=
51,-48,ZNJuFZZD4PGRhMhWY2BRGUZaglw=,/FRpSpr6dKe/30lRQ2d15mXpKBA=
54,-41,ZNJuFZZD4PGRhMhWY2BRGUZaglw=,/FRpSpr6dKe/30lRQ2d15mXpKBA=
55,-41,ZNJuFZZD4PGRhMhWY2BRGUZaglw=,/FRpSpr6dKe/30lRQ2d15mXpKBA=
50,-40,ZNJuFZZD4PGRhMhWY2BRGUZaglw=,eW/UK80OGa+nzmUVL4+i+eVBgpg=
55,-47,ZNJuFZZD4PGRhMhWY2BRGUZaglw=,/FRpSpr6dKe/30lRQ2d15mXpKBA=
49,-39,ZNJuFZZD4PGRhMhWY2BRGUZaglw=,eW/UK80OGa+nzmUVL4+i+eVBgpg=
53,-41,ZNJuFZZD4PGRhMhWY2BRGUZaglw=,/FRpSpr6dKe/30lRQ2d15mXpKBA=
53,-37,ZNJuFZZD4PGRhMhWY2BRGUZaglw=,eW/UK80OGa+nzmUVL4+i+eVBgpg=
54,-47,ZNJuFZZD4PGRhMhWY2BRGUZaglw=,/FRpSpr6dKe/30lRQ2d15mXpKBA=
51,-40,ZNJuFZZD4PGRhMhWY2BRGUZaglw=,eW/UK80OGa+nzmUVL4+i+eVBgpg=
53,-47,ZNJuFZZD4PGRhMhWY2BRGUZaglw=,/FRpSpr6dKe/30lRQ2d15mXpKBA=
52,-41,ZNJuFZZD4PGRhMhWY2BRGUZaglw=,/FRpSpr6dKe/30lRQ2d15mXpKBA=
50,-39,ZNJuFZZD4PGRhMhWY2BRGUZaglw=,eW/UK80OGa+nzmUVL4+i+eVBgpg=
52,-40,ZNJuFZZD4PGRhMhWY2BRGUZaglw=,eW/UK80OGa+nzmUVL4+i+eVBgpg=
52,-47,ZNJuFZZD4PGRhMhWY2BRGUZaglw=,/FRpSpr6dKe/30lRQ2d15mXpKBA=
52,-37,ZNJuFZZD4PGRhMhWY2BRGUZaglw=,eW/UK80OGa+nzmUVL4+i+eVBgpg=
51,-41,ZNJuFZZD4PGRhMhWY2BRGUZaglw=,/FRpSpr6dKe/30lRQ2d15mXpKBA=
51,-47,ZNJuFZZD4PGRhMhWY2BRGUZaglw=,/FRpSpr6dKe/30lRQ2d15mXpKBA=
52,-43,ZNJuFZZD4PGRhMhWY2BRGUZaglw=,/FRpSpr6dKe/30lRQ2d15mXpKBA=
50,-47,ZNJuFZZD4PGRhMhWY2BRGUZaglw=,/FRpSpr6dKe/30lRQ2d15mXpKBA=
51,-37,ZNJuFZZD4PGRhMhWY2BRGUZaglw=,eW/UK80OGa+nzmUVL4+i+eVBgpg=
49,-48,ZNJuFZZD4PGRhMhWY2BRGUZaglw=,/FRpSpr6dKe/30lRQ2d15mXpKBA=
50,-45,ZNJuFZZD4PGRhMhWY2BRGUZaglw=,/FRpSpr6dKe/30lRQ2d15mXpKBA=
50,-43,ZNJuFZZD4PGRhMhWY2BRGUZaglw=,/FRpSpr6dKe/30lRQ2d15mXpKBA=
50,-41,ZNJuFZZD4PGRhMhWY2BRGUZaglw=,/FRpSpr6dKe/30lRQ2d15mXpKBA=
49,-45,ZNJuFZZD4PGRhMhWY2BRGUZaglw=,/FRpSpr6dKe/30lRQ2d15mXpKBA=
51,-45,ZNJuFZZD4PGRhMhWY2BRGUZaglw=,/FRpSpr6dKe/30lRQ2d15mXpKBA=
49,-46,ZNJuFZZD4PGRhMhWY2BRGUZaglw=,/FRpSpr6dKe/30lRQ2d15mXpKBA=
54,-45,ZNJuFZZD4PGRhMhWY2BRGUZaglw=,/FRpSpr6dKe/30lRQ2d15mXpKBA=
50,-37,ZNJuFZZD4PGRhMhWY2BRGUZaglw=,eW/UK80OGa+nzmUVL4+i+eVBgpg=
49,-42,ZNJuFZZD4PGRhMhWY2BRGUZaglw=,/FRpSpr6dKe/30lRQ2d15mXpKBA=
53,-40,ZNJuFZZD4PGRhMhWY2BRGUZaglw=,eW/UK80OGa+nzmUVL4+i+eVBgpg=
48,-42,ZNJuFZZD4PGRhMhWY2BRGUZaglw=,/FRpSpr6dKe/30lRQ2d15mXpKBA=
50,-44,ZNJuFZZD4PGRhMhWY2BRGUZaglw=,/FRpSpr6dKe/30lRQ2d15mXpKBA=
49,-37,ZNJuFZZD4PGRhMhWY2BRGUZaglw=,eW/UK80OGa+nzmUVL4+i+eVBgpg=
53,-45,ZNJuFZZD4PGRhMhWY2BRGUZaglw=,/FRpSpr6dKe/30lRQ2d15mXpKBA=
52,-44,ZNJuFZZD4PGRhMhWY2BRGUZaglw=,/FRpSpr6dKe/30lRQ2d15mXpKBA=
55,-46,ZNJuFZZD4PGRhMhWY2BRGUZaglw=,/FRpSpr6dKe/30lRQ2d15mXpKBA=
48,-45,ZNJuFZZD4PGRhMhWY2BRGUZaglw=,/FRpSpr6dKe/30lRQ2d15mXpKBA=
49,-41,ZNJuFZZD4PGRhMhWY2BRGUZaglw=,/FRpSpr6dKe/30lRQ2d15mXpKBA=
48,-37,ZNJuFZZD4PGRhMhWY2BRGUZaglw=,eW/UK80OGa+nzmUVL4+i+eVBgpg=
51,-46,ZNJuFZZD4PGRhMhWY2BRGUZaglw=,/FRpSpr6dKe/30lRQ2d15mXpKBA=
49,-43,ZNJuFZZD4PGRhMhWY2BRGUZaglw=,/FRpSpr6dKe/30lRQ2d15mXpKBA=
54,-48,ZNJuFZZD4PGRhMhWY2BRGUZaglw=,/FRpSpr6dKe/30lRQ2d15mXpKBA=
51,-39,ZNJuFZZD4PGRhMhWY2BRGUZaglw=,eW/UK80OGa+nzmUVL4+i+eVBgpg=
55,-38,ZNJuFZZD4PGRhMhWY2BRGUZaglw=,eW/UK80OGa+nzmUVL4+i+eVBgpg=
52,-46,ZNJuFZZD4PGRhMhWY2BRGUZaglw=,/FRpSpr6dKe/30lRQ2d15mXpKBA=
48,-43,ZNJuFZZD4PGRhMhWY2BRGUZaglw=,/FRpSpr6dKe/30lRQ2d15mXpKBA=
48,-41,ZNJuFZZD4PGRhMhWY2BRGUZaglw=,/FRpSpr6dKe/30lRQ2d15mXpKBA=
55,-42,ZNJuFZZD4PGRhMhWY2BRGUZaglw=,/FRpSpr6dKe/30lRQ2d15mXpKBA=
54,-38,ZNJuFZZD4PGRhMhWY2BRGUZaglw=,eW/UK80OGa+nzmUVL4+i+eVBgpg=
52,-45,ZNJuFZZD4PGRhMhWY2BRGUZaglw=,/FRpSpr6dKe/30lRQ2d15mXpKBA=
50,-48,ZNJuFZZD4PGRhMhWY2BRGUZaglw=,/FRpSpr6dKe/30lRQ2d15mXpKBA=
55,-43,ZNJuFZZD4PGRhMhWY2BRGUZaglw=,/FRpSpr6dKe/30lRQ2d15mXpKBA=
49,-47,ZNJuFZZD4PGRhMhWY2BRGUZaglw=,/FRpSpr6dKe/30lRQ2d15mXpKBA=
49,-44,ZNJuFZZD4PGRhMhWY2BRGUZaglw=,/FRpSpr6dKe/30lRQ2d15mXpKBA=
54,-42,ZNJuFZZD4PGRhMhWY2BRGUZaglw=,/FRpSpr6dKe/30lRQ2d15mXpKBA=
48,-47,ZNJuFZZD4PGRhMhWY2BRGUZaglw=,/FRpSpr6dKe/30lRQ2d15mXpKBA=
54,-40,ZNJuFZZD4PGRhMhWY2BRGUZaglw=,eW/UK80OGa+nzmUVL4+i+eVBgpg=
53,-38,ZNJuFZZD4PGRhMhWY2BRGUZaglw=,eW/UK80OGa+nzmUVL4+i+eVBgpg=
48,-48,ZNJuFZZD4PGRhMhWY2BRGUZaglw=,/FRpSpr6dKe/30lRQ2d15mXpKBA=
54,-43,ZNJuFZZD4PGRhMhWY2BRGUZaglw=,/FRpSpr6dKe/30lRQ2d15mXpKBA=
55,-48,ZNJuFZZD4PGRhMhWY2BRGUZaglw=,/FRpSpr6dKe/30lRQ2d15mXpKBA=
55,-44,ZNJuFZZD4PGRhMhWY2BRGUZaglw=,/FRpSpr6dKe/30lRQ2d15mXpKBA=
55,-40,ZNJuFZZD4PGRhMhWY2BRGUZaglw=,eW/UK80OGa+nzmUVL4+i+eVBgpg=
53,-42,ZNJuFZZD4PGRhMhWY2BRGUZaglw=,/FRpSpr6dKe/30lRQ2d15mXpKBA=
51,-43,ZNJuFZZD4PGRhMhWY2BRGUZaglw=,/FRpSpr6dKe/30lRQ2d15mXpKBA=
52,-48,ZNJuFZZD4PGRhMhWY2BRGUZaglw=,/FRpSpr6dKe/30lRQ2d15mXpKBA=
53,-43,ZNJuFZZD4PGRhMhWY2BRGUZaglw=,/FRpSpr6dKe/30lRQ2d15mXpKBA=
54,-46,ZNJuFZZD4PGRhMhWY2BRGUZaglw=,/FRpSpr6dKe/30lRQ2d15mXpKBA=
50,-42,ZNJuFZZD4PGRhMhWY2BRGUZaglw=,/FRpSpr6dKe/30lRQ2d15mXpKBA=
52,-38,ZNJuFZZD4PGRhMhWY2BRGUZaglw=,eW/UK80OGa+nzmUVL4+i+eVBgpg=
53,-46,ZNJuFZZD4PGRhMhWY2BRGUZaglw=,/FRpSpr6dKe/30lRQ2d15mXpKBA=
53,-44,ZNJuFZZD4PGRhMhWY2BRGUZaglw=,/FRpSpr6dKe/30lRQ2d15mXpKBA=
52,-42,ZNJuFZZD4PGRhMhWY2BRGUZaglw=,/FRpSpr6dKe/30lRQ2d15mXpKBA=
54,-44,ZNJuFZZD4PGRhMhWY2BRGUZaglw=,/FRpSpr6dKe/30lRQ2d15mXpKBA=
48,-46,ZNJuFZZD4PGRhMhWY2BRGUZaglw=,/FRpSpr6dKe/30lRQ2d15mXpKBA=
52,-39,ZNJuFZZD4PGRhMhWY2BRGUZaglw=,eW/UK80OGa+nzmUVL4+i+eVBgpg=
51,-42,ZNJuFZZD4PGRhMhWY2BRGUZaglw=,/FRpSpr6dKe/30lRQ2d15mXpKBA=
54,-39,ZNJuFZZD4PGRhMhWY2BRGUZaglw=,eW/UK80OGa+nzmUVL4+i+eVBgpg=
55,-39,ZNJuFZZD4PGRhMhWY2BRGUZaglw=,eW/UK80OGa+nzmUVL4+i+eVBgpg=
53,-39,ZNJuFZZD4PGRhMhWY2BRGUZaglw=,eW/UK80OGa+nzmUVL4+i+eVBgpg=
48,-38,ZNJuFZZD4PGRhMhWY2BRGUZaglw=,eW/UK80OGa+nzmUVL4+i+eVBgpg=
49,-38,ZNJuFZZD4PGRhMhWY2BRGUZaglw=,eW/UK80OGa+nzmUVL4+i+eVBgpg=
51,-38,ZNJuFZZD4PGRhMhWY2BRGUZaglw=,eW/UK80OGa+nzmUVL4+i+eVBgpg=
50,-38,ZNJuFZZD4PGRhMhWY2BRGUZaglw=,eW/UK80OGa+nzmUVL4+i+eVBgpg=
55,-50,EVsS+CCtyObT74rui38VzFQ7tYA=,ScBQxc9HoDSmNpipeSuCrIk6sRY=
55,-51,/YG88lORI+b1VFA8IzS/rWOJVhk=,ScBQxc9HoDSmNpipeSuCrIk6sRY=
54,-50,/YG88lORI+b1VFA8IzS/rWOJVhk=,ScBQxc9HoDSmNpipeSuCrIk6sRY=
54,-51,/YG88lORI+b1VFA8IzS/rWOJVhk=,ScBQxc9HoDSmNpipeSuCrIk6sRY=
53,-51,/YG88lORI+b1VFA8IzS/rWOJVhk=,ScBQxc9HoDSmNpipeSuCrIk6sRY=
55,-49,/YG88lORI+b1VFA8IzS/rWOJVhk=,ScBQxc9HoDSmNpipeSuCrIk6sRY=
48,-50,asYZinBUtvN+vSoT7ww3olWni4E=,ScBQxc9HoDSmNpipeSuCrIk6sRY=
48,-52,asYZinBUtvN+vSoT7ww3olWni4E=,ScBQxc9HoDSmNpipeSuCrIk6sRY=
52,-51,asYZinBUtvN+vSoT7ww3olWni4E=,ScBQxc9HoDSmNpipeSuCrIk6sRY=
53,-58,asYZinBUtvN+vSoT7ww3olWni4E=,KhgJCm75S69jsh1gKLTYEnga/OQ=
51,-51,asYZinBUtvN+vSoT7ww3olWni4E=,ScBQxc9HoDSmNpipeSuCrIk6sRY=
49,-50,asYZinBUtvN+vSoT7ww3olWni4E=,ScBQxc9HoDSmNpipeSuCrIk6sRY=
50,-50,asYZinBUtvN+vSoT7ww3olWni4E=,ScBQxc9HoDSmNpipeSuCrIk6sRY=
49,-52,asYZinBUtvN+vSoT7ww3olWni4E=,ScBQxc9HoDSmNpipeSuCrIk6sRY=
54,-49,asYZinBUtvN+vSoT7ww3olWni4E=,ScBQxc9HoDSmNpipeSuCrIk6sRY=
50,-52,asYZinBUtvN+vSoT7ww3olWni4E=,ScBQxc9HoDSmNpipeSuCrIk6sRY=
50,-51,asYZinBUtvN+vSoT7ww3olWni4E=,ScBQxc9HoDSmNpipeSuCrIk6sRY=
54,-62,asYZinBUtvN+vSoT7ww3olWni4E=,KhgJCm75S69jsh1gKLTYEnga/OQ=
52,-52,asYZinBUtvN+vSoT7ww3olWni4E=,ScBQxc9HoDSmNpipeSuCrIk6sRY=
49,-51,asYZinBUtvN+vSoT7ww3olWni4E=,ScBQxc9HoDSmNpipeSuCrIk6sRY=
50,-58,/SMpeECJcwHYsx5jXM8wbdtbEZQ=,KhgJCm75S69jsh1gKLTYEnga/OQ=
51,-52,/SMpeECJcwHYsx5jXM8wbdtbEZQ=,ScBQxc9HoDSmNpipeSuCrIk6sRY=
50,-62,/SMpeECJcwHYsx5jXM8wbdtbEZQ=,KhgJCm75S69jsh1gKLTYEnga/OQ=
53,-50,/SMpeECJcwHYsx5jXM8wbdtbEZQ=,ScBQxc9HoDSmNpipeSuCrIk6sRY=
50,-57,/SMpeECJcwHYsx5jXM8wbdtbEZQ=,KhgJCm75S69jsh1gKLTYEnga/OQ=
53,-52,/SMpeECJcwHYsx5jXM8wbdtbEZQ=,ScBQxc9HoDSmNpipeSuCrIk6sRY=
52,-58,/SMpeECJcwHYsx5jXM8wbdtbEZQ=,KhgJCm75S69jsh1gKLTYEnga/OQ=
53,-62,/SMpeECJcwHYsx5jXM8wbdtbEZQ=,KhgJCm75S69jsh1gKLTYEnga/OQ=
52,-62,7NcDVl6KM90O2fc8tVKO5ReDP0I=,KhgJCm75S69jsh1gKLTYEnga/OQ=
54,-52,7NcDVl6KM90O2fc8tVKO5ReDP0I=,ScBQxc9HoDSmNpipeSuCrIk6sRY=
49,-63,7NcDVl6KM90O2fc8tVKO5ReDP0I=,KhgJCm75S69jsh1gKLTYEnga/OQ=
53,-64,7NcDVl6KM90O2fc8tVKO5ReDP0I=,KhgJCm75S69jsh1gKLTYEnga/OQ=
52,-50,7NcDVl6KM90O2fc8tVKO5ReDP0I=,ScBQxc9HoDSmNpipeSuCrIk6sRY=
48,-63,7NcDVl6KM90O2fc8tVKO5ReDP0I=,KhgJCm75S69jsh1gKLTYEnga/OQ=
49,-58,7NcDVl6KM90O2fc8tVKO5ReDP0I=,KhgJCm75S69jsh1gKLTYEnga/OQ=
53,-63,7NcDVl6KM90O2fc8tVKO5ReDP0I=,KhgJCm75S69jsh1gKLTYEnga/OQ=
48,-51,7NcDVl6KM90O2fc8tVKO5ReDP0I=,ScBQxc9HoDSmNpipeSuCrIk6sRY=
49,-64,7NcDVl6KM90O2fc8tVKO5ReDP0I=,KhgJCm75S69jsh1gKLTYEnga/OQ=
55,-52,7NcDVl6KM90O2fc8tVKO5ReDP0I=,ScBQxc9HoDSmNpipeSuCrIk6sRY=
49,-57,7NcDVl6KM90O2fc8tVKO5ReDP0I=,KhgJCm75S69jsh1gKLTYEnga/OQ=
51,-50,7NcDVl6KM90O2fc8tVKO5ReDP0I=,ScBQxc9HoDSmNpipeSuCrIk6sRY=
48,-57,7NcDVl6KM90O2fc8tVKO5ReDP0I=,KhgJCm75S69jsh1gKLTYEnga/OQ=
48,-59,7NcDVl6KM90O2fc8tVKO5ReDP0I=,KhgJCm75S69jsh1gKLTYEnga/OQ=
49,-62,7NcDVl6KM90O2fc8tVKO5ReDP0I=,KhgJCm75S69jsh1gKLTYEnga/OQ=
51,-64,7NcDVl6KM90O2fc8tVKO5ReDP0I=,KhgJCm75S69jsh1gKLTYEnga/OQ=
55,-61,7NcDVl6KM90O2fc8tVKO5ReDP0I=,KhgJCm75S69jsh1gKLTYEnga/OQ=
52,-63,7NcDVl6KM90O2fc8tVKO5ReDP0I=,KhgJCm75S69jsh1gKLTYEnga/OQ=
48,-60,7NcDVl6KM90O2fc8tVKO5ReDP0I=,KhgJCm75S69jsh1gKLTYEnga/OQ=
53,-49,7NcDVl6KM90O2fc8tVKO5ReDP0I=,ScBQxc9HoDSmNpipeSuCrIk6sRY=
55,-60,7NcDVl6KM90O2fc8tVKO5ReDP0I=,KhgJCm75S69jsh1gKLTYEnga/OQ=
54,-60,7NcDVl6KM90O2fc8tVKO5ReDP0I=,KhgJCm75S69jsh1gKLTYEnga/OQ=
52,-49,7NcDVl6KM90O2fc8tVKO5ReDP0I=,ScBQxc9HoDSmNpipeSuCrIk6sRY=
55,-58,7NcDVl6KM90O2fc8tVKO5ReDP0I=,KhgJCm75S69jsh1gKLTYEnga/OQ=
50,-63,7NcDVl6KM90O2fc8tVKO5ReDP0I=,KhgJCm75S69jsh1gKLTYEnga/OQ=
51,-63,7NcDVl6KM90O2fc8tVKO5ReDP0I=,KhgJCm75S69jsh1gKLTYEnga/OQ=
53,-60,7NcDVl6KM90O2fc8tVKO5ReDP0I=,KhgJCm75S69jsh1gKLTYEnga/OQ=
48,-58,7NcDVl6KM90O2fc8tVKO5ReDP0I=,KhgJCm75S69jsh1gKLTYEnga/OQ=
52,-60,7NcDVl6KM90O2fc8tVKO5ReDP0I=,KhgJCm75S69jsh1gKLTYEnga/OQ=
48,-55,7NcDVl6KM90O2fc8tVKO5ReDP0I=,ScBQxc9HoDSmNpipeSuCrIk6sRY=
55,-53,7NcDVl6KM90O2fc8tVKO5ReDP0I=,ScBQxc9HoDSmNpipeSuCrIk6sRY=
54,-58,7NcDVl6KM90O2fc8tVKO5ReDP0I=,KhgJCm75S69jsh1gKLTYEnga/OQ=
51,-62,7NcDVl6KM90O2fc8tVKO5ReDP0I=,KhgJCm75S69jsh1gKLTYEnga/OQ=
54,-53,7NcDVl6KM90O2fc8tVKO5ReDP0I=,ScBQxc9HoDSmNpipeSuCrIk6sRY=
53,-53,7NcDVl6KM90O2fc8tVKO5ReDP0I=,ScBQxc9HoDSmNpipeSuCrIk6sRY=
52,-53,7NcDVl6KM90O2fc8tVKO5ReDP0I=,ScBQxc9HoDSmNpipeSuCrIk6sRY=
51,-49,7NcDVl6KM90O2fc8tVKO5ReDP0I=,ScBQxc9HoDSmNpipeSuCrIk6sRY=
51,-58,7NcDVl6KM90O2fc8tVKO5ReDP0I=,KhgJCm75S69jsh1gKLTYEnga/OQ=
51,-53,7NcDVl6KM90O2fc8tVKO5ReDP0I=,ScBQxc9HoDSmNpipeSuCrIk6sRY=
50,-53,7NcDVl6KM90O2fc8tVKO5ReDP0I=,ScBQxc9HoDSmNpipeSuCrIk6sRY=
54,-54,7NcDVl6KM90O2fc8tVKO5ReDP0I=,ScBQxc9HoDSmNpipeSuCrIk6sRY=
48,-53,7NcDVl6KM90O2fc8tVKO5ReDP0I=,ScBQxc9HoDSmNpipeSuCrIk6sRY=
51,-60,7NcDVl6KM90O2fc8tVKO5ReDP0I=,KhgJCm75S69jsh1gKLTYEnga/OQ=
52,-54,7NcDVl6KM90O2fc8tVKO5ReDP0I=,ScBQxc9HoDSmNpipeSuCrIk6sRY=
55,-54,7NcDVl6KM90O2fc8tVKO5ReDP0I=,ScBQxc9HoDSmNpipeSuCrIk6sRY=
48,-64,7NcDVl6KM90O2fc8tVKO5ReDP0I=,KhgJCm75S69jsh1gKLTYEnga/OQ=
53,-54,7NcDVl6KM90O2fc8tVKO5ReDP0I=,ScBQxc9HoDSmNpipeSuCrIk6sRY=
49,-53,7NcDVl6KM90O2fc8tVKO5ReDP0I=,ScBQxc9HoDSmNpipeSuCrIk6sRY=
51,-54,7NcDVl6KM90O2fc8tVKO5ReDP0I=,ScBQxc9HoDSmNpipeSuCrIk6sRY=
55,-55,7NcDVl6KM90O2fc8tVKO5ReDP0I=,ScBQxc9HoDSmNpipeSuCrIk6sRY=
50,-54,7NcDVl6KM90O2fc8tVKO5ReDP0I=,ScBQxc9HoDSmNpipeSuCrIk6sRY=
48,-54,7NcDVl6KM90O2fc8tVKO5ReDP0I=,ScBQxc9HoDSmNpipeSuCrIk6sRY=
49,-54,7NcDVl6KM90O2fc8tVKO5ReDP0I=,ScBQxc9HoDSmNpipeSuCrIk6sRY=
50,-60,7NcDVl6KM90O2fc8tVKO5ReDP0I=,KhgJCm75S69jsh1gKLTYEnga/OQ=
54,-55,7NcDVl6KM90O2fc8tVKO5ReDP0I=,ScBQxc9HoDSmNpipeSuCrIk6sRY=
53,-55,7NcDVl6KM90O2fc8tVKO5ReDP0I=,ScBQxc9HoDSmNpipeSuCrIk6sRY=
52,-55,7NcDVl6KM90O2fc8tVKO5ReDP0I=,ScBQxc9HoDSmNpipeSuCrIk6sRY=
49,-60,7NcDVl6KM90O2fc8tVKO5ReDP0I=,KhgJCm75S69jsh1gKLTYEnga/OQ=
51,-57,7NcDVl6KM90O2fc8tVKO5ReDP0I=,KhgJCm75S69jsh1gKLTYEnga/OQ=
51,-55,7NcDVl6KM90O2fc8tVKO5ReDP0I=,ScBQxc9HoDSmNpipeSuCrIk6sRY=
52,-57,7NcDVl6KM90O2fc8tVKO5ReDP0I=,KhgJCm75S69jsh1gKLTYEnga/OQ=
54,-64,7NcDVl6KM90O2fc8tVKO5ReDP0I=,KhgJCm75S69jsh1gKLTYEnga/OQ=
53,-57,7NcDVl6KM90O2fc8tVKO5ReDP0I=,KhgJCm75S69jsh1gKLTYEnga/OQ=
54,-57,7NcDVl6KM90O2fc8tVKO5ReDP0I=,KhgJCm75S69jsh1gKLTYEnga/OQ=
55,-57,7NcDVl6KM90O2fc8tVKO5ReDP0I=,KhgJCm75S69jsh1gKLTYEnga/OQ=
54,-61,7NcDVl6KM90O2fc8tVKO5ReDP0I=,KhgJCm75S69jsh1gKLTYEnga/OQ=
50,-64,7NcDVl6KM90O2fc8tVKO5ReDP0I=,KhgJCm75S69jsh1gKLTYEnga/OQ=
50,-56,7NcDVl6KM90O2fc8tVKO5ReDP0I=,ScBQxc9HoDSmNpipeSuCrIk6sRY=
49,-56,7NcDVl6KM90O2fc8tVKO5ReDP0I=,ScBQxc9HoDSmNpipeSuCrIk6sRY=
48,-56,7NcDVl6KM90O2fc8tVKO5ReDP0I=,ScBQxc9HoDSmNpipeSuCrIk6sRY=
48,-61,7NcDVl6KM90O2fc8tVKO5ReDP0I=,KhgJCm75S69jsh1gKLTYEnga/OQ=
48,-62,7NcDVl6KM90O2fc8tVKO5ReDP0I=,KhgJCm75S69jsh1gKLTYEnga/OQ=
51,-61,7NcDVl6KM90O2fc8tVKO5ReDP0I=,KhgJCm75S69jsh1gKLTYEnga/OQ=
49,-61,7NcDVl6KM90O2fc8tVKO5ReDP0I=,KhgJCm75S69jsh1gKLTYEnga/OQ=
50,-61,7NcDVl6KM90O2fc8tVKO5ReDP0I=,KhgJCm75S69jsh1gKLTYEnga/OQ=
55,-62,7NcDVl6KM90O2fc8tVKO5ReDP0I=,KhgJCm75S69jsh1gKLTYEnga/OQ=
55,-63,7NcDVl6KM90O2fc8tVKO5ReDP0I=,KhgJCm75S69jsh1gKLTYEnga/OQ=
51,-56,7NcDVl6KM90O2fc8tVKO5ReDP0I=,ScBQxc9HoDSmNpipeSuCrIk6sRY=
51,-59,7NcDVl6KM90O2fc8tVKO5ReDP0I=,KhgJCm75S69jsh1gKLTYEnga/OQ=
52,-56,7NcDVl6KM90O2fc8tVKO5ReDP0I=,ScBQxc9HoDSmNpipeSuCrIk6sRY=
52,-59,7NcDVl6KM90O2fc8tVKO5ReDP0I=,KhgJCm75S69jsh1gKLTYEnga/OQ=
53,-61,7NcDVl6KM90O2fc8tVKO5ReDP0I=,KhgJCm75S69jsh1gKLTYEnga/OQ=
54,-56,7NcDVl6KM90O2fc8tVKO5ReDP0I=,ScBQxc9HoDSmNpipeSuCrIk6sRY=
50,-59,7NcDVl6KM90O2fc8tVKO5ReDP0I=,KhgJCm75S69jsh1gKLTYEnga/OQ=
53,-56,7NcDVl6KM90O2fc8tVKO5ReDP0I=,ScBQxc9HoDSmNpipeSuCrIk6sRY=
52,-61,7NcDVl6KM90O2fc8tVKO5ReDP0I=,KhgJCm75S69jsh1gKLTYEnga/OQ=
55,-59,7NcDVl6KM90O2fc8tVKO5ReDP0I=,KhgJCm75S69jsh1gKLTYEnga/OQ=
55,-64,7NcDVl6KM90O2fc8tVKO5ReDP0I=,KhgJCm75S69jsh1gKLTYEnga/OQ=
50,-49,7NcDVl6KM90O2fc8tVKO5ReDP0I=,ScBQxc9HoDSmNpipeSuCrIk6sRY=
48,-49,7NcDVl6KM90O2fc8tVKO5ReDP0I=,ScBQxc9HoDSmNpipeSuCrIk6sRY=
52,-64,7NcDVl6KM90O2fc8tVKO5ReDP0I=,KhgJCm75S69jsh1gKLTYEnga/OQ=
54,-59,7NcDVl6KM90O2fc8tVKO5ReDP0I=,KhgJCm75S69jsh1gKLTYEnga/OQ=
49,-59,7NcDVl6KM90O2fc8tVKO5ReDP0I=,KhgJCm75S69jsh1gKLTYEnga/OQ=
49,-49,7NcDVl6KM90O2fc8tVKO5ReDP0I=,ScBQxc9HoDSmNpipeSuCrIk6sRY=
54,-63,7NcDVl6KM90O2fc8tVKO5ReDP0I=,KhgJCm75S69jsh1gKLTYEnga/OQ=
50,-55,7NcDVl6KM90O2fc8tVKO5ReDP0I=,ScBQxc9HoDSmNpipeSuCrIk6sRY=
53,-59,7NcDVl6KM90O2fc8tVKO5ReDP0I=,KhgJCm75S69jsh1gKLTYEnga/OQ=
55,-56,7NcDVl6KM90O2fc8tVKO5ReDP0I=,ScBQxc9HoDSmNpipeSuCrIk6sRY=
49,-55,7NcDVl6KM90O2fc8tVKO5ReDP0I=,ScBQxc9HoDSmNpipeSuCrIk6sRY=
39,-59,7844U4fgNJy1rBczAL2sJlMRRD0=,rZCMdhSuu1BC/kWIYQbObOFBvx8=
37,-60,ZJeRFwrdO4Lc37+tRdH1dDWf4lo=,rZCMdhSuu1BC/kWIYQbObOFBvx8=
36,-60,ZJeRFwrdO4Lc37+tRdH1dDWf4lo=,rZCMdhSuu1BC/kWIYQbObOFBvx8=
39,-53,GZM8xe+HClEHfeadB2tEMaJp/QU=,AoJcr7+ZsfhW4wHXK2XF9UCxTUs=
39,-60,GZM8xe+HClEHfeadB2tEMaJp/QU=,rZCMdhSuu1BC/kWIYQbObOFBvx8=
36,-59,GZM8xe+HClEHfeadB2tEMaJp/QU=,rZCMdhSuu1BC/kWIYQbObOFBvx8=
38,-60,GZM8xe+HClEHfeadB2tEMaJp/QU=,rZCMdhSuu1BC/kWIYQbObOFBvx8=
37,-59,GZM8xe+HClEHfeadB2tEMaJp/QU=,rZCMdhSuu1BC/kWIYQbObOFBvx8=
38,-53,GZM8xe+HClEHfeadB2tEMaJp/QU=,AoJcr7+ZsfhW4wHXK2XF9UCxTUs=
38,-59,GZM8xe+HClEHfeadB2tEMaJp/QU=,rZCMdhSuu1BC/kWIYQbObOFBvx8=
36,-58,GZM8xe+HClEHfeadB2tEMaJp/QU=,rZCMdhSuu1BC/kWIYQbObOFBvx8=
37,-53,UZsi6ze0bhy/9upEBzlCwpSs0ws=,AoJcr7+ZsfhW4wHXK2XF9UCxTUs=
37,-58,UZsi6ze0bhy/9upEBzlCwpSs0ws=,rZCMdhSuu1BC/kWIYQbObOFBvx8=
38,-58,UZsi6ze0bhy/9upEBzlCwpSs0ws=,rZCMdhSuu1BC/kWIYQbObOFBvx8=
40,-60,UZsi6ze0bhy/9upEBzlCwpSs0ws=,lfo81K6/mYMmG1qC10QhBaDxuKk=
36,-57,UZsi6ze0bhy/9upEBzlCwpSs0ws=,rZCMdhSuu1BC/kWIYQbObOFBvx8=
36,-53,UZsi6ze0bhy/9upEBzlCwpSs0ws=,AoJcr7+ZsfhW4wHXK2XF9UCxTUs=
42,-54,UZsi6ze0bhy/9upEBzlCwpSs0ws=,+MDLOWSQy5Lnm4ie1XfMVcqgf4w=
37,-57,UZsi6ze0bhy/9upEBzlCwpSs0ws=,rZCMdhSuu1BC/kWIYQbObOFBvx8=
41,-60,n0SgZXQ/t5V6sbhxnDFvV2uiDfM=,lfo81K6/mYMmG1qC10QhBaDxuKk=
38,-57,n0SgZXQ/t5V6sbhxnDFvV2uiDfM=,rZCMdhSuu1BC/kWIYQbObOFBvx8=
41,-53,n0SgZXQ/t5V6sbhxnDFvV2uiDfM=,+MDLOWSQy5Lnm4ie1XfMVcqgf4w=
43,-54,n0SgZXQ/t5V6sbhxnDFvV2uiDfM=,+MDLOWSQy5Lnm4ie1XfMVcqgf4w=
42,-60,n0SgZXQ/t5V6sbhxnDFvV2uiDfM=,lfo81K6/mYMmG1qC10QhBaDxuKk=
39,-56,n0SgZXQ/t5V6sbhxnDFvV2uiDfM=,AoJcr7+ZsfhW4wHXK2XF9UCxTUs=
39,-54,n0SgZXQ/t5V6sbhxnDFvV2uiDfM=,AoJcr7+ZsfhW4wHXK2XF9UCxTUs=
39,-57,x0qtLKxby/34rLtktXKiedvMyAc=,rZCMdhSuu1BC/kWIYQbObOFBvx8=
39,-58,x0qtLKxby/34rLtktXKiedvMyAc=,rZCMdhSuu1BC/kWIYQbObOFBvx8=
41,-55,x0qtLKxby/34rLtktXKiedvMyAc=,+MDLOWSQy5Lnm4ie1XfMVcqgf4w=
38,-54,qVm6GIUGiqwJRNEVEAypcz+9wa4=,AoJcr7+ZsfhW4wHXK2XF9UCxTUs=
43,-60,qVm6GIUGiqwJRNEVEAypcz+9wa4=,lfo81K6/mYMmG1qC10QhBaDxuKk=
37,-54,qVm6GIUGiqwJRNEVEAypcz+9wa4=,AoJcr7+ZsfhW4wHXK2XF9UCxTUs=
43,-55,qVm6GIUGiqwJRNEVEAypcz+9wa4=,+MDLOWSQy5Lnm4ie1XfMVcqgf4w=
42,-55,qVm6GIUGiqwJRNEVEAypcz+9wa4=,+MDLOWSQy5Lnm4ie1XfMVcqgf4w=
36,-54,mqUFLjgABX3jNF+vvM1MFCRCIpI=,AoJcr7+ZsfhW4wHXK2XF9UCxTUs=
40,-59,mqUFLjgABX3jNF+vvM1MFCRCIpI=,lfo81K6/mYMmG1qC10QhBaDxuKk=
41,-59,mqUFLjgABX3jNF+vvM1MFCRCIpI=,lfo81K6/mYMmG1qC10QhBaDxuKk=
39,-55,mqUFLjgABX3jNF+vvM1MFCRCIpI=,AoJcr7+ZsfhW4wHXK2XF9UCxTUs=
42,-53,mqUFLjgABX3jNF+vvM1MFCRCIpI=,+MDLOWSQy5Lnm4ie1XfMVcqgf4w=
38,-55,mqUFLjgABX3jNF+vvM1MFCRCIpI=,AoJcr7+ZsfhW4wHXK2XF9UCxTUs=
41,-56,mqUFLjgABX3jNF+vvM1MFCRCIpI=,+MDLOWSQy5Lnm4ie1XfMVcqgf4w=
43,-53,mqUFLjgABX3jNF+vvM1MFCRCIpI=,+MDLOWSQy5Lnm4ie1XfMVcqgf4w=
37,-55,mqUFLjgABX3jNF+vvM1MFCRCIpI=,AoJcr7+ZsfhW4wHXK2XF9UCxTUs=
40,-54,mqUFLjgABX3jNF+vvM1MFCRCIpI=,+MDLOWSQy5Lnm4ie1XfMVcqgf4w=
42,-59,mqUFLjgABX3jNF+vvM1MFCRCIpI=,lfo81K6/mYMmG1qC10QhBaDxuKk=
41,-54,mqUFLjgABX3jNF+vvM1MFCRCIpI=,+MDLOWSQy5Lnm4ie1XfMVcqgf4w=
36,-55,mqUFLjgABX3jNF+vvM1MFCRCIpI=,AoJcr7+ZsfhW4wHXK2XF9UCxTUs=
40,-53,mqUFLjgABX3jNF+vvM1MFCRCIpI=,+MDLOWSQy5Lnm4ie1XfMVcqgf4w=
38,-56,mqUFLjgABX3jNF+vvM1MFCRCIpI=,AoJcr7+ZsfhW4wHXK2XF9UCxTUs=
43,-59,mqUFLjgABX3jNF+vvM1MFCRCIpI=,lfo81K6/mYMmG1qC10QhBaDxuKk=
40,-55,mqUFLjgABX3jNF+vvM1MFCRCIpI=,+MDLOWSQy5Lnm4ie1XfMVcqgf4w=
40,-56,mqUFLjgABX3jNF+vvM1MFCRCIpI=,+MDLOWSQy5Lnm4ie1XfMVcqgf4w=
37,-56,mqUFLjgABX3jNF+vvM1MFCRCIpI=,AoJcr7+ZsfhW4wHXK2XF9UCxTUs=
40,-58,mqUFLjgABX3jNF+vvM1MFCRCIpI=,lfo81K6/mYMmG1qC10QhBaDxuKk=
36,-56,mqUFLjgABX3jNF+vvM1MFCRCIpI=,AoJcr7+ZsfhW4wHXK2XF9UCxTUs=
41,-58,mqUFLjgABX3jNF+vvM1MFCRCIpI=,lfo81K6/mYMmG1qC10QhBaDxuKk=
47,-61,mqUFLjgABX3jNF+vvM1MFCRCIpI=,lfo81K6/mYMmG1qC10QhBaDxuKk=
42,-56,mqUFLjgABX3jNF+vvM1MFCRCIpI=,+MDLOWSQy5Lnm4ie1XfMVcqgf4w=
44,-62,mqUFLjgABX3jNF+vvM1MFCRCIpI=,lfo81K6/mYMmG1qC10QhBaDxuKk=
43,-56,mqUFLjgABX3jNF+vvM1MFCRCIpI=,+MDLOWSQy5Lnm4ie1XfMVcqgf4w=
47,-62,mqUFLjgABX3jNF+vvM1MFCRCIpI=,lfo81K6/mYMmG1qC10QhBaDxuKk=
47,-64,mqUFLjgABX3jNF+vvM1MFCRCIpI=,lfo81K6/mYMmG1qC10QhBaDxuKk=
43,-58,mqUFLjgABX3jNF+vvM1MFCRCIpI=,lfo81K6/mYMmG1qC10QhBaDxuKk=
45,-62,mqUFLjgABX3jNF+vvM1MFCRCIpI=,lfo81K6/mYMmG1qC10QhBaDxuKk=
47,-63,mqUFLjgABX3jNF+vvM1MFCRCIpI=,lfo81K6/mYMmG1qC10QhBaDxuKk=
46,-63,mqUFLjgABX3jNF+vvM1MFCRCIpI=,lfo81K6/mYMmG1qC10QhBaDxuKk=
42,-58,mqUFLjgABX3jNF+vvM1MFCRCIpI=,lfo81K6/mYMmG1qC10QhBaDxuKk=
40,-57,mqUFLjgABX3jNF+vvM1MFCRCIpI=,lfo81K6/mYMmG1qC10QhBaDxuKk=
45,-63,mqUFLjgABX3jNF+vvM1MFCRCIpI=,lfo81K6/mYMmG1qC10QhBaDxuKk=
44,-63,mqUFLjgABX3jNF+vvM1MFCRCIpI=,lfo81K6/mYMmG1qC10QhBaDxuKk=
43,-57,mqUFLjgABX3jNF+vvM1MFCRCIpI=,lfo81K6/mYMmG1qC10QhBaDxuKk=
41,-57,mqUFLjgABX3jNF+vvM1MFCRCIpI=,lfo81K6/mYMmG1qC10QhBaDxuKk=
42,-57,mqUFLjgABX3jNF+vvM1MFCRCIpI=,lfo81K6/mYMmG1qC10QhBaDxuKk=
46,-62,mqUFLjgABX3jNF+vvM1MFCRCIpI=,lfo81K6/mYMmG1qC10QhBaDxuKk=
46,-64,mqUFLjgABX3jNF+vvM1MFCRCIpI=,lfo81K6/mYMmG1qC10QhBaDxuKk=
46,-61,mqUFLjgABX3jNF+vvM1MFCRCIpI=,lfo81K6/mYMmG1qC10QhBaDxuKk=
44,-64,mqUFLjgABX3jNF+vvM1MFCRCIpI=,lfo81K6/mYMmG1qC10QhBaDxuKk=
45,-64,mqUFLjgABX3jNF+vvM1MFCRCIpI=,lfo81K6/mYMmG1qC10QhBaDxuKk=
45,-61,mqUFLjgABX3jNF+vvM1MFCRCIpI=,lfo81K6/mYMmG1qC10QhBaDxuKk=
44,-61,mqUFLjgABX3jNF+vvM1MFCRCIpI=,lfo81K6/mYMmG1qC10QhBaDxuKk=
32,-59,mqUFLjgABX3jNF+vvM1MFCRCIpI=,rZCMdhSuu1BC/kWIYQbObOFBvx8=
32,-58,mqUFLjgABX3jNF+vvM1MFCRCIpI=,rZCMdhSuu1BC/kWIYQbObOFBvx8=
32,-57,mqUFLjgABX3jNF+vvM1MFCRCIpI=,rZCMdhSuu1BC/kWIYQbObOFBvx8=
32,-60,mqUFLjgABX3jNF+vvM1MFCRCIpI=,rZCMdhSuu1BC/kWIYQbObOFBvx8=
33,-60,mqUFLjgABX3jNF+vvM1MFCRCIpI=,rZCMdhSuu1BC/kWIYQbObOFBvx8=
34,-60,mqUFLjgABX3jNF+vvM1MFCRCIpI=,rZCMdhSuu1BC/kWIYQbObOFBvx8=
35,-60,mqUFLjgABX3jNF+vvM1MFCRCIpI=,rZCMdhSuu1BC/kWIYQbObOFBvx8=
32,-56,mqUFLjgABX3jNF+vvM1MFCRCIpI=,AoJcr7+ZsfhW4wHXK2XF9UCxTUs=
32,-53,mqUFLjgABX3jNF+vvM1MFCRCIpI=,AoJcr7+ZsfhW4wHXK2XF9UCxTUs=
33,-59,mqUFLjgABX3jNF+vvM1MFCRCIpI=,rZCMdhSuu1BC/kWIYQbObOFBvx8=
35,-59,mqUFLjgABX3jNF+vvM1MFCRCIpI=,rZCMdhSuu1BC/kWIYQbObOFBvx8=
34,-59,mqUFLjgABX3jNF+vvM1MFCRCIpI=,rZCMdhSuu1BC/kWIYQbObOFBvx8=
33,-58,mqUFLjgABX3jNF+vvM1MFCRCIpI=,rZCMdhSuu1BC/kWIYQbObOFBvx8=
32,-54,mqUFLjgABX3jNF+vvM1MFCRCIpI=,AoJcr7+ZsfhW4wHXK2XF9UCxTUs=
34,-58,mqUFLjgABX3jNF+vvM1MFCRCIpI=,rZCMdhSuu1BC/kWIYQbObOFBvx8=
32,-55,mqUFLjgABX3jNF+vvM1MFCRCIpI=,AoJcr7+ZsfhW4wHXK2XF9UCxTUs=
35,-58,mqUFLjgABX3jNF+vvM1MFCRCIpI=,rZCMdhSuu1BC/kWIYQbObOFBvx8=
35,-57,mqUFLjgABX3jNF+vvM1MFCRCIpI=,rZCMdhSuu1BC/kWIYQbObOFBvx8=
34,-56,mqUFLjgABX3jNF+vvM1MFCRCIpI=,AoJcr7+ZsfhW4wHXK2XF9UCxTUs=
34,-57,mqUFLjgABX3jNF+vvM1MFCRCIpI=,rZCMdhSuu1BC/kWIYQbObOFBvx8=
33,-56,mqUFLjgABX3jNF+vvM1MFCRCIpI=,AoJcr7+ZsfhW4wHXK2XF9UCxTUs=
33,-57,mqUFLjgABX3jNF+vvM1MFCRCIpI=,rZCMdhSuu1BC/kWIYQbObOFBvx8=
47,-58,mqUFLjgABX3jNF+vvM1MFCRCIpI=,lfo81K6/mYMmG1qC10QhBaDxuKk=
35,-53,mqUFLjgABX3jNF+vvM1MFCRCIpI=,AoJcr7+ZsfhW4wHXK2XF9UCxTUs=
35,-56,mqUFLjgABX3jNF+vvM1MFCRCIpI=,AoJcr7+ZsfhW4wHXK2XF9UCxTUs=
33,-55,mqUFLjgABX3jNF+vvM1MFCRCIpI=,AoJcr7+ZsfhW4wHXK2XF9UCxTUs=
34,-53,mqUFLjgABX3jNF+vvM1MFCRCIpI=,AoJcr7+ZsfhW4wHXK2XF9UCxTUs=
47,-57,mqUFLjgABX3jNF+vvM1MFCRCIpI=,lfo81K6/mYMmG1qC10QhBaDxuKk=
34,-55,mqUFLjgABX3jNF+vvM1MFCRCIpI=,AoJcr7+ZsfhW4wHXK2XF9UCxTUs=
40,-64,mqUFLjgABX3jNF+vvM1MFCRCIpI=,lfo81K6/mYMmG1qC10QhBaDxuKk=
47,-59,mqUFLjgABX3jNF+vvM1MFCRCIpI=,lfo81K6/mYMmG1qC10QhBaDxuKk=
40,-61,mqUFLjgABX3jNF+vvM1MFCRCIpI=,lfo81K6/mYMmG1qC10QhBaDxuKk=
35,-55,mqUFLjgABX3jNF+vvM1MFCRCIpI=,AoJcr7+ZsfhW4wHXK2XF9UCxTUs=
33,-53,mqUFLjgABX3jNF+vvM1MFCRCIpI=,AoJcr7+ZsfhW4wHXK2XF9UCxTUs=
43,-62,mqUFLjgABX3jNF+vvM1MFCRCIpI=,lfo81K6/mYMmG1qC10QhBaDxuKk=
47,-53,mqUFLjgABX3jNF+vvM1MFCRCIpI=,+MDLOWSQy5Lnm4ie1XfMVcqgf4w=
42,-62,mqUFLjgABX3jNF+vvM1MFCRCIpI=,lfo81K6/mYMmG1qC10QhBaDxuKk=
35,-54,mqUFLjgABX3jNF+vvM1MFCRCIpI=,AoJcr7+ZsfhW4wHXK2XF9UCxTUs=
47,-60,mqUFLjgABX3jNF+vvM1MFCRCIpI=,lfo81K6/mYMmG1qC10QhBaDxuKk=
34,-54,mqUFLjgABX3jNF+vvM1MFCRCIpI=,AoJcr7+ZsfhW4wHXK2XF9UCxTUs=
41,-61,mqUFLjgABX3jNF+vvM1MFCRCIpI=,lfo81K6/mYMmG1qC10QhBaDxuKk=
47,-54,mqUFLjgABX3jNF+vvM1MFCRCIpI=,+MDLOWSQy5Lnm4ie1XfMVcqgf4w=
33,-54,mqUFLjgABX3jNF+vvM1MFCRCIpI=,AoJcr7+ZsfhW4wHXK2XF9UCxTUs=
42,-61,mqUFLjgABX3jNF+vvM1MFCRCIpI=,lfo81K6/mYMmG1qC10QhBaDxuKk=
44,-53,mqUFLjgABX3jNF+vvM1MFCRCIpI=,+MDLOWSQy5Lnm4ie1XfMVcqgf4w=
43,-61,mqUFLjgABX3jNF+vvM1MFCRCIpI=,lfo81K6/mYMmG1qC10QhBaDxuKk=
44,-60,mqUFLjgABX3jNF+vvM1MFCRCIpI=,lfo81K6/mYMmG1qC10QhBaDxuKk=
46,-57,mqUFLjgABX3jNF+vvM1MFCRCIpI=,lfo81K6/mYMmG1qC10QhBaDxuKk=
47,-56,mqUFLjgABX3jNF+vvM1MFCRCIpI=,+MDLOWSQy5Lnm4ie1XfMVcqgf4w=
45,-60,mqUFLjgABX3jNF+vvM1MFCRCIpI=,lfo81K6/mYMmG1qC10QhBaDxuKk=
45,-57,mqUFLjgABX3jNF+vvM1MFCRCIpI=,lfo81K6/mYMmG1qC10QhBaDxuKk=
41,-64,mqUFLjgABX3jNF+vvM1MFCRCIpI=,lfo81K6/mYMmG1qC10QhBaDxuKk=
44,-57,mqUFLjgABX3jNF+vvM1MFCRCIpI=,lfo81K6/mYMmG1qC10QhBaDxuKk=
46,-58,mqUFLjgABX3jNF+vvM1MFCRCIpI=,lfo81K6/mYMmG1qC10QhBaDxuKk=
42,-64,mqUFLjgABX3jNF+vvM1MFCRCIpI=,lfo81K6/mYMmG1qC10QhBaDxuKk=
44,-54,mqUFLjgABX3jNF+vvM1MFCRCIpI=,+MDLOWSQy5Lnm4ie1XfMVcqgf4w=
36,-64,mqUFLjgABX3jNF+vvM1MFCRCIpI=,rZCMdhSuu1BC/kWIYQbObOFBvx8=
33,-64,mqUFLjgABX3jNF+vvM1MFCRCIpI=,rZCMdhSuu1BC/kWIYQbObOFBvx8=
43,-64,mqUFLjgABX3jNF+vvM1MFCRCIpI=,lfo81K6/mYMmG1qC10QhBaDxuKk=
36,-63,mqUFLjgABX3jNF+vvM1MFCRCIpI=,rZCMdhSuu1BC/kWIYQbObOFBvx8=
34,-64,mqUFLjgABX3jNF+vvM1MFCRCIpI=,rZCMdhSuu1BC/kWIYQbObOFBvx8=
37,-64,mqUFLjgABX3jNF+vvM1MFCRCIpI=,rZCMdhSuu1BC/kWIYQbObOFBvx8=
41,-62,mqUFLjgABX3jNF+vvM1MFCRCIpI=,lfo81K6/mYMmG1qC10QhBaDxuKk=
47,-55,mqUFLjgABX3jNF+vvM1MFCRCIpI=,+MDLOWSQy5Lnm4ie1XfMVcqgf4w=
35,-64,mqUFLjgABX3jNF+vvM1MFCRCIpI=,rZCMdhSuu1BC/kWIYQbObOFBvx8=
38,-64,mqUFLjgABX3jNF+vvM1MFCRCIpI=,rZCMdhSuu1BC/kWIYQbObOFBvx8=
40,-62,mqUFLjgABX3jNF+vvM1MFCRCIpI=,lfo81K6/mYMmG1qC10QhBaDxuKk=
46,-60,mqUFLjgABX3jNF+vvM1MFCRCIpI=,lfo81K6/mYMmG1qC10QhBaDxuKk=
32,-63,mqUFLjgABX3jNF+vvM1MFCRCIpI=,rZCMdhSuu1BC/kWIYQbObOFBvx8=
45,-58,mqUFLjgABX3jNF+vvM1MFCRCIpI=,lfo81K6/mYMmG1qC10QhBaDxuKk=
44,-58,mqUFLjgABX3jNF+vvM1MFCRCIpI=,lfo81K6/mYMmG1qC10QhBaDxuKk=
43,-63,mqUFLjgABX3jNF+vvM1MFCRCIpI=,lfo81K6/mYMmG1qC10QhBaDxuKk=
39,-64,mqUFLjgABX3jNF+vvM1MFCRCIpI=,rZCMdhSuu1BC/kWIYQbObOFBvx8=
39,-61,mqUFLjgABX3jNF+vvM1MFCRCIpI=,rZCMdhSuu1BC/kWIYQbObOFBvx8=
32,-61,mqUFLjgABX3jNF+vvM1MFCRCIpI=,rZCMdhSuu1BC/kWIYQbObOFBvx8=
44,-56,mqUFLjgABX3jNF+vvM1MFCRCIpI=,+MDLOWSQy5Lnm4ie1XfMVcqgf4w=
42,-63,mqUFLjgABX3jNF+vvM1MFCRCIpI=,lfo81K6/mYMmG1qC10QhBaDxuKk=
46,-59,mqUFLjgABX3jNF+vvM1MFCRCIpI=,lfo81K6/mYMmG1qC10QhBaDxuKk=
32,-62,mqUFLjgABX3jNF+vvM1MFCRCIpI=,rZCMdhSuu1BC/kWIYQbObOFBvx8=
39,-62,mqUFLjgABX3jNF+vvM1MFCRCIpI=,rZCMdhSuu1BC/kWIYQbObOFBvx8=
44,-59,mqUFLjgABX3jNF+vvM1MFCRCIpI=,lfo81K6/mYMmG1qC10QhBaDxuKk=
37,-63,mqUFLjgABX3jNF+vvM1MFCRCIpI=,rZCMdhSuu1BC/kWIYQbObOFBvx8=
41,-63,mqUFLjgABX3jNF+vvM1MFCRCIpI=,lfo81K6/mYMmG1qC10QhBaDxuKk=
45,-59,mqUFLjgABX3jNF+vvM1MFCRCIpI=,lfo81K6/mYMmG1qC10QhBaDxuKk=
45,-56,mqUFLjgABX3jNF+vvM1MFCRCIpI=,+MDLOWSQy5Lnm4ie1XfMVcqgf4w=
39,-63,mqUFLjgABX3jNF+vvM1MFCRCIpI=,rZCMdhSuu1BC/kWIYQbObOFBvx8=
35,-63,mqUFLjgABX3jNF+vvM1MFCRCIpI=,rZCMdhSuu1BC/kWIYQbObOFBvx8=
34,-63,mqUFLjgABX3jNF+vvM1MFCRCIpI=,rZCMdhSuu1BC/kWIYQbObOFBvx8=
40,-63,mqUFLjgABX3jNF+vvM1MFCRCIpI=,lfo81K6/mYMmG1qC10QhBaDxuKk=
38,-61,mqUFLjgABX3jNF+vvM1MFCRCIpI=,rZCMdhSuu1BC/kWIYQbObOFBvx8=
33,-63,mqUFLjgABX3jNF+vvM1MFCRCIpI=,rZCMdhSuu1BC/kWIYQbObOFBvx8=
34,-61,mqUFLjgABX3jNF+vvM1MFCRCIpI=,rZCMdhSuu1BC/kWIYQbObOFBvx8=
37,-61,mqUFLjgABX3jNF+vvM1MFCRCIpI=,rZCMdhSuu1BC/kWIYQbObOFBvx8=
46,-56,mqUFLjgABX3jNF+vvM1MFCRCIpI=,+MDLOWSQy5Lnm4ie1XfMVcqgf4w=
35,-61,mqUFLjgABX3jNF+vvM1MFCRCIpI=,rZCMdhSuu1BC/kWIYQbObOFBvx8=
33,-61,mqUFLjgABX3jNF+vvM1MFCRCIpI=,rZCMdhSuu1BC/kWIYQbObOFBvx8=
36,-61,mqUFLjgABX3jNF+vvM1MFCRCIpI=,rZCMdhSuu1BC/kWIYQbObOFBvx8=
35,-62,mqUFLjgABX3jNF+vvM1MFCRCIpI=,rZCMdhSuu1BC/kWIYQbObOFBvx8=
34,-62,mqUFLjgABX3jNF+vvM1MFCRCIpI=,rZCMdhSuu1BC/kWIYQbObOFBvx8=
45,-55,mqUFLjgABX3jNF+vvM1MFCRCIpI=,+MDLOWSQy5Lnm4ie1XfMVcqgf4w=
33,-62,mqUFLjgABX3jNF+vvM1MFCRCIpI=,rZCMdhSuu1BC/kWIYQbObOFBvx8=
32,-64,mqUFLjgABX3jNF+vvM1MFCRCIpI=,rZCMdhSuu1BC/kWIYQbObOFBvx8=
38,-63,mqUFLjgABX3jNF+vvM1MFCRCIpI=,rZCMdhSuu1BC/kWIYQbObOFBvx8=
38,-62,mqUFLjgABX3jNF+vvM1MFCRCIpI=,rZCMdhSuu1BC/kWIYQbObOFBvx8=
37,-62,mqUFLjgABX3jNF+vvM1MFCRCIpI=,rZCMdhSuu1BC/kWIYQbObOFBvx8=
44,-55,mqUFLjgABX3jNF+vvM1MFCRCIpI=,+MDLOWSQy5Lnm4ie1XfMVcqgf4w=
45,-53,mqUFLjgABX3jNF+vvM1MFCRCIpI=,+MDLOWSQy5Lnm4ie1XfMVcqgf4w=
36,-62,mqUFLjgABX3jNF+vvM1MFCRCIpI=,rZCMdhSuu1BC/kWIYQbObOFBvx8=
45,-54,mqUFLjgABX3jNF+vvM1MFCRCIpI=,+MDLOWSQy5Lnm4ie1XfMVcqgf4w=
46,-53,mqUFLjgABX3jNF+vvM1MFCRCIpI=,+MDLOWSQy5Lnm4ie1XfMVcqgf4w=
46,-55,mqUFLjgABX3jNF+vvM1MFCRCIpI=,+MDLOWSQy5Lnm4ie1XfMVcqgf4w=
46,-54,mqUFLjgABX3jNF+vvM1MFCRCIpI=,+MDLOWSQy5Lnm4ie1XfMVcqgf4w=
39,-49,mqUFLjgABX3jNF+vvM1MFCRCIpI=,AoJcr7+ZsfhW4wHXK2XF9UCxTUs=
36,-50,mqUFLjgABX3jNF+vvM1MFCRCIpI=,AoJcr7+ZsfhW4wHXK2XF9UCxTUs=
46,-51,mqUFLjgABX3jNF+vvM1MFCRCIpI=,+MDLOWSQy5Lnm4ie1XfMVcqgf4w=
46,-50,mqUFLjgABX3jNF+vvM1MFCRCIpI=,+MDLOWSQy5Lnm4ie1XfMVcqgf4w=
43,-49,mqUFLjgABX3jNF+vvM1MFCRCIpI=,+MDLOWSQy5Lnm4ie1XfMVcqgf4w=
39,-51,mqUFLjgABX3jNF+vvM1MFCRCIpI=,AoJcr7+ZsfhW4wHXK2XF9UCxTUs=
34,-49,mqUFLjgABX3jNF+vvM1MFCRCIpI=,AoJcr7+ZsfhW4wHXK2XF9UCxTUs=
32,-49,mqUFLjgABX3jNF+vvM1MFCRCIpI=,AoJcr7+ZsfhW4wHXK2XF9UCxTUs=
34,-52,mqUFLjgABX3jNF+vvM1MFCRCIpI=,AoJcr7+ZsfhW4wHXK2XF9UCxTUs=
41,-49,mqUFLjgABX3jNF+vvM1MFCRCIpI=,+MDLOWSQy5Lnm4ie1XfMVcqgf4w=
33,-49,mqUFLjgABX3jNF+vvM1MFCRCIpI=,AoJcr7+ZsfhW4wHXK2XF9UCxTUs=
38,-51,mqUFLjgABX3jNF+vvM1MFCRCIpI=,AoJcr7+ZsfhW4wHXK2XF9UCxTUs=
35,-49,mqUFLjgABX3jNF+vvM1MFCRCIpI=,AoJcr7+ZsfhW4wHXK2XF9UCxTUs=
35,-51,mqUFLjgABX3jNF+vvM1MFCRCIpI=,AoJcr7+ZsfhW4wHXK2XF9UCxTUs=
32,-50,mqUFLjgABX3jNF+vvM1MFCRCIpI=,AoJcr7+ZsfhW4wHXK2XF9UCxTUs=
33,-52,mqUFLjgABX3jNF+vvM1MFCRCIpI=,AoJcr7+ZsfhW4wHXK2XF9UCxTUs=
42,-49,mqUFLjgABX3jNF+vvM1MFCRCIpI=,+MDLOWSQy5Lnm4ie1XfMVcqgf4w=
32,-51,mqUFLjgABX3jNF+vvM1MFCRCIpI=,AoJcr7+ZsfhW4wHXK2XF9UCxTUs=
33,-51,mqUFLjgABX3jNF+vvM1MFCRCIpI=,AoJcr7+ZsfhW4wHXK2XF9UCxTUs=
37,-51,mqUFLjgABX3jNF+vvM1MFCRCIpI=,AoJcr7+ZsfhW4wHXK2XF9UCxTUs=
35,-52,mqUFLjgABX3jNF+vvM1MFCRCIpI=,AoJcr7+ZsfhW4wHXK2XF9UCxTUs=
34,-51,mqUFLjgABX3jNF+vvM1MFCRCIpI=,AoJcr7+ZsfhW4wHXK2XF9UCxTUs=
33,-50,mqUFLjgABX3jNF+vvM1MFCRCIpI=,AoJcr7+ZsfhW4wHXK2XF9UCxTUs=
32,-52,mqUFLjgABX3jNF+vvM1MFCRCIpI=,AoJcr7+ZsfhW4wHXK2XF9UCxTUs=
36,-51,mqUFLjgABX3jNF+vvM1MFCRCIpI=,AoJcr7+ZsfhW4wHXK2XF9UCxTUs=
46,-52,mqUFLjgABX3jNF+vvM1MFCRCIpI=,+MDLOWSQy5Lnm4ie1XfMVcqgf4w=
44,-49,mqUFLjgABX3jNF+vvM1MFCRCIpI=,+MDLOWSQy5Lnm4ie1XfMVcqgf4w=
42,-50,mqUFLjgABX3jNF+vvM1MFCRCIpI=,+MDLOWSQy5Lnm4ie1XfMVcqgf4w=
34,-50,mqUFLjgABX3jNF+vvM1MFCRCIpI=,AoJcr7+ZsfhW4wHXK2XF9UCxTUs=
37,-50,mqUFLjgABX3jNF+vvM1MFCRCIpI=,AoJcr7+ZsfhW4wHXK2XF9UCxTUs=
41,-50,mqUFLjgABX3jNF+vvM1MFCRCIpI=,+MDLOWSQy5Lnm4ie1XfMVcqgf4w=
35,-50,mqUFLjgABX3jNF+vvM1MFCRCIpI=,AoJcr7+ZsfhW4wHXK2XF9UCxTUs=
42,-52,mqUFLjgABX3jNF+vvM1MFCRCIpI=,+MDLOWSQy5Lnm4ie1XfMVcqgf4w=
39,-52,mqUFLjgABX3jNF+vvM1MFCRCIpI=,AoJcr7+ZsfhW4wHXK2XF9UCxTUs=
40,-49,mqUFLjgABX3jNF+vvM1MFCRCIpI=,+MDLOWSQy5Lnm4ie1XfMVcqgf4w=
41,-52,mqUFLjgABX3jNF+vvM1MFCRCIpI=,+MDLOWSQy5Lnm4ie1XfMVcqgf4w=
41,-51,mqUFLjgABX3jNF+vvM1MFCRCIpI=,+MDLOWSQy5Lnm4ie1XfMVcqgf4w=
42,-51,mqUFLjgABX3jNF+vvM1MFCRCIpI=,+MDLOWSQy5Lnm4ie1XfMVcqgf4w=
38,-52,mqUFLjgABX3jNF+vvM1MFCRCIpI=,AoJcr7+ZsfhW4wHXK2XF9UCxTUs=
45,-49,mqUFLjgABX3jNF+vvM1MFCRCIpI=,+MDLOWSQy5Lnm4ie1XfMVcqgf4w=
38,-50,mqUFLjgABX3jNF+vvM1MFCRCIpI=,AoJcr7+ZsfhW4wHXK2XF9UCxTUs=
43,-52,mqUFLjgABX3jNF+vvM1MFCRCIpI=,+MDLOWSQy5Lnm4ie1XfMVcqgf4w=
44,-52,mqUFLjgABX3jNF+vvM1MFCRCIpI=,+MDLOWSQy5Lnm4ie1XfMVcqgf4w=
37,-52,mqUFLjgABX3jNF+vvM1MFCRCIpI=,AoJcr7+ZsfhW4wHXK2XF9UCxTUs=
43,-51,mqUFLjgABX3jNF+vvM1MFCRCIpI=,+MDLOWSQy5Lnm4ie1XfMVcqgf4w=
46,-49,mqUFLjgABX3jNF+vvM1MFCRCIpI=,+MDLOWSQy5Lnm4ie1XfMVcqgf4w=
45,-52,mqUFLjgABX3jNF+vvM1MFCRCIpI=,+MDLOWSQy5Lnm4ie1XfMVcqgf4w=
36,-52,mqUFLjgABX3jNF+vvM1MFCRCIpI=,AoJcr7+ZsfhW4wHXK2XF9UCxTUs=
44,-51,mqUFLjgABX3jNF+vvM1MFCRCIpI=,+MDLOWSQy5Lnm4ie1XfMVcqgf4w=
47,-49,mqUFLjgABX3jNF+vvM1MFCRCIpI=,+MDLOWSQy5Lnm4ie1XfMVcqgf4w=
45,-51,mqUFLjgABX3jNF+vvM1MFCRCIpI=,+MDLOWSQy5Lnm4ie1XfMVcqgf4w=
38,-49,mqUFLjgABX3jNF+vvM1MFCRCIpI=,AoJcr7+ZsfhW4wHXK2XF9UCxTUs=
43,-50,mqUFLjgABX3jNF+vvM1MFCRCIpI=,+MDLOWSQy5Lnm4ie1XfMVcqgf4w=
40,-50,mqUFLjgABX3jNF+vvM1MFCRCIpI=,+MDLOWSQy5Lnm4ie1XfMVcqgf4w=
47,-52,mqUFLjgABX3jNF+vvM1MFCRCIpI=,+MDLOWSQy5Lnm4ie1XfMVcqgf4w=
45,-50,mqUFLjgABX3jNF+vvM1MFCRCIpI=,+MDLOWSQy5Lnm4ie1XfMVcqgf4w=
37,-49,mqUFLjgABX3jNF+vvM1MFCRCIpI=,AoJcr7+ZsfhW4wHXK2XF9UCxTUs=
47,-51,mqUFLjgABX3jNF+vvM1MFCRCIpI=,+MDLOWSQy5Lnm4ie1XfMVcqgf4w=
40,-52,mqUFLjgABX3jNF+vvM1MFCRCIpI=,+MDLOWSQy5Lnm4ie1XfMVcqgf4w=
44,-50,mqUFLjgABX3jNF+vvM1MFCRCIpI=,+MDLOWSQy5Lnm4ie1XfMVcqgf4w=
36,-49,mqUFLjgABX3jNF+vvM1MFCRCIpI=,AoJcr7+ZsfhW4wHXK2XF9UCxTUs=
39,-50,mqUFLjgABX3jNF+vvM1MFCRCIpI=,AoJcr7+ZsfhW4wHXK2XF9UCxTUs=
40,-51,mqUFLjgABX3jNF+vvM1MFCRCIpI=,+MDLOWSQy5Lnm4ie1XfMVcqgf4w=
47,-50,mqUFLjgABX3jNF+vvM1MFCRCIpI=,+MDLOWSQy5Lnm4ie1XfMVcqgf4w=
38,-41,+6a5Tag0Y7vbB4IjQqjZ4WcN+2w=,GZUghmoyfiGivCj02Kff74I2FNI=
39,-41,+6a5Tag0Y7vbB4IjQqjZ4WcN+2w=,GZUghmoyfiGivCj02Kff74I2FNI=
41,-40,+6a5Tag0Y7vbB4IjQqjZ4WcN+2w=,X/m8j2Ewah+4dzZDlrnOfQpGk0k=
40,-41,oVjT0YkqRy4X59uIx1LxmK8ub9U=,lcdL4kI59T9Q8ExAVF8J7u1ruOo=
36,-39,oVjT0YkqRy4X59uIx1LxmK8ub9U=,JtJ69f1he21tI7rM8Moi1yc9EBQ=
39,-33,oVjT0YkqRy4X59uIx1LxmK8ub9U=,JtJ69f1he21tI7rM8Moi1yc9EBQ=
42,-37,oVjT0YkqRy4X59uIx1LxmK8ub9U=,X/m8j2Ewah+4dzZDlrnOfQpGk0k=
41,-44,rIjGAGpkXL4woSNO1PC5JRMbQDM=,lcdL4kI59T9Q8ExAVF8J7u1ruOo=
41,-41,rIjGAGpkXL4woSNO1PC5JRMbQDM=,lcdL4kI59T9Q8ExAVF8J7u1ruOo=
39,-36,rIjGAGpkXL4woSNO1PC5JRMbQDM=,JtJ69f1he21tI7rM8Moi1yc9EBQ=
42,-40,b62O0Kop96eBKYyMAigVclBc53M=,X/m8j2Ewah+4dzZDlrnOfQpGk0k=
37,-39,b62O0Kop96eBKYyMAigVclBc53M=,JtJ69f1he21tI7rM8Moi1yc9EBQ=
39,-35,8xBAC8EXZoa9Kcnqgqy0/gAjpRI=,JtJ69f1he21tI7rM8Moi1yc9EBQ=
42,-41,8xBAC8EXZoa9Kcnqgqy0/gAjpRI=,lcdL4kI59T9Q8ExAVF8J7u1ruOo=
42,-44,8xBAC8EXZoa9Kcnqgqy0/gAjpRI=,lcdL4kI59T9Q8ExAVF8J7u1ruOo=
39,-38,8xBAC8EXZoa9Kcnqgqy0/gAjpRI=,JtJ69f1he21tI7rM8Moi1yc9EBQ=
38,-39,8xBAC8EXZoa9Kcnqgqy0/gAjpRI=,JtJ69f1he21tI7rM8Moi1yc9EBQ=
43,-41,8xBAC8EXZoa9Kcnqgqy0/gAjpRI=,lcdL4kI59T9Q8ExAVF8J7u1ruOo=
39,-34,8xBAC8EXZoa9Kcnqgqy0/gAjpRI=,JtJ69f1he21tI7rM8Moi1yc9EBQ=
40,-37,8xBAC8EXZoa9Kcnqgqy0/gAjpRI=,X/m8j2Ewah+4dzZDlrnOfQpGk0k=
36,-38,8xBAC8EXZoa9Kcnqgqy0/gAjpRI=,JtJ69f1he21tI7rM8Moi1yc9EBQ=
40,-42,8xBAC8EXZoa9Kcnqgqy0/gAjpRI=,lcdL4kI59T9Q8ExAVF8J7u1ruOo=
37,-36,8xBAC8EXZoa9Kcnqgqy0/gAjpRI=,JtJ69f1he21tI7rM8Moi1yc9EBQ=
39,-39,8xBAC8EXZoa9Kcnqgqy0/gAjpRI=,JtJ69f1he21tI7rM8Moi1yc9EBQ=
43,-40,8xBAC8EXZoa9Kcnqgqy0/gAjpRI=,X/m8j2Ewah+4dzZDlrnOfQpGk0k=
40,-43,8xBAC8EXZoa9Kcnqgqy0/gAjpRI=,lcdL4kI59T9Q8ExAVF8J7u1ruOo=
37,-38,8xBAC8EXZoa9Kcnqgqy0/gAjpRI=,JtJ69f1he21tI7rM8Moi1yc9EBQ=
38,-38,8xBAC8EXZoa9Kcnqgqy0/gAjpRI=,JtJ69f1he21tI7rM8Moi1yc9EBQ=
36,-36,8xBAC8EXZoa9Kcnqgqy0/gAjpRI=,JtJ69f1he21tI7rM8Moi1yc9EBQ=
42,-38,8xBAC8EXZoa9Kcnqgqy0/gAjpRI=,X/m8j2Ewah+4dzZDlrnOfQpGk0k=
39,-37,8xBAC8EXZoa9Kcnqgqy0/gAjpRI=,JtJ69f1he21tI7rM8Moi1yc9EBQ=
38,-36,oaEMph1qd/0k46lwKXfJbNLJVkc=,JtJ69f1he21tI7rM8Moi1yc9EBQ=
43,-38,oaEMph1qd/0k46lwKXfJbNLJVkc=,X/m8j2Ewah+4dzZDlrnOfQpGk0k=
38,-33,oaEMph1qd/0k46lwKXfJbNLJVkc=,JtJ69f1he21tI7rM8Moi1yc9EBQ=
36,-37,oaEMph1qd/0k46lwKXfJbNLJVkc=,JtJ69f1he21tI7rM8Moi1yc9EBQ=
37,-37,oaEMph1qd/0k46lwKXfJbNLJVkc=,JtJ69f1he21tI7rM8Moi1yc9EBQ=
40,-39,oaEMph1qd/0k46lwKXfJbNLJVkc=,X/m8j2Ewah+4dzZDlrnOfQpGk0k=
42,-43,oaEMph1qd/0k46lwKXfJbNLJVkc=,lcdL4kI59T9Q8ExAVF8J7u1ruOo=
43,-33,5aW4L6jryMLcU+qHrk9PosXsX7k=,X/m8j2Ewah+4dzZDlrnOfQpGk0k=
41,-43,5aW4L6jryMLcU+qHrk9PosXsX7k=,lcdL4kI59T9Q8ExAVF8J7u1ruOo=
36,-40,5aW4L6jryMLcU+qHrk9PosXsX7k=,JtJ69f1he21tI7rM8Moi1yc9EBQ=
37,-33,5aW4L6jryMLcU+qHrk9PosXsX7k=,JtJ69f1he21tI7rM8Moi1yc9EBQ=
41,-39,5aW4L6jryMLcU+qHrk9PosXsX7k=,X/m8j2Ewah+4dzZDlrnOfQpGk0k=
38,-37,5aW4L6jryMLcU+qHrk9PosXsX7k=,JtJ69f1he21tI7rM8Moi1yc9EBQ=
43,-44,5aW4L6jryMLcU+qHrk9PosXsX7k=,lcdL4kI59T9Q8ExAVF8J7u1ruOo=
36,-33,5aW4L6jryMLcU+qHrk9PosXsX7k=,JtJ69f1he21tI7rM8Moi1yc9EBQ=
40,-44,5aW4L6jryMLcU+qHrk9PosXsX7k=,lcdL4kI59T9Q8ExAVF8J7u1ruOo=
38,-40,5aW4L6jryMLcU+qHrk9PosXsX7k=,JtJ69f1he21tI7rM8Moi1yc9EBQ=
42,-39,5aW4L6jryMLcU+qHrk9PosXsX7k=,X/m8j2Ewah+4dzZDlrnOfQpGk0k=
37,-40,5aW4L6jryMLcU+qHrk9PosXsX7k=,JtJ69f1he21tI7rM8Moi1yc9EBQ=
40,-34,5aW4L6jryMLcU+qHrk9PosXsX7k=,X/m8j2Ewah+4dzZDlrnOfQpGk0k=
40,-40,5aW4L6jryMLcU+qHrk9PosXsX7k=,X/m8j2Ewah+4dzZDlrnOfQpGk0k=
42,-33,nXh766bgB+ZPYIe3iLvgv0dtHF0=,X/m8j2Ewah+4dzZDlrnOfQpGk0k=
36,-35,nXh766bgB+ZPYIe3iLvgv0dtHF0=,JtJ69f1he21tI7rM8Moi1yc9EBQ=
43,-39,nXh766bgB+ZPYIe3iLvgv0dtHF0=,X/m8j2Ewah+4dzZDlrnOfQpGk0k=
43,-42,nXh766bgB+ZPYIe3iLvgv0dtHF0=,lcdL4kI59T9Q8ExAVF8J7u1ruOo=
41,-34,nXh766bgB+ZPYIe3iLvgv0dtHF0=,X/m8j2Ewah+4dzZDlrnOfQpGk0k=
42,-34,nXh766bgB+ZPYIe3iLvgv0dtHF0=,X/m8j2Ewah+4dzZDlrnOfQpGk0k=
41,-33,nXh766bgB+ZPYIe3iLvgv0dtHF0=,X/m8j2Ewah+4dzZDlrnOfQpGk0k=
41,-37,sa8ctcSqQ24qupHsFGDrhR2FZlc=,X/m8j2Ewah+4dzZDlrnOfQpGk0k=
42,-42,sa8ctcSqQ24qupHsFGDrhR2FZlc=,lcdL4kI59T9Q8ExAVF8J7u1ruOo=
38,-34,sa8ctcSqQ24qupHsFGDrhR2FZlc=,JtJ69f1he21tI7rM8Moi1yc9EBQ=
43,-37,sa8ctcSqQ24qupHsFGDrhR2FZlc=,X/m8j2Ewah+4dzZDlrnOfQpGk0k=
40,-33,sa8ctcSqQ24qupHsFGDrhR2FZlc=,X/m8j2Ewah+4dzZDlrnOfQpGk0k=
41,-42,sa8ctcSqQ24qupHsFGDrhR2FZlc=,lcdL4kI59T9Q8ExAVF8J7u1ruOo=
41,-38,sa8ctcSqQ24qupHsFGDrhR2FZlc=,X/m8j2Ewah+4dzZDlrnOfQpGk0k=
37,-35,sa8ctcSqQ24qupHsFGDrhR2FZlc=,JtJ69f1he21tI7rM8Moi1yc9EBQ=
37,-34,sa8ctcSqQ24qupHsFGDrhR2FZlc=,JtJ69f1he21tI7rM8Moi1yc9EBQ=
36,-34,sa8ctcSqQ24qupHsFGDrhR2FZlc=,JtJ69f1he21tI7rM8Moi1yc9EBQ=
42,-35,sa8ctcSqQ24qupHsFGDrhR2FZlc=,X/m8j2Ewah+4dzZDlrnOfQpGk0k=
40,-36,sa8ctcSqQ24qupHsFGDrhR2FZlc=,X/m8j2Ewah+4dzZDlrnOfQpGk0k=
39,-40,sa8ctcSqQ24qupHsFGDrhR2FZlc=,JtJ69f1he21tI7rM8Moi1yc9EBQ=
43,-43,sa8ctcSqQ24qupHsFGDrhR2FZlc=,lcdL4kI59T9Q8ExAVF8J7u1ruOo=
38,-35,sa8ctcSqQ24qupHsFGDrhR2FZlc=,JtJ69f1he21tI7rM8Moi1yc9EBQ=
40,-38,sa8ctcSqQ24qupHsFGDrhR2FZlc=,X/m8j2Ewah+4dzZDlrnOfQpGk0k=
43,-35,sa8ctcSqQ24qupHsFGDrhR2FZlc=,X/m8j2Ewah+4dzZDlrnOfQpGk0k=
41,-36,sa8ctcSqQ24qupHsFGDrhR2FZlc=,X/m8j2Ewah+4dzZDlrnOfQpGk0k=
43,-36,sa8ctcSqQ24qupHsFGDrhR2FZlc=,X/m8j2Ewah+4dzZDlrnOfQpGk0k=
42,-36,sa8ctcSqQ24qupHsFGDrhR2FZlc=,X/m8j2Ewah+4dzZDlrnOfQpGk0k=
41,-35,sa8ctcSqQ24qupHsFGDrhR2FZlc=,X/m8j2Ewah+4dzZDlrnOfQpGk0k=
40,-35,sa8ctcSqQ24qupHsFGDrhR2FZlc=,X/m8j2Ewah+4dzZDlrnOfQpGk0k=
43,-34,sa8ctcSqQ24qupHsFGDrhR2FZlc=,X/m8j2Ewah+4dzZDlrnOfQpGk0k=
47,-44,sa8ctcSqQ24qupHsFGDrhR2FZlc=,lcdL4kI59T9Q8ExAVF8J7u1ruOo=
38,-44,sa8ctcSqQ24qupHsFGDrhR2FZlc=,GZUghmoyfiGivCj02Kff74I2FNI=
39,-44,sa8ctcSqQ24qupHsFGDrhR2FZlc=,GZUghmoyfiGivCj02Kff74I2FNI=
47,-40,sa8ctcSqQ24qupHsFGDrhR2FZlc=,X/m8j2Ewah+4dzZDlrnOfQpGk0k=
40,-48,sa8ctcSqQ24qupHsFGDrhR2FZlc=,lcdL4kI59T9Q8ExAVF8J7u1ruOo=
47,-41,sa8ctcSqQ24qupHsFGDrhR2FZlc=,lcdL4kI59T9Q8ExAVF8J7u1ruOo=
36,-43,sa8ctcSqQ24qupHsFGDrhR2FZlc=,GZUghmoyfiGivCj02Kff74I2FNI=
44,-44,sa8ctcSqQ24qupHsFGDrhR2FZlc=,lcdL4kI59T9Q8ExAVF8J7u1ruOo=
32,-41,sa8ctcSqQ24qupHsFGDrhR2FZlc=,GZUghmoyfiGivCj02Kff74I2FNI=
47,-39,sa8ctcSqQ24qupHsFGDrhR2FZlc=,X/m8j2Ewah+4dzZDlrnOfQpGk0k=
37,-44,sa8ctcSqQ24qupHsFGDrhR2FZlc=,GZUghmoyfiGivCj02Kff74I2FNI=
44,-41,sa8ctcSqQ24qupHsFGDrhR2FZlc=,lcdL4kI59T9Q8ExAVF8J7u1ruOo=
36,-44,sa8ctcSqQ24qupHsFGDrhR2FZlc=,GZUghmoyfiGivCj02Kff74I2FNI=
43,-48,sa8ctcSqQ24qupHsFGDrhR2FZlc=,lcdL4kI59T9Q8ExAVF8J7u1ruOo=
47,-38,sa8ctcSqQ24qupHsFGDrhR2FZlc=,X/m8j2Ewah+4dzZDlrnOfQpGk0k=
45,-41,sa8ctcSqQ24qupHsFGDrhR2FZlc=,lcdL4kI59T9Q8ExAVF8J7u1ruOo=
32,-42,sa8ctcSqQ24qupHsFGDrhR2FZlc=,GZUghmoyfiGivCj02Kff74I2FNI=
32,-43,sa8ctcSqQ24qupHsFGDrhR2FZlc=,GZUghmoyfiGivCj02Kff74I2FNI=
47,-37,sa8ctcSqQ24qupHsFGDrhR2FZlc=,X/m8j2Ewah+4dzZDlrnOfQpGk0k=
46,-39,sa8ctcSqQ24qupHsFGDrhR2FZlc=,X/m8j2Ewah+4dzZDlrnOfQpGk0k=
32,-44,sa8ctcSqQ24qupHsFGDrhR2FZlc=,GZUghmoyfiGivCj02Kff74I2FNI=
34,-41,sa8ctcSqQ24qupHsFGDrhR2FZlc=,GZUghmoyfiGivCj02Kff74I2FNI=
33,-41,sa8ctcSqQ24qupHsFGDrhR2FZlc=,GZUghmoyfiGivCj02Kff74I2FNI=
35,-41,sa8ctcSqQ24qupHsFGDrhR2FZlc=,GZUghmoyfiGivCj02Kff74I2FNI=
32,-39,sa8ctcSqQ24qupHsFGDrhR2FZlc=,JtJ69f1he21tI7rM8Moi1yc9EBQ=
46,-41,sa8ctcSqQ24qupHsFGDrhR2FZlc=,lcdL4kI59T9Q8ExAVF8J7u1ruOo=
32,-40,sa8ctcSqQ24qupHsFGDrhR2FZlc=,JtJ69f1he21tI7rM8Moi1yc9EBQ=
42,-48,sa8ctcSqQ24qupHsFGDrhR2FZlc=,lcdL4kI59T9Q8ExAVF8J7u1ruOo=
32,-37,sa8ctcSqQ24qupHsFGDrhR2FZlc=,JtJ69f1he21tI7rM8Moi1yc9EBQ=
32,-38,sa8ctcSqQ24qupHsFGDrhR2FZlc=,JtJ69f1he21tI7rM8Moi1yc9EBQ=
34,-42,sa8ctcSqQ24qupHsFGDrhR2FZlc=,GZUghmoyfiGivCj02Kff74I2FNI=
35,-42,sa8ctcSqQ24qupHsFGDrhR2FZlc=,GZUghmoyfiGivCj02Kff74I2FNI=
46,-42,sa8ctcSqQ24qupHsFGDrhR2FZlc=,lcdL4kI59T9Q8ExAVF8J7u1ruOo=
44,-38,sa8ctcSqQ24qupHsFGDrhR2FZlc=,X/m8j2Ewah+4dzZDlrnOfQpGk0k=
35,-43,sa8ctcSqQ24qupHsFGDrhR2FZlc=,GZUghmoyfiGivCj02Kff74I2FNI=
33,-42,sa8ctcSqQ24qupHsFGDrhR2FZlc=,GZUghmoyfiGivCj02Kff74I2FNI=
33,-43,sa8ctcSqQ24qupHsFGDrhR2FZlc=,GZUghmoyfiGivCj02Kff74I2FNI=
34,-43,sa8ctcSqQ24qupHsFGDrhR2FZlc=,GZUghmoyfiGivCj02Kff74I2FNI=
34,-44,sa8ctcSqQ24qupHsFGDrhR2FZlc=,GZUghmoyfiGivCj02Kff74I2FNI=
41,-48,sa8ctcSqQ24qupHsFGDrhR2FZlc=,lcdL4kI59T9Q8ExAVF8J7u1ruOo=
33,-40,sa8ctcSqQ24qupHsFGDrhR2FZlc=,JtJ69f1he21tI7rM8Moi1yc9EBQ=
35,-44,sa8ctcSqQ24qupHsFGDrhR2FZlc=,GZUghmoyfiGivCj02Kff74I2FNI=
33,-37,sa8ctcSqQ24qupHsFGDrhR2FZlc=,JtJ69f1he21tI7rM8Moi1yc9EBQ=
33,-44,sa8ctcSqQ24qupHsFGDrhR2FZlc=,GZUghmoyfiGivCj02Kff74I2FNI=
35,-38,sa8ctcSqQ24qupHsFGDrhR2FZlc=,JtJ69f1he21tI7rM8Moi1yc9EBQ=
45,-40,sa8ctcSqQ24qupHsFGDrhR2FZlc=,X/m8j2Ewah+4dzZDlrnOfQpGk0k=
35,-40,sa8ctcSqQ24qupHsFGDrhR2FZlc=,JtJ69f1he21tI7rM8Moi1yc9EBQ=
33,-38,sa8ctcSqQ24qupHsFGDrhR2FZlc=,JtJ69f1he21tI7rM8Moi1yc9EBQ=
34,-40,sa8ctcSqQ24qupHsFGDrhR2FZlc=,JtJ69f1he21tI7rM8Moi1yc9EBQ=
35,-37,sa8ctcSqQ24qupHsFGDrhR2FZlc=,JtJ69f1he21tI7rM8Moi1yc9EBQ=
45,-38,sa8ctcSqQ24qupHsFGDrhR2FZlc=,X/m8j2Ewah+4dzZDlrnOfQpGk0k=
40,-45,sa8ctcSqQ24qupHsFGDrhR2FZlc=,lcdL4kI59T9Q8ExAVF8J7u1ruOo=
34,-39,sa8ctcSqQ24qupHsFGDrhR2FZlc=,JtJ69f1he21tI7rM8Moi1yc9EBQ=
37,-41,sa8ctcSqQ24qupHsFGDrhR2FZlc=,GZUghmoyfiGivCj02Kff74I2FNI=
40,-46,sa8ctcSqQ24qupHsFGDrhR2FZlc=,lcdL4kI59T9Q8ExAVF8J7u1ruOo=
33,-39,sa8ctcSqQ24qupHsFGDrhR2FZlc=,JtJ69f1he21tI7rM8Moi1yc9EBQ=
39,-42,sa8ctcSqQ24qupHsFGDrhR2FZlc=,GZUghmoyfiGivCj02Kff74I2FNI=
40,-47,sa8ctcSqQ24qupHsFGDrhR2FZlc=,lcdL4kI59T9Q8ExAVF8J7u1ruOo=
43,-45,sa8ctcSqQ24qupHsFGDrhR2FZlc=,lcdL4kI59T9Q8ExAVF8J7u1ruOo=
36,-42,sa8ctcSqQ24qupHsFGDrhR2FZlc=,GZUghmoyfiGivCj02Kff74I2FNI=
37,-42,sa8ctcSqQ24qupHsFGDrhR2FZlc=,GZUghmoyfiGivCj02Kff74I2FNI=
42,-45,sa8ctcSqQ24qupHsFGDrhR2FZlc=,lcdL4kI59T9Q8ExAVF8J7u1ruOo=
35,-39,sa8ctcSqQ24qupHsFGDrhR2FZlc=,JtJ69f1he21tI7rM8Moi1yc9EBQ=
38,-42,sa8ctcSqQ24qupHsFGDrhR2FZlc=,GZUghmoyfiGivCj02Kff74I2FNI=
46,-38,sa8ctcSqQ24qupHsFGDrhR2FZlc=,X/m8j2Ewah+4dzZDlrnOfQpGk0k=
34,-37,sa8ctcSqQ24qupHsFGDrhR2FZlc=,JtJ69f1he21tI7rM8Moi1yc9EBQ=
36,-41,sa8ctcSqQ24qupHsFGDrhR2FZlc=,GZUghmoyfiGivCj02Kff74I2FNI=
34,-38,sa8ctcSqQ24qupHsFGDrhR2FZlc=,JtJ69f1he21tI7rM8Moi1yc9EBQ=
41,-45,sa8ctcSqQ24qupHsFGDrhR2FZlc=,lcdL4kI59T9Q8ExAVF8J7u1ruOo=
39,-43,sa8ctcSqQ24qupHsFGDrhR2FZlc=,GZUghmoyfiGivCj02Kff74I2FNI=
46,-40,sa8ctcSqQ24qupHsFGDrhR2FZlc=,X/m8j2Ewah+4dzZDlrnOfQpGk0k=
45,-42,sa8ctcSqQ24qupHsFGDrhR2FZlc=,lcdL4kI59T9Q8ExAVF8J7u1ruOo=
38,-43,sa8ctcSqQ24qupHsFGDrhR2FZlc=,GZUghmoyfiGivCj02Kff74I2FNI=
37,-43,sa8ctcSqQ24qupHsFGDrhR2FZlc=,GZUghmoyfiGivCj02Kff74I2FNI=
47,-48,sa8ctcSqQ24qupHsFGDrhR2FZlc=,lcdL4kI59T9Q8ExAVF8J7u1ruOo=
47,-45,sa8ctcSqQ24qupHsFGDrhR2FZlc=,lcdL4kI59T9Q8ExAVF8J7u1ruOo=
42,-46,sa8ctcSqQ24qupHsFGDrhR2FZlc=,lcdL4kI59T9Q8ExAVF8J7u1ruOo=
43,-46,sa8ctcSqQ24qupHsFGDrhR2FZlc=,lcdL4kI59T9Q8ExAVF8J7u1ruOo=
44,-42,sa8ctcSqQ24qupHsFGDrhR2FZlc=,lcdL4kI59T9Q8ExAVF8J7u1ruOo=
41,-46,sa8ctcSqQ24qupHsFGDrhR2FZlc=,lcdL4kI59T9Q8ExAVF8J7u1ruOo=
47,-46,sa8ctcSqQ24qupHsFGDrhR2FZlc=,lcdL4kI59T9Q8ExAVF8J7u1ruOo=
42,-47,sa8ctcSqQ24qupHsFGDrhR2FZlc=,lcdL4kI59T9Q8ExAVF8J7u1ruOo=
43,-47,sa8ctcSqQ24qupHsFGDrhR2FZlc=,lcdL4kI59T9Q8ExAVF8J7u1ruOo=
46,-43,sa8ctcSqQ24qupHsFGDrhR2FZlc=,lcdL4kI59T9Q8ExAVF8J7u1ruOo=
41,-47,sa8ctcSqQ24qupHsFGDrhR2FZlc=,lcdL4kI59T9Q8ExAVF8J7u1ruOo=
47,-47,sa8ctcSqQ24qupHsFGDrhR2FZlc=,lcdL4kI59T9Q8ExAVF8J7u1ruOo=
39,-48,sa8ctcSqQ24qupHsFGDrhR2FZlc=,GZUghmoyfiGivCj02Kff74I2FNI=
38,-48,sa8ctcSqQ24qupHsFGDrhR2FZlc=,GZUghmoyfiGivCj02Kff74I2FNI=
44,-39,sa8ctcSqQ24qupHsFGDrhR2FZlc=,X/m8j2Ewah+4dzZDlrnOfQpGk0k=
45,-43,sa8ctcSqQ24qupHsFGDrhR2FZlc=,lcdL4kI59T9Q8ExAVF8J7u1ruOo=
45,-39,sa8ctcSqQ24qupHsFGDrhR2FZlc=,X/m8j2Ewah+4dzZDlrnOfQpGk0k=
37,-48,sa8ctcSqQ24qupHsFGDrhR2FZlc=,GZUghmoyfiGivCj02Kff74I2FNI=
36,-48,sa8ctcSqQ24qupHsFGDrhR2FZlc=,GZUghmoyfiGivCj02Kff74I2FNI=
46,-37,sa8ctcSqQ24qupHsFGDrhR2FZlc=,X/m8j2Ewah+4dzZDlrnOfQpGk0k=
44,-43,sa8ctcSqQ24qupHsFGDrhR2FZlc=,lcdL4kI59T9Q8ExAVF8J7u1ruOo=
46,-48,sa8ctcSqQ24qupHsFGDrhR2FZlc=,lcdL4kI59T9Q8ExAVF8J7u1ruOo=
44,-40,sa8ctcSqQ24qupHsFGDrhR2FZlc=,X/m8j2Ewah+4dzZDlrnOfQpGk0k=
39,-45,sa8ctcSqQ24qupHsFGDrhR2FZlc=,GZUghmoyfiGivCj02Kff74I2FNI=
45,-37,sa8ctcSqQ24qupHsFGDrhR2FZlc=,X/m8j2Ewah+4dzZDlrnOfQpGk0k=
38,-45,sa8ctcSqQ24qupHsFGDrhR2FZlc=,GZUghmoyfiGivCj02Kff74I2FNI=
46,-44,sa8ctcSqQ24qupHsFGDrhR2FZlc=,lcdL4kI59T9Q8ExAVF8J7u1ruOo=
44,-37,sa8ctcSqQ24qupHsFGDrhR2FZlc=,X/m8j2Ewah+4dzZDlrnOfQpGk0k=
37,-45,sa8ctcSqQ24qupHsFGDrhR2FZlc=,GZUghmoyfiGivCj02Kff74I2FNI=
47,-43,sa8ctcSqQ24qupHsFGDrhR2FZlc=,lcdL4kI59T9Q8ExAVF8J7u1ruOo=
45,-44,sa8ctcSqQ24qupHsFGDrhR2FZlc=,lcdL4kI59T9Q8ExAVF8J7u1ruOo=
36,-45,sa8ctcSqQ24qupHsFGDrhR2FZlc=,GZUghmoyfiGivCj02Kff74I2FNI=
47,-42,sa8ctcSqQ24qupHsFGDrhR2FZlc=,lcdL4kI59T9Q8ExAVF8J7u1ruOo=
45,-48,sa8ctcSqQ24qupHsFGDrhR2FZlc=,lcdL4kI59T9Q8ExAVF8J7u1ruOo=
39,-46,sa8ctcSqQ24qupHsFGDrhR2FZlc=,GZUghmoyfiGivCj02Kff74I2FNI=
36,-47,sa8ctcSqQ24qupHsFGDrhR2FZlc=,GZUghmoyfiGivCj02Kff74I2FNI=
44,-47,sa8ctcSqQ24qupHsFGDrhR2FZlc=,lcdL4kI59T9Q8ExAVF8J7u1ruOo=
38,-46,sa8ctcSqQ24qupHsFGDrhR2FZlc=,GZUghmoyfiGivCj02Kff74I2FNI=
32,-48,sa8ctcSqQ24qupHsFGDrhR2FZlc=,GZUghmoyfiGivCj02Kff74I2FNI=
44,-48,sa8ctcSqQ24qupHsFGDrhR2FZlc=,lcdL4kI59T9Q8ExAVF8J7u1ruOo=
37,-46,sa8ctcSqQ24qupHsFGDrhR2FZlc=,GZUghmoyfiGivCj02Kff74I2FNI=
35,-48,sa8ctcSqQ24qupHsFGDrhR2FZlc=,GZUghmoyfiGivCj02Kff74I2FNI=
46,-45,sa8ctcSqQ24qupHsFGDrhR2FZlc=,lcdL4kI59T9Q8ExAVF8J7u1ruOo=
36,-46,sa8ctcSqQ24qupHsFGDrhR2FZlc=,GZUghmoyfiGivCj02Kff74I2FNI=
34,-48,sa8ctcSqQ24qupHsFGDrhR2FZlc=,GZUghmoyfiGivCj02Kff74I2FNI=
39,-47,sa8ctcSqQ24qupHsFGDrhR2FZlc=,GZUghmoyfiGivCj02Kff74I2FNI=
47,-35,sa8ctcSqQ24qupHsFGDrhR2FZlc=,X/m8j2Ewah+4dzZDlrnOfQpGk0k=
38,-47,sa8ctcSqQ24qupHsFGDrhR2FZlc=,GZUghmoyfiGivCj02Kff74I2FNI=
45,-45,sa8ctcSqQ24qupHsFGDrhR2FZlc=,lcdL4kI59T9Q8ExAVF8J7u1ruOo=
33,-48,sa8ctcSqQ24qupHsFGDrhR2FZlc=,GZUghmoyfiGivCj02Kff74I2FNI=
37,-47,sa8ctcSqQ24qupHsFGDrhR2FZlc=,GZUghmoyfiGivCj02Kff74I2FNI=
32,-47,sa8ctcSqQ24qupHsFGDrhR2FZlc=,GZUghmoyfiGivCj02Kff74I2FNI=
32,-33,sa8ctcSqQ24qupHsFGDrhR2FZlc=,JtJ69f1he21tI7rM8Moi1yc9EBQ=
45,-47,sa8ctcSqQ24qupHsFGDrhR2FZlc=,lcdL4kI59T9Q8ExAVF8J7u1ruOo=
47,-34,sa8ctcSqQ24qupHsFGDrhR2FZlc=,X/m8j2Ewah+4dzZDlrnOfQpGk0k=
32,-34,sa8ctcSqQ24qupHsFGDrhR2FZlc=,JtJ69f1he21tI7rM8Moi1yc9EBQ=
44,-45,sa8ctcSqQ24qupHsFGDrhR2FZlc=,lcdL4kI59T9Q8ExAVF8J7u1ruOo=
46,-47,sa8ctcSqQ24qupHsFGDrhR2FZlc=,lcdL4kI59T9Q8ExAVF8J7u1ruOo=
47,-36,sa8ctcSqQ24qupHsFGDrhR2FZlc=,X/m8j2Ewah+4dzZDlrnOfQpGk0k=
32,-35,sa8ctcSqQ24qupHsFGDrhR2FZlc=,JtJ69f1he21tI7rM8Moi1yc9EBQ=
32,-45,sa8ctcSqQ24qupHsFGDrhR2FZlc=,GZUghmoyfiGivCj02Kff74I2FNI=
44,-46,sa8ctcSqQ24qupHsFGDrhR2FZlc=,lcdL4kI59T9Q8ExAVF8J7u1ruOo=
32,-36,sa8ctcSqQ24qupHsFGDrhR2FZlc=,JtJ69f1he21tI7rM8Moi1yc9EBQ=
47,-33,sa8ctcSqQ24qupHsFGDrhR2FZlc=,X/m8j2Ewah+4dzZDlrnOfQpGk0k=
32,-46,sa8ctcSqQ24qupHsFGDrhR2FZlc=,GZUghmoyfiGivCj02Kff74I2FNI=
46,-33,sa8ctcSqQ24qupHsFGDrhR2FZlc=,X/m8j2Ewah+4dzZDlrnOfQpGk0k=
46,-46,sa8ctcSqQ24qupHsFGDrhR2FZlc=,lcdL4kI59T9Q8ExAVF8J7u1ruOo=
35,-36,sa8ctcSqQ24qupHsFGDrhR2FZlc=,JtJ69f1he21tI7rM8Moi1yc9EBQ=
35,-47,sa8ctcSqQ24qupHsFGDrhR2FZlc=,GZUghmoyfiGivCj02Kff74I2FNI=
34,-34,sa8ctcSqQ24qupHsFGDrhR2FZlc=,JtJ69f1he21tI7rM8Moi1yc9EBQ=
46,-35,sa8ctcSqQ24qupHsFGDrhR2FZlc=,X/m8j2Ewah+4dzZDlrnOfQpGk0k=
46,-36,sa8ctcSqQ24qupHsFGDrhR2FZlc=,X/m8j2Ewah+4dzZDlrnOfQpGk0k=
45,-46,sa8ctcSqQ24qupHsFGDrhR2FZlc=,lcdL4kI59T9Q8ExAVF8J7u1ruOo=
44,-36,sa8ctcSqQ24qupHsFGDrhR2FZlc=,X/m8j2Ewah+4dzZDlrnOfQpGk0k=
45,-35,sa8ctcSqQ24qupHsFGDrhR2FZlc=,X/m8j2Ewah+4dzZDlrnOfQpGk0k=
35,-34,sa8ctcSqQ24qupHsFGDrhR2FZlc=,JtJ69f1he21tI7rM8Moi1yc9EBQ=
45,-34,sa8ctcSqQ24qupHsFGDrhR2FZlc=,X/m8j2Ewah+4dzZDlrnOfQpGk0k=
34,-36,sa8ctcSqQ24qupHsFGDrhR2FZlc=,JtJ69f1he21tI7rM8Moi1yc9EBQ=
44,-35,sa8ctcSqQ24qupHsFGDrhR2FZlc=,X/m8j2Ewah+4dzZDlrnOfQpGk0k=
44,-34,sa8ctcSqQ24qupHsFGDrhR2FZlc=,X/m8j2Ewah+4dzZDlrnOfQpGk0k=
34,-46,sa8ctcSqQ24qupHsFGDrhR2FZlc=,GZUghmoyfiGivCj02Kff74I2FNI=
33,-34,sa8ctcSqQ24qupHsFGDrhR2FZlc=,JtJ69f1he21tI7rM8Moi1yc9EBQ=
45,-33,sa8ctcSqQ24qupHsFGDrhR2FZlc=,X/m8j2Ewah+4dzZDlrnOfQpGk0k=
46,-34,sa8ctcSqQ24qupHsFGDrhR2FZlc=,X/m8j2Ewah+4dzZDlrnOfQpGk0k=
44,-33,sa8ctcSqQ24qupHsFGDrhR2FZlc=,X/m8j2Ewah+4dzZDlrnOfQpGk0k=
33,-46,sa8ctcSqQ24qupHsFGDrhR2FZlc=,GZUghmoyfiGivCj02Kff74I2FNI=
34,-47,sa8ctcSqQ24qupHsFGDrhR2FZlc=,GZUghmoyfiGivCj02Kff74I2FNI=
45,-36,sa8ctcSqQ24qupHsFGDrhR2FZlc=,X/m8j2Ewah+4dzZDlrnOfQpGk0k=
33,-36,sa8ctcSqQ24qupHsFGDrhR2FZlc=,JtJ69f1he21tI7rM8Moi1yc9EBQ=
35,-33,sa8ctcSqQ24qupHsFGDrhR2FZlc=,JtJ69f1he21tI7rM8Moi1yc9EBQ=
34,-33,sa8ctcSqQ24qupHsFGDrhR2FZlc=,JtJ69f1he21tI7rM8Moi1yc9EBQ=
35,-35,sa8ctcSqQ24qupHsFGDrhR2FZlc=,JtJ69f1he21tI7rM8Moi1yc9EBQ=
33,-47,sa8ctcSqQ24qupHsFGDrhR2FZlc=,GZUghmoyfiGivCj02Kff74I2FNI=
33,-35,sa8ctcSqQ24qupHsFGDrhR2FZlc=,JtJ69f1he21tI7rM8Moi1yc9EBQ=
33,-33,sa8ctcSqQ24qupHsFGDrhR2FZlc=,JtJ69f1he21tI7rM8Moi1yc9EBQ=
34,-35,sa8ctcSqQ24qupHsFGDrhR2FZlc=,JtJ69f1he21tI7rM8Moi1yc9EBQ=
35,-46,sa8ctcSqQ24qupHsFGDrhR2FZlc=,GZUghmoyfiGivCj02Kff74I2FNI=
33,-45,sa8ctcSqQ24qupHsFGDrhR2FZlc=,GZUghmoyfiGivCj02Kff74I2FNI=
34,-45,sa8ctcSqQ24qupHsFGDrhR2FZlc=,GZUghmoyfiGivCj02Kff74I2FNI=
35,-45,sa8ctcSqQ24qupHsFGDrhR2FZlc=,GZUghmoyfiGivCj02Kff74I2FNI=
