-1,-1,O+JzEnuJBn6+v4CoDokTa1k6J6s=,RuDYWPQm8EVRYpGbhC0nEeX2vAM=
-1,-2,O+JzEnuJBn6+v4CoDokTa1k6J6s=,HzclM7FfYKlu7ImrBSs6U1YpS9Q=
-1,-3,O+JzEnuJBn6+v4CoDokTa1k6J6s=,oKsIqcxh1ZdIpFvBmE7w9MNxNOc=
-1,-4,UyAAOZln1RlAeST4tIqs8+82oBg=,gR0rrPuw6N+CKz9ViXVq1Y2h964=
-1,-5,UyAAOZln1RlAeST4tIqs8+82oBg=,zK8eFAzhg19QnQIUIDPTIsLFtsk=
-1,-6,UyAAOZln1RlAeST4tIqs8+82oBg=,Dodh0Ng2SFAya4lu4NRLXy1Egiw=
-1,-7,UyAAOZln1RlAeST4tIqs8+82oBg=,W1H/Bfc0M1sckq/emH1dgBkcE6Y=
-1,-8,UyAAOZln1RlAeST4tIqs8+82oBg=,T91V04tzlEWnJN9IscqR8ZLW8LQ=
-1,-9,UyAAOZln1RlAeST4tIqs8+82oBg=,+v69Ep1LEx/m9GP2iTn56JXv9BQ=
-1,-10,UyAAOZln1RlAeST4tIqs8+82oBg=,TgzhCKItvUAX+XdWIK50sQemCxY=
-1,-11,+nNhjYzChmjrJoWRnK1zwP5Uj/o=,otCftbgQmHyBEDM3De4A5NWdrcE=
-1,-12,+nNhjYzChmjrJoWRnK1zwP5Uj/o=,OVwuFZpocM8zIVZApKmf5o6YdJw=
-1,-13,+nNhjYzChmjrJoWRnK1zwP5Uj/o=,ukzjLH4iR2GapgOdC24ygOGqvog=
-1,-14,+nNhjYzChmjrJoWRnK1zwP5Uj/o=,NPzwUruI9AxCvpd0+HRORDN4/p8=
-1,-15,+nNhjYzChmjrJoWRnK1zwP5Uj/o=,dRyymcKY0YlNVMXbt1gus5Ocskc=
-1,-16,+nNhjYzChmjrJoWRnK1zwP5Uj/o=,x3CQqjanUv4z5fBs1QOrYs6Un4Y=
-1,-17,+nNhjYzChmjrJoWRnK1zwP5Uj/o=,StpvAiLs4gfg5DjbXDEq/QD91mc=
-1,-18,+nNhjYzChmjrJoWRnK1zwP5Uj/o=,TrzEzbrOQXZlojKLBXCCZpggbBo=
-1,-19,jSzXpkwx+yc2n0gOa3csR+y1CY8=,dTeJZYFIvdkMu6xYH/jQrfTYJsg=
-1,-20,jSzXpkwx+yc2n0gOa3csR+y1CY8=,62HqN4tvbYUPcr5hEA9XLzZsabY=
-1,-21,jSzXpkwx+yc2n0gOa3csR+y1CY8=,rDSHlS9HgJQ/zjIbcEH7tDGmRgE=
-1,-22,jSzXpkwx+yc2n0gOa3csR+y1CY8=,jj7XRhafASd901Pj2jqktDL93jE=
-1,-23,jSzXpkwx+yc2n0gOa3csR+y1CY8=,a4zqUHzQLr/ttK+n3u7TZfgs2q4=
-1,-24,S8b+Y2+RqqUUk+JxdXUDHPoeTpc=,CIRga7Ombw3AMJcP5pmH5/cO/VM=
-1,-25,S8b+Y2+RqqUUk+JxdXUDHPoeTpc=,hUjQz8vK8BZBkbns/Z+jKdx7GX0=
-1,-26,S8b+Y2+RqqUUk+JxdXUDHPoeTpc=,u9XJDz5Bd41B+jT+MZaVvs5Ef5c=
-1,-27,S8b+Y2+RqqUUk+JxdXUDHPoeTpc=,t/gFTIfq0CPgA8u2DwEigXbpxM4=
-1,-28,CCuhOxrZNS5iepNP/fussnRuqKY=,NKYGZK0mbKlxJyvbkvsEgc1bN3E=
-1,-29,CCuhOxrZNS5iepNP/fussnRuqKY=,bO4ocBY/dNOnHEVFHt7SmMphq/4=
-1,-30,CCuhOxrZNS5iepNP/fussnRuqKY=,ZiKWTqxaSY6AbVVWfjq4sjPC2hk=
-1,-31,CCuhOxrZNS5iepNP/fussnRuqKY=,1IKc5cT5nMJ9XR8XZPtz4TPxIbY=
-1,-32,CCuhOxrZNS5iepNP/fussnRuqKY=,w0eEpccf7BkaUNFpQfnMe5mrfUY=
-2,-2,CCuhOxrZNS5iepNP/fussnRuqKY=,IYTciJhOTtwW3wQPkWON+Yb/3j0=
-2,-1,CCuhOxrZNS5iepNP/fussnRuqKY=,7fVsD9bLSR5X1Z5rD1wv64YD83U=
-2,-4,CCuhOxrZNS5iepNP/fussnRuqKY=,fiXoSzWFCGTJRBw6JIcioVMdXmE=
-2,-3,mSR7xQpHixb4lix3FCJtNTRXF4Q=,2HReECL+3I2w94nA6uI/HaVQE3w=
-2,-6,mSR7xQpHixb4lix3FCJtNTRXF4Q=,Idf5LfT3zlCxV3fjbA0FRmuKH/E=
-2,-5,mSR7xQpHixb4lix3FCJtNTRXF4Q=,/9HzCCq8iaSKHg3phh/xBvkBJks=
-2,-8,mSR7xQpHixb4lix3FCJtNTRXF4Q=,U7MUXmovmdL+hEbE8W3rBaPb7mY=
-2,-7,mSR7xQpHixb4lix3FCJtNTRXF4Q=,4IY/ZQruF6hBghSkplPwSpsSkaQ=
-2,-10,mSR7xQpHixb4lix3FCJtNTRXF4Q=,kGCsrt/a3IJR1xqmrk7yarZ2m0g=
-2,-9,I74MSuJuCJi+XiQeUmqDXNGZfeM=,Usy+vr1HTx2oWmF5uHbYYyOc+K8=
-2,-12,I74MSuJuCJi+XiQeUmqDXNGZfeM=,X3+LyQhXMmTbGuFPHy3MVYXtvII=
-2,-11,I74MSuJuCJi+XiQeUmqDXNGZfeM=,Qe1hqbnE43LrVHmN17LZXBvRX6k=
-2,-14,I74MSuJuCJi+XiQeUmqDXNGZfeM=,bVcRNkA1V3xcL+7wpxkW1SuG7BE=
-2,-13,I74MSuJuCJi+XiQeUmqDXNGZfeM=,Ld/kemhxjiE6sua3Ro+g59nTgzI=
-2,-16,I74MSuJuCJi+XiQeUmqDXNGZfeM=,xMciiSqjKqbm9t76Jb/T7eRfeZU=
-2,-15,I74MSuJuCJi+XiQeUmqDXNGZfeM=,WilxkrTHpCtJWs9tvAVdH+rzk/k=
-2,-18,I74MSuJuCJi+XiQeUmqDXNGZfeM=,P6aTfKtxJifvdM+g0u65iePC3X4=
-2,-17,JO+lA2+uPSUjLnVjFayo9cT7+SM=,xR8e9DKbcSwBRasNoigIKPPtX3Y=
-2,-20,JO+lA2+uPSUjLnVjFayo9cT7+SM=,ptHrFHo5B5zDb3XuqWtmFsNuWto=
-2,-19,JO+lA2+uPSUjLnVjFayo9cT7+SM=,5Rzkpgk9sHJ2ZeCD08RZPNoj0K4=
-2,-22,JO+lA2+uPSUjLnVjFayo9cT7+SM=,885kTxOTOGUuhRPuUsEh8aATK9A=
-2,-21,JO+lA2+uPSUjLnVjFayo9cT7+SM=,oSjNvRxy3LruoSjeLQxW0HR28Ts=
-2,-24,b82MHJR4pz5biWr4ZEJawwSwNyc=,5FzLq5CJq3T3wUdYU14GVwWMmD0=
-2,-23,b82MHJR4pz5biWr4ZEJawwSwNyc=,VS+Jl3lWvYi3fbzxcihdrUdYVWk=
-2,-26,b82MHJR4pz5biWr4ZEJawwSwNyc=,i/igXu9IjRx9HpH+W2SgxmeOKrQ=
-2,-25,b82MHJR4pz5biWr4ZEJawwSwNyc=,dfwe8wDQB6s3IxA6nHa/80ln0a0=
-2,-28,b82MHJR4pz5biWr4ZEJawwSwNyc=,jW7HGr6seM28Z6wgQ6nSU90pgs0=
-2,-27,b82MHJR4pz5biWr4ZEJawwSwNyc=,kI/N/BDlh/Ajq4v5XJVT/zwabUM=
-2,-30,b82MHJR4pz5biWr4ZEJawwSwNyc=,LEa+8CKUZQ85uTjrk5gjFmaHkxU=
-2,-29,b82MHJR4pz5biWr4ZEJawwSwNyc=,+8W88O4GmJkWcjSVvDi/4TmXYEg=
-2,-32,in++7TDYT6P+wAowwh4iMbZ3RE8=,4gKY0sR0l08eMPi6KPCHHxlfpRM=
-2,-31,in++7TDYT6P+wAowwh4iMbZ3RE8=,wDPYFe+VWZ30QD4QfSeGGjaFHfk=
-3,-3,in++7TDYT6P+wAowwh4iMbZ3RE8=,uX2QGD+Lujrc8DLKQl0s2mVRYAQ=
-3,-4,in++7TDYT6P+wAowwh4iMbZ3RE8=,21OnJtpfmR+PFKa/n3RFur5kOmg=
-3,-1,in++7TDYT6P+wAowwh4iMbZ3RE8=,efYiwIORz2vH6wlrnDUGjwVTtQY=
-3,-2,in++7TDYT6P+wAowwh4iMbZ3RE8=,GbDpfjHr/4HqQ0E12ZUY14NOMfM=
-3,-7,EXYeWRolwjTS8wbWUGhdoWGav64=,DhCrMcNwTcQHl5+tUytTOzmnJZg=
-3,-8,EXYeWRolwjTS8wbWUGhdoWGav64=,+ZlwTVol358zhy2Om6YcUlz0ve4=
-3,-5,EXYeWRolwjTS8wbWUGhdoWGav64=,NJxojhDwfcoo1Iy1l7zp638BKEA=
-3,-6,EXYeWRolwjTS8wbWUGhdoWGav64=,KqRNWkVaEibUon0BnBwWpSfl1Q0=
-3,-11,EXYeWRolwjTS8wbWUGhdoWGav64=,EIVEW64V7jkKczjYAyuuNoedsUo=
-3,-12,EXYeWRolwjTS8wbWUGhdoWGav64=,zD1CHOXWgOaCsY28j/xhP+adUic=
-3,-9,EXYeWRolwjTS8wbWUGhdoWGav64=,oDWn4eFBXnzt/S88ZdYOnNSHnBM=
-3,-10,2/FP3P2kv4ypqE/e+GxfIvGoIOw=,Wszpe9OoXHibrV/gedv4NHgLhtg=
-3,-15,2/FP3P2kv4ypqE/e+GxfIvGoIOw=,ROqWXU3xX4l9PuvD+25ejBcLEc0=
-3,-16,2/FP3P2kv4ypqE/e+GxfIvGoIOw=,f9ftHSMQAlxMWz0D3ovjs7kDT7I=
-3,-13,2/FP3P2kv4ypqE/e+GxfIvGoIOw=,eOGtL6fPkOUoCMq3i5I9El0trp0=
-3,-14,2/FP3P2kv4ypqE/e+GxfIvGoIOw=,Rgd/FwkYyoj3UuLgFNFpNlH/ePs=
-3,-19,2/FP3P2kv4ypqE/e+GxfIvGoIOw=,GGnMJTQEPyMvbUEnnaIJpuq8fpM=
-3,-20,2/FP3P2kv4ypqE/e+GxfIvGoIOw=,KumyIcwN9KTYYLYcvQwSAORqzvc=
-3,-17,2/FP3P2kv4ypqE/e+GxfIvGoIOw=,wI/owK+PMjixrCKf8gxM/qZF1EI=
-3,-18,bte7So5vD/jkaZesW677lyNPoU4=,Ny1fu++1Y6YkhtGIRzWGVQS54z8=
-3,-23,bte7So5vD/jkaZesW677lyNPoU4=,k87lRldnJk/IZXChS7b/Dtdu738=
-3,-24,bte7So5vD/jkaZesW677lyNPoU4=,GtwSTkFI1Zze4cjxsShDqhJoa0Y=
-3,-21,bte7So5vD/jkaZesW677lyNPoU4=,vgMnIyUgffV55PnuYrxKyG22pxI=
-3,-22,bte7So5vD/jkaZesW677lyNPoU4=,LCqLlgBm40/FbFcYmFIn1QiVinI=
-3,-27,bte7So5vD/jkaZesW677lyNPoU4=,okFVwvb9ejfgkvZQGmS8D3umBWE=
-3,-28,bte7So5vD/jkaZesW677lyNPoU4=,si7IT6vzewJmFXg4QAz4VZ5F8ec=
-3,-25,bte7So5vD/jkaZesW677lyNPoU4=,CB7Yw+GUH5up9XfDJPwFQOtam0E=
-3,-26,W3fm63AwYg+n3PcFhwi42D1eux8=,VJih8KWsBslqgtqP3ghNIb7HQx8=
-3,-31,W3fm63AwYg+n3PcFhwi42D1eux8=,VT7hKrUm4qEfzoiyE7REBD5LcsM=
-3,-32,W3fm63AwYg+n3PcFhwi42D1eux8=,VXbGoWVXw1vO0xRsNwBRxoFQ+wo=
-3,-29,W3fm63AwYg+n3PcFhwi42D1eux8=,F7MZ1h3E/nJDnwyIsi9cEk0dIEU=
-3,-30,W3fm63AwYg+n3PcFhwi42D1eux8=,nLSheguOT68S4y4mRqM1Q3bsyL0=
-4,-4,W3fm63AwYg+n3PcFhwi42D1eux8=,v9KIgqx1eA2yWiMH8JeTb7yk0N4=
-4,-3,W3fm63AwYg+n3PcFhwi42D1eux8=,HUXtb2maOlazVSz5ibmcL8cc5sc=
-4,-2,Na4aVX/trxfYxB1by2dBrZqnfPk=,WzT4qN9XveC5E8tXrY2mFSJJNpg=
-4,-1,Na4aVX/trxfYxB1by2dBrZqnfPk=,slSZ2BpLjhEb3g0y4lY5Y9foFr4=
-4,-8,Na4aVX/trxfYxB1by2dBrZqnfPk=,AZB9+QZT4li7ekpI5VAaQyKHJhQ=
-4,-7,Na4aVX/trxfYxB1by2dBrZqnfPk=,dXlZNHdEoPWZ1H8msvCZR2VtLVM=
-4,-6,Na4aVX/trxfYxB1by2dBrZqnfPk=,sLaXAdnZmAqoTqaTypPF/1/OSTc=
-4,-5,Na4aVX/trxfYxB1by2dBrZqnfPk=,HyXsOhmj/Im1wduwu7HRIak3kAQ=
-4,-12,+7IlNxqqZpsEh1bwemPTbrD9pCU=,SERFwhJHnpeb+ueBNxGBr6QTQnY=
-4,-11,+7IlNxqqZpsEh1bwemPTbrD9pCU=,PL5a48umHbAsgLLja711RfUFOek=
-4,-10,+7IlNxqqZpsEh1bwemPTbrD9pCU=,AXpyelWn9QGJbXNId0xRmSlcaVM=
-4,-9,+7IlNxqqZpsEh1bwemPTbrD9pCU=,oDWn4eFBXnzt/S88ZdYOnNSHnBM=
-4,-16,+7IlNxqqZpsEh1bwemPTbrD9pCU=,FCV+4m+EiArPTrCBEz5l8QLtkv8=
-4,-15,+7IlNxqqZpsEh1bwemPTbrD9pCU=,B/eL6yVZYI20UxYthiqJB8j2Zso=
-4,-14,+7IlNxqqZpsEh1bwemPTbrD9pCU=,fJw3F3oGBzca3a/RtqHyMRyxFZM=
-4,-13,+7IlNxqqZpsEh1bwemPTbrD9pCU=,qrtmf3uxKBA06DzyA0DgKRfuUrk=
-4,-20,+7IlNxqqZpsEh1bwemPTbrD9pCU=,bRiwKBP3vy7mdbfOyiyY3HGbcWk=
-4,-19,Zn0CK7EmguT1XrBXcUtIn1rWB2g=,jg1yC8URQJXk4Q5wy018sbfg5io=
-4,-18,Zn0CK7EmguT1XrBXcUtIn1rWB2g=,DES8emvc44/AbmQS+Ds7NTkq9cw=
-4,-17,Zn0CK7EmguT1XrBXcUtIn1rWB2g=,gMivo7BVyBdjJphvzWsXcoqaF4k=
-4,-24,Zn0CK7EmguT1XrBXcUtIn1rWB2g=,nTbH9SmyPi/a+03CXA7sT/4ubHE=
-4,-23,Zn0CK7EmguT1XrBXcUtIn1rWB2g=,6fANvGbafwP2QMikbru4ObHwsGI=
-4,-22,Zn0CK7EmguT1XrBXcUtIn1rWB2g=,tR76czSzvZ6yk6zvgPDSYcDnepw=
-4,-21,Zn0CK7EmguT1XrBXcUtIn1rWB2g=,bhB8ZRsHjBTmldFWEuJp1JBGEm4=
-4,-28,Zn0CK7EmguT1XrBXcUtIn1rWB2g=,iFrD4if8Ljb+GsCCN4bmCWvbMgw=
-4,-27,YZLN00ZQf9y+wC90qD+vzQaPpC4=,CtBLqtfOcF8Gi0LulAPgvrdt4g0=
-4,-26,YZLN00ZQf9y+wC90qD+vzQaPpC4=,VPdBrFKY9XXHCaIIZEQxCNAtLdI=
-4,-25,YZLN00ZQf9y+wC90qD+vzQaPpC4=,vGmjBJx9EIst/cXQlkPG3VSdCRA=
-4,-32,YZLN00ZQf9y+wC90qD+vzQaPpC4=,GrMIdH3aO4rrQZDmDWNjzKN1y9k=
-4,-31,YZLN00ZQf9y+wC90qD+vzQaPpC4=,/1yn55g+bt5PSQfje3AQc+z/5YU=
-4,-30,YZLN00ZQf9y+wC90qD+vzQaPpC4=,L0V3862pQfcqjG7v5Fx0JNfzeEQ=
-4,-29,YZLN00ZQf9y+wC90qD+vzQaPpC4=,3O1/YrjP5OUnFGHa3RX3Pufpwzk=
-5,-5,hSOEroqnJ4wB25Dh4gOEwOREpAU=,MC5ouTyFf868m0MjXjjerVjjVzw=
-5,-6,hSOEroqnJ4wB25Dh4gOEwOREpAU=,39btpYD8c4pauW9c2sAzZD8E//Y=
-5,-7,hSOEroqnJ4wB25Dh4gOEwOREpAU=,A/s6aKmebhocX47D086bSgVgWNU=
-5,-8,hSOEroqnJ4wB25Dh4gOEwOREpAU=,OJrIKpO0MPhoOy/o/dGiGeoJksw=
-5,-1,hSOEroqnJ4wB25Dh4gOEwOREpAU=,WzT4qN9XveC5E8tXrY2mFSJJNpg=
-5,-2,hSOEroqnJ4wB25Dh4gOEwOREpAU=,LzKc3U96VzgxdfGowtouWYnw6vY=
-5,-3,454THtYMhp9stGzx+RGrZZadYb0=,oVcnKSfsCMF5LHzGA9gTOiRSdUQ=
-5,-4,454THtYMhp9stGzx+RGrZZadYb0=,abJecLjLPuqCJpyp3ZCDxp47lIQ=
-5,-13,454THtYMhp9stGzx+RGrZZadYb0=,jSsaflGOfDlUo9isa+Q8hmILTaE=
-5,-14,454THtYMhp9stGzx+RGrZZadYb0=,kdXZ/t6g1k2L5MhyUjE+9prXsd4=
-5,-15,454THtYMhp9stGzx+RGrZZadYb0=,GmgwHcPUrlH9HXde4jyvCd6Ir44=
-5,-16,454THtYMhp9stGzx+RGrZZadYb0=,qwQkW6a7C64jzqo9wkCeTJ1MZ8I=
-5,-9,IyXFUp147CqON7c+PkA0gwe8qmg=,oCSuzC6JptjtaDEzoI1S6jlimrI=
-5,-10,IyXFUp147CqON7c+PkA0gwe8qmg=,LF148aae3fd+ZDRJpxHXe+BOvmQ=
-5,-11,IyXFUp147CqON7c+PkA0gwe8qmg=,54DIGGc7fSn4c47QHn1esU8gJnQ=
-5,-12,IyXFUp147CqON7c+PkA0gwe8qmg=,jSsaflGOfDlUo9isa+Q8hmILTaE=
-5,-21,IyXFUp147CqON7c+PkA0gwe8qmg=,G99zdGZ+WdhN+HMBPZDSKUwYOJA=
-5,-22,IyXFUp147CqON7c+PkA0gwe8qmg=,AGwbGS6LczZipfGiqHcfLH5WmKU=
-5,-23,IyXFUp147CqON7c+PkA0gwe8qmg=,W9Gb50YJ9Aog71kzsDmQtRkMKKs=
-5,-24,IyXFUp147CqON7c+PkA0gwe8qmg=,dF6SrI+WpnBU5YpQCN8yJpq2WH0=
-5,-17,PwqsxQ9Vs5PK4ZKhy875pZGtCLs=,vq/akCQ9bHYoHO8YfihMWtRcA3g=
-5,-18,PwqsxQ9Vs5PK4ZKhy875pZGtCLs=,vq/akCQ9bHYoHO8YfihMWtRcA3g=
-5,-19,PwqsxQ9Vs5PK4ZKhy875pZGtCLs=,XO90+gC0uXQ0JIAd5X5u27/U4Yc=
-5,-20,PwqsxQ9Vs5PK4ZKhy875pZGtCLs=,QXKXWUmf8xuc2MYSEAzJaA2hfoM=
-5,-29,PwqsxQ9Vs5PK4ZKhy875pZGtCLs=,yzD8t+XA3KfsvNBKloZEkkgOx1Q=
-5,-30,PwqsxQ9Vs5PK4ZKhy875pZGtCLs=,p2KmvkoUtSsgRqmlIskc2KmywdM=
-5,-31,PwqsxQ9Vs5PK4ZKhy875pZGtCLs=,qYbLMDnTPcxNRgtEPmFyAQ3Stag=
-5,-32,PwqsxQ9Vs5PK4ZKhy875pZGtCLs=,SJoARmRYzL4uduJjCrnxRz9em+Y=
-5,-25,BSB7TumIockPSHuefHWo4KhI24Y=,JN5ic08QHS9mgphkJaIoQkEH5RM=
-5,-26,BSB7TumIockPSHuefHWo4KhI24Y=,BGyBM74PNMoxMUApOg3w8a4Jsfg=
-5,-27,BSB7TumIockPSHuefHWo4KhI24Y=,WYlhE2rYyedQ4VcUi7BdgSiH2dw=
-5,-28,BSB7TumIockPSHuefHWo4KhI24Y=,npvyzyRfkL++b92mrZqgTCvNba4=
-6,-6,BSB7TumIockPSHuefHWo4KhI24Y=,NwZR+f7SyGZph4t8s7zDTI9Lxwo=
-6,-5,BSB7TumIockPSHuefHWo4KhI24Y=,mGR2ompurbompOu3X1do46mGUXo=
-6,-8,BSB7TumIockPSHuefHWo4KhI24Y=,rULE/yCPXRgg3Y8TOHJ+xt5OdcY=
-6,-7,pX4mb9V4i75wvYMXQtGMAEm7dh4=,JXxkI2MofLHocbPNNIsbcMomAuc=
-6,-2,pX4mb9V4i75wvYMXQtGMAEm7dh4=,6+AVOrrlLqbxYq8AysQHi0MYQwY=
-6,-1,pX4mb9V4i75wvYMXQtGMAEm7dh4=,oh2BYj4xlxJ8syg3k7z4KnPSgao=
-6,-4,pX4mb9V4i75wvYMXQtGMAEm7dh4=,PSsAwcVwNMDicycXziETHjS0Jpo=
-6,-3,pX4mb9V4i75wvYMXQtGMAEm7dh4=,xFMCSBlzsA/jXmNrExAPlQkVDek=
-6,-14,pX4mb9V4i75wvYMXQtGMAEm7dh4=,Z1XZyEkvLeB8jYyzzJx6Ad+lAd8=
-6,-13,OgodBKjf6Ler+P/JDeugNA+XuZw=,mKAQixpD5uwbGLuXSox0BbLv1mc=
-6,-16,OgodBKjf6Ler+P/JDeugNA+XuZw=,h+6F/ViJJ0twxoVlLDJI4Gaew34=
-6,-15,OgodBKjf6Ler+P/JDeugNA+XuZw=,itM9aS/m97Hpi6vbqV7JFYvJxGI=
-6,-10,OgodBKjf6Ler+P/JDeugNA+XuZw=,gmFgtoPgq+8KYR4oC+4ALltfzis=
-6,-9,OgodBKjf6Ler+P/JDeugNA+XuZw=,tyYPIuMmn5ccjlCCNmHtcXUopJo=
-6,-12,OgodBKjf6Ler+P/JDeugNA+XuZw=,yEiCE31UjwJVJ7gEIufpqy7s5GE=
-6,-11,OgodBKjf6Ler+P/JDeugNA+XuZw=,ZrGwDOBMme3OEzZvFuiCvf5v9Ng=
-6,-22,OgodBKjf6Ler+P/JDeugNA+XuZw=,CHHlR600v5uUCYFb1UNQxXH8hYw=
-6,-21,PYUM+6dj68jj9kRzR2UFpyMyHZI=,FfaExmJSV65rak457kVpOVw2n9Y=
-6,-24,PYUM+6dj68jj9kRzR2UFpyMyHZI=,dF6SrI+WpnBU5YpQCN8yJpq2WH0=
-6,-23,PYUM+6dj68jj9kRzR2UFpyMyHZI=,Gbd5OxeZEC2EBerW83aCWBF4su4=
-6,-18,PYUM+6dj68jj9kRzR2UFpyMyHZI=,GX8nmnBTpRs7l5mtT4+jA5w1P0M=
-6,-17,PYUM+6dj68jj9kRzR2UFpyMyHZI=,GX8nmnBTpRs7l5mtT4+jA5w1P0M=
-6,-20,PYUM+6dj68jj9kRzR2UFpyMyHZI=,zAltGjo8qFJo1c/XE9qzjwSYyfY=
-6,-19,PYUM+6dj68jj9kRzR2UFpyMyHZI=,EHsYsFRK0Y32llVrUBB54/bFNAk=
-6,-30,PYUM+6dj68jj9kRzR2UFpyMyHZI=,uBGZjFQ96cEirTtpF+Q+9rPcJSw=
-6,-29,PYUM+6dj68jj9kRzR2UFpyMyHZI=,UIs7X8nOhNw8xo5U+of+hs6GQuI=
-6,-32,Gsm7LgHxZUAjfUYdMMzPCdDzb5E=,jQmssybhqG1Bzj/ebOIopVNNWfk=
-6,-31,Gsm7LgHxZUAjfUYdMMzPCdDzb5E=,MYSTYZhRAo6HalzI/P/dQT4W+rU=
-6,-26,Gsm7LgHxZUAjfUYdMMzPCdDzb5E=,xjvJvTsBCKJ2U9fgoWOKoDIaBkY=
-6,-25,Gsm7LgHxZUAjfUYdMMzPCdDzb5E=,oqLO0tlhiyQfm+fRP8/Dl32Lb/k=
-6,-28,Gsm7LgHxZUAjfUYdMMzPCdDzb5E=,bzrYnmftDBgVkSX5q6zVeHfCeW0=
-6,-27,Gsm7LgHxZUAjfUYdMMzPCdDzb5E=,EAuzi1eBpUpDYOfpPEm602RNRVU=
-7,-7,Gsm7LgHxZUAjfUYdMMzPCdDzb5E=,Zg2NDR07vfeXDGiQ9kXSFYp+msM=
-7,-8,Gsm7LgHxZUAjfUYdMMzPCdDzb5E=,kcN/XtcsPcW08EV+5DZ9Co4K5Xk=
-7,-5,a5KqRFh0FrBs6VEgeugUlWkcoyU=,tLLaLR2G36UjdGfmCFjJvhnGPXk=
-7,-6,a5KqRFh0FrBs6VEgeugUlWkcoyU=,lRWCm1QSZIQUr7P4reSlP/RytO8=
-7,-3,a5KqRFh0FrBs6VEgeugUlWkcoyU=,ScCmPIQK7KLw1MytUJJ91rJZzZs=
-7,-4,a5KqRFh0FrBs6VEgeugUlWkcoyU=,EiQ1R8TQBNyNyHTj0D9bg3iUWcc=
-7,-1,a5KqRFh0FrBs6VEgeugUlWkcoyU=,M+oPw+fPgwFtcwMuWrYgt+4yfu8=
-7,-2,a5KqRFh0FrBs6VEgeugUlWkcoyU=,Bf/4HMnxo4CwcMke+vq1Wy5u0OY=
-7,-15,vmq9h6t0JtEhkm7q2cgeFwo3LLE=,LyS46DqcgQ3u26tFZxAgogxDCZs=
-7,-16,vmq9h6t0JtEhkm7q2cgeFwo3LLE=,UWF4GKpmv1GHIgPL6W65C2pfGCI=
-7,-13,vmq9h6t0JtEhkm7q2cgeFwo3LLE=,GpXMz8ig1VBbXuALg2g9mJniExU=
-7,-14,vmq9h6t0JtEhkm7q2cgeFwo3LLE=,JX/zJU+YsYl+ALc4PTv9G1OruSM=
-7,-11,vmq9h6t0JtEhkm7q2cgeFwo3LLE=,/BRIhAmIf4sDQgtVWeruvJ3nAuM=
-7,-12,vmq9h6t0JtEhkm7q2cgeFwo3LLE=,a9PetUZZevjO13tL963yqFAaV9I=
-7,-9,vmq9h6t0JtEhkm7q2cgeFwo3LLE=,UFCu0KfkvDzT4tk2pMDPxqNvj2s=
-7,-10,vmq9h6t0JtEhkm7q2cgeFwo3LLE=,MYXIuaIPj+pA3t0TZsJeWuYsM4w=
-7,-23,JAFJD0mJvN7POz2//vQ/SFXAW5Q=,Jnx3e7Ws/ZJV+B+U5BMlS42U0qE=
-7,-24,JAFJD0mJvN7POz2//vQ/SFXAW5Q=,ioM0Wyt8qSpMkAZYCT1LejybrCk=
-7,-21,JAFJD0mJvN7POz2//vQ/SFXAW5Q=,MhZTZkYCNv4OType3zXYwH6eC2k=
-7,-22,JAFJD0mJvN7POz2//vQ/SFXAW5Q=,wFzlkW3W9DTOmLS9A/CiVLpKNKs=
-7,-19,JAFJD0mJvN7POz2//vQ/SFXAW5Q=,4vZP855o2TCIsaN0CgSFQQJaH10=
-7,-20,JAFJD0mJvN7POz2//vQ/SFXAW5Q=,fxGrjWzcU18f3Dc/DPsGr2rzkbU=
-7,-17,JAFJD0mJvN7POz2//vQ/SFXAW5Q=,xFkz4vl3M0ODKDMVaar3X0T/EqU=
-7,-18,JAFJD0mJvN7POz2//vQ/SFXAW5Q=,HkvusPA7Ohb5rbTtyMELp3fihnA=
-7,-31,FjuC7Q9uYelePDD9k6QvMcScumE=,QOS2PRl4DRCDxv7IX8+7vaVcZSw=
-7,-32,FjuC7Q9uYelePDD9k6QvMcScumE=,SXhSZhV7XnovssjghzpDncA46JA=
-7,-29,FjuC7Q9uYelePDD9k6QvMcScumE=,eIcezgDgN9PjruYuJIA1tmkVEFw=
-7,-30,FjuC7Q9uYelePDD9k6QvMcScumE=,D5GwgiKMDo9Otx4LOEBdvsUAWOI=
-7,-27,FjuC7Q9uYelePDD9k6QvMcScumE=,3ZVtMNQ9uy4e7OiU0qC0NQ3tqf4=
-7,-28,FjuC7Q9uYelePDD9k6QvMcScumE=,s/hf/6p3XtIexqHDKgW8KxINkjE=
-7,-25,FjuC7Q9uYelePDD9k6QvMcScumE=,tQ/TEaKAltvW8UgXRyDojNZRIEM=
-7,-26,FjuC7Q9uYelePDD9k6QvMcScumE=,gTiyqG2TyUpER3elk/X836ggiYg=
-8,-8,FjuC7Q9uYelePDD9k6QvMcScumE=,8GZJ/Drs7sHHOk954kMg6bTrTak=
-8,-7,BmiiYROtH67V3IH8ngbZnD9Y4bQ=,GY+lFh3bS2fQPKg2wllw5wiOp64=
-8,-6,BmiiYROtH67V3IH8ngbZnD9Y4bQ=,k6cpdOuB9lm3b4NtMECBwxf8mog=
-8,-5,BmiiYROtH67V3IH8ngbZnD9Y4bQ=,Y4E+8jos0jhF+nfLW8/ViDoj6pU=
-8,-4,BmiiYROtH67V3IH8ngbZnD9Y4bQ=,u9JvW58exfvIwrK6sAKF5n7CewQ=
-8,-3,BmiiYROtH67V3IH8ngbZnD9Y4bQ=,wccu1dG+j3nF2+fDdzlSrqqMVqg=
-8,-2,BmiiYROtH67V3IH8ngbZnD9Y4bQ=,MG4SsuOGbHX5rFYDYsl+1Igmj6o=
-8,-1,BmiiYROtH67V3IH8ngbZnD9Y4bQ=,ViW168GQhASYgw0SxC8OK4xKYvY=
-8,-16,yGax828W8xpThKbgEryi1HJZHQM=,yPTaDtchYAdBUaTmLTHF62BXur0=
-8,-15,yGax828W8xpThKbgEryi1HJZHQM=,7PfCO9YTUvb+N37sNsD/yOcK3uE=
-8,-14,yGax828W8xpThKbgEryi1HJZHQM=,p+nYsFo5xpNEUuarMU2KtkbAG+c=
-8,-13,yGax828W8xpThKbgEryi1HJZHQM=,LiwvobVrM6XpcCuu+WZaoP/qong=
-8,-12,yGax828W8xpThKbgEryi1HJZHQM=,zWfDWi1u0Wyha07ctmB99XjEZw4=
-8,-11,JOk34IASmtWPkjmFXJHYEl9zxYk=,o8kjCoFJlseIh52lX0DAygz1L+4=
-8,-10,JOk34IASmtWPkjmFXJHYEl9zxYk=,fQxDcIqjKaQmMmX0TDnwWDy8QrE=
-8,-9,JOk34IASmtWPkjmFXJHYEl9zxYk=,lUcIb4pDyMOFUekkuJR2JQAio3g=
-8,-24,JOk34IASmtWPkjmFXJHYEl9zxYk=,Lf/XJL0x/zlrv0LQC5OEEqcYtus=
-8,-23,JOk34IASmtWPkjmFXJHYEl9zxYk=,AHJlUqqFIz3nyOXiO3G0UBZuFKk=
-8,-22,JOk34IASmtWPkjmFXJHYEl9zxYk=,n9RW8SlrZQRhV63fFItfu50abcc=
-8,-21,JOk34IASmtWPkjmFXJHYEl9zxYk=,p4jy0NBnkd9KP0QCqWffnkA9Od8=
-8,-20,JOk34IASmtWPkjmFXJHYEl9zxYk=,FvztSlXh+JBwyxAS+Tncaa7pTPw=
-8,-19,JWn2HgOp93dhmGw0KblllVM9HSY=,Eys+QfG06Qfv8vE2V99+oEJ4e4w=
-8,-18,JWn2HgOp93dhmGw0KblllVM9HSY=,yqdzITDnRllpzOKlGsLTG7c7Uro=
-8,-17,JWn2HgOp93dhmGw0KblllVM9HSY=,bzOhWXzq0IPqhXVDCh5S58TLw6U=
-8,-32,JWn2HgOp93dhmGw0KblllVM9HSY=,SXhSZhV7XnovssjghzpDncA46JA=
-8,-31,JWn2HgOp93dhmGw0KblllVM9HSY=,j3jxnc8qkx02zs5Z8mn5LBtlI1M=
-8,-30,JWn2HgOp93dhmGw0KblllVM9HSY=,ufjvWC8xsmPWYlhsP66oxZdX5dY=
-8,-29,JWn2HgOp93dhmGw0KblllVM9HSY=,eSL6fORoaMHO5Mug6evsZ5pXVbI=
-8,-28,JWn2HgOp93dhmGw0KblllVM9HSY=,traB1HbzMC5VJN1cH0sf5ZX/msI=
-8,-27,Jm854SgAHf3S1bx1PiuMSvkqJmg=,HqCSRKaHiTOxzIHdRDEmjnuBImY=
-8,-26,Jm854SgAHf3S1bx1PiuMSvkqJmg=,7M+S4pcIFlVsOKsV+zy2qnKBKsk=
-8,-25,Jm854SgAHf3S1bx1PiuMSvkqJmg=,BjgF9506qnIy4OLBzI3rFYekdro=
-9,-9,Jm854SgAHf3S1bx1PiuMSvkqJmg=,j6AHOqRnUAy8d+6radlfXxzhE2U=
-9,-10,Jm854SgAHf3S1bx1PiuMSvkqJmg=,ek5RPj5OLzvICHxmw37KiVEL97M=
-9,-11,Jm854SgAHf3S1bx1PiuMSvkqJmg=,8l+NozA0TbC9n3GREaA8yPi08Rk=
-9,-12,Jm854SgAHf3S1bx1PiuMSvkqJmg=,FDdYAnJXuXnqo8BB7wKLWTmeb5M=
-9,-13,Jm854SgAHf3S1bx1PiuMSvkqJmg=,1ElRRd+DcPQxY54+ZVwoKOcvxVw=
-9,-14,//zjZbILMdzmlJtj85BbIelh3qs=,dX1jRaYyByTP0Vj/BlZpH9oKUSY=
-9,-15,//zjZbILMdzmlJtj85BbIelh3qs=,wHFTYrwHOOA0xrQtwxwhgZR+J/g=
-9,-16,//zjZbILMdzmlJtj85BbIelh3qs=,TVY3gJG61/buTR+zySdOsqatNCg=
-9,-1,//zjZbILMdzmlJtj85BbIelh3qs=,rM2VLGEwAxEyifl0CWAKOrqUwT8=
-9,-2,//zjZbILMdzmlJtj85BbIelh3qs=,TUIcDHFSYvY1PXtrJtSb6VTs42Q=
-9,-3,//zjZbILMdzmlJtj85BbIelh3qs=,FpcBNSGSl0Z1pwkjhDGSKXID/mk=
-9,-4,VRk5KvlVfRVRbrFPxyEef7YfD+8=,7xdcNNQWqCDH7BBUzTVd/KRhA3E=
-9,-5,VRk5KvlVfRVRbrFPxyEef7YfD+8=,wfqgBUdY0o1p6eXtmATO2ct6xCs=
-9,-6,VRk5KvlVfRVRbrFPxyEef7YfD+8=,6BOUmC7mQey3+F9DVeYKXPPeipo=
-9,-7,VRk5KvlVfRVRbrFPxyEef7YfD+8=,GwEyuXgtEg8WmMsYLO5YTg40Dvs=
-9,-8,VRk5KvlVfRVRbrFPxyEef7YfD+8=,WFrH2cyUpOqqcJ8kdW+qp1u6sy8=
-9,-25,VRk5KvlVfRVRbrFPxyEef7YfD+8=,klaZv2DlieL0e8aF2xwrBIEIJ2g=
-9,-26,VRk5KvlVfRVRbrFPxyEef7YfD+8=,mnmQT4mibusUh8g6nARUfY34g7E=
-9,-27,Qs8WCrAHNvVRV2OfJynteomupfE=,oySDNnyA4fmnVRG9+a00upXDn5E=
-9,-28,Qs8WCrAHNvVRV2OfJynteomupfE=,sPdGuQIAou+PSs/kWE27DiGwnzg=
-9,-29,Qs8WCrAHNvVRV2OfJynteomupfE=,cTD4a0JsTJOEhVlpJrgtc4IFGn0=
-9,-30,Qs8WCrAHNvVRV2OfJynteomupfE=,UDGeI8xzOOF8QMQyw2VqRy2YzPs=
-9,-31,Qs8WCrAHNvVRV2OfJynteomupfE=,UrI3ijqboQOzITALUJfesfunKGY=
-9,-32,Qs8WCrAHNvVRV2OfJynteomupfE=,pEyGRxOmEokpBcf6G9LtGMwbVJo=
-9,-17,Qs8WCrAHNvVRV2OfJynteomupfE=,V5S7en/cOirVtUj631xOXJ1vbxY=
-9,-18,Qs8WCrAHNvVRV2OfJynteomupfE=,pTfSvUvr3VUFCvG8USuDNVsqYNo=
-9,-19,Qs8WCrAHNvVRV2OfJynteomupfE=,iImiCK5Ns9qLgHOB8+zZoEKMNpM=
-9,-20,Ues6EZqoe1OCnsMM0772io7RVV4=,7rkvbgHhsKhR+haBTP+AmDs3KXo=
-9,-21,Ues6EZqoe1OCnsMM0772io7RVV4=,7ecrPHnFRytHWC1TigFTy/2B7aw=
-9,-22,Ues6EZqoe1OCnsMM0772io7RVV4=,XL+NyU6XK3Qz1N0xhDKbawbOTZ4=
-9,-23,Ues6EZqoe1OCnsMM0772io7RVV4=,PWcpq3eY8F44NFN/JnGXIcoBF0c=
-9,-24,Ues6EZqoe1OCnsMM0772io7RVV4=,opgH6yucv9cOU5+7GiUEIIgBjLY=
-10,-10,Ues6EZqoe1OCnsMM0772io7RVV4=,MEAnsAoVq6Ri+oaMPANzrStWk1w=
-10,-9,Ues6EZqoe1OCnsMM0772io7RVV4=,FWRnaGmvdeyUEtErYq7BzpA75x4=
-10,-12,Ues6EZqoe1OCnsMM0772io7RVV4=,MsX9eD45b6W+6m+JOzcL4WO3qQo=
-10,-11,8AT72Y6emb88NU+KBXr2LfoSXa0=,Mo50bHiWr0OBFZgOs5AytH7etkM=
-10,-14,8AT72Y6emb88NU+KBXr2LfoSXa0=,Pwq3cmHqRctbAQOp5z1n1atwkVk=
-10,-13,8AT72Y6emb88NU+KBXr2LfoSXa0=,AS+jsrwtXiVb8a8691qBvGxslbw=
-10,-16,8AT72Y6emb88NU+KBXr2LfoSXa0=,dMEp80iXTnW024u3aeZb9rgZCeU=
-10,-15,8AT72Y6emb88NU+KBXr2LfoSXa0=,FyN2tbooDVudqcv2dUPR1/96d2c=
-10,-2,8AT72Y6emb88NU+KBXr2LfoSXa0=,hkrw07PBgZ0eYo1fJtnJM1MWtv8=
-10,-1,8AT72Y6emb88NU+KBXr2LfoSXa0=,zQJ5MeG1oK9+iNylHd+pupZmUxw=
-10,-4,vBEmLl+JW/IHsqXZskg623OCcp4=,RmrPbEMhCkLdY6qWI/HdbQW/Qxw=
-10,-3,vBEmLl+JW/IHsqXZskg623OCcp4=,Yrc8aMdO3plA0H3H3jZDAPwJvAg=
-10,-6,vBEmLl+JW/IHsqXZskg623OCcp4=,PRNzkqi4P0KAWlGG6rQzjHLhz38=
-10,-5,vBEmLl+JW/IHsqXZskg623OCcp4=,fns/0srPRROnEGlfkvFNWMFSCtA=
-10,-8,vBEmLl+JW/IHsqXZskg623OCcp4=,HB+rwFrDyrjX0E9bqga1Y0/8eTc=
-10,-7,vBEmLl+JW/IHsqXZskg623OCcp4=,8eZkc1e6CyoSMoMbjp5LC3Js59E=
-10,-26,vBEmLl+JW/IHsqXZskg623OCcp4=,Ovj4ay05h45a0P4t6Yr3YcXcLj8=
-10,-25,HyMF6Ibwh/5xTJy71XBSWM//sag=,9OdXtC30ethpsrH+g6j8y318dxE=
-10,-28,HyMF6Ibwh/5xTJy71XBSWM//sag=,go6e6UEvV6xtuuKK30l8scOVOiM=
-10,-27,HyMF6Ibwh/5xTJy71XBSWM//sag=,p18eCW2CNCV52eYsv7Zqc7C9dHo=
-10,-30,HyMF6Ibwh/5xTJy71XBSWM//sag=,zdAQApkP9EhdS12fY+oef8N7V7Y=
-10,-29,HyMF6Ibwh/5xTJy71XBSWM//sag=,tYLpRXMdvSm/IjmFL+KttsWp3sE=
-10,-32,HyMF6Ibwh/5xTJy71XBSWM//sag=,LD39+S3/nfsa7sGeP5wfyCdMsEo=
-10,-31,HyMF6Ibwh/5xTJy71XBSWM//sag=,2Fb0GhYhZ+hrpmcdMrmPZjDWlas=
-10,-18,HyMF6Ibwh/5xTJy71XBSWM//sag=,bLkoEsjw2yeKNxQe5yosSTtdfrg=
-10,-17,Wuju63Xtj4P5sUvL6vXR6uquURg=,vFZiUqHb3WdR64FHQBBwwMVBDc8=
-10,-20,Wuju63Xtj4P5sUvL6vXR6uquURg=,cDS2ayODtBIKxkKr7aLXLQfpv/s=
-10,-19,Wuju63Xtj4P5sUvL6vXR6uquURg=,55UIBryw0MfKhDNBOmg8+KhpYlY=
-10,-22,Wuju63Xtj4P5sUvL6vXR6uquURg=,FupwRVJMHkFc76xBN4Jr7fKVOQY=
-10,-21,Wuju63Xtj4P5sUvL6vXR6uquURg=,WfQ6TjfWgnM8ClijSa/YSFg34po=
-10,-24,Wuju63Xtj4P5sUvL6vXR6uquURg=,Z31sedlnZilTtMjLWBDYNXw+C/c=
-10,-23,Wuju63Xtj4P5sUvL6vXR6uquURg=,CuqrcdExZu5SEXnWa9lIaqAJyfk=
-11,-11,Wuju63Xtj4P5sUvL6vXR6uquURg=,qFweUeic1AlqjqXkWEGdLyCE9jw=
-11,-12,2UH/z3Fy+VfT3j4M3d9RxxO6LO4=,01dGrU6jo48CsRaafk4DIx+77i0=
-11,-9,2UH/z3Fy+VfT3j4M3d9RxxO6LO4=,BLgpvuOkbjngkcZebwlDp1U2ZE4=
-11,-10,2UH/z3Fy+VfT3j4M3d9RxxO6LO4=,onqoBn6bhoM2JuyU4n0cD29WLMY=
-11,-15,2UH/z3Fy+VfT3j4M3d9RxxO6LO4=,fAmR0Ro9jHeviQi4Dy3/8w+VpcU=
-11,-16,2UH/z3Fy+VfT3j4M3d9RxxO6LO4=,f/xyahRZtVGCGw9b94mjg4df90M=
-11,-13,2UH/z3Fy+VfT3j4M3d9RxxO6LO4=,01dGrU6jo48CsRaafk4DIx+77i0=
-11,-14,2UH/z3Fy+VfT3j4M3d9RxxO6LO4=,a5kNUt8ZClWpqUVhtFkTi7MdPZ0=
-11,-3,EJUX/nQcJLrgoF7oRParVLXLC+0=,R4Kt3T7hZzQ5FNdOWGresjiwSIQ=
-11,-4,EJUX/nQcJLrgoF7oRParVLXLC+0=,jpBlSjboaS8B+Zi/vjEOk5cerfk=
-11,-1,EJUX/nQcJLrgoF7oRParVLXLC+0=,dMPoBvDIIIV8a7XhgXQrClrxrgs=
-11,-2,EJUX/nQcJLrgoF7oRParVLXLC+0=,OjByTA+Jo7CL5l0sniW7gWPx+Yg=
-11,-7,EJUX/nQcJLrgoF7oRParVLXLC+0=,8eZkc1e6CyoSMoMbjp5LC3Js59E=
-11,-8,EJUX/nQcJLrgoF7oRParVLXLC+0=,HB+rwFrDyrjX0E9bqga1Y0/8eTc=
-11,-5,a2KibPQzBqg9KGwRIkLXZJeqPwM=,kTWdeBV1l2lRnF6WZ8hrZTQegGM=
-11,-6,a2KibPQzBqg9KGwRIkLXZJeqPwM=,0m7w7mOaR/Dy1VwjbUgr639+qPM=
-11,-27,a2KibPQzBqg9KGwRIkLXZJeqPwM=,Ug2Fxyawg94JexXQzvyEx4lzR5Y=
-11,-28,a2KibPQzBqg9KGwRIkLXZJeqPwM=,BiZfWrfBuG19No9z54Nq9NkjLGQ=
-11,-25,a2KibPQzBqg9KGwRIkLXZJeqPwM=,Hl51JLkS7xCcfAHvem6FVmCIj2A=
-11,-26,a2KibPQzBqg9KGwRIkLXZJeqPwM=,ePeDUwg+viavBgyY7Kkb0Jngt/I=
-11,-31,a2KibPQzBqg9KGwRIkLXZJeqPwM=,tqE+LwcBbE6YMGzV55F4bd0WHLo=
-11,-32,a2KibPQzBqg9KGwRIkLXZJeqPwM=,tYSN988JPELfvZOvvTtNoLUaTDo=
-11,-29,2nwbhnYac8FSAlDMv4myV4BpnSI=,82HdSepmaaFsZyIrTjg/8rcthR4=
-11,-30,2nwbhnYac8FSAlDMv4myV4BpnSI=,damvFLwK0mv08JDufqd/HarVilQ=
-11,-19,2nwbhnYac8FSAlDMv4myV4BpnSI=,A5ewUDdChkKsBGucaGuDjJqZE2s=
-11,-20,2nwbhnYac8FSAlDMv4myV4BpnSI=,JDzvxTWA0DDCaVgXq5TTDz1IMkQ=
-11,-17,2nwbhnYac8FSAlDMv4myV4BpnSI=,jyoqzF8Lga4JRMCQ8fkV1pI1hjk=
-11,-18,2nwbhnYac8FSAlDMv4myV4BpnSI=,XN2lDEo4qqI9iPQQdihvNG5q+yE=
-11,-23,2nwbhnYac8FSAlDMv4myV4BpnSI=,bEQh5bB9kyiOOFODpa3yB8H/FJM=
-11,-24,2nwbhnYac8FSAlDMv4myV4BpnSI=,qWMhfyy8aHEpwkij1qZJCqK1iEE=
-11,-21,2nwbhnYac8FSAlDMv4myV4BpnSI=,WLeB+iLOEVBfO21otemEgIwAuTI=
-11,-22,MSfFQAts0XlmF4bNrzFjxsgq4gc=,g+UuFBQv99+OXQpjL/4tByasCfg=
-12,-12,MSfFQAts0XlmF4bNrzFjxsgq4gc=,Fi0n4zogVM6TNmj8MP7PsPTC5Po=
-12,-11,MSfFQAts0XlmF4bNrzFjxsgq4gc=,O9MUgAKmT84kyAbTlVLTI64O/Fs=
-12,-10,MSfFQAts0XlmF4bNrzFjxsgq4gc=,yApVwooBccLswuCm6AIiBwkxxO0=
-12,-9,MSfFQAts0XlmF4bNrzFjxsgq4gc=,blIDHwnW3WvpoYOdDHa13S13+zQ=
-12,-16,MSfFQAts0XlmF4bNrzFjxsgq4gc=,kES2ge4AGprUgw1JT5b5xMiMPYs=
-12,-15,MSfFQAts0XlmF4bNrzFjxsgq4gc=,1SehaRsejbhO2tss/8Ca6vg5VyA=
-12,-14,MSfFQAts0XlmF4bNrzFjxsgq4gc=,r8cjkw2dIKT5lTpxr18lpeaeO4c=
-12,-13,Bn14l2XEPAZ2yFTvu/6excEIz3Y=,01dGrU6jo48CsRaafk4DIx+77i0=
-12,-4,Bn14l2XEPAZ2yFTvu/6excEIz3Y=,ts+uNNxQeU/6ujviYLT+pEtvkZE=
-12,-3,Bn14l2XEPAZ2yFTvu/6excEIz3Y=,fEND3FxChqwfYEsxExRFNov7uo4=
-12,-2,Bn14l2XEPAZ2yFTvu/6excEIz3Y=,6bXRlMN7DItBkY4nufXA0OfbqTI=
-12,-1,Bn14l2XEPAZ2yFTvu/6excEIz3Y=,icowuiqdqSbsGc1QdhArQjJD1eo=
-12,-8,Bn14l2XEPAZ2yFTvu/6excEIz3Y=,dKVosC/JFwLfcNpNYoyFOp11gww=
-12,-7,Bn14l2XEPAZ2yFTvu/6excEIz3Y=,mBmDkqEeUMZ+zqST8cMqBywGA5g=
-12,-6,KVxjj003i8wR5Een4Sh/7W4NG0g=,VZ27X+CrQhjkoCzg0sfzF2OehuI=
-12,-5,KVxjj003i8wR5Een4Sh/7W4NG0g=,n7YjUwX0fquaQJ3S+mJxy4LUIaQ=
-12,-28,KVxjj003i8wR5Een4Sh/7W4NG0g=,l5j1CBwr0LpCDdqNqC3LEAdsuGQ=
-12,-27,KVxjj003i8wR5Een4Sh/7W4NG0g=,l5j1CBwr0LpCDdqNqC3LEAdsuGQ=
-12,-26,KVxjj003i8wR5Een4Sh/7W4NG0g=,l5j1CBwr0LpCDdqNqC3LEAdsuGQ=
-12,-25,KVxjj003i8wR5Een4Sh/7W4NG0g=,Hl51JLkS7xCcfAHvem6FVmCIj2A=
-12,-32,KVxjj003i8wR5Een4Sh/7W4NG0g=,XkpCeYWAhVfQ1Iu9gtXZOFgN944=
-12,-31,Zm9QaRXHiSB+yJ4nA0PetOi4/RI=,PGub7Fd3Ot1NgDlz4lFFEOhwNAY=
-12,-30,Zm9QaRXHiSB+yJ4nA0PetOi4/RI=,NGojWmDaFBwsubRljLwK83oDzIw=
-12,-29,Zm9QaRXHiSB+yJ4nA0PetOi4/RI=,l5j1CBwr0LpCDdqNqC3LEAdsuGQ=
-12,-20,Zm9QaRXHiSB+yJ4nA0PetOi4/RI=,T/QqWjY7dSFAFqsaNnMqiBkm0gs=
-12,-19,Zm9QaRXHiSB+yJ4nA0PetOi4/RI=,KKYRY26ZNGnA/K4Uyk5+mnByrus=
-12,-18,Zm9QaRXHiSB+yJ4nA0PetOi4/RI=,Ul0PftzdA/bv19SxXyJG0zmHav0=
-12,-17,Zm9QaRXHiSB+yJ4nA0PetOi4/RI=,tsMggZkGpAGD3LR1NUo2tYpAWNM=
-12,-24,Zm9QaRXHiSB+yJ4nA0PetOi4/RI=,JLhYDO/j8xQf+cpPIshbysKeYMA=
-12,-23,5Ce+2DN3fMVQw+P25VPo4D8g39s=,UBUUZG1mzYzB9FyRiIMhUPXzjVg=
-12,-22,5Ce+2DN3fMVQw+P25VPo4D8g39s=,p2xt1Ndd6f8cqcBu0Xgxk6512wY=
-12,-21,5Ce+2DN3fMVQw+P25VPo4D8g39s=,8EDOA/1vsKMmn0/LtMdRozNElRU=
-13,-13,5Ce+2DN3fMVQw+P25VPo4D8g39s=,VCF8yG4cgZZykGbMHDYeZiWtMSk=
-13,-14,5Ce+2DN3fMVQw+P25VPo4D8g39s=,Wb8QbdMfHDw+LvdYD1DLNCDqBY0=
-13,-15,5Ce+2DN3fMVQw+P25VPo4D8g39s=,7ccfsseXUsFAfffu218jLTQnGKk=
-13,-16,5Ce+2DN3fMVQw+P25VPo4D8g39s=,mlCtUppe4fmm8oplCFlim8lhdOI=
-13,-9,5Ce+2DN3fMVQw+P25VPo4D8g39s=,Kau9BPYZCVwb/jDp6Ewgj2adz0c=
-13,-10,5Ce+2DN3fMVQw+P25VPo4D8g39s=,DH/Wub+7MPgBHh3XGa2DmR+KWS4=
-13,-11,A9Fvps56m9dIB7SujRuukQYh4v0=,VtRhEoBHEs3g8Cb7hX4a+WW8d9E=
-13,-12,A9Fvps56m9dIB7SujRuukQYh4v0=,/FDRFNWYZ//YHqbQHwf1fW+oSiE=
-13,-5,A9Fvps56m9dIB7SujRuukQYh4v0=,CS0QMhZs+2QRARl8tF3ZWoxY8HM=
-13,-6,A9Fvps56m9dIB7SujRuukQYh4v0=,WwNOSKf7YoALgzjIOG0gQuJx9N0=
-13,-7,A9Fvps56m9dIB7SujRuukQYh4v0=,paW7n8KgqmPIx21MaRdL0NqJmEg=
-13,-8,A9Fvps56m9dIB7SujRuukQYh4v0=,7pUDJE33BHxCCAILpINcK+RW4sw=
-13,-1,A9Fvps56m9dIB7SujRuukQYh4v0=,37rM8mKVcLL+MvYGTX04CTsXpmo=
-13,-2,dG6N20TKm3cNoxBYWDSOAJ65hH0=,8n8wKCR9LlIXDjO1WU2IRv/LAWc=
-13,-3,dG6N20TKm3cNoxBYWDSOAJ65hH0=,AqW5rPXWSRXp/zNHtbcDXDOxbuI=
-13,-4,dG6N20TKm3cNoxBYWDSOAJ65hH0=,AfTJ4FlGCizbrwxhZMrM1W6qY3w=
-13,-29,dG6N20TKm3cNoxBYWDSOAJ65hH0=,RyGTq39y3l3t1uuGkXOBwhNeP9c=
-13,-30,dG6N20TKm3cNoxBYWDSOAJ65hH0=,HaC19GY0sGOiAqMrNvUjkkjbFak=
-13,-31,dG6N20TKm3cNoxBYWDSOAJ65hH0=,976aiIduF0MkuSFVfhj6/d+GfRs=
-13,-32,cquG48lLMYSqZ3ERqlVtRC6Hngc=,XkpCeYWAhVfQ1Iu9gtXZOFgN944=
-13,-25,cquG48lLMYSqZ3ERqlVtRC6Hngc=,VUdVJ563kunzCOmPxLtui1XY9HY=
-13,-26,cquG48lLMYSqZ3ERqlVtRC6Hngc=,UaUxR4lsdWhpKkNO1PutdmbHrcU=
-13,-27,cquG48lLMYSqZ3ERqlVtRC6Hngc=,oK22Wk8uqlEAN6r3xdjgzUuVwyE=
-13,-28,cquG48lLMYSqZ3ERqlVtRC6Hngc=,l5j1CBwr0LpCDdqNqC3LEAdsuGQ=
-13,-21,cquG48lLMYSqZ3ERqlVtRC6Hngc=,PAmL9668cdHCvYhqZBukS13Eyns=
-13,-22,cquG48lLMYSqZ3ERqlVtRC6Hngc=,xvOlC2a1dH7L/5Y7F4rTKqiMsSA=
-13,-23,cquG48lLMYSqZ3ERqlVtRC6Hngc=,KyJcseTJoTY0PrXmV0U6VHq1vzs=
-13,-24,gdCa5porM+AvhmqM5hfsv/JfCWs=,dPk+4SZNzfdj+gnvK3rQuGkC6DI=
-13,-17,gdCa5porM+AvhmqM5hfsv/JfCWs=,o9UCONoJNDJKLBgNTTTC8Iwy+7g=
-13,-18,gdCa5porM+AvhmqM5hfsv/JfCWs=,kDoyM+QmVpM0hXmf0dPZ79OOJck=
-13,-19,gdCa5porM+AvhmqM5hfsv/JfCWs=,88oDK9shXhiC09sJZRZu4vOIdx8=
-13,-20,gdCa5porM+AvhmqM5hfsv/JfCWs=,IjveG+RFrGbnnT76Pvh4w1sKC3s=
-14,-14,gdCa5porM+AvhmqM5hfsv/JfCWs=,1oF20QFejR7iQORM/j12+Wf3L/U=
-14,-13,gdCa5porM+AvhmqM5hfsv/JfCWs=,urZ9/slWhUjOBG13Pu5uFwMNqaw=
-14,-16,iRXv1kfNEkCZnwMJd8swvZBieMI=,mlCtUppe4fmm8oplCFlim8lhdOI=
-14,-15,iRXv1kfNEkCZnwMJd8swvZBieMI=,QIYOe6bw+vhx5jA3nru0gCXemrA=
-14,-10,iRXv1kfNEkCZnwMJd8swvZBieMI=,ERfbdOz5k/w6op4lQJgKei6yOLE=
-14,-9,iRXv1kfNEkCZnwMJd8swvZBieMI=,Cj2afrQO4YJpCMnRakPIWaGz3os=
-14,-12,iRXv1kfNEkCZnwMJd8swvZBieMI=,KmofoWtsrPltsUrkSH1YFMwtaJo=
-14,-11,iRXv1kfNEkCZnwMJd8swvZBieMI=,R4dvUKFvSo9QFc28rjOK42ai5k8=
-14,-6,iRXv1kfNEkCZnwMJd8swvZBieMI=,/Yi/ByZ0Z6B89Q43F1Fglud2QLE=
-14,-5,iRXv1kfNEkCZnwMJd8swvZBieMI=,ZHnGOSXCxhF5gYgo/IgZr0Wj1m8=
-14,-8,38wOTdjADkWvRXm8LhVDmyjvMJU=,8yF9g7SPp5LneEcRAQnxDvw0MKY=
-14,-7,38wOTdjADkWvRXm8LhVDmyjvMJU=,L4dltYHPPWgqOrWWCQOwLUqjD0U=
-14,-2,38wOTdjADkWvRXm8LhVDmyjvMJU=,epBo/e6jRdv6xtRxZ1AqZ+9i6PE=
-14,-1,38wOTdjADkWvRXm8LhVDmyjvMJU=,6qcyVBrWrVjkpiVEqDq/1W0sTYQ=
-14,-4,38wOTdjADkWvRXm8LhVDmyjvMJU=,453IhctvVUFtKUrQaeT2JXQ9XcY=
-14,-3,38wOTdjADkWvRXm8LhVDmyjvMJU=,/bDKMySHxJmxSKWmQngsApX0j6k=
-14,-30,0yTJHOLUyiW5X40fPCcVU7Xjdb0=,WObYT9EptO1WEwMorInA7V9PZBc=
-14,-29,0yTJHOLUyiW5X40fPCcVU7Xjdb0=,AnEZaDNgs6r910l9Z8Jsh4WhW3o=
-14,-32,0yTJHOLUyiW5X40fPCcVU7Xjdb0=,XkpCeYWAhVfQ1Iu9gtXZOFgN944=
-14,-31,0yTJHOLUyiW5X40fPCcVU7Xjdb0=,pHnEF5iUhL65cbmbr5nPAI5rAUo=
-14,-26,0yTJHOLUyiW5X40fPCcVU7Xjdb0=,KuUm5tZv8zQDTMB8obtuXx2ijOQ=
-14,-25,0yTJHOLUyiW5X40fPCcVU7Xjdb0=,sVdimxNoj29oPeLli5i+eF7JxmQ=
-14,-28,0yTJHOLUyiW5X40fPCcVU7Xjdb0=,QdH6Ybnvv3raLqKe85eKIUdwvE8=
-14,-27,VNv5SwwvbhtTiR5n0OquKsA9B/o=,EqyKTV0+WpVZJO5qbFA4+tAPsPg=
-14,-22,VNv5SwwvbhtTiR5n0OquKsA9B/o=,+BaHT3rWU4ok5ojPI3eumAMzYTE=
-14,-21,VNv5SwwvbhtTiR5n0OquKsA9B/o=,zrZSo0Ax5cW2cHULwMshEx96P4Q=
-14,-24,VNv5SwwvbhtTiR5n0OquKsA9B/o=,Umv5bJaXG0G/VrID5MXYYMiUYsg=
-14,-23,VNv5SwwvbhtTiR5n0OquKsA9B/o=,IA+TWBdeea7cZRnQmZ5cEsi02Ok=
-14,-18,VNv5SwwvbhtTiR5n0OquKsA9B/o=,F/YdyBq8yH+HQhRXTqsXTvCZyg8=
-14,-17,VNv5SwwvbhtTiR5n0OquKsA9B/o=,BiutYaHY7EDMlp1mw6p5JHPtmLc=
-14,-20,VNv5SwwvbhtTiR5n0OquKsA9B/o=,goTtvwJYqb+ka4aZSWuL3YG6XbY=
-14,-19,TlnmqTq7KWjm3ey0C/n+bGiVd5w=,JY2XX7dLP2KcxGFPTpwRJ15m1ag=
-15,-15,TlnmqTq7KWjm3ey0C/n+bGiVd5w=,flztwcEs8TA3heaBUYrZL0FOR/w=
-15,-16,TlnmqTq7KWjm3ey0C/n+bGiVd5w=,p8LDwEYQSaX26ywSkYh0DNO/iH0=
-15,-13,TlnmqTq7KWjm3ey0C/n+bGiVd5w=,aegAXGghhRMbBRuvmyBeHEn14DA=
-15,-14,TlnmqTq7KWjm3ey0C/n+bGiVd5w=,IfRz4TAvIbIDa69aqIVc7hbX4sw=
-15,-11,TlnmqTq7KWjm3ey0C/n+bGiVd5w=,DRCWkIe73UnHz/bZVthk2xYqJKE=
-15,-12,TlnmqTq7KWjm3ey0C/n+bGiVd5w=,5mgCjdY3ay5G/CT0IM2cOnQf8Dk=
-15,-9,TlnmqTq7KWjm3ey0C/n+bGiVd5w=,kDQCTwN0RmO0OsTIEJD+gK3x01c=
-15,-10,TlnmqTq7KWjm3ey0C/n+bGiVd5w=,BFOrlSvHb0kRiQohqqskzz33s3Q=
-15,-7,V0TGfDOPRyeDQciPu/UOabpoIzE=,8ozaAOGCJkT55Nv4lTt4Vq0LE+M=
-15,-8,V0TGfDOPRyeDQciPu/UOabpoIzE=,YkWyqCvTTAF5lur4M6BDJv7jS8s=
-15,-5,V0TGfDOPRyeDQciPu/UOabpoIzE=,6YnMnr0Won5b5OscpoKoJVrsBmY=
-15,-6,V0TGfDOPRyeDQciPu/UOabpoIzE=,/azuKyX+ZLoXVI8wfY85VJKtLzw=
-15,-3,V0TGfDOPRyeDQciPu/UOabpoIzE=,nl7xCmw+vxzjQyBD7r+7egxNJvo=
-15,-4,V0TGfDOPRyeDQciPu/UOabpoIzE=,KaPUKF/DAVdBhgy+KxWKFHTxrXM=
-15,-1,F7oHH+pkHvBICHwA8bbU1oyhpNE=,qEM6ritGvWiqv6GbH5aiCORK0Oo=
-15,-2,F7oHH+pkHvBICHwA8bbU1oyhpNE=,4cv+bBUBjtSnLU5jwuY3YhwDT9o=
-15,-31,F7oHH+pkHvBICHwA8bbU1oyhpNE=,LkaLAwlFQyWEuzN1+/Pteu53NvU=
-15,-32,F7oHH+pkHvBICHwA8bbU1oyhpNE=,Y4mr54vHqfCv3W3+d6W+5oYcCS4=
-15,-29,F7oHH+pkHvBICHwA8bbU1oyhpNE=,2/YTCnNDzGq2Rr6xL215VVlNKhg=
-15,-30,F7oHH+pkHvBICHwA8bbU1oyhpNE=,wrBr0o1qGIF11Ueci3VBBGnVby0=
-15,-27,F7oHH+pkHvBICHwA8bbU1oyhpNE=,YcPJoU3AAsQYGeMG89BWwOk4XB8=
-15,-28,vUrXtjY6L3gzjARMfxqJxIykgbg=,WwMtbrLGfvfrn3EE5fw9SaKCbXE=
-15,-25,vUrXtjY6L3gzjARMfxqJxIykgbg=,WwlNABAm2SitzU67Ecpt84WdfWs=
-15,-26,vUrXtjY6L3gzjARMfxqJxIykgbg=,HqaKkMwHb9Js/F6clZiTxaQEa8w=
-15,-23,vUrXtjY6L3gzjARMfxqJxIykgbg=,7Lxcnnpoqm9GKpHhk96kgUgLaSE=
-15,-24,vUrXtjY6L3gzjARMfxqJxIykgbg=,82vahTaB2vYF+prLvN4enHiIc6g=
-15,-21,vUrXtjY6L3gzjARMfxqJxIykgbg=,28rxba10pOPUMZyK+S2gFwpO5Oo=
-15,-22,vUrXtjY6L3gzjARMfxqJxIykgbg=,PWcpq3eY8F44NFN/JnGXIcoBF0c=
-15,-19,vUrXtjY6L3gzjARMfxqJxIykgbg=,Eojj0YzJwd2Y4AJU0dndqo4ur+4=
-15,-20,tRNHVMEe7iLunhyY3uwUL6Q/9Cw=,avZnitx+MFAx0z/yiv5VB1c/kCk=
-15,-17,tRNHVMEe7iLunhyY3uwUL6Q/9Cw=,7ilqUIEhsquvgUvTcBWTSIYCHVw=
-15,-18,tRNHVMEe7iLunhyY3uwUL6Q/9Cw=,NoXDYB9JOZI2kENDNo1OxF5kD1I=
-16,-16,tRNHVMEe7iLunhyY3uwUL6Q/9Cw=,DfVq9Z75gmZpWYvlKZSwxI/irK4=
-16,-15,tRNHVMEe7iLunhyY3uwUL6Q/9Cw=,LYHabWEwrPBfRVT8Geh5dQz+qF8=
-16,-14,tRNHVMEe7iLunhyY3uwUL6Q/9Cw=,iZ2Dz8XL7tiGQz6CiyykYfYUpcE=
-16,-13,tRNHVMEe7iLunhyY3uwUL6Q/9Cw=,nM+co0xg/zmFH0qF8CUZs/0eWx0=
-16,-12,tRNHVMEe7iLunhyY3uwUL6Q/9Cw=,mdf1RVezYETdvgpAtMPUANPeyTw=
-16,-11,UVmD8sjG0vaP6PnaqzaXKW2vjtc=,4tzGEcR0aoOB9g3NZooVM8k4KSM=
-16,-10,UVmD8sjG0vaP6PnaqzaXKW2vjtc=,QdHan3YjJ7LIHnQwj4ShehNChf4=
-16,-9,UVmD8sjG0vaP6PnaqzaXKW2vjtc=,VhnjzmSYZrpygoDhTnfvUuEttqE=
-16,-8,UVmD8sjG0vaP6PnaqzaXKW2vjtc=,+ZSBQjZXbDQJZtzjvMwke5Sy2f4=
-16,-7,UVmD8sjG0vaP6PnaqzaXKW2vjtc=,MFK/Sez/KjeQ7ZBBZGFQ2ZG8l0U=
-16,-6,UVmD8sjG0vaP6PnaqzaXKW2vjtc=,fLKxLMQJAw64FFCUJBY5qv1qG5Y=
-16,-5,UVmD8sjG0vaP6PnaqzaXKW2vjtc=,fLKxLMQJAw64FFCUJBY5qv1qG5Y=
-16,-4,UVmD8sjG0vaP6PnaqzaXKW2vjtc=,c5Q38m2FClDiUTKdQNncXjU71hU=
-16,-3,nPtJ5BK9FFxFBum1X6pz91k06p0=,Zi1sWANYt+V9FbhcannOIsOtGW4=
-16,-2,nPtJ5BK9FFxFBum1X6pz91k06p0=,zauyZZfyo5ejG8Pu2zouSLEIJSs=
-16,-1,nPtJ5BK9FFxFBum1X6pz91k06p0=,r01ZZqi76EcGh8cH1bUlukscoWo=
-16,-32,nPtJ5BK9FFxFBum1X6pz91k06p0=,bk779g+QYxDUCBbw+9CYF5/+87g=
-16,-31,nPtJ5BK9FFxFBum1X6pz91k06p0=,toPsjd1y2U9dZghiE9I7q9dSwtk=
-16,-30,nPtJ5BK9FFxFBum1X6pz91k06p0=,+8XXHjTTraYfJ0agOVElZJloS+0=
-16,-29,nPtJ5BK9FFxFBum1X6pz91k06p0=,s1SkCe/Gp6vQ8eLhqniwAGqDFdU=
-16,-28,UTfja+ID4MNjHViUJKKs/6GTf0Q=,Ktjx995O+C2iDT5IJp19LKEFbiU=
-16,-27,UTfja+ID4MNjHViUJKKs/6GTf0Q=,Q/bc4K8RK+87CcwdYCHWdO2+zJo=
-16,-26,UTfja+ID4MNjHViUJKKs/6GTf0Q=,i3Bk/HP0t7r3NEzHaBzPSCQ6SHU=
-16,-25,UTfja+ID4MNjHViUJKKs/6GTf0Q=,zzlvp6RXN3cC9f22SKYYS1EGwjM=
-16,-24,UTfja+ID4MNjHViUJKKs/6GTf0Q=,cxLXO4seEYf4A3qShgtmAnfdLK4=
-16,-23,UTfja+ID4MNjHViUJKKs/6GTf0Q=,c3vFJ86opcn7trVv+NlyocoxQNo=
-16,-22,UTfja+ID4MNjHViUJKKs/6GTf0Q=,ag/zl28UUr9SEB1/I7Xu9VZmHYc=
-16,-21,lIAHOC4xMGtU8FX+NrkSDcfA1nk=,M/6lPD4UkBTVSQyiYA3NAUwqn2Q=
-16,-20,lIAHOC4xMGtU8FX+NrkSDcfA1nk=,ExRBhUBPOYnDRC8khLNrWGaNB1A=
-16,-19,lIAHOC4xMGtU8FX+NrkSDcfA1nk=,O6buGOMRMjl5F+akr31A4LwCuoc=
-16,-18,lIAHOC4xMGtU8FX+NrkSDcfA1nk=,mSkknNt5QGh6HC9akqpymirJnEk=
-16,-17,lIAHOC4xMGtU8FX+NrkSDcfA1nk=,iwy0XFB4gSdfdF02H/Z5s3/x9vc=
-17,-17,lIAHOC4xMGtU8FX+NrkSDcfA1nk=,p93ZHjotVditcZOgo2OF/ZRxINQ=
-17,-18,lIAHOC4xMGtU8FX+NrkSDcfA1nk=,qPp/bhcyoCH7w2eDEa+hog3fquw=
-17,-19,lIAHOC4xMGtU8FX+NrkSDcfA1nk=,fgtVLzkmCdfTlQP4j7kMnCi4EkY=
-17,-20,lMoqaoNamsjv4WZIKAyZ2fYkquc=,WtgKFdxuYYU+ago3fjibKiq+Tbk=
-17,-21,lMoqaoNamsjv4WZIKAyZ2fYkquc=,VLPgRXoLgM5hnA2N0WRQgqCDPLY=
-17,-22,lMoqaoNamsjv4WZIKAyZ2fYkquc=,oqUCCF3LANVMDf8PihNukMgce6w=
-17,-23,lMoqaoNamsjv4WZIKAyZ2fYkquc=,jEWhG9+wws4PpoqlEfjK9f/+z/k=
-17,-24,lMoqaoNamsjv4WZIKAyZ2fYkquc=,XQ31caCrxiuUl0fibWFRu1QajuU=
-17,-25,lMoqaoNamsjv4WZIKAyZ2fYkquc=,koWXXTiBUdu2l5naV0TKLC9b+vg=
-17,-26,lMoqaoNamsjv4WZIKAyZ2fYkquc=,YAxP0KWSd28NG/BM0MiRl8icBUw=
-17,-27,lMoqaoNamsjv4WZIKAyZ2fYkquc=,vEGfk9WXOlsJqBF+RNEVi05e3dM=
-17,-28,GcAtenRvqE65YbPc6IJpLAmCdF4=,YzdqT36Pp8DEiQbqfvZbRAMVpeM=
-17,-29,GcAtenRvqE65YbPc6IJpLAmCdF4=,YwnnD5FCPIbubXSXXIPj8CaGFd4=
-17,-30,GcAtenRvqE65YbPc6IJpLAmCdF4=,YwnnD5FCPIbubXSXXIPj8CaGFd4=
-17,-31,GcAtenRvqE65YbPc6IJpLAmCdF4=,Nm8xFkLf5bJvJm/KaIb4wn1tB0Q=
-17,-32,GcAtenRvqE65YbPc6IJpLAmCdF4=,IIuyTKV70AFM7ReaxmgLpNZ3P8U=
-17,-1,GcAtenRvqE65YbPc6IJpLAmCdF4=,HNTuOC2WXZLuakohhPlbMa1a6+g=
-17,-2,GcAtenRvqE65YbPc6IJpLAmCdF4=,xw4k/G5jPxcH2h9DKI1cCkfX0s0=
-17,-3,GcAtenRvqE65YbPc6IJpLAmCdF4=,+e8B8yzBP4WoXdJ49WkM3ePQjng=
-17,-4,aPrjXWE9PuALJwVRiI7nVZPUeNU=,E3E+WFwTiieKB4yhe/JniLyf/h8=
-17,-5,aPrjXWE9PuALJwVRiI7nVZPUeNU=,qLuM8Es7Mgi2TqW9ToXync6ot1I=
-17,-6,aPrjXWE9PuALJwVRiI7nVZPUeNU=,RrCofdRCSzo5aG/qc6yGu+JbiQM=
-17,-7,aPrjXWE9PuALJwVRiI7nVZPUeNU=,0797PHMt1vIzUlqj/x7v4ltxSc8=
-17,-8,aPrjXWE9PuALJwVRiI7nVZPUeNU=,CWawIHZyR+NbO96lKwD3ueLjy4w=
-17,-9,aPrjXWE9PuALJwVRiI7nVZPUeNU=,5iKa8DZveuXOG9W40mJW4vRrLK4=
-17,-10,5XV/k51IIG/ZcYjwg77WFGPdrGM=,5iKa8DZveuXOG9W40mJW4vRrLK4=
-17,-11,5XV/k51IIG/ZcYjwg77WFGPdrGM=,XEoCknSPMd1k3M1lQsIUllc9r8k=
-17,-12,5XV/k51IIG/ZcYjwg77WFGPdrGM=,H0lfmcPRCLWsofaf9QxnHhL0wks=
-17,-13,5XV/k51IIG/ZcYjwg77WFGPdrGM=,cu5lM/W54FrLhMj4RmGOZHaj0B4=
-17,-14,5XV/k51IIG/ZcYjwg77WFGPdrGM=,RaKmKumJ+htlofZtbnehW8nPoAs=
-17,-15,5XV/k51IIG/ZcYjwg77WFGPdrGM=,WI/sVzZ6+hkmlDvyISQ2a35rmZs=
-17,-16,5XV/k51IIG/ZcYjwg77WFGPdrGM=,iHXDtwClTAjqRpQdf7kP7ziPnok=
-18,-18,5XV/k51IIG/ZcYjwg77WFGPdrGM=,2lZgAMB/HhqOwwnFtQ7KnBZEez4=
-18,-17,5XV/k51IIG/ZcYjwg77WFGPdrGM=,e/ehV9KXXCpBERRTuckKraP8Whg=
-18,-20,aFGpWVlrzPsx9PphDkTLN3kBWRY=,inNnB8rzRecmYzo/0tRpPBuW49s=
-18,-19,aFGpWVlrzPsx9PphDkTLN3kBWRY=,rqyyjwFuNqa4fRPIbMxjyl3xkno=
-18,-22,aFGpWVlrzPsx9PphDkTLN3kBWRY=,tCxu6izzDxxgAiqqSVMoUME4xew=
-18,-21,aFGpWVlrzPsx9PphDkTLN3kBWRY=,qcTxjYtJ3/xTLSfS7lmIrMGR+8s=
-18,-24,aFGpWVlrzPsx9PphDkTLN3kBWRY=,h2WdW3Y9nnp3C7ZoP7nb6zTXjQ0=
-18,-23,aFGpWVlrzPsx9PphDkTLN3kBWRY=,ICrPlPlLygAWpDkHPv84dQlkAiQ=
-18,-26,aFGpWVlrzPsx9PphDkTLN3kBWRY=,SEzGIeF6rX6zc7vDCI+pdHTVIBQ=
-18,-25,aFGpWVlrzPsx9PphDkTLN3kBWRY=,ovqBK2ZlOfXtkw0pTTYf2wxSll8=
-18,-28,50VIvZB9zUyXvKIgBWySZ2tkGAA=,wnEY2UN8rJyhFvGAYager/r92go=
-18,-27,50VIvZB9zUyXvKIgBWySZ2tkGAA=,zMV2eikXhM/Tt3qMOA0n7+8NbzM=
-18,-30,50VIvZB9zUyXvKIgBWySZ2tkGAA=,qesklaSaXYrNc/Brj1jOrf1btiQ=
-18,-29,50VIvZB9zUyXvKIgBWySZ2tkGAA=,lYlTgMJlgziZLhMhZ1IXUJ8q0nk=
-18,-32,50VIvZB9zUyXvKIgBWySZ2tkGAA=,wrzHJg42W1l5qWyOD6Wexib4LGE=
-18,-31,50VIvZB9zUyXvKIgBWySZ2tkGAA=,Mo5LgbW5tKmG5b8I+XHjfOZMwCA=
-18,-2,50VIvZB9zUyXvKIgBWySZ2tkGAA=,00/pHLAoQi/Ls/RUVgVon/4lDas=
-18,-1,kPESLzTnsSFXDRNy7ZitHZi9Fdk=,aDzQnk5uSnI8lLQZTQdSg/kutv0=
-18,-4,kPESLzTnsSFXDRNy7ZitHZi9Fdk=,0//GLtOfDckXegHUIVBgoNfeFAs=
-18,-3,kPESLzTnsSFXDRNy7ZitHZi9Fdk=,nVY4BackFK9Zkia7R3v4HEeExkg=
-18,-6,kPESLzTnsSFXDRNy7ZitHZi9Fdk=,8Jh8qloye0a3txrygtlcniyWn3M=
-18,-5,kPESLzTnsSFXDRNy7ZitHZi9Fdk=,oMvcGH8gaIALSwrbT5ozJvY0QlY=
-18,-8,kPESLzTnsSFXDRNy7ZitHZi9Fdk=,tZ4veom/XvhnAu3fBRkJQM4aFwQ=
-18,-7,kPESLzTnsSFXDRNy7ZitHZi9Fdk=,8vo70Bv9q4uBnoF7DXptBhuanMI=
-18,-10,okJK3+V/iXMPJdzZJrJrCmI5Iyw=,eGoOJlGxSToK576Jp+EQ6ksTd/0=
-18,-9,okJK3+V/iXMPJdzZJrJrCmI5Iyw=,UV3G2R2tIcHHvD4KWgalhinNvAo=
-18,-12,okJK3+V/iXMPJdzZJrJrCmI5Iyw=,Ge6Sq7NUfzGwyg4Xfj+m+l0nQIk=
-18,-11,okJK3+V/iXMPJdzZJrJrCmI5Iyw=,EWPL/P+HB6zugOLrGyvAZ2vDuMs=
-18,-14,okJK3+V/iXMPJdzZJrJrCmI5Iyw=,gtrxgOp0h6/RFvPq28AQA7w4XTI=
-18,-13,okJK3+V/iXMPJdzZJrJrCmI5Iyw=,FCkPNspr+w+A4ZZeWt3rC2oFsc4=
-18,-16,okJK3+V/iXMPJdzZJrJrCmI5Iyw=,cuQQ7OZDIlrZhBayyj9PA1d9oYc=
-18,-15,OuA7GTwvU0C/4+EZCqIAMHpEZzA=,6B4bbxg0EfIdvt+CtoffTfY42fE=
-19,-19,OuA7GTwvU0C/4+EZCqIAMHpEZzA=,SDfmv5zlhZ0uAsWnpV4SFBtJSek=
-19,-20,OuA7GTwvU0C/4+EZCqIAMHpEZzA=,fww+k0SjnLgS4w+fdKlDcOl+eHE=
-19,-17,OuA7GTwvU0C/4+EZCqIAMHpEZzA=,9q8TblfDXBvpGBAY4P7B65yFhE8=
-19,-18,OuA7GTwvU0C/4+EZCqIAMHpEZzA=,FUGiZ+EJuYvLJAIMVQXp7dLYU+4=
-19,-23,OuA7GTwvU0C/4+EZCqIAMHpEZzA=,Omcdwakm/HL2TpeyfXex1ZZzXFM=
-19,-24,OuA7GTwvU0C/4+EZCqIAMHpEZzA=,Nr06yc/PsH0XvRxB2rbtFdx1M+8=
-19,-21,OuA7GTwvU0C/4+EZCqIAMHpEZzA=,2VBaPwKtmW3BKrtt4BpaIo6hcqw=
-19,-22,9JL53TOECtviICsAlk1DYuZrUso=,uND59vpZcMohzFn5pAp13jpJV0Y=
-19,-27,9JL53TOECtviICsAlk1DYuZrUso=,DAwYqoSDxt6oxPm/hHmJLz+V4Z4=
-19,-28,9JL53TOECtviICsAlk1DYuZrUso=,bmfwMponBYX3j9XYoHfTxbkYNMA=
-19,-25,9JL53TOECtviICsAlk1DYuZrUso=,VluqXLegQvh5T80ES8MisENM7dg=
-19,-26,9JL53TOECtviICsAlk1DYuZrUso=,tlS6Ci0Q/OJJ2B9C1bu1sc5sTfY=
-19,-31,9JL53TOECtviICsAlk1DYuZrUso=,lbMHxQa5vwakO22+OaHAJ1pjbec=
-19,-32,9JL53TOECtviICsAlk1DYuZrUso=,ZuyHKw+Ew/fffdzzP7oxTRBCq5c=
-19,-29,9JL53TOECtviICsAlk1DYuZrUso=,KJGd44QHvLLr0WpEWy5RzzxprUY=
-19,-30,9JL53TOECtviICsAlk1DYuZrUso=,W2p50/bkPUg4L27wy8pVYG9L0mM=
-19,-3,fYNn6c1tPpl51S3f97y8pKR5Voo=,lGOlLbZCkZTEiCrq+ueTRpAMdG4=
-19,-4,fYNn6c1tPpl51S3f97y8pKR5Voo=,kKvI4YoszCIGAshtJWMKwtbxW1w=
-19,-1,fYNn6c1tPpl51S3f97y8pKR5Voo=,IdthDbdjnALlY3GtMZS7BzsFuhg=
-19,-2,fYNn6c1tPpl51S3f97y8pKR5Voo=,fOZDH8suYUf6LL+8Go1a4EB5lwQ=
-19,-7,fYNn6c1tPpl51S3f97y8pKR5Voo=,wakiYQBI8gsdl8JVaklcEsjPoo4=
-19,-8,fYNn6c1tPpl51S3f97y8pKR5Voo=,Hk2cZuDm4PVnaRX2J4NQpg6Co+U=
-19,-5,bo5SV6f1xson4XNkXUxz76gU4Ng=,h+1jDYExx1ZsT3h9Q1+tDCGui3Q=
-19,-6,bo5SV6f1xson4XNkXUxz76gU4Ng=,o++gIaj1NH0u9Svb+CqnD9lC0+U=
-19,-11,bo5SV6f1xson4XNkXUxz76gU4Ng=,VVsEK7TRAjrGtdT89Wypq0RdrkI=
-19,-12,bo5SV6f1xson4XNkXUxz76gU4Ng=,RImpVWVuZ/MW6FxoqoLyx+ckvlQ=
-19,-9,bo5SV6f1xson4XNkXUxz76gU4Ng=,mwBptLMqT7GiZ98Cn/W+CTfpYPI=
-19,-10,bo5SV6f1xson4XNkXUxz76gU4Ng=,WxUoqIMIgtZr4msti9Bn84l1lO0=
-19,-15,bo5SV6f1xson4XNkXUxz76gU4Ng=,/hPWbpunCSEDYyvZIWf13Ng/T9o=
-19,-16,QfdkgyF3hoX4wUTANCLtL3d3Iao=,cuQQ7OZDIlrZhBayyj9PA1d9oYc=
-19,-13,QfdkgyF3hoX4wUTANCLtL3d3Iao=,OOja2ymXH6VDZFwwFdBa/HwM2yw=
-19,-14,QfdkgyF3hoX4wUTANCLtL3d3Iao=,FltbFu2Zw9nC+pvXOtbXEIsCRks=
-20,-20,QfdkgyF3hoX4wUTANCLtL3d3Iao=,WXovvJyFxEPfSbkrRqGJlsX94Rg=
-20,-19,QfdkgyF3hoX4wUTANCLtL3d3Iao=,/AnYOfiIa9JKTWwR9RGggVGJ0m4=
-20,-18,QfdkgyF3hoX4wUTANCLtL3d3Iao=,+eM5ZnZiRMW9PpGxhJOiT97MjVY=
-20,-17,QfdkgyF3hoX4wUTANCLtL3d3Iao=,Dr9vdXwAu3BMvkOgkx/S5ju5kdk=
-20,-24,QfdkgyF3hoX4wUTANCLtL3d3Iao=,tL3QHA43gd41Yb3NGIZT1Kam15k=
-20,-23,QfdkgyF3hoX4wUTANCLtL3d3Iao=,fUR+kuQRoKW+lizhYgmvwXebl6k=
-20,-22,rX0+g1qOle5lxq/jpF7Q5jdlxl0=,xBOmz8KgGyRgH/D5mcsgz4WDG/4=
-20,-21,rX0+g1qOle5lxq/jpF7Q5jdlxl0=,alM8juy9HGu8yCwuY6kxt1NQMEI=
-20,-28,rX0+g1qOle5lxq/jpF7Q5jdlxl0=,Ikvi3l/U3b+eKEDeM7L7RKdiYBw=
-20,-27,rX0+g1qOle5lxq/jpF7Q5jdlxl0=,f2+Bt2udbsMyHBfojmaIz92HT0I=
-20,-26,rX0+g1qOle5lxq/jpF7Q5jdlxl0=,EqA+N/srfPexZNTFC71eedNyU+g=
-20,-25,rX0+g1qOle5lxq/jpF7Q5jdlxl0=,GNryE2dbEbAqbdZ3/ajs1+T6V7Y=
-20,-32,rX0+g1qOle5lxq/jpF7Q5jdlxl0=,fIiNnUs/f0gsT/LokqoqQkwZya8=
-20,-31,Uoy2YjCyGzeFnrVb+MLeHLEzHOk=,8lnesgkSqCVdS6zq9DxI+3T9gHQ=
-20,-30,Uoy2YjCyGzeFnrVb+MLeHLEzHOk=,H4Ggp+E3ejO2zNy+OQ2EgGPE3z8=
-20,-29,Uoy2YjCyGzeFnrVb+MLeHLEzHOk=,P5grlkdGhs8aeRcsG9a6igt3//I=
-20,-4,Uoy2YjCyGzeFnrVb+MLeHLEzHOk=,ePuweCiqgRgA1gW9kVIMr32jp88=
-20,-3,Uoy2YjCyGzeFnrVb+MLeHLEzHOk=,nD24WNiZ1TAcn0ElluxTGa6C9P8=
-20,-2,Uoy2YjCyGzeFnrVb+MLeHLEzHOk=,ErrVihRaqTaTkO2bQM4eNLWryog=
-20,-1,Uoy2YjCyGzeFnrVb+MLeHLEzHOk=,0dCehKMIcslr5kW6YLckAeJAo0E=
-20,-8,qG6bNoK3Dv1IW2PmQAidqnxm4fk=,OBqQjEiZML0CgbYfbxxrV/Owewk=
-20,-7,qG6bNoK3Dv1IW2PmQAidqnxm4fk=,DBE4a5FKZE6DT3r3RVIEEkkHl3M=
-20,-6,qG6bNoK3Dv1IW2PmQAidqnxm4fk=,RQI3tmOH7ycsKoRM64o37EfbHnI=
-20,-5,qG6bNoK3Dv1IW2PmQAidqnxm4fk=,LK5kpjRy11cpSBBtD9u6AD54kwU=
-20,-12,qG6bNoK3Dv1IW2PmQAidqnxm4fk=,MSsnkuOTpexlUQMbrl/QfLNw/tc=
-20,-11,qG6bNoK3Dv1IW2PmQAidqnxm4fk=,dHBK/17T2eXvtpcsaezx9ol6MHc=
-20,-10,YrSnoYo3Vx6Cs6YmQLVCc0uO2ys=,l2+hiwyRLGBs7CZHhdKHuGFXA/U=
-20,-9,YrSnoYo3Vx6Cs6YmQLVCc0uO2ys=,+GXVZi7o2WI8FoPUgh2OpQdORXs=
-20,-16,YrSnoYo3Vx6Cs6YmQLVCc0uO2ys=,1Pa+qoZmtrIm+9kgjM2bDqNUNwg=
-20,-15,YrSnoYo3Vx6Cs6YmQLVCc0uO2ys=,bONOq2Qqc6ZfzkUBBrcW7yRyE1U=
-20,-14,YrSnoYo3Vx6Cs6YmQLVCc0uO2ys=,mMMVphemLxR456TrHwt3qlo4ZtI=
-20,-13,YrSnoYo3Vx6Cs6YmQLVCc0uO2ys=,FYrjkMJBrNl7Kob8oJZlWer1Rns=
-21,-21,YrSnoYo3Vx6Cs6YmQLVCc0uO2ys=,GePmDWW1snbTpjYVvsoeMZQghgA=
-21,-22,YrSnoYo3Vx6Cs6YmQLVCc0uO2ys=,LKIZGy2VJ1pAVg9Za2QTnRN03E4=
-21,-23,bpt0h2pE4oEgmLaC/NIfwb9asTY=,p186GE4pjXX9AhtWQwUN4pfCCjA=
-21,-24,bpt0h2pE4oEgmLaC/NIfwb9asTY=,tL3QHA43gd41Yb3NGIZT1Kam15k=
-21,-17,bpt0h2pE4oEgmLaC/NIfwb9asTY=,RKIb6t2abGsYgnXFK1blvmXGXeY=
-21,-18,bpt0h2pE4oEgmLaC/NIfwb9asTY=,dI8yZtYo3Cb7ucRkwZMe+psnUIM=
-21,-19,bpt0h2pE4oEgmLaC/NIfwb9asTY=,LhmfQbjk5bA0RLC6hhsPb/BgUvM=
-21,-20,bpt0h2pE4oEgmLaC/NIfwb9asTY=,A1SKT9iB0QxusumQso8c6SPoJzY=
-21,-29,bpt0h2pE4oEgmLaC/NIfwb9asTY=,XEKPXQBQtemC78XOIR8i37Cpt1k=
-21,-30,bpt0h2pE4oEgmLaC/NIfwb9asTY=,BKn2Q1vohLIoT4IFt5Xqv5vrEJ4=
-21,-31,bw4evDk+COZUJGZOlzJ3xd7ZeLw=,afgv2HtevMro01vvacQKD5nisYE=
-21,-32,bw4evDk+COZUJGZOlzJ3xd7ZeLw=,TURcWIwEejBlm4nzYoaO2YMAFAc=
-21,-25,bw4evDk+COZUJGZOlzJ3xd7ZeLw=,6qY0e1yzRfGkmbQjA1dACkgURvQ=
-21,-26,bw4evDk+COZUJGZOlzJ3xd7ZeLw=,0Q04LGCfv2Jd+I39JgPO2FZ8sdk=
-21,-27,bw4evDk+COZUJGZOlzJ3xd7ZeLw=,R+YXTyvfcsFWj54jBYfsiP8CAyw=
-21,-28,bw4evDk+COZUJGZOlzJ3xd7ZeLw=,zAsj0IrZDzhm9dAbWA7bfv8X/do=
-21,-5,bw4evDk+COZUJGZOlzJ3xd7ZeLw=,PnX3vHx0+ySvp7cOW/10PXgU0Ic=
-21,-6,bw4evDk+COZUJGZOlzJ3xd7ZeLw=,r0iszL4F+9gDFkvyefm9lIGHc8w=
-21,-7,5v7myjjyDw0SwuRlKXsrElyd6Hw=,e+k4S8MN6AxRJd3OZX69Dtftago=
-21,-8,5v7myjjyDw0SwuRlKXsrElyd6Hw=,5TwaWVSBY8auwDFkytobPldLuDI=
-21,-1,5v7myjjyDw0SwuRlKXsrElyd6Hw=,thKXa3AO3gTfxKYxllxwDxU7AUM=
-21,-2,5v7myjjyDw0SwuRlKXsrElyd6Hw=,thKXa3AO3gTfxKYxllxwDxU7AUM=
-21,-3,5v7myjjyDw0SwuRlKXsrElyd6Hw=,yeFWRyp0HtMATT3qTIGBvdZL7BI=
-21,-4,15zXLFvOkCytsMnRFLQUbyx008U=,q90aADzLFG3C9wzWw+IJpGFj1a4=
-21,-13,15zXLFvOkCytsMnRFLQUbyx008U=,/SUekqzDQQJ+BiBcYCIE57Vay+4=
-21,-14,15zXLFvOkCytsMnRFLQUbyx008U=,Fbfuis/TNsDPAHmWG1jOPDLnZgc=
-21,-15,15zXLFvOkCytsMnRFLQUbyx008U=,wdIPZvZ1um3dUgeMk37Smt3bxyU=
-21,-16,15zXLFvOkCytsMnRFLQUbyx008U=,HbDtlTYSceRNpOmaFa7jBNgjYLc=
-21,-9,15zXLFvOkCytsMnRFLQUbyx008U=,HsztT5mqHztqrGlKd/pTh7d73xY=
-21,-10,15zXLFvOkCytsMnRFLQUbyx008U=,mDxRgIEn61YHFJVvc2/1jRJpM40=
-21,-11,VTRD9A6A/Fmskvilqi8qNgc6efQ=,M1Y/nqk/F7MQGKJezvrn3eZ5DWM=
-21,-12,VTRD9A6A/Fmskvilqi8qNgc6efQ=,ShcqTapz4xjnZkuQsM+Kr0uCCGw=
-22,-22,VTRD9A6A/Fmskvilqi8qNgc6efQ=,wdWKPdOkY57RQXjURGyU9rnaamU=
-22,-21,VTRD9A6A/Fmskvilqi8qNgc6efQ=,LicZHveecpMiqbAoW1GpRBgLkPQ=
-22,-24,VTRD9A6A/Fmskvilqi8qNgc6efQ=,tIbRw5ohvCK25AfikOVhhk+AU/4=
-22,-23,VTRD9A6A/Fmskvilqi8qNgc6efQ=,5fbeAIBnoDAvf9IOrjFvFCylvC8=
-22,-18,VTRD9A6A/Fmskvilqi8qNgc6efQ=,+oP4tfDv9dW3IpxtOjch18WDgLg=
-22,-17,VTRD9A6A/Fmskvilqi8qNgc6efQ=,tIbRw5ohvCK25AfikOVhhk+AU/4=
-22,-20,VTRD9A6A/Fmskvilqi8qNgc6efQ=,AdkdTTZqLl3qaToeIx27L4y51g8=
-22,-19,VTRD9A6A/Fmskvilqi8qNgc6efQ=,N81UdMTxffVYzNlYvTMes36NPJI=
-22,-30,FmN4GRUQikupQQnl9ln8LtSbLiQ=,TURcWIwEejBlm4nzYoaO2YMAFAc=
-22,-29,FmN4GRUQikupQQnl9ln8LtSbLiQ=,ZqMV22ZpTlZJCWHOZ4yXWWmczWI=
-22,-32,FmN4GRUQikupQQnl9ln8LtSbLiQ=,p+IKW/4xt/0+VVyv+7FfbR3I8JU=
-22,-31,FmN4GRUQikupQQnl9ln8LtSbLiQ=,TURcWIwEejBlm4nzYoaO2YMAFAc=
-22,-26,FmN4GRUQikupQQnl9ln8LtSbLiQ=,jcS+xFYR3SCHEl2ZN//CXxo2g+Y=
-22,-25,FmN4GRUQikupQQnl9ln8LtSbLiQ=,VoMsWwDiCFQ92TfMqfl9kIQSHxY=
-22,-28,FmN4GRUQikupQQnl9ln8LtSbLiQ=,rXu6CTcnJ9bHD2NGwnk/wHyVYqA=
-22,-27,FmN4GRUQikupQQnl9ln8LtSbLiQ=,cfE+R2P8fTaKTazsYXxyxA4vOZE=
-22,-6,FmN4GRUQikupQQnl9ln8LtSbLiQ=,pLv/40t5S4m4Y+LGmJJvb/17VWA=
-22,-5,FmN4GRUQikupQQnl9ln8LtSbLiQ=,YaVGUCsWSKIfzS8s10/GVp2sWog=
-22,-8,qQKuOtZ2x+e6hs14qviSO0aAooM=,mSxGhui6djnmZtT8XxNClFpwG8E=
-22,-7,qQKuOtZ2x+e6hs14qviSO0aAooM=,Gh0gv9WeUshF6Cr56tW/jTpBN2I=
-22,-2,qQKuOtZ2x+e6hs14qviSO0aAooM=,RMmhv9uq1hXulH9WooHjh0E07Io=
-22,-1,qQKuOtZ2x+e6hs14qviSO0aAooM=,mc1bMNJSxIzxbnh80ImNM7OXc2o=
-22,-4,qQKuOtZ2x+e6hs14qviSO0aAooM=,YaVGUCsWSKIfzS8s10/GVp2sWog=
-22,-3,qQKuOtZ2x+e6hs14qviSO0aAooM=,ES8d45oXhrv9jPLS7ZFY327xxqU=
-22,-14,qQKuOtZ2x+e6hs14qviSO0aAooM=,TKNuk2Pusa0mHPzGhHyl8vEpNSM=
-22,-13,BquAfEiGafl5UHk+Ue9xMGauF2o=,3BiqSj9HgcJgrJi9dbqY8nChXlE=
-22,-16,BquAfEiGafl5UHk+Ue9xMGauF2o=,cKalHPFpUbhbomPVJwv8O1Z/DJA=
-22,-15,BquAfEiGafl5UHk+Ue9xMGauF2o=,cKalHPFpUbhbomPVJwv8O1Z/DJA=
-22,-10,BquAfEiGafl5UHk+Ue9xMGauF2o=,w4mdDlLqmGaYdhGW7+HKiIZk4s4=
-22,-9,BquAfEiGafl5UHk+Ue9xMGauF2o=,BsTCghsPqnAf5RxrdzA3EsTRE8A=
-22,-12,BquAfEiGafl5UHk+Ue9xMGauF2o=,Xxi3u2frSATwUC77CiDT6RJQk+Y=
-22,-11,BquAfEiGafl5UHk+Ue9xMGauF2o=,rK5y/vIIZBOg1cHzNCaNzmmJ3a8=
