-22,10,J9VYaFn9b8PN+ZePkvB5C5MJwRU=,13hByuCkNR17JPiXk/hjJTTMeyc=
-22,11,J9VYaFn9b8PN+ZePkvB5C5MJwRU=,pa/VOzJ3qTFNadfCaTEGWTIEl4g=
-22,8,J9VYaFn9b8PN+ZePkvB5C5MJwRU=,EabkOwN9G3dlgAfRPjQ0rgR4s/M=
-22,9,J9VYaFn9b8PN+ZePkvB5C5MJwRU=,EabkOwN9G3dlgAfRPjQ0rgR4s/M=
-22,14,J9VYaFn9b8PN+ZePkvB5C5MJwRU=,eH98sjL44mUcczMNBsRUFFNng5k=
-22,15,J9VYaFn9b8PN+ZePkvB5C5MJwRU=,eH98sjL44mUcczMNBsRUFFNng5k=
-22,12,J9VYaFn9b8PN+ZePkvB5C5MJwRU=,pa/VOzJ3qTFNadfCaTEGWTIEl4g=
-22,13,J9VYaFn9b8PN+ZePkvB5C5MJwRU=,P9k6JiAWMBT6Et2UFifUHV9p3ec=
-22,2,J9VYaFn9b8PN+ZePkvB5C5MJwRU=,F8vQfrE/S8AJ/VHQ8YRTyBkf+HQ=
-22,3,QWYhiSALwSeNWar1cHsHMtDvhSg=,9AagqZI4UFWxrMvjLyFXpfo0q6w=
-22,0,QWYhiSALwSeNWar1cHsHMtDvhSg=,ox3mP4qQ5HZ1j8iSGB9cWuoGUYo=
-22,1,QWYhiSALwSeNWar1cHsHMtDvhSg=,V1cJU+7sVs3NUXroAoZqG2Zk1Xk=
-22,6,QWYhiSALwSeNWar1cHsHMtDvhSg=,XedD19ztULBvvJ/9R+pD3YYa/CE=
-22,7,QWYhiSALwSeNWar1cHsHMtDvhSg=,XedD19ztULBvvJ/9R+pD3YYa/CE=
-22,4,QWYhiSALwSeNWar1cHsHMtDvhSg=,t8YkO27n/z2MordrP4m4tq/Gy6Y=
-22,5,QWYhiSALwSeNWar1cHsHMtDvhSg=,XedD19ztULBvvJ/9R+pD3YYa/CE=
-22,26,QWYhiSALwSeNWar1cHsHMtDvhSg=,wdHfXkw5oK+d4tDg4JY21AFseUU=
-22,27,QWYhiSALwSeNWar1cHsHMtDvhSg=,wdHfXkw5oK+d4tDg4JY21AFseUU=
-22,24,QWYhiSALwSeNWar1cHsHMtDvhSg=,4qBT/K7wjRn2LAoqwUYfEjdb4zw=
-22,25,QWYhiSALwSeNWar1cHsHMtDvhSg=,ifUjPXyIOX1A0e13LWddxi+26W4=
-22,30,OAUADeGOo8ibiDkmXd80IvrtlMc=,wdHfXkw5oK+d4tDg4JY21AFseUU=
-22,31,OAUADeGOo8ibiDkmXd80IvrtlMc=,4kDJFeHLxChiEXuG/ZhzbZFkIm4=
-22,28,OAUADeGOo8ibiDkmXd80IvrtlMc=,wdHfXkw5oK+d4tDg4JY21AFseUU=
-22,29,OAUADeGOo8ibiDkmXd80IvrtlMc=,wdHfXkw5oK+d4tDg4JY21AFseUU=
-22,18,OAUADeGOo8ibiDkmXd80IvrtlMc=,NosNr+KGxrT6ScaTZJI57dEMZCE=
-22,19,OAUADeGOo8ibiDkmXd80IvrtlMc=,JR9fgTYScJ8YWl2go8cWljauAz8=
-22,16,OAUADeGOo8ibiDkmXd80IvrtlMc=,ovwOi6tBQ9aR1M+zgo49hoaJudc=
-22,17,OAUADeGOo8ibiDkmXd80IvrtlMc=,96JxogjspkTo3zWJC++bkHLUAbQ=
-22,22,OAUADeGOo8ibiDkmXd80IvrtlMc=,3M5b7AsMqsisFjKyKhct7ZrJUZY=
-22,23,OAUADeGOo8ibiDkmXd80IvrtlMc=,xzadT+Isu4EHwPn9rvarZZ30/og=
-22,20,akOnTDDDd4fTuY51DoeVSeeB2oA=,/0Ex3p+mHH3xZsRArREtYCgPFTw=
-22,21,akOnTDDDd4fTuY51DoeVSeeB2oA=,ssr3y58KaoD5Ap+DRH4SxoZKEfQ=
-21,11,akOnTDDDd4fTuY51DoeVSeeB2oA=,Zubkl/s+wP0Yp5r5k8GvlTRv9Ek=
-21,10,akOnTDDDd4fTuY51DoeVSeeB2oA=,xlCYzEv9588/T05IoNBFCC79Gt8=
-21,9,akOnTDDDd4fTuY51DoeVSeeB2oA=,ZynpJ9WgYSY+qF/qu0mKVotlW3Y=
-21,8,akOnTDDDd4fTuY51DoeVSeeB2oA=,IpR9yRzTiNIxsW8/W4QqzJc1fzo=
-21,15,akOnTDDDd4fTuY51DoeVSeeB2oA=,mlT7TKw1LmpQSn+upcLln6XDVh8=
-21,14,akOnTDDDd4fTuY51DoeVSeeB2oA=,mlT7TKw1LmpQSn+upcLln6XDVh8=
-21,13,K1nR47xoNxiPQjBLAQKqc0roDCw=,p8nbloIteznQn5vyegeRD5ZB5P4=
-21,12,K1nR47xoNxiPQjBLAQKqc0roDCw=,TE2l/xC3UzEQjnO0iLI+bkI3eGE=
-21,3,K1nR47xoNxiPQjBLAQKqc0roDCw=,Fo0AMysTPZui8vYS0q7vtaHwsNM=
-21,2,K1nR47xoNxiPQjBLAQKqc0roDCw=,F9RAdDM2CnY2JF/VgRflAzeRt1U=
-21,1,K1nR47xoNxiPQjBLAQKqc0roDCw=,2Hb74Xto9cyX7iQZn+DgHajEIpo=
-21,0,K1nR47xoNxiPQjBLAQKqc0roDCw=,aUqdDKB30rDhaCAKLbda/NgLMww=
-21,7,K1nR47xoNxiPQjBLAQKqc0roDCw=,mSnBUxssRqot49ZSlm3B8jsDYMQ=
-21,6,sWbIdPAAThYFrPtn9EvS+3D/lrU=,AsUEV7V38lnpb08oUv4g7dDAeiw=
-21,5,sWbIdPAAThYFrPtn9EvS+3D/lrU=,JxvRDB1jtKSJCbTmHpu8AiyV5fQ=
-21,4,sWbIdPAAThYFrPtn9EvS+3D/lrU=,JxvRDB1jtKSJCbTmHpu8AiyV5fQ=
-21,27,sWbIdPAAThYFrPtn9EvS+3D/lrU=,68n7IZJHLzIlB2kMhr+IMR405RI=
-21,26,sWbIdPAAThYFrPtn9EvS+3D/lrU=,Lp0T8YRt6q9frTAZdx9fUwksJAY=
-21,25,sWbIdPAAThYFrPtn9EvS+3D/lrU=,Zh9P92a2Wk6VOZ9VMbmEksjC5Ac=
-21,24,uYN5ftkvwyzHO4Koi05lg9dG8Hc=,JBJD4+c4VaW3PLvRU8+Upu5f7z8=
-21,31,uYN5ftkvwyzHO4Koi05lg9dG8Hc=,oYTH4hxQ8iQPUqoNvEpfEubQf30=
-21,30,uYN5ftkvwyzHO4Koi05lg9dG8Hc=,Mwu0AuujPpbgTFqOMXRrUWBJ1mM=
-21,29,uYN5ftkvwyzHO4Koi05lg9dG8Hc=,hlcSriRrgnW2wOa/xrS60kwJG6M=
-21,28,uYN5ftkvwyzHO4Koi05lg9dG8Hc=,dIgV/o66ysc1k+u1c3UEikwLhLQ=
-21,19,uYN5ftkvwyzHO4Koi05lg9dG8Hc=,rIx5UUbBQaKSTEZDV+wuOV2beNI=
-21,18,uYN5ftkvwyzHO4Koi05lg9dG8Hc=,2s0APOC40/79lS5cdLjerJQYiNs=
-21,17,uYN5ftkvwyzHO4Koi05lg9dG8Hc=,WnQwJClklpvZxImxAObnatx3krk=
-21,16,CXllDHhihR7lZ1jpjUyUe87MII8=,lqm1ZKUMpMyENBSOZupyVaH2qb4=
-21,23,CXllDHhihR7lZ1jpjUyUe87MII8=,sIaQvBnl4Tpgff3tyM7MjSgBGNU=
-21,22,CXllDHhihR7lZ1jpjUyUe87MII8=,Ci8pOlVPK2u6hwZkhPNz0ZW3TJM=
-21,21,CXllDHhihR7lZ1jpjUyUe87MII8=,f3rOP3JSm1W2zlqn22wLFOUlNA0=
-21,20,CXllDHhihR7lZ1jpjUyUe87MII8=,ZsPHyBKCzGMgjYSYs5i77DbbSi8=
-20,12,CXllDHhihR7lZ1jpjUyUe87MII8=,rlY1BqJCoveFJHBqW9tBA7kzMSo=
-20,13,CXllDHhihR7lZ1jpjUyUe87MII8=,5Mv+QGKTjIVBK8xidW4m8D65o3A=
-20,14,CXllDHhihR7lZ1jpjUyUe87MII8=,m+9+5ngU0423VX3Xu1/woi0ZUD8=
-20,15,dCz7S0mNvvY7sYEAtGlF7226oLM=,HdzVqthJvLvTfhtu9P8lCkp4FbY=
-20,8,dCz7S0mNvvY7sYEAtGlF7226oLM=,TbwGiE98raH7IDsUV7HD3k++OFk=
-20,9,dCz7S0mNvvY7sYEAtGlF7226oLM=,yJq/RX2ZAF6Y9iq5zkjK51BhVQE=
-20,10,dCz7S0mNvvY7sYEAtGlF7226oLM=,iTc5OTWv0/nOOIePeXYcAQobZCA=
-20,11,dCz7S0mNvvY7sYEAtGlF7226oLM=,goIpUGiVsiTrLfmgHebPWsVYmAI=
-20,4,dCz7S0mNvvY7sYEAtGlF7226oLM=,M9CVRyc5qyv/0h1LIkzhZnqB7a8=
-20,5,dCz7S0mNvvY7sYEAtGlF7226oLM=,77+fGK6joEOTyFZQ5hgHxUWYJSU=
-20,6,G9ZKfVDv+brG2oiAoO0qo3WXM/g=,mWn+35tcOWWSnkGl9VTaDyD8wHE=
-20,7,G9ZKfVDv+brG2oiAoO0qo3WXM/g=,ZwMR5obgHnaHf9XHAQjfrong7B8=
-20,0,G9ZKfVDv+brG2oiAoO0qo3WXM/g=,CYkA3lT7cJ0PVF9//FycnyZHq3U=
-20,1,G9ZKfVDv+brG2oiAoO0qo3WXM/g=,sz1EWxuFBw0Hs2ByOeYJxZ4S3DQ=
-20,2,G9ZKfVDv+brG2oiAoO0qo3WXM/g=,BGoGaVnJTYMeI+fKe6LKd/3SNDc=
-20,3,G9ZKfVDv+brG2oiAoO0qo3WXM/g=,COGEum2nUVYYlBRYbci/9fU9gjs=
-20,28,8EyjqEe7JlQn8Z06fNIO2eqbn3Y=,2SKKrJ+BXPB+LtAFBdIU4EhHj5U=
-20,29,8EyjqEe7JlQn8Z06fNIO2eqbn3Y=,bg8QOYINIRIPe29wRz/c8a9Hrqo=
-20,30,8EyjqEe7JlQn8Z06fNIO2eqbn3Y=,dHa5uWYuT+o2bEs9bBrCyLJnm3o=
-20,31,8EyjqEe7JlQn8Z06fNIO2eqbn3Y=,YAAUr28q2uCWBRmg3wiSQ2Q8d90=
-20,24,8EyjqEe7JlQn8Z06fNIO2eqbn3Y=,JBJD4+c4VaW3PLvRU8+Upu5f7z8=
-20,25,8EyjqEe7JlQn8Z06fNIO2eqbn3Y=,JBJD4+c4VaW3PLvRU8+Upu5f7z8=
-20,26,8EyjqEe7JlQn8Z06fNIO2eqbn3Y=,7VYbDgps61fu60nR8FnEz39fgC4=
-20,27,8EyjqEe7JlQn8Z06fNIO2eqbn3Y=,61qNVJPIArhYZl33PScQFQyABJ0=
-20,20,wBImS55GQYW5p/C2C+8vUzoAsHA=,DWrQ6pn53dgGlCjnsUocMKdidME=
-20,21,wBImS55GQYW5p/C2C+8vUzoAsHA=,uRDwIqVZCHg7vKbHpHmUhuoGcE4=
-20,22,wBImS55GQYW5p/C2C+8vUzoAsHA=,k/FD0pwOl+bTxAerFir3b9Dr6BQ=
-20,23,wBImS55GQYW5p/C2C+8vUzoAsHA=,pT1VS2hLOef6VbXQi7Ao+goQCUI=
-20,16,wBImS55GQYW5p/C2C+8vUzoAsHA=,Ok2Q+zSzAxX1VVSRxOGPBL0eVzY=
-20,17,wBImS55GQYW5p/C2C+8vUzoAsHA=,PTRzeK+xPNvZXKvTyVUHTZAR4NE=
-20,18,wBImS55GQYW5p/C2C+8vUzoAsHA=,PimSulH82oklEhxrxbWIyT3S2bs=
-20,19,wBImS55GQYW5p/C2C+8vUzoAsHA=,offbQ4KjNws6uImzAHtDoQwKtUo=
-19,13,Y2rqfNqNZ0XIqruemACxwoL6OMA=,9W92nNjttGwrWR+Z0THwwBRxRqI=
-19,12,Y2rqfNqNZ0XIqruemACxwoL6OMA=,XO6SKKPK7ScdVFILp2mJyXLKxQE=
-19,15,Y2rqfNqNZ0XIqruemACxwoL6OMA=,5hcKEN6DuZ63nzsAt/bUAmMY+ZY=
-19,14,Y2rqfNqNZ0XIqruemACxwoL6OMA=,JuwuQ9agQzvdurWb7/l52ypEoKc=
-19,9,Y2rqfNqNZ0XIqruemACxwoL6OMA=,e0ErqT/WU33ih/Rg1W3KuJ0Kro8=
-19,8,Y2rqfNqNZ0XIqruemACxwoL6OMA=,/sfWLI44mwD39ZtCTn9jQUqXW+c=
-19,11,Y2rqfNqNZ0XIqruemACxwoL6OMA=,9e1xjfQMjyHzuLcdwxaYqo1kbIw=
-19,10,Y2rqfNqNZ0XIqruemACxwoL6OMA=,f1hZqrgeWDM/nXLVWJk1gxBqtj0=
-19,5,cqm+6z4asM+0jkreZ++br8kJHfw=,xCsH+rq2lBYYeGzciwR2ldMgma0=
-19,4,cqm+6z4asM+0jkreZ++br8kJHfw=,2sRGBOA9bnyj7Ui6KpUfhvMav30=
-19,7,cqm+6z4asM+0jkreZ++br8kJHfw=,/oA+BZV8CB5fw5pnjqUaF6TJslI=
-19,6,cqm+6z4asM+0jkreZ++br8kJHfw=,JhPS1gthSxkP7KG9WBqIzes0vps=
-19,1,cqm+6z4asM+0jkreZ++br8kJHfw=,y35utQuB0oAeQj0RHOSWoPubE70=
-19,0,cqm+6z4asM+0jkreZ++br8kJHfw=,BevACuY10cnGp3A+StT+IzMz/4g=
-19,3,hBKi4X8azGSTWXjlvSCCEJ0tgH0=,eMmjuAIsT+rJLHc8azWkzBRLOPo=
-19,2,hBKi4X8azGSTWXjlvSCCEJ0tgH0=,u3xhjBRDiUZOdCwVhlasgo3Ssoc=
-19,29,hBKi4X8azGSTWXjlvSCCEJ0tgH0=,2CQZoV2NcYrE5wlRuPiXanV4G9s=
-19,28,hBKi4X8azGSTWXjlvSCCEJ0tgH0=,PxjoX0CaI7Pbs5nWrpO60Ud3HzM=
-19,31,hBKi4X8azGSTWXjlvSCCEJ0tgH0=,0qCREzcXI7eSrM49pnzDQ/rn8mI=
-19,30,hBKi4X8azGSTWXjlvSCCEJ0tgH0=,YRbiMPI4kj+ylxsECioaCYJQZDE=
-19,25,hBKi4X8azGSTWXjlvSCCEJ0tgH0=,FGh2Ce8g0npDVFVXYwfDsivuNfw=
-19,24,hBKi4X8azGSTWXjlvSCCEJ0tgH0=,9h1YRTwzyMwJdPjT34J1fe0S0qo=
-19,27,lgXqm3HqWIv23NOw4lVoyarkeLc=,7GLhuZ54Z/SPtsjY1KfnbtCfp3E=
-19,26,lgXqm3HqWIv23NOw4lVoyarkeLc=,Fe2YXWb8VRZfd8u1uM9t4PwFjBg=
-19,21,lgXqm3HqWIv23NOw4lVoyarkeLc=,f86A6csDVrC/EYlSSq0PkuQiJhs=
-19,20,lgXqm3HqWIv23NOw4lVoyarkeLc=,g3NRyjw2Zq3BnnnIoJQndDlHgaw=
-19,23,lgXqm3HqWIv23NOw4lVoyarkeLc=,HMe2d8UHRxj0njVC7krfdhXEfq0=
-19,22,lgXqm3HqWIv23NOw4lVoyarkeLc=,Oh9cH0ynvz4Y2QvKCSdaWgSHM40=
-19,17,lgXqm3HqWIv23NOw4lVoyarkeLc=,GYbEx8XqoKu6dVTSBQwZ7KeX6Rc=
-19,16,lgXqm3HqWIv23NOw4lVoyarkeLc=,FiFeOuZGAlEDH6+PSEFOs4wz1WQ=
-19,19,j9C4xAMRAfiZNDzPVFFkL3PBLHc=,DmVhVMiIUkuUJN+BZ+XB/UvXD0M=
-19,18,j9C4xAMRAfiZNDzPVFFkL3PBLHc=,dbQheIFPIkK9qAT5o+kGl3P5IEY=
-18,14,j9C4xAMRAfiZNDzPVFFkL3PBLHc=,QhP+4IsKp73PpK5Ki+EC3c0QUsE=
-18,15,j9C4xAMRAfiZNDzPVFFkL3PBLHc=,5hcKEN6DuZ63nzsAt/bUAmMY+ZY=
-18,12,j9C4xAMRAfiZNDzPVFFkL3PBLHc=,bPfnW9arpZpuO8xx6RUyRb5lhNM=
-18,13,j9C4xAMRAfiZNDzPVFFkL3PBLHc=,g8zAiCevXJAN2/rzdmcBBCLaS8U=
-18,10,j9C4xAMRAfiZNDzPVFFkL3PBLHc=,3mMRI5JY4yyaAHwZMgCg8Fo1AI4=
-18,11,j9C4xAMRAfiZNDzPVFFkL3PBLHc=,s9SeBzcQvPRPww/zC57uvNbYswE=
-18,8,LVF2WUUeaQzK4BbZX2PoLKE4ly8=,EZjPNNCZf5BfA6uf/sRBT1SDXjI=
-18,9,LVF2WUUeaQzK4BbZX2PoLKE4ly8=,dNTS1Xsk/7Q0y/s2fHI3CVspnmA=
-18,6,LVF2WUUeaQzK4BbZX2PoLKE4ly8=,uAF9PLQXPnmMYMKGkSmjYgDNmnA=
-18,7,LVF2WUUeaQzK4BbZX2PoLKE4ly8=,8o9VeWYqkO2xjvjAsQzANe8qyHs=
-18,4,LVF2WUUeaQzK4BbZX2PoLKE4ly8=,IqN8PWBzvdfH7r7kmtczlowT2yA=
-18,5,LVF2WUUeaQzK4BbZX2PoLKE4ly8=,sdHtUeUZBSSFXlxHlJ1OA21CCI4=
-18,2,LVF2WUUeaQzK4BbZX2PoLKE4ly8=,jwfbOAxYANo8q4egAD0Z7sIIZbU=
-18,3,yzcFiNl8brj1g2OK/CpNmtMHe+w=,NyrJSv3SWzwdEa3PS/PcYNm/h08=
-18,0,yzcFiNl8brj1g2OK/CpNmtMHe+w=,BevACuY10cnGp3A+StT+IzMz/4g=
-18,1,yzcFiNl8brj1g2OK/CpNmtMHe+w=,QLEdGabjnBOjYJbW8xffRYTMHq0=
-18,30,yzcFiNl8brj1g2OK/CpNmtMHe+w=,Vw3viY5OeDLTbcikJp0cUyS68AY=
-18,31,yzcFiNl8brj1g2OK/CpNmtMHe+w=,4qVzitWwu1Meq8cdKMBpeCXtx+U=
-18,28,yzcFiNl8brj1g2OK/CpNmtMHe+w=,+XrtbfTsefp5hd1efdWrjh4mloc=
-18,29,yzcFiNl8brj1g2OK/CpNmtMHe+w=,7YR8AvhhUwgywoo4+4mQk3jaZTA=
-18,26,qZwwSef9PQ0D96MiSvlXiiQqTw8=,Y6kr7urkwjueiEVoPKQ+/JdTTZo=
-18,27,qZwwSef9PQ0D96MiSvlXiiQqTw8=,w8m+lBQaRG0XAolO+579yMC+ICI=
-18,24,qZwwSef9PQ0D96MiSvlXiiQqTw8=,HCDaMFJEXrW842X+6nvXELRyHf0=
-18,25,qZwwSef9PQ0D96MiSvlXiiQqTw8=,K1XYGX7A6vCwauQrFHWoO96FD4E=
-18,22,qZwwSef9PQ0D96MiSvlXiiQqTw8=,Rj8MkJPZoe9zsSioiVhX6sMBsr4=
-18,23,qZwwSef9PQ0D96MiSvlXiiQqTw8=,G8spkMm/AOdL7hYDbRFdCa5LURo=
-18,20,qZwwSef9PQ0D96MiSvlXiiQqTw8=,M0YxNJNXvtpZwz2gg9CIYhfh4SI=
-18,21,qZwwSef9PQ0D96MiSvlXiiQqTw8=,yAX6fzG88FvPgVIGJ6PTByY8++k=
-18,18,nFTH3LwbqQoQUYUEIFgQ7XlS2FU=,U75IVTJFxMgHZWwohhyrZp5abic=
-18,19,nFTH3LwbqQoQUYUEIFgQ7XlS2FU=,Uf4s62Knwhwczm87F0hurVZnY/o=
-18,16,nFTH3LwbqQoQUYUEIFgQ7XlS2FU=,G28ZW9+sh+K8IKflAOhUSjctZsE=
-18,17,nFTH3LwbqQoQUYUEIFgQ7XlS2FU=,7Maab9ufDjDbuWGYCsmQHFmmw/s=
-17,15,nFTH3LwbqQoQUYUEIFgQ7XlS2FU=,QRwOjt5k/Oo6Mv+ZFENBdS8Cdls=
-17,14,nFTH3LwbqQoQUYUEIFgQ7XlS2FU=,XJl477E6wZXUHZG4fdEno7woo80=
-17,13,nFTH3LwbqQoQUYUEIFgQ7XlS2FU=,ND7dTr28gP2/yhvnvkqveonZ1Kk=
-17,12,nFTH3LwbqQoQUYUEIFgQ7XlS2FU=,5ma2J63jJrH13xIyNhwEnUvO1f8=
-17,11,fLYZG05XvW6tbgfqjvootZUS+HY=,iZaVP3l4W3h0Y51i/OxG6cllyMs=
-17,10,fLYZG05XvW6tbgfqjvootZUS+HY=,JT3yY+8SAQBJMEBUNZX6fvFryIo=
-17,9,fLYZG05XvW6tbgfqjvootZUS+HY=,sAnFagHAIfAUlP6VU7TL6O/ZiCA=
-17,8,fLYZG05XvW6tbgfqjvootZUS+HY=,SNbO+5iO0YwSuo1vUYdft7boQxU=
-17,7,fLYZG05XvW6tbgfqjvootZUS+HY=,Z49hi3drtvmmzXvgxLWWy2FFKjg=
-17,6,fLYZG05XvW6tbgfqjvootZUS+HY=,HXIiLnNywj/qsbGIzkY/La3mA14=
-17,5,fLYZG05XvW6tbgfqjvootZUS+HY=,YNxM9UvOgZnR6LLCyy1dGsE3aTU=
-17,4,fLYZG05XvW6tbgfqjvootZUS+HY=,JHzbp4/56DaPmafm8HSCsULaikg=
-17,3,3X7Hn5li7vgmqfJ24jN+KbNGxKU=,VP2jr36HnPLejxjscWRRs+EygSI=
-17,2,3X7Hn5li7vgmqfJ24jN+KbNGxKU=,2gP7/vLdVhW9ZsFbwt6VgH1Vb+Y=
-17,1,3X7Hn5li7vgmqfJ24jN+KbNGxKU=,Dn97nWo/O39p1UXSM60SPERf3J4=
-17,0,3X7Hn5li7vgmqfJ24jN+KbNGxKU=,Gfq8ob67ChZ9WS5MMDMhiO/hScY=
-17,31,3X7Hn5li7vgmqfJ24jN+KbNGxKU=,IlzRfmFP8y0qMtxaDQUchNC/r+g=
-17,30,3X7Hn5li7vgmqfJ24jN+KbNGxKU=,AyvCjiHi7ypMWRBgA1B76wVDFt8=
-17,29,3X7Hn5li7vgmqfJ24jN+KbNGxKU=,3AXnU22SHt0jPs2To69K3j7liFM=
-17,28,6O4Tg5EVgoIO0a2X1Ddox6Zip+U=,UqvkY/Lkik3IL8r0+s5acQjw+AQ=
-17,27,6O4Tg5EVgoIO0a2X1Ddox6Zip+U=,sadjm7//wuVanZz80X3H7L2TeFE=
-17,26,6O4Tg5EVgoIO0a2X1Ddox6Zip+U=,CTFQYS6OvKFfkYf+iXsoI+NxElY=
-17,25,6O4Tg5EVgoIO0a2X1Ddox6Zip+U=,SqRAo13R1siH2MXMIOR6wOb05Ec=
-17,24,6O4Tg5EVgoIO0a2X1Ddox6Zip+U=,NHb+rxzz329Xe9YZgrkocuGoBI4=
-17,23,6O4Tg5EVgoIO0a2X1Ddox6Zip+U=,0jC/Mvv4Bw968x6ZtJnZeBZ4MJs=
-17,22,6O4Tg5EVgoIO0a2X1Ddox6Zip+U=,6kvN4sAm18hWqStgBLDD4XioNQI=
-17,21,bDGrhVTWzDAgS1KKe9/aaEVyUbY=,nl8GLnRoI/Kg9fZXWJqCIQu8nDc=
-17,20,bDGrhVTWzDAgS1KKe9/aaEVyUbY=,0jC/Mvv4Bw968x6ZtJnZeBZ4MJs=
-17,19,bDGrhVTWzDAgS1KKe9/aaEVyUbY=,zOOOD56yU0TPiNz3KgERgiNTcWc=
-17,18,bDGrhVTWzDAgS1KKe9/aaEVyUbY=,jIwCF8kp6I+exV8jGR1BZuT1/lM=
-17,17,bDGrhVTWzDAgS1KKe9/aaEVyUbY=,HHUUnpnE2aebr5wPolZP6ba8NCk=
-17,16,bDGrhVTWzDAgS1KKe9/aaEVyUbY=,0QiDg0+bIG6krafyL+FL1pqTxbc=
-16,16,bDGrhVTWzDAgS1KKe9/aaEVyUbY=,A6mQJDs4a5JVTd11pEl99qbwSqE=
-16,17,bDGrhVTWzDAgS1KKe9/aaEVyUbY=,ee+0ywWHSlx+2jRsHUI5D1+QErs=
-16,18,bDGrhVTWzDAgS1KKe9/aaEVyUbY=,roddY2W4nAdJzDb42DFILzkaGU0=
-16,19,mXDEHfqyKACK5gAuNXRotPxaV6k=,K+nE05TIaRqUwAwjUeNM0Dr8k1o=
-16,20,mXDEHfqyKACK5gAuNXRotPxaV6k=,mkaAeuGQFsp+utT4H2xlNZALNIs=
-16,21,mXDEHfqyKACK5gAuNXRotPxaV6k=,ugr385ucm2H+wPEY5iV8dHnpSRQ=
-16,22,mXDEHfqyKACK5gAuNXRotPxaV6k=,vYk89/BnDJnuBRB5bRwtS43D+3U=
-16,23,mXDEHfqyKACK5gAuNXRotPxaV6k=,pHmcCjIyr77gWQOfH43jZ3JDE/E=
-16,24,mXDEHfqyKACK5gAuNXRotPxaV6k=,j7u0djhhN6mSMig5Nreh7PlH9KA=
-16,25,mXDEHfqyKACK5gAuNXRotPxaV6k=,/aVkJaJrWncy553eDTMy1vtP1VI=
-16,26,mXDEHfqyKACK5gAuNXRotPxaV6k=,w3u2l8UMZezshSNUV3WX9/81PeY=
-16,27,Y5WT4V0dmHeuRbDcsqJRagqaeUY=,gtOpADCOOguM/PNOqJTUT8b5k6s=
-16,28,Y5WT4V0dmHeuRbDcsqJRagqaeUY=,zbGCAn0gqdD7Ue9lqWopWv6dyFw=
-16,29,Y5WT4V0dmHeuRbDcsqJRagqaeUY=,qeFqNnWmwsEzhqibsD145AfSWmk=
-16,30,Y5WT4V0dmHeuRbDcsqJRagqaeUY=,bgGW6O+rYKuqnVwDxkwiFCh0vio=
-16,31,Y5WT4V0dmHeuRbDcsqJRagqaeUY=,LTxvLmxo5zN5K9VkeRefosg5Kk8=
-16,0,Y5WT4V0dmHeuRbDcsqJRagqaeUY=,1smEbDdqeV1CZmhV2VFVUdfp4JI=
-16,1,cjktd2wl0PM4C/d2aqq76nOwkPE=,LsFKFX+17oijnNUU1u1jGxvI6s0=
-16,2,cjktd2wl0PM4C/d2aqq76nOwkPE=,g4tXsOjvCljc9ry+s9MevoSOibg=
-16,3,cjktd2wl0PM4C/d2aqq76nOwkPE=,Lv3kXCsNgRqN+2SgEfHYLWAygmw=
-16,4,cjktd2wl0PM4C/d2aqq76nOwkPE=,uMFyc3iVjFiSNnfT0aMUGBPWwLI=
-16,5,cjktd2wl0PM4C/d2aqq76nOwkPE=,58k3BucPx3HNZkSwK+vhif7Ey20=
-16,6,cjktd2wl0PM4C/d2aqq76nOwkPE=,uCdhk++hXAEyfVA8tcznt3ED5lk=
-16,7,cjktd2wl0PM4C/d2aqq76nOwkPE=,Ty84YhpCFPXB5E5fmeH5KFg4CsE=
-16,8,cjktd2wl0PM4C/d2aqq76nOwkPE=,sCAm0tUA4//lMw8NxAwytQlyzDs=
-16,9,UNvSem0xJo2yTSTS5zHwJS5gKyE=,kR0BtDzmA0+LmMzcupAL6mRWF8Y=
-16,10,UNvSem0xJo2yTSTS5zHwJS5gKyE=,m2e/KRGQywn3aZJ6nSqT7r0p5GU=
-16,11,UNvSem0xJo2yTSTS5zHwJS5gKyE=,WESGJ5KeSxB5A+Zpg56PB8Hktv0=
-16,12,UNvSem0xJo2yTSTS5zHwJS5gKyE=,T192pF3M7KfYBwl+/7/BPToG1/M=
-16,13,UNvSem0xJo2yTSTS5zHwJS5gKyE=,2ueZOVtPTJn1moFIgywiu8oaaOw=
-16,14,UNvSem0xJo2yTSTS5zHwJS5gKyE=,GxDQICoUGwXh4YxOH3Ta3Pl7Ezo=
-16,15,UNvSem0xJo2yTSTS5zHwJS5gKyE=,zWEqMWhAC62QWRrVKJ8H6x//FRM=
-15,17,UNvSem0xJo2yTSTS5zHwJS5gKyE=,QqCOGajtF78QtmkuAlpr+DahQEs=
-15,16,+luOGipybGJp1V7ujdGVLANqG8Q=,89nRE5XbUjmLbCfGd9Xs4CVVfU4=
-15,19,+luOGipybGJp1V7ujdGVLANqG8Q=,pLrwttUlBi05FLRE+2LYBj4K4ZU=
-15,18,+luOGipybGJp1V7ujdGVLANqG8Q=,NKs8lgOZpzR/SYUzl/Up7j6J5LY=
-15,21,+luOGipybGJp1V7ujdGVLANqG8Q=,ZXX4jFgP1syaCIz+3rsdu4a6MY8=
-15,20,+luOGipybGJp1V7ujdGVLANqG8Q=,qiK86xzhIixzn2BimXEdW/TXG88=
-15,23,+luOGipybGJp1V7ujdGVLANqG8Q=,vYk89/BnDJnuBRB5bRwtS43D+3U=
-15,22,+luOGipybGJp1V7ujdGVLANqG8Q=,IZpXTf3ZIfpYYKnugiOFJmzLfYU=
-15,25,+luOGipybGJp1V7ujdGVLANqG8Q=,dBJ3blrlC63FBvwLZgyM6fS4/Oo=
-15,24,+luOGipybGJp1V7ujdGVLANqG8Q=,RMph+2VFoCdvIndgtJLyJRiHGTY=
-15,27,wmFnhwxqD9tQZaFI9ZdGeILPNIk=,EDqj6R79oBhg1O0hZrNdhsf10To=
-15,26,wmFnhwxqD9tQZaFI9ZdGeILPNIk=,yb7SwmEH73CQi6u5d5F5BEEaGnQ=
-15,29,wmFnhwxqD9tQZaFI9ZdGeILPNIk=,hhmvybMJWKrANuk2wG4CmMv5jc8=
-15,28,wmFnhwxqD9tQZaFI9ZdGeILPNIk=,wiDPgLNG63MUM9zp5TsgxPoO/T8=
-15,31,wmFnhwxqD9tQZaFI9ZdGeILPNIk=,bzn1DsxoitvFUTkhcCZ2rt3vhpA=
-15,30,wmFnhwxqD9tQZaFI9ZdGeILPNIk=,bzn1DsxoitvFUTkhcCZ2rt3vhpA=
-15,1,wmFnhwxqD9tQZaFI9ZdGeILPNIk=,FfpdikE9LyOyvb42V5jSjUbWcEo=
-15,0,HtoBRsdKBtaMCOYShIF1T2J/SQg=,zjfJpcIHfex/vV0CFqupq67lYHE=
-15,3,HtoBRsdKBtaMCOYShIF1T2J/SQg=,oFWL+s7P8kDuPrmSam9qNMp+cw4=
-15,2,HtoBRsdKBtaMCOYShIF1T2J/SQg=,4zdaTBpuegaVD3F6tPIjRBvaoVE=
-15,5,HtoBRsdKBtaMCOYShIF1T2J/SQg=,/jix7EbQzS7QO84O8eW1NVsjSzw=
-15,4,HtoBRsdKBtaMCOYShIF1T2J/SQg=,wlgdhjploNU5YUMWVmD3BP4EVj8=
-15,7,HtoBRsdKBtaMCOYShIF1T2J/SQg=,S4AY1SCzA2wt4n6RQjY/KRO6I8I=
-15,6,HtoBRsdKBtaMCOYShIF1T2J/SQg=,ae937Qq9CFg6aJMxFxGVuVyups0=
-15,9,OpyqQjuc7WZ7pk1NPc2x9yzE9zg=,Oaahvt9HUkSU7UofMxP4szx1HiE=
-15,8,OpyqQjuc7WZ7pk1NPc2x9yzE9zg=,k/r+l4KosxSukTWTz7t8X7UuEmI=
-15,11,OpyqQjuc7WZ7pk1NPc2x9yzE9zg=,i+Ce5TP8B+ACDun1jc3W4JHa0PE=
-15,10,OpyqQjuc7WZ7pk1NPc2x9yzE9zg=,0HeoeHZzvcTB68cGI+WEb9Tctz0=
-15,13,OpyqQjuc7WZ7pk1NPc2x9yzE9zg=,1DXk2UpEqN9rqoJQ/IDyQvDDN64=
-15,12,OpyqQjuc7WZ7pk1NPc2x9yzE9zg=,8BNnPYlL66X7RiAYjacCEK4fh7g=
-15,15,OpyqQjuc7WZ7pk1NPc2x9yzE9zg=,IaRPJvBZEL+Ps6NzJPlERxguw6M=
-15,14,um2huApvx0TfNOD5rMKsEOje/rU=,hlSpjHs/MMzZJfXjfSpYsOrTvtQ=
-14,18,um2huApvx0TfNOD5rMKsEOje/rU=,L/BxKT5dfhUaXfBPi/yzrvUgDek=
-14,19,um2huApvx0TfNOD5rMKsEOje/rU=,av9o0igpbN/+p1w7otZsUcqV/cI=
-14,16,um2huApvx0TfNOD5rMKsEOje/rU=,xrM3blD6627ctm6VJbw8w6S0uwE=
-14,17,um2huApvx0TfNOD5rMKsEOje/rU=,l/XvAXVHbDzr630pCj3SHoWEF58=
-14,22,um2huApvx0TfNOD5rMKsEOje/rU=,LvqWdDo664Mto6u21l6QRnjt2qU=
-14,23,um2huApvx0TfNOD5rMKsEOje/rU=,IdtYkr7ztsB0hGxh3u99RpWXr8M=
-14,20,um2huApvx0TfNOD5rMKsEOje/rU=,qhX00LmoWKj6UnOouxBUAHUvKdg=
-14,21,um2huApvx0TfNOD5rMKsEOje/rU=,rkcdOQOk1rDJs+6rVF4+0DEQv2g=
-14,26,KF0KWkENFfVX5+hE8qcOK8OQkZw=,8ZWtG/FyVuUEyRwU+nQpQqQiAQY=
-14,27,KF0KWkENFfVX5+hE8qcOK8OQkZw=,oNuKqWSEMwRXgxMrKIy0lzm+5Co=
-14,24,KF0KWkENFfVX5+hE8qcOK8OQkZw=,Pva1FUQw/YguJySbd2fH9JciLW0=
-14,25,KF0KWkENFfVX5+hE8qcOK8OQkZw=,nVmSnJt2BhwO8tHQCyxpbJyVwwA=
-14,30,KF0KWkENFfVX5+hE8qcOK8OQkZw=,vwm0+sR9pCfCykTqqfEr83CtR+w=
-14,31,KF0KWkENFfVX5+hE8qcOK8OQkZw=,rk0VvcYAuzmDWySn+yc6xzG4PW0=
-14,28,KF0KWkENFfVX5+hE8qcOK8OQkZw=,S/fLTf5Wq/VxKHeL28RXRKz7RLQ=
-14,29,KF0KWkENFfVX5+hE8qcOK8OQkZw=,sq87bhVFGGEvt3on/boPTSbWEAE=
-14,2,H1bRXapW7XjaOX1aHLmyWcc6aK4=,6S5yET8XfBcoeWEG5nI9bM+fOsI=
-14,3,H1bRXapW7XjaOX1aHLmyWcc6aK4=,yZO1w8kDJ0VS05zRl0PaqkGDXxc=
-14,0,H1bRXapW7XjaOX1aHLmyWcc6aK4=,RiQmVuV52EkNlSE9oh5HwQoqIzY=
-14,1,H1bRXapW7XjaOX1aHLmyWcc6aK4=,+EwGbg1xbZATMOBuyjDHjGJvMys=
-14,6,H1bRXapW7XjaOX1aHLmyWcc6aK4=,TxchscddCW/osLO3bOU0HnDxnQU=
-14,7,I2RcjgTQ9lD6xZQJdon/1SxVNX0=,563yf2sCdrIEnman5+ISI5J8bvk=
-14,4,I2RcjgTQ9lD6xZQJdon/1SxVNX0=,Y9AjAJS1D12qDCRh/9YOPbOhagE=
-14,5,I2RcjgTQ9lD6xZQJdon/1SxVNX0=,6NrfULaYSDZ2/PDbvp98MzMbe1w=
-14,10,I2RcjgTQ9lD6xZQJdon/1SxVNX0=,n+8nAxChuf9eBNmPM+cZQKpekHE=
-14,11,I2RcjgTQ9lD6xZQJdon/1SxVNX0=,bYTQNAevafWG+avBV1GOFg8WbNo=
-14,8,I2RcjgTQ9lD6xZQJdon/1SxVNX0=,i29isC39TQv3yA5RdEWOYpbETTs=
-14,9,I2RcjgTQ9lD6xZQJdon/1SxVNX0=,4MhwSmOdYgglnvpPUil+S7pNeSs=
-14,14,I2RcjgTQ9lD6xZQJdon/1SxVNX0=,bss3365Gc/iCZ6HaavohlB9YNf4=
-14,15,I2RcjgTQ9lD6xZQJdon/1SxVNX0=,sm84VGxAx3xLY0jCKn+U9dOoAX0=
-14,12,qQDwzbuTVY2VapSaceLPREhIi1k=,rWJM349fgmtQ0OGixkofwgHD/dk=
-14,13,qQDwzbuTVY2VapSaceLPREhIi1k=,bNNEiEcpBvg/LImkVofafy1RqSo=
-13,19,qQDwzbuTVY2VapSaceLPREhIi1k=,XyEewPSNa98Zk4IoaicT6D8AWKc=
-13,18,qQDwzbuTVY2VapSaceLPREhIi1k=,VXL9YkG+gxD6HNVTk52TNnyPTk0=
-13,17,qQDwzbuTVY2VapSaceLPREhIi1k=,ddzlN7kIhFyHek1j618FRtvmUio=
-13,16,qQDwzbuTVY2VapSaceLPREhIi1k=,QsshGkf6pKVM5wn+gU9wopmWCIY=
-13,23,qQDwzbuTVY2VapSaceLPREhIi1k=,uCnVVg1aFFYWwQb1Dcr/VMYxIXQ=
-13,22,qQDwzbuTVY2VapSaceLPREhIi1k=,YIF+KbWd+QR+esFUQPrRc2S12ZI=
-13,21,mwixcWjewILogU92beVO0R4Z2h8=,TiH3Y+L/Jx5gOUTR+F6WGoxPPsA=
-13,20,mwixcWjewILogU92beVO0R4Z2h8=,mm6GxdbFjlykr3w0aNemGVFt0ig=
-13,27,mwixcWjewILogU92beVO0R4Z2h8=,86MrBew9D7I0evxh1ctL2dWEFcA=
-13,26,mwixcWjewILogU92beVO0R4Z2h8=,a8JE/ric8n7iurRgaw5tHt/0nd0=
-13,25,mwixcWjewILogU92beVO0R4Z2h8=,lAu6/3PsWI5a2T41TGlqPjYAJrs=
-13,24,mwixcWjewILogU92beVO0R4Z2h8=,Gcvz0yuBSJOm5/MtUsgdtOo2UAE=
-13,31,mwixcWjewILogU92beVO0R4Z2h8=,SWYGlNXHsmWS3ubwiSlE/tbkOUg=
-13,30,mwixcWjewILogU92beVO0R4Z2h8=,PQ+3LY2JrL+Z3Cr/f0vgrX4g5LM=
-13,29,mwixcWjewILogU92beVO0R4Z2h8=,9soDpIRR4NKnKVP+KvV4nH718as=
-13,28,MQrUohuOr0biTG+7CAC//Jh9s7s=,CCNIiZFIH5NY1fdCD/ZQsRu1vhs=
-13,3,MQrUohuOr0biTG+7CAC//Jh9s7s=,5DpiAERCe+biD0ROFEDn5XsMHIg=
-13,2,MQrUohuOr0biTG+7CAC//Jh9s7s=,arL4140uyVdDjLD/trmuy3Z2e1c=
-13,1,MQrUohuOr0biTG+7CAC//Jh9s7s=,e1CwdGSOiR/PQcHNZhQ3WDzg/L4=
-13,0,MQrUohuOr0biTG+7CAC//Jh9s7s=,S1pAs/5m0A+TXzzvXguebK9Zhjc=
-13,7,MQrUohuOr0biTG+7CAC//Jh9s7s=,W+ra6c1B13xJyGNGBlax8oe6juY=
-13,6,MQrUohuOr0biTG+7CAC//Jh9s7s=,erLb1CN+VlWiz6elVbTinW2Fyo8=
-13,5,oHTxvA5STmwUn94OmwksWuOuzkk=,9NjJvvPpcOZC/9G4ro0FWdYfD50=
-13,4,oHTxvA5STmwUn94OmwksWuOuzkk=,5DpiAERCe+biD0ROFEDn5XsMHIg=
-13,11,oHTxvA5STmwUn94OmwksWuOuzkk=,etfy2GwL0/QSBcSc+Vqzm3ISXs8=
-13,10,oHTxvA5STmwUn94OmwksWuOuzkk=,My/Dhqjo8jx/3piN3nxpIj0RHRk=
-13,9,oHTxvA5STmwUn94OmwksWuOuzkk=,3k8UtubCW3sHP/epMdgnlNgCbl8=
-13,8,oHTxvA5STmwUn94OmwksWuOuzkk=,XRvVfgOcj/GuWYV2RHw5ju2iR8c=
-13,15,vQUCcv72BS1YCkyr7v3x1snUFGI=,TV6F1OP3OHDuHdnB91Z8ixFd0nk=
-13,14,vQUCcv72BS1YCkyr7v3x1snUFGI=,ey66qHVSnfBp1+YKysAHj8IJJsU=
-13,13,vQUCcv72BS1YCkyr7v3x1snUFGI=,QSKpXx4GSUk06sbnZUqfe0Vy6qg=
-13,12,vQUCcv72BS1YCkyr7v3x1snUFGI=,ospQs51FxkKzgdbHCRi7tTSxKv8=
-12,20,vQUCcv72BS1YCkyr7v3x1snUFGI=,GqIGYNmN8W7NfTLhdMWGf103jgY=
-12,21,vQUCcv72BS1YCkyr7v3x1snUFGI=,sOngR6PO+k32iC3E1yW/t21LnYo=
-12,22,vQUCcv72BS1YCkyr7v3x1snUFGI=,5zhIbWHomTv7qFX6CBVw/9vRmcw=
-12,23,vQUCcv72BS1YCkyr7v3x1snUFGI=,BuZK9QjH0ULS3iKF33nY8tPO2AM=
-12,16,vQUCcv72BS1YCkyr7v3x1snUFGI=,cZ2hlFWkH41usSvUfDPz+ZAFKsY=
-12,17,ReV7odHMql0qnfg+zzxfIcMGkW0=,QoImFqDiGZ5Ku9tJeQSESg27HC4=
-12,18,ReV7odHMql0qnfg+zzxfIcMGkW0=,hfMMuqHKFSal8yKHRCbWcX8XnGo=
-12,19,ReV7odHMql0qnfg+zzxfIcMGkW0=,3WSIhikcUoSBoCi/OMqWk6pjNUc=
-12,28,ReV7odHMql0qnfg+zzxfIcMGkW0=,+HzXwxxYa2w1CEjJGGp6Kb2UwQc=
-12,29,ReV7odHMql0qnfg+zzxfIcMGkW0=,ifaZRJ0jzdNwnw///Y634WYN1lU=
-12,30,ReV7odHMql0qnfg+zzxfIcMGkW0=,f1c3lNN1cB9TC6Qjb6RFV1AtBMw=
-12,31,vql/BOSJFFEW9PSUUQEKM5SdIFg=,FLS+d4cYaW2hoWXpGQ+EGBZj2Kw=
-12,24,vql/BOSJFFEW9PSUUQEKM5SdIFg=,j7u0djhhN6mSMig5Nreh7PlH9KA=
-12,25,vql/BOSJFFEW9PSUUQEKM5SdIFg=,Ur4cqygdmVj0LwAEK/SqQqD8WRc=
-12,26,vql/BOSJFFEW9PSUUQEKM5SdIFg=,A8qcfoipoQ4GFKUt0JMAHmTjPwk=
-12,27,40HLdiYMOmOttmfyn5VDEexHIO4=,U+/IccLifBhwguydoJeGL2z/G9Q=
-12,4,40HLdiYMOmOttmfyn5VDEexHIO4=,+VheWITYx/1KW7zjS08A8Gfgh3w=
-12,5,40HLdiYMOmOttmfyn5VDEexHIO4=,vtTrS8Aj85e0jmTbXCIWNY8kwq0=
-12,6,crIVjNPCxmMu8baP+PIAm4/J9ac=,MxOKVtq7wOLU6bA/PQ1Q572W/So=
-12,7,crIVjNPCxmMu8baP+PIAm4/J9ac=,wBeF56RSNmrAi6+QR3cKBSPMbr8=
-12,0,crIVjNPCxmMu8baP+PIAm4/J9ac=,S1pAs/5m0A+TXzzvXguebK9Zhjc=
-12,1,crIVjNPCxmMu8baP+PIAm4/J9ac=,0tmTopPAv0+aMgrmW+UVP1LK1DQ=
-12,2,xTxdSpljwTdBIWjlP0wQpRn/tVI=,ECLn/t00QD8WeoZT3z2DmF/kOHE=
-12,3,xTxdSpljwTdBIWjlP0wQpRn/tVI=,+VheWITYx/1KW7zjS08A8Gfgh3w=
-12,12,xTxdSpljwTdBIWjlP0wQpRn/tVI=,y0K83tC3hQQO15ObfgO6Nah6M14=
-12,13,xTxdSpljwTdBIWjlP0wQpRn/tVI=,cL5HJKXA565jM1S58Ifyh0gLCmk=
-12,14,xTxdSpljwTdBIWjlP0wQpRn/tVI=,Eue3kF6y8+MTQUrBjXGM9/mkiNQ=
-12,15,xTxdSpljwTdBIWjlP0wQpRn/tVI=,ocunsbHNfyVSUFshiFYebZTsak8=
-12,8,shsjUtUa/v13YTfd9YrTZIPlTMI=,XJzsf2v6y3La19KSmZvt6At6/Dk=
-12,9,shsjUtUa/v13YTfd9YrTZIPlTMI=,7AqxfsZnhn3P1dASPU9cavN5dOc=
-12,10,shsjUtUa/v13YTfd9YrTZIPlTMI=,sIJNI7o0m1t3uMOwzIBIMGSl1Jc=
-12,11,shsjUtUa/v13YTfd9YrTZIPlTMI=,WWonMmYfb4INsLRvfJlPQYsWWHw=
-11,21,shsjUtUa/v13YTfd9YrTZIPlTMI=,ZcYLCOOqNzwqs+js2G2qHapP4mU=
-11,20,shsjUtUa/v13YTfd9YrTZIPlTMI=,K3xb3M6WKUzk5eSoui0oy2//vIc=
-11,23,shsjUtUa/v13YTfd9YrTZIPlTMI=,yJjKO/tnl5cG51U+8NG/HzLkInE=
-11,22,shsjUtUa/v13YTfd9YrTZIPlTMI=,bgb/IUDZjOFE/59XBaADLIQFr3M=
-11,17,shsjUtUa/v13YTfd9YrTZIPlTMI=,+AtUIPI9kDebcleYCZQcfoxZwgE=
-11,16,y7G6Q2ojWZHIVWv+LWwv4yszJdg=,DVce6qctTV1cue4qY+MqpzDj5SE=
-11,19,y7G6Q2ojWZHIVWv+LWwv4yszJdg=,Il3LC91CHd80YEQ1ZZvXDycI9tk=
-11,18,y7G6Q2ojWZHIVWv+LWwv4yszJdg=,J1DtKzv9vHIVzapp+Zvh+Fy/6RA=
-11,29,y7G6Q2ojWZHIVWv+LWwv4yszJdg=,50xQeqyzlS7E39CcT1nP2SyGhI0=
-11,28,y7G6Q2ojWZHIVWv+LWwv4yszJdg=,9EbzMakPg4Y7/Hpe9erLXhPwiqE=
-11,31,y7G6Q2ojWZHIVWv+LWwv4yszJdg=,IEUdzpB9MRaAfrECvnoHN9gvz8g=
-11,30,y7G6Q2ojWZHIVWv+LWwv4yszJdg=,1r9lOeNFpr035JU+ZN7MyH9tRrc=
-11,25,y7G6Q2ojWZHIVWv+LWwv4yszJdg=,rCqCVXRFfyPJjsxRKs6ferqwEMc=
-11,24,y7G6Q2ojWZHIVWv+LWwv4yszJdg=,qYOzV64dUDn1xGlSWaOc2JTQR1k=
-11,27,ok5C8jDp42crIH4qIChL8Qo5wa8=,4cFxd0rADcD/pYuffwitZ7KCoEU=
-11,26,ok5C8jDp42crIH4qIChL8Qo5wa8=,L+5oCqCyizCXtwpJGy4W5sxt8sg=
-11,5,ok5C8jDp42crIH4qIChL8Qo5wa8=,t4Ql1yL11Qh/33rH4jAgUdihGDI=
-11,4,ok5C8jDp42crIH4qIChL8Qo5wa8=,SFERjqQMQcYMe9HR87lVIFXDKao=
-11,7,ok5C8jDp42crIH4qIChL8Qo5wa8=,MoUvzGZGQhy2IqFGaGXO5B4rUXI=
-11,6,ok5C8jDp42crIH4qIChL8Qo5wa8=,ek/pIy6b+jdveW7GPwZY+xqxguM=
-11,1,ok5C8jDp42crIH4qIChL8Qo5wa8=,c9qx7KXMXSjd3ybgMBskMWpsK9Y=
-11,0,aEtIfr/o4/IMcOZ37CFbzrJna5w=,SIP98RLHQOi0vfZDsnYql4oRo8k=
-11,3,aEtIfr/o4/IMcOZ37CFbzrJna5w=,SFERjqQMQcYMe9HR87lVIFXDKao=
-11,2,aEtIfr/o4/IMcOZ37CFbzrJna5w=,WBNoByKlEfbqwYvtqYxGwKuu8RE=
-11,13,aEtIfr/o4/IMcOZ37CFbzrJna5w=,2ZKc01QDMC0Oi0noFvC8TLGbWf8=
-11,12,aEtIfr/o4/IMcOZ37CFbzrJna5w=,L7ZpEy/W3H0eymb+IsZ1kCP7MSk=
-11,15,aEtIfr/o4/IMcOZ37CFbzrJna5w=,Xg3Xmk1k9mro9SdE/4wYg2ibvfY=
-11,14,aEtIfr/o4/IMcOZ37CFbzrJna5w=,/v+qi2m4i3sY9m2MuO7OJzDHflU=
-11,9,4sApT1Lg0KF5yve4sDYJjYNLM3w=,/wDdgVnQmg7urGaBgR1eUT0Mcso=
-11,8,4sApT1Lg0KF5yve4sDYJjYNLM3w=,Vex9hdnz7s6hDXIlmcuAPCjAPJw=
-11,11,4sApT1Lg0KF5yve4sDYJjYNLM3w=,18Kj/mvJy7rzK9NH7jlhKqEKGCo=
-11,10,4sApT1Lg0KF5yve4sDYJjYNLM3w=,gK5NyhDkbXRO1+jwHl4bAyZSOfg=
-10,22,4sApT1Lg0KF5yve4sDYJjYNLM3w=,cCc1pdlvNTDF16ccyFYtPral88o=
-10,23,4sApT1Lg0KF5yve4sDYJjYNLM3w=,pD8jD4c8fWnqWacFGNfBou+gvvg=
-10,20,4sApT1Lg0KF5yve4sDYJjYNLM3w=,K3xb3M6WKUzk5eSoui0oy2//vIc=
-10,21,4sApT1Lg0KF5yve4sDYJjYNLM3w=,DDC1Xu10WLMyokeQ2cBI1tOcB0w=
-10,18,4sApT1Lg0KF5yve4sDYJjYNLM3w=,J9NIJub0/jq8aE/QTh3NCsuLxf4=
-10,19,7HmrchmbDOKcelyxBksHyuR/P+0=,DxOoPDXEZSq5Ymh7r5NJhHPO14Q=
-10,16,7HmrchmbDOKcelyxBksHyuR/P+0=,UWRmdaGYemcvVGxOviPsmH4zkAE=
-10,17,7HmrchmbDOKcelyxBksHyuR/P+0=,NZlSMa3b3i4cxdtmxgUa4b1poPg=
-10,30,7HmrchmbDOKcelyxBksHyuR/P+0=,OP2M/qyPf9f2IqJo6nIuh2vFa3U=
-10,31,7HmrchmbDOKcelyxBksHyuR/P+0=,UyaDVizuwGPkbSaGnQNIb4wHfnk=
-10,28,7HmrchmbDOKcelyxBksHyuR/P+0=,uZ4qmVg3GX3dk23l1Gc0ZiW8Pnk=
-10,29,7HmrchmbDOKcelyxBksHyuR/P+0=,6fu9nJ/lZtvKScGwyfpsGBQXcA8=
-10,26,7HmrchmbDOKcelyxBksHyuR/P+0=,O1tIIaOivFDc6mKC0ICLIwlbcHs=
-10,27,frO4igEaIfNXtCQ3iW20jhtMFnM=,CWk38RQw1/meLKgxM10n8quFMEY=
-10,24,frO4igEaIfNXtCQ3iW20jhtMFnM=,2J8gvFSytcUJghoJjNewr2Yuam4=
-10,25,frO4igEaIfNXtCQ3iW20jhtMFnM=,D9eqjulogTj70Z17Qeg6Se1gKoY=
-10,6,frO4igEaIfNXtCQ3iW20jhtMFnM=,xJ7Cr8TkcAm1+8vSFucMwrQg+sY=
-10,7,frO4igEaIfNXtCQ3iW20jhtMFnM=,gR6kjVFnM0JcwumDJjQGmxWnUkI=
-10,4,frO4igEaIfNXtCQ3iW20jhtMFnM=,80x4XmCBdgw6xaShsGyRA+TMQIc=
-10,5,frO4igEaIfNXtCQ3iW20jhtMFnM=,k9RIEP0+TTJ5jqqmybZA6K8EXMU=
-10,2,frO4igEaIfNXtCQ3iW20jhtMFnM=,COERZoTVveKlhg0N9RuW4wlXE5A=
-10,3,JXQ3q/z/A1HgMj7XCQlHcLlncMA=,+MagcYioE8QUI15cZ7w4JdrKAH8=
-10,0,JXQ3q/z/A1HgMj7XCQlHcLlncMA=,3Fxu7EaMAR9durjGMS4kdsAteZI=
-10,1,JXQ3q/z/A1HgMj7XCQlHcLlncMA=,HdMmNLXzDSox2zpKiJwWF1UOY2o=
-10,14,JXQ3q/z/A1HgMj7XCQlHcLlncMA=,bSayYwaN44THnqkdDme4VeDgikk=
-10,15,JXQ3q/z/A1HgMj7XCQlHcLlncMA=,WsnL9hw/0tB138k7yQ6xxHqXiVU=
-10,12,JXQ3q/z/A1HgMj7XCQlHcLlncMA=,y29N1Bt8Ytqy+4IakvEhZWvf4dY=
-10,13,qobHN36SOUMOiAl/1fF1XtZyhus=,A9N+NiAx62v15h28P3pBtQNrwMU=
-10,10,qobHN36SOUMOiAl/1fF1XtZyhus=,mPfgLMbxKy8iSJpllpYL8Garnzw=
-10,11,qobHN36SOUMOiAl/1fF1XtZyhus=,LP+T/h7AAeI9fBzwV+1IKZeWFG4=
-10,8,qobHN36SOUMOiAl/1fF1XtZyhus=,HfWsJp8C6wDvy0BKmgenoRGdpIo=
-10,9,qobHN36SOUMOiAl/1fF1XtZyhus=,lmPKen74uwgCQio1QUkxVrwhW2g=
-9,23,qobHN36SOUMOiAl/1fF1XtZyhus=,44G90NBz/54VrrGOmq83aI9VjpQ=
-9,22,qobHN36SOUMOiAl/1fF1XtZyhus=,FrirVqLLDuK+SDN9UReO0W36kXk=
-9,21,qobHN36SOUMOiAl/1fF1XtZyhus=,w62dnX2veiH3eB06j/EUwEg15cA=
-9,20,qobHN36SOUMOiAl/1fF1XtZyhus=,YVBvSotaIVSu6/HHsPsdXZ1vfFA=
-9,19,FPojibo7crvf9nVLR6TErzZ3xe4=,iygAZiFOpz5yEPQ/AS+vJWGw2ZI=
-9,18,FPojibo7crvf9nVLR6TErzZ3xe4=,ydHh/XV+7p3IbTbwOb8xDwldf6g=
-9,17,FPojibo7crvf9nVLR6TErzZ3xe4=,B2VXYZgvhZDJKwoE2Z6uOSTRVao=
-9,16,FPojibo7crvf9nVLR6TErzZ3xe4=,94uNu1/+KUlQBBTCuRMdr/QC4rk=
-9,31,FPojibo7crvf9nVLR6TErzZ3xe4=,U4j9V+lJKt8PCIlepJY3gW8cR8o=
-9,30,FPojibo7crvf9nVLR6TErzZ3xe4=,Ogsw5Ngvro1R5FROx2PTooc/Shs=
-9,29,FPojibo7crvf9nVLR6TErzZ3xe4=,x8+VeYtJhT6dZncedOBy0LBfnTg=
-9,28,FPojibo7crvf9nVLR6TErzZ3xe4=,K9d6EwqeOn3xWhN+587XAM5DDTA=
-9,27,mc/8XKnNzyjR7gmI+SevHHXpcwo=,M3cZlI59yS28+Yk8Z9qG1gzwOe0=
-9,26,mc/8XKnNzyjR7gmI+SevHHXpcwo=,j7u0djhhN6mSMig5Nreh7PlH9KA=
-9,25,mc/8XKnNzyjR7gmI+SevHHXpcwo=,DG5zh8OSF1kuJQl8jkKFLpa0aeI=
-9,24,mc/8XKnNzyjR7gmI+SevHHXpcwo=,zF64mM9BYVr6Sp5rIlBFo0+a868=
-9,7,mc/8XKnNzyjR7gmI+SevHHXpcwo=,raIHEuQ7McsGeWw973835FiWUr8=
-9,6,mc/8XKnNzyjR7gmI+SevHHXpcwo=,IaRyzeq76TS9ZcXJuz0UA98MXUA=
-9,5,mc/8XKnNzyjR7gmI+SevHHXpcwo=,HG/qJMaHhtyiZRDYXC5KHpbrdqA=
-9,4,mc/8XKnNzyjR7gmI+SevHHXpcwo=,HG/qJMaHhtyiZRDYXC5KHpbrdqA=
-9,3,mc/8XKnNzyjR7gmI+SevHHXpcwo=,rmY3LuaKv9Hw6qEcpivPwxKjXnU=
-9,2,ZWvqOECb1bh49k2FI7vbDVLxEU4=,dj0EYFY99MwNnNt/vVOuWUOHgo4=
-9,1,ZWvqOECb1bh49k2FI7vbDVLxEU4=,gzTxPYH/+XGYNj1oiR61xxrZ9Z8=
-9,0,ZWvqOECb1bh49k2FI7vbDVLxEU4=,QCXJK3urcQOO17BLY0BY6t8qYrk=
-9,15,ZWvqOECb1bh49k2FI7vbDVLxEU4=,8d2GhdoxXMztVV7IoZWVHoV7Ulc=
-9,14,ZWvqOECb1bh49k2FI7vbDVLxEU4=,qAbQU1g1ZICdwS9Bovm/LMTLs1s=
-9,13,ZWvqOECb1bh49k2FI7vbDVLxEU4=,ugdA3ddHw2nvydWwxwYCrc9bRu0=
-9,12,nl6QIs2ypinEgU2N/qd2SDLf188=,tEFu6zSno/hv46Jq6Aj0xjOh93k=
-9,11,nl6QIs2ypinEgU2N/qd2SDLf188=,BXqQZxipkLE/XMI498BKp3jN8JU=
-9,10,nl6QIs2ypinEgU2N/qd2SDLf188=,HsAb5twxfwvee3ngnLxeuO2WqCE=
-9,9,nl6QIs2ypinEgU2N/qd2SDLf188=,0lgJJRJQKvZUPHWb6bU2o5ZZo3g=
-9,8,nl6QIs2ypinEgU2N/qd2SDLf188=,t0uRzhK74waZaTgD1Ovbo9Q0brk=
-8,24,0ylm5wK2TG7c1XNVEw0Jhv9Abxg=,9I0xrDUWVPXJ9FdawxjWQjhp+wE=
-8,25,0ylm5wK2TG7c1XNVEw0Jhv9Abxg=,xbEx/z499LTR0LYCd6ml/MrKZo0=
-8,26,0ylm5wK2TG7c1XNVEw0Jhv9Abxg=,HNqyiT/SKJztXt9EhDzAiS8G6iA=
-8,27,0ylm5wK2TG7c1XNVEw0Jhv9Abxg=,YDoRLsZAwcrnouWpFm7O/RKEWlw=
-8,28,0ylm5wK2TG7c1XNVEw0Jhv9Abxg=,CM6JlpB1IOri9Qc7UPjLsuvFWZw=
-8,29,0ylm5wK2TG7c1XNVEw0Jhv9Abxg=,TKRL8lX3nGYWqM/agYHQvDiPVL0=
-8,30,0ylm5wK2TG7c1XNVEw0Jhv9Abxg=,BIugsfamfWqgzpdaQDblKcgLF24=
-8,31,0ylm5wK2TG7c1XNVEw0Jhv9Abxg=,Mdn5M69m6YdE7Kcs27PJwNSIIpY=
-8,16,0ylm5wK2TG7c1XNVEw0Jhv9Abxg=,b8yBVOh4wmt9kmkb4a03b2l/wCI=
-8,17,UqMjC3QoLZX0I/rAr3XdjYehKUQ=,UTT8RSHn+BKoZxa8PKJ3eo8K7y4=
-8,18,UqMjC3QoLZX0I/rAr3XdjYehKUQ=,UmGMHMkXiYjTUkJIADmkNMoehOU=
-8,19,UqMjC3QoLZX0I/rAr3XdjYehKUQ=,DafksP87N6R70HNvVU611XBkeVI=
-8,20,UqMjC3QoLZX0I/rAr3XdjYehKUQ=,rh+74HJlRv2gQnpxdIACrQCTcOI=
-8,21,UqMjC3QoLZX0I/rAr3XdjYehKUQ=,L8IqcFvXV7SyFCcxwmk7IYdDHnM=
-8,22,UqMjC3QoLZX0I/rAr3XdjYehKUQ=,qLQ2yOO5RfQbr9YTePL+j1tYShM=
-8,23,UqMjC3QoLZX0I/rAr3XdjYehKUQ=,XB+kCXaPGU8gAdiGKb9aiDJ8Hlo=
-8,8,UqMjC3QoLZX0I/rAr3XdjYehKUQ=,JZqDUWmyzvgRTtfr1sg0iQ8Gooo=
-8,9,KN1Dvp5OzUjUlKQXYHBjxEgQ+9o=,4O25I2rAgoQR2Zq1aU0cDKq4UxY=
-8,10,KN1Dvp5OzUjUlKQXYHBjxEgQ+9o=,/1qdMWpGMoNMYqzBRwbQCbt4gic=
-8,11,KN1Dvp5OzUjUlKQXYHBjxEgQ+9o=,cE4ni7iLpLLNBqtiFTxL1vtM6xw=
-8,12,KN1Dvp5OzUjUlKQXYHBjxEgQ+9o=,esu2u+F3amvosWFPAw8v4+ChKJ0=
-8,13,KN1Dvp5OzUjUlKQXYHBjxEgQ+9o=,a7HWEgO1ay0KE53P/sX9ruU2FXQ=
-8,14,KN1Dvp5OzUjUlKQXYHBjxEgQ+9o=,bb7zioTLoiHbdy7SRVv0pmB01f4=
-8,15,XIo5tN5CP4M34ofZgqG7O7IDNf0=,CPzTb/t2QKB/R4Q6ArzNbgNIhjg=
-8,0,XIo5tN5CP4M34ofZgqG7O7IDNf0=,JfQa3cbY58d85rYdrN7qeh6ViMM=
-8,1,XIo5tN5CP4M34ofZgqG7O7IDNf0=,9kAJXgL5mnH4F0xbBcXSXEjgJzM=
-8,2,XIo5tN5CP4M34ofZgqG7O7IDNf0=,69peIEAYSFThN09M4op1grc7saA=
-8,3,XIo5tN5CP4M34ofZgqG7O7IDNf0=,BG2ZrmgRqx1RGoH6+Oh8Etff2aE=
-8,4,XIo5tN5CP4M34ofZgqG7O7IDNf0=,mq6VsJKrhKM2+79CrpyyF7D7fAQ=
-8,5,XIo5tN5CP4M34ofZgqG7O7IDNf0=,DEUFfM57ANuEAb3xp2+cBWgIVhE=
-8,6,XIo5tN5CP4M34ofZgqG7O7IDNf0=,Z/o1lJoMv74UUVlhAOsyr+3JcoY=
-8,7,ZsIjjVyhByc1DrvB6mu4phOfde0=,s9TKLBvjyInDr5wjErzHbINGicU=
-7,25,ZsIjjVyhByc1DrvB6mu4phOfde0=,eqPw8y3X4TBvOhaN94AFcCzYHOM=
-7,24,ZsIjjVyhByc1DrvB6mu4phOfde0=,enW5QiYxOYWeDnwfYiv1V1e57Kc=
-7,27,ZsIjjVyhByc1DrvB6mu4phOfde0=,njEUQRaZmrWSljzatOXUWufti68=
-7,26,ZsIjjVyhByc1DrvB6mu4phOfde0=,iPO5VBiD5qI0rFaOnpMyXjUkfEI=
-7,29,ZsIjjVyhByc1DrvB6mu4phOfde0=,5ZwfR6jWdq456vvBhbwQtxpkJ7U=
-7,28,ZsIjjVyhByc1DrvB6mu4phOfde0=,6t0e316wibX5s6vSwTqzA9IZHKA=
-7,31,ZsIjjVyhByc1DrvB6mu4phOfde0=,puoFLUCNRHn0RjNThRAtPtVE9mw=
-7,30,lWLqd1XN//nvb1s2t1JITEuyBUU=,fJ6vNVjJb9XH5a4c5p6So42I6bw=
-7,17,lWLqd1XN//nvb1s2t1JITEuyBUU=,wD7rDDll6w1fDOMQyL4f49768Q8=
-7,16,lWLqd1XN//nvb1s2t1JITEuyBUU=,8wpEWBRTkjn8gGtROyAT0RrO/cQ=
-7,19,lWLqd1XN//nvb1s2t1JITEuyBUU=,M4S7LejKYP87T57+76RfQw7d2sM=
-7,18,lWLqd1XN//nvb1s2t1JITEuyBUU=,yvzpyJ1sz0lOdAE3SqTwX0kz8Dc=
-7,21,lWLqd1XN//nvb1s2t1JITEuyBUU=,JfRUHDigMyZUexfCZez9LoqcwUk=
-7,20,lWLqd1XN//nvb1s2t1JITEuyBUU=,bbRkf3sE/CZhkFM3S1w0//7MG20=
-7,23,lWLqd1XN//nvb1s2t1JITEuyBUU=,inECpuQ0Ivxf/6wBtXqKaCe5ReA=
-7,22,lWLqd1XN//nvb1s2t1JITEuyBUU=,EloXgHGKVLtJBunNAKtqgbe6f1o=
-7,9,SZe0nGLskdaitRfWrXhNC9xKj9M=,QpYF7Pj/RLhxevNYuft5ecoyodw=
-7,8,SZe0nGLskdaitRfWrXhNC9xKj9M=,qNhENoQcOuNhkvajqtXQEHXXRVE=
-7,11,SZe0nGLskdaitRfWrXhNC9xKj9M=,vgu4DF0cZ+5GdBYCcWW1oiys2nA=
-7,10,SZe0nGLskdaitRfWrXhNC9xKj9M=,GzmGqZSFYQKOcELXj7XGQDUPSAA=
-7,13,SZe0nGLskdaitRfWrXhNC9xKj9M=,AH2DW1/P7j33/GZLeijmvZYqXMQ=
-7,12,SZe0nGLskdaitRfWrXhNC9xKj9M=,S1NF0OVkBuECVwYX0G2pOUsccOA=
-7,15,SZe0nGLskdaitRfWrXhNC9xKj9M=,gu38tDg+yRjLL232zs0rWpbZWMk=
-7,14,CEcbhzqiD0FCiKBq+Ogh5gt1Xe8=,ttj66EbvFUe5PcKDstBIqgS8jaQ=
-7,1,CEcbhzqiD0FCiKBq+Ogh5gt1Xe8=,k9uM0nA1SYnYHQf6pZ8btKWXv5s=
-7,0,CEcbhzqiD0FCiKBq+Ogh5gt1Xe8=,ml9Czi9Hdg4x2flkc6K+1kHu0O0=
-7,3,CEcbhzqiD0FCiKBq+Ogh5gt1Xe8=,nOJSZ4D3wVlSKZINlrrND7DkEg0=
-7,2,CEcbhzqiD0FCiKBq+Ogh5gt1Xe8=,ejfrdppYHpCi8AOQnncbnXgfsMw=
-7,5,CEcbhzqiD0FCiKBq+Ogh5gt1Xe8=,6aIkLjsrgn9eMGlMVVN117Mr3zA=
-7,4,CEcbhzqiD0FCiKBq+Ogh5gt1Xe8=,LdkHNiZXvP/0BlawebjiYtQ0EAc=
-7,7,iycdJRcV6HRG7E5stEZZt2Hg0jk=,b5eQa5avwEf5gskdlqLss2RAups=
-7,6,iycdJRcV6HRG7E5stEZZt2Hg0jk=,2hnRsNw9oRijAuzjW5qQx8+iyzU=
-6,26,iycdJRcV6HRG7E5stEZZt2Hg0jk=,kYL9AAlcm7WhyF4ZojoF/IG2QVc=
-6,27,iycdJRcV6HRG7E5stEZZt2Hg0jk=,d9H8F05cGv9xuwxIl5OLi35e8bA=
-6,24,iycdJRcV6HRG7E5stEZZt2Hg0jk=,ThtooO2y27lps67qqWwB2ja72+Y=
-6,25,iycdJRcV6HRG7E5stEZZt2Hg0jk=,4K0XBXtT4yW4TLjN8WD2xQh0Ur0=
-6,30,iycdJRcV6HRG7E5stEZZt2Hg0jk=,wCFMk8FE7DTPVFahanYIcHNq0KI=
-6,31,GmqmkE8CGjvzT/t3QEaRe3M/Ppc=,W6TSiTKP7MJnwcIS5AI5uKd6Ilg=
-6,28,GmqmkE8CGjvzT/t3QEaRe3M/Ppc=,b5wt8kkIEyQYvk3MgCbsSedHW2c=
-6,29,GmqmkE8CGjvzT/t3QEaRe3M/Ppc=,3U4AY62v2O5rzHbu0m4VMCGZOHg=
-6,18,GmqmkE8CGjvzT/t3QEaRe3M/Ppc=,9mSVNVpSqueHCe/M4cnhZE/MTz8=
-6,19,GmqmkE8CGjvzT/t3QEaRe3M/Ppc=,zHzoJOxd8s+w4dRukJDQTsMcUwc=
-6,16,GmqmkE8CGjvzT/t3QEaRe3M/Ppc=,mqWUJiTj3Lk7pwjNZcymuOY8SG0=
-6,17,GmqmkE8CGjvzT/t3QEaRe3M/Ppc=,gRobUTh26AsiWBPpkKTqVtR4pGU=
-6,22,GmqmkE8CGjvzT/t3QEaRe3M/Ppc=,S0kJTccT/D/ubjEtQNTPojyyNLA=
-6,23,LO3LF2OxromCYPS3zeWPwrJszDs=,0oFNn8EkiVBX1Mm2wnos1Uz6OC0=
-6,20,LO3LF2OxromCYPS3zeWPwrJszDs=,SansvMLFVJDLSs3/KTdLBYP9qpU=
-6,21,LO3LF2OxromCYPS3zeWPwrJszDs=,VwftHQXFID3UY5RxZSgIHbezUSs=
-6,10,LO3LF2OxromCYPS3zeWPwrJszDs=,+JW/wfS+8E2j79liK/Ui1ZKBd7g=
-6,11,LO3LF2OxromCYPS3zeWPwrJszDs=,u56IvLiyq1wMrpTn0qL7xbAEsCU=
-6,8,LO3LF2OxromCYPS3zeWPwrJszDs=,7b+TYtdy4s4Q7fSlN3soxjPKxMY=
-6,9,LO3LF2OxromCYPS3zeWPwrJszDs=,BupMWut+T6CX+k8qynA4NrQEOTY=
-6,14,LO3LF2OxromCYPS3zeWPwrJszDs=,9O5B1ySIx+dXZkWU5dMXvISDnTk=
-6,15,S3920Nh1RFidhF59Fkkpzdgunu4=,zf4MF7pu2XnL4C3NSkL8+987gSg=
-6,12,S3920Nh1RFidhF59Fkkpzdgunu4=,izQYy0TUUM5LCJcvUmScP+Ojj1Y=
-6,13,S3920Nh1RFidhF59Fkkpzdgunu4=,F/t665ggNcjuUY+vri1CDOOPwEY=
-6,2,S3920Nh1RFidhF59Fkkpzdgunu4=,6xPdKtQphvoG2gzxEV61i/Yg49A=
-6,3,S3920Nh1RFidhF59Fkkpzdgunu4=,ECCKf+IanRTfuT5mKaoe+VyxRVA=
-6,0,S3920Nh1RFidhF59Fkkpzdgunu4=,zgpPtW5tgJxANN2z21sVb/RYz0Q=
-6,1,8p+UIZWkMgAnjX0BEWh8Q6NZgAc=,Ai5Qb9APuFk8mb2hCGzpmO+eeDQ=
-6,6,8p+UIZWkMgAnjX0BEWh8Q6NZgAc=,NZvW9UfClF6tUXxaJOp/vtLZ96Y=
-6,7,8p+UIZWkMgAnjX0BEWh8Q6NZgAc=,tS6sy6i+fCQGNH+W3yvxcqbtJYU=
-6,4,8p+UIZWkMgAnjX0BEWh8Q6NZgAc=,mWqjj4AHf1aoIpi14N6Zct5HVpI=
-6,5,8p+UIZWkMgAnjX0BEWh8Q6NZgAc=,mwzAe4vNKWSstgHEZEJE/JpXQDg=
-5,27,8p+UIZWkMgAnjX0BEWh8Q6NZgAc=,fr/plALJcyCcKf3WSvE0wUGUtFU=
-5,26,8p+UIZWkMgAnjX0BEWh8Q6NZgAc=,kTkh1l4MrorGWQNsZSL99d0TRSA=
-5,25,8p+UIZWkMgAnjX0BEWh8Q6NZgAc=,HNoyGUk7Top7ruGaA964yo7nrto=
-5,24,/39jU582hzlwauuoKWEPCy9A+ig=,TipaMo6bAu8dCnm0UV5qs/wvVEw=
-5,31,/39jU582hzlwauuoKWEPCy9A+ig=,vfT9poEMwHMjQ4dY/rKW9QYi/cU=
-5,30,/39jU582hzlwauuoKWEPCy9A+ig=,kGQIldkxmKEjIomjR7iGnth7y2s=
-5,29,/39jU582hzlwauuoKWEPCy9A+ig=,mm2ttRg3tGHw2Ym0nYsUHDfNlb8=
-5,28,/39jU582hzlwauuoKWEPCy9A+ig=,eOpuMXDSoZA/tFcHXvJJgjHalkM=
-5,19,/39jU582hzlwauuoKWEPCy9A+ig=,Ih7CGJY9TvztplTnZJ+4EoaWnJg=
-5,18,/39jU582hzlwauuoKWEPCy9A+ig=,e/ZLIn0wOgsCaCTVkT0aOVM1tnY=
-5,17,/39jU582hzlwauuoKWEPCy9A+ig=,+30TuT6TGoC5K0FfYmLTY/G6kIo=
-5,16,/39jU582hzlwauuoKWEPCy9A+ig=,wIIwsjWM1EpsR2vP2Cu0BIQ01/Y=
-5,23,ZD8Jrgp/rTxBiqwxOYi3w3kxyqE=,x3EXWub7mpUK4O92nR1WRpGSSBc=
-5,22,ZD8Jrgp/rTxBiqwxOYi3w3kxyqE=,KHa4Qob7+B5j/iHtVXPACawr8cI=
-5,21,ZD8Jrgp/rTxBiqwxOYi3w3kxyqE=,4xvEXJm7XVya6GpmQ8o6Nr9WeUQ=
-5,20,ZD8Jrgp/rTxBiqwxOYi3w3kxyqE=,H3fMIsRn5HSFisRPSc4LgNtepko=
-5,11,ZD8Jrgp/rTxBiqwxOYi3w3kxyqE=,GMLXdibNKP7oO1/YceKEEii/vWo=
-5,10,ZD8Jrgp/rTxBiqwxOYi3w3kxyqE=,F0gpOBoZZuosAW4GwkPVsVSWn/c=
-5,9,ZD8Jrgp/rTxBiqwxOYi3w3kxyqE=,SETBDN28RHWRz6CHRtpqzWyhuGc=
-5,8,ZD8Jrgp/rTxBiqwxOYi3w3kxyqE=,o0UZ/qdZ5TLR3wDRJXDCMyGY+lk=
-5,15,07SoYZ88r9VvAVH+zhQgyole5wY=,MJgL2kCQVHzHEB6UP26g255pmDY=
-5,14,07SoYZ88r9VvAVH+zhQgyole5wY=,55kIU187H/kRbi8rUnbZOE4rnKs=
-5,13,07SoYZ88r9VvAVH+zhQgyole5wY=,REZq/lz+JLScyZ38UkP0R6ls2A4=
-5,12,07SoYZ88r9VvAVH+zhQgyole5wY=,dHqNAQ3qhjlOIWV0If+PcYtI2s8=
-5,3,07SoYZ88r9VvAVH+zhQgyole5wY=,JHHIG9UUj4blcZNY4DFmwfo1r+A=
-5,2,07SoYZ88r9VvAVH+zhQgyole5wY=,3uY7MlgI5yTwGP0idWO4r8I6Lig=
-5,1,07SoYZ88r9VvAVH+zhQgyole5wY=,RuaZhRxPs0hjWPZUSjL7EOFA5OQ=
-5,0,wj+T5L3WIiULKlLtOmrlGfStskI=,MypbT7GP7QGmwp0VoGCsM+luHtk=
-5,7,wj+T5L3WIiULKlLtOmrlGfStskI=,paQERUaB5XlSJA/j0vwCDagr/xw=
-5,6,wj+T5L3WIiULKlLtOmrlGfStskI=,Ww01PfNhlNeTmcO3E80lm0arhsQ=
-5,5,wj+T5L3WIiULKlLtOmrlGfStskI=,UK/ted+IToeNmY696g3Uzr42ZR8=
-5,4,wj+T5L3WIiULKlLtOmrlGfStskI=,YmDJfgMr3aP5pJf9l5Rm6pT/7wI=
-4,28,wj+T5L3WIiULKlLtOmrlGfStskI=,MAez7GwvaW9uRliZSkE0pTxkb1o=
-4,29,A2TRAyYAO4JAkAzIMJEfTwqp94g=,ylGXOsbglAnYth00lLrjz4ycp48=
-4,30,A2TRAyYAO4JAkAzIMJEfTwqp94g=,pmzDmnBa1ZzgX8YZVTmcZ26LXAA=
-4,31,A2TRAyYAO4JAkAzIMJEfTwqp94g=,+XOfxPTj5+Jb0u+e8j+6YLjoYnQ=
-4,24,A2TRAyYAO4JAkAzIMJEfTwqp94g=,ThtooO2y27lps67qqWwB2ja72+Y=
-4,25,A2TRAyYAO4JAkAzIMJEfTwqp94g=,nhMtZsdMBkqUUNgyoHVyImuMEZ8=
-4,26,A2TRAyYAO4JAkAzIMJEfTwqp94g=,DcXBM7fE374vbI5/m2DNy5ZBHbU=
-4,27,A2TRAyYAO4JAkAzIMJEfTwqp94g=,ljWsxb/P71eg3vL3gGcZeRIfv5E=
-4,20,A2TRAyYAO4JAkAzIMJEfTwqp94g=,zcYrU/mgyZOnWxDUutLmP37M134=
-4,21,NUhZeI58jP9fB0zLnQ7mHyGroYM=,vWadcfcri/J0gOU1MeE4tBMCSkU=
-4,22,NUhZeI58jP9fB0zLnQ7mHyGroYM=,X1ZVB7MSdNGfyhXNcLf0xatgHtE=
-4,23,NUhZeI58jP9fB0zLnQ7mHyGroYM=,zn19XftypJTH0uILRimi1y8lgNQ=
-4,16,NUhZeI58jP9fB0zLnQ7mHyGroYM=,RokPWIcNuELKyQuQDm9l0UmkMD4=
-4,17,NUhZeI58jP9fB0zLnQ7mHyGroYM=,RokPWIcNuELKyQuQDm9l0UmkMD4=
-4,18,NUhZeI58jP9fB0zLnQ7mHyGroYM=,mhLfEElmHHKQX8/mQd9Xt0ynL5Q=
-4,19,NUhZeI58jP9fB0zLnQ7mHyGroYM=,SWOJwFCLoAhwzJuA34VfteVlrd4=
-4,12,NUhZeI58jP9fB0zLnQ7mHyGroYM=,8DLHyyU24HKRCLdeKUboFaBvSYs=
-4,13,hRvNTBnIhQq2N8eequ4QPPhlQSE=,5qfWYmefv6xM/9BZLgDQ3zCW468=
-4,14,hRvNTBnIhQq2N8eequ4QPPhlQSE=,dBpiEnINfBhEaKw2CjvA9AFklUA=
-4,15,hRvNTBnIhQq2N8eequ4QPPhlQSE=,ceuMHMrQzZT5qSEcMKmJdFfWsEA=
-4,8,hRvNTBnIhQq2N8eequ4QPPhlQSE=,7RvTnjUxn4hI5Cu4PMOT0cLdcc0=
-4,9,hRvNTBnIhQq2N8eequ4QPPhlQSE=,+CqA/W/dbpXjrZbffF7ELL7Ex7M=
-4,10,hRvNTBnIhQq2N8eequ4QPPhlQSE=,EhRXepkNiu7yGjpCWfHm9uIWRL0=
-4,11,hRvNTBnIhQq2N8eequ4QPPhlQSE=,G1avU/cJrQUFebG+EU6AefPChAk=
-4,4,hRvNTBnIhQq2N8eequ4QPPhlQSE=,wGHKnNgW8nC7tXKbV2ipQHfmk1o=
-4,5,D3khbWEM0ov5uWJYtNsLXSYwGoc=,g4g1audbv4Z3kT1avO14ss+PX1k=
-4,6,D3khbWEM0ov5uWJYtNsLXSYwGoc=,Z1231QuoTjBHiQ3vcw1uUF9NGbk=
-4,7,D3khbWEM0ov5uWJYtNsLXSYwGoc=,JpmAItjC8a0isyPQM8Ms9sBERCA=
-4,0,D3khbWEM0ov5uWJYtNsLXSYwGoc=,EVMZOevzrnUkZU7BjCxxHpSQEBM=
-4,1,D3khbWEM0ov5uWJYtNsLXSYwGoc=,d4j6Cbi+uuPLCkqZQXuHhT/bDZ4=
-4,2,D3khbWEM0ov5uWJYtNsLXSYwGoc=,RHYVMtcNOfhE8ME5F6r9MSAj1TY=
-4,3,zsj3IzJMSSWnZ1SwDWpQTh3wBIQ=,xgjs6r5zQi0Lkuj67jHrMglG+p8=
-3,29,zsj3IzJMSSWnZ1SwDWpQTh3wBIQ=,3TrWvLgLXt30EIDMKHHxyr7ArqQ=
-3,28,zsj3IzJMSSWnZ1SwDWpQTh3wBIQ=,lq4noAW1CWEVkANearFViBNQC+k=
-3,31,zsj3IzJMSSWnZ1SwDWpQTh3wBIQ=,rKun61rH3WIHssKXo/xy8CZlht8=
-3,30,zsj3IzJMSSWnZ1SwDWpQTh3wBIQ=,w0pXrzVQhAuePITxJhQfm19sVhw=
-3,25,zsj3IzJMSSWnZ1SwDWpQTh3wBIQ=,I/uVAHDwZKkLZSDJ9TcdUineuTg=
-3,24,zsj3IzJMSSWnZ1SwDWpQTh3wBIQ=,tGfbwySg4USDtwtUggz2z38d6eE=
-3,27,y9KJmyGWYygvYdxxmsbfibcUEyA=,WT1DUajKU1k0cMr0D0mEL7tr8Xw=
-3,26,y9KJmyGWYygvYdxxmsbfibcUEyA=,eNa67K0Y03jufeQFO72tq14e+u8=
-3,21,y9KJmyGWYygvYdxxmsbfibcUEyA=,wCnPUVH4DWt+/lA5bhu0RsH956o=
-3,20,y9KJmyGWYygvYdxxmsbfibcUEyA=,BuL6r1cnBYeeBHUb7Ikx2qDn/YY=
-3,23,y9KJmyGWYygvYdxxmsbfibcUEyA=,9bYV9V5I+Hfs9X28NXIpOduNgJs=
-3,22,y9KJmyGWYygvYdxxmsbfibcUEyA=,79T/U+QZL739Q32kKBoP70O/Kic=
-3,17,y9KJmyGWYygvYdxxmsbfibcUEyA=,Y/jExQsLR19uy0aTfkmxNKIEaU4=
-3,16,y9KJmyGWYygvYdxxmsbfibcUEyA=,4qD1+T8HV+n74TDQoJPTzysPLIY=
-3,19,oU1uFsMEnR1PCfsnRLKxq8JtTPI=,FJMwcDkK0iosv1GK1oGrSvoS0Mw=
-3,18,oU1uFsMEnR1PCfsnRLKxq8JtTPI=,buFEpMcAXRfcyD4kAHYX8GFUPpU=
-3,13,oU1uFsMEnR1PCfsnRLKxq8JtTPI=,wZNWIlD6kw5kS4LsYDg3y1xZJks=
-3,12,oU1uFsMEnR1PCfsnRLKxq8JtTPI=,73EhxRSDy0XBmpKeyNNsxry5jJQ=
-3,15,oU1uFsMEnR1PCfsnRLKxq8JtTPI=,7jFWUX5ElmDmjlV0Rii8mye+aPo=
-3,14,oU1uFsMEnR1PCfsnRLKxq8JtTPI=,m418Vtr8swwtmxQq65T0NicwdGo=
-3,9,oU1uFsMEnR1PCfsnRLKxq8JtTPI=,ec/UDZpPoW0yMNhEpD6iUOVMLas=
-3,8,oU1uFsMEnR1PCfsnRLKxq8JtTPI=,UZfFpWCPbmWSw06bdzquU+xOx3A=
-3,11,ddgQM0/Ybu8kyUaryRAdUU3ZILQ=,6KHjMggfmVZ4+6wMRltjsoHPhyo=
-3,10,ddgQM0/Ybu8kyUaryRAdUU3ZILQ=,zn+d9LPzowNMfdxHGxbR6M53BwA=
-3,5,ddgQM0/Ybu8kyUaryRAdUU3ZILQ=,n3WqZ3T0UWw0GhhjN1GbNWmbar8=
-3,4,ddgQM0/Ybu8kyUaryRAdUU3ZILQ=,y+J4EztVO+OaghmP0cAO2yq9Nuc=
-3,7,ddgQM0/Ybu8kyUaryRAdUU3ZILQ=,JpmAItjC8a0isyPQM8Ms9sBERCA=
-3,6,ddgQM0/Ybu8kyUaryRAdUU3ZILQ=,muBsZOxQtmUBtB6nu2VwMMEgilo=
-3,1,ddgQM0/Ybu8kyUaryRAdUU3ZILQ=,qYyjwFsiOxzQPjkDGly5DbIhcTs=
-3,0,mZ4d5qw5RLE/I1yTGC7P+HekTEE=,wJuDePdgkZgvpOpuenstZs5AHLo=
-3,3,mZ4d5qw5RLE/I1yTGC7P+HekTEE=,VEFEMuFB927fbVepGehrGhgejvg=
-3,2,mZ4d5qw5RLE/I1yTGC7P+HekTEE=,O4U7M8om2muh9f8UFxt/bYo+hPg=
-2,30,mZ4d5qw5RLE/I1yTGC7P+HekTEE=,wS0WtE8xegGEIpSaxDPVsOcmWIc=
-2,31,mZ4d5qw5RLE/I1yTGC7P+HekTEE=,kn64ESdeyOf4k952oWFZF6cgUWo=
-2,28,mZ4d5qw5RLE/I1yTGC7P+HekTEE=,lq4noAW1CWEVkANearFViBNQC+k=
-2,29,o+zoUpeDehs/zGXmESjOadiVT7Q=,kltbxs6hRFTjiTwDKoTyOEISbYA=
-2,26,o+zoUpeDehs/zGXmESjOadiVT7Q=,lHuB/HkjVnXkcbXe4giZfjbesQs=
-2,27,o+zoUpeDehs/zGXmESjOadiVT7Q=,hfGJDA4IrtUgXYX8T2biVqXZWEs=
-2,24,o+zoUpeDehs/zGXmESjOadiVT7Q=,IyJTJeCSyKkTe1yhQ/Q+eC1ykO4=
-2,25,o+zoUpeDehs/zGXmESjOadiVT7Q=,lMVzg0sC2RMKxFdvjYFVU245k+I=
-2,22,o+zoUpeDehs/zGXmESjOadiVT7Q=,hpf/NzykTX26aN8DP+ZNTZz5tvA=
-2,23,o+zoUpeDehs/zGXmESjOadiVT7Q=,dL+1fsz2Psygg8JPXf0vYSyoh2A=
-2,20,o+zoUpeDehs/zGXmESjOadiVT7Q=,GaGabr/7cV/m4xH2JKy7/TL88Fc=
-2,21,N9j+RcCRQRTldjZuaxh1R2WFBB4=,uafEjT8bbyPjnb0CPkpZSLe0uzU=
-2,18,N9j+RcCRQRTldjZuaxh1R2WFBB4=,Olr25cGTAfZrqf8cX4O4RufNzRU=
-2,19,N9j+RcCRQRTldjZuaxh1R2WFBB4=,FJMwcDkK0iosv1GK1oGrSvoS0Mw=
-2,16,N9j+RcCRQRTldjZuaxh1R2WFBB4=,PODRyo96Xnt8ciWUlK59THCk7zI=
-2,17,N9j+RcCRQRTldjZuaxh1R2WFBB4=,iozkhY9A6l9lbo+jMMUnUZVriMU=
-2,14,N9j+RcCRQRTldjZuaxh1R2WFBB4=,EqOXbFJnvJ75JY6dQLfcK2kE9vk=
-2,15,N9j+RcCRQRTldjZuaxh1R2WFBB4=,keS+Y/peidz8A98ifSpjLRKylXk=
-2,12,N9j+RcCRQRTldjZuaxh1R2WFBB4=,3UW7adXGPSe4vI6aTuM3QITFaRU=
-2,13,F6igAwGhDfOcooYPVlFu9kFyJGU=,0rbSFjwUvhiyExoO2WbTipLyJVo=
-2,10,F6igAwGhDfOcooYPVlFu9kFyJGU=,0o9mwaseSGgpvgfYT3M/QZZA5hI=
-2,11,F6igAwGhDfOcooYPVlFu9kFyJGU=,N+/qlqNFtQ1OUkBs7cPFLrxSiQM=
-2,8,F6igAwGhDfOcooYPVlFu9kFyJGU=,OKnOByFzlvEEYNqy9khVTfTqOx8=
-2,9,F6igAwGhDfOcooYPVlFu9kFyJGU=,rouDX0zf18jCBTnXJN/O8prKP/4=
-2,6,F6igAwGhDfOcooYPVlFu9kFyJGU=,pRbg1AUT17DuuS3NFl2m60zl0a0=
-2,7,F6igAwGhDfOcooYPVlFu9kFyJGU=,TjOVl/5ihBHzx/4V0eLjOaBQDMw=
-2,4,qAxDWH1j9m5+8ldmyVjOfLwDv50=,h+syr4yHYnBfu5E0wOldkCZsSVw=
-2,5,qAxDWH1j9m5+8ldmyVjOfLwDv50=,hcR8UNb12laagn+9B3ECvDdNeDE=
-2,2,qAxDWH1j9m5+8ldmyVjOfLwDv50=,8eX/mqx9u5iwGlAUUszvbk6W6/k=
-2,3,qAxDWH1j9m5+8ldmyVjOfLwDv50=,x8Ka8OAOK1KGkTmwye39a0JI3mE=
-2,0,qAxDWH1j9m5+8ldmyVjOfLwDv50=,YtLXlCs1P5dUXulWSrHdxpUgc4I=
-2,1,qAxDWH1j9m5+8ldmyVjOfLwDv50=,Lp4NwL5LR7kHkqW69JGeZ2I2fec=
-1,31,liza6bDSqDZqteSW9IMgYozSsU0=,MbrFnXZaHiIRC8rJLuaZYsjvMsY=
-1,30,liza6bDSqDZqteSW9IMgYozSsU0=,VJJc4lw7iU9uzpHTlNuORwp2oZc=
-1,29,liza6bDSqDZqteSW9IMgYozSsU0=,3MduuCR2yMJK4p3xFqsy/yK02rw=
-1,28,liza6bDSqDZqteSW9IMgYozSsU0=,GZZEzAWVqMWHhNt/TuHZUIhfCfg=
-1,27,liza6bDSqDZqteSW9IMgYozSsU0=,Ljio8btBqV+oB0DYHjjHUNPzlms=
-1,26,liza6bDSqDZqteSW9IMgYozSsU0=,dtEEhk9Ir/W6015QSja4OWCp4ZY=
-1,25,liza6bDSqDZqteSW9IMgYozSsU0=,q5yf3hj5PnwQwHb0JPMCkFwNEME=
-1,24,liza6bDSqDZqteSW9IMgYozSsU0=,aMuqKEMbwOSe7MIGrI6XgWIpYKE=
-1,23,oDZdlbtBuT97AxGqjjNNUqY34a8=,zFjHVeFjkxcoES8ABTIio0p1TT0=
-1,22,oDZdlbtBuT97AxGqjjNNUqY34a8=,yP3lBaxu1TeYRo3fP8+xA55ZHWI=
-1,21,oDZdlbtBuT97AxGqjjNNUqY34a8=,78s93lHJyXYMFxifxjgkMbri3Ug=
-1,20,oDZdlbtBuT97AxGqjjNNUqY34a8=,edXbBNuCACTxcW3fXVp/O5K7wL8=
-1,19,oDZdlbtBuT97AxGqjjNNUqY34a8=,nR7NPWR1ID6vRQbqBnzBvwbQxog=
-1,18,oDZdlbtBuT97AxGqjjNNUqY34a8=,lIgq67zUvy5jWUW7Xgaaw5GAgp4=
-1,17,oDZdlbtBuT97AxGqjjNNUqY34a8=,bkZqc5DrMyEUX0o8F8zyzX5LElc=
-1,16,oDZdlbtBuT97AxGqjjNNUqY34a8=,alM48C/VuhM6OFudljss44bYb9I=
-1,15,mQwS3Awb6c8f3506XuVepUkleSM=,Re+ajOuTlbeemCdbj54pg8OQcJ8=
-1,14,mQwS3Awb6c8f3506XuVepUkleSM=,VXfgk3n2Y8VF1jPb6rU+QnL5njg=
-1,13,mQwS3Awb6c8f3506XuVepUkleSM=,j2rf5d6plPejP0GjXZ8lpYkgKbk=
-1,12,mQwS3Awb6c8f3506XuVepUkleSM=,TgALFsU/uRvSGGX/xeKxr+gL3qk=
-1,11,mQwS3Awb6c8f3506XuVepUkleSM=,4cSDHRI3xf+KqSjb32JER6QXM00=
-1,10,mQwS3Awb6c8f3506XuVepUkleSM=,lPkBvY1xGbqbt/5ZVWTYaiBpKeM=
-1,9,mQwS3Awb6c8f3506XuVepUkleSM=,kHLgPHBAOlnMDngB0Q5pR9tiBDM=
-1,8,nAJUExFgwg+iKkSIxkL5uaRc+Tw=,7Edc8eEqjQczRBWjgTzKLUAUJ/A=
-1,7,nAJUExFgwg+iKkSIxkL5uaRc+Tw=,vdcmrxDnyjCDq1j1SaKdYKUyPIk=
-1,6,nAJUExFgwg+iKkSIxkL5uaRc+Tw=,5FPXKx0RzVS/nE10c2YuXmPjo9Q=
-1,5,nAJUExFgwg+iKkSIxkL5uaRc+Tw=,JO7/t45b5z1OOcVmL8qo7PskbJs=
-1,4,nAJUExFgwg+iKkSIxkL5uaRc+Tw=,3ezuOUwp9gJoNuLlGqWb17ReqQY=
-1,3,nAJUExFgwg+iKkSIxkL5uaRc+Tw=,zgvKfd2gZcLAsXgTuUvjCKBTLsQ=
-1,2,nAJUExFgwg+iKkSIxkL5uaRc+Tw=,BbBIyyCoOeZLaXcKjXxF0dQuxMc=
-1,1,nAJUExFgwg+iKkSIxkL5uaRc+Tw=,+Wovu9DFGdmvnZfnDXIRGua0iJA=
-1,0,AASPTOVR3fhyMxH7WnJKLKfC9W4=,4ANB3wz5lFsi64V5Jd+/R3CQ/gc=
