0,0,sTME8eWRrbTrCQtGOC4Bj+j4JxI=,lOMuOdMwvn088pvImRMoehVQGDs=
0,1,s+y92KD2mr5Mt2VwHYTKSyju1/g=,agNtYpbkSO2yjSdeF0EtCvODYl4=
0,2,s+y92KD2mr5Mt2VwHYTKSyju1/g=,NCiSMu44DB00MoT6HQsYHufGknI=
0,3,s+y92KD2mr5Mt2VwHYTKSyju1/g=,X7A28rLTDYiBhsPP05Zm19Vmd98=
0,4,s+y92KD2mr5Mt2VwHYTKSyju1/g=,sriLXL3/2U+FD/6+PYZgQme35iU=
0,5,s+y92KD2mr5Mt2VwHYTKSyju1/g=,AAvo+TFIcCgyZsAPNAk6lSsVZi4=
0,6,s+y92KD2mr5Mt2VwHYTKSyju1/g=,9g9oHf4Np++IJN9CHwdk1EALbq8=
0,7,s+y92KD2mr5Mt2VwHYTKSyju1/g=,miZKN0qaFVJo4IQojc33EnQOm7M=
0,8,s+y92KD2mr5Mt2VwHYTKSyju1/g=,SLqAY1/+Y6osS0cr3OREA+m2VZc=
0,9,s+y92KD2mr5Mt2VwHYTKSyju1/g=,xrGRqXkruRWjdF6IZ1/dnWwE/Xw=
0,10,s+y92KD2mr5Mt2VwHYTKSyju1/g=,8fiR5yADyYMVIgIjU3/FIL8duUI=
0,11,T5a4kBGZW9PuZ85b/mmKki3hRdY=,8fiR5yADyYMVIgIjU3/FIL8duUI=
0,12,T5a4kBGZW9PuZ85b/mmKki3hRdY=,CbjF1c9/v7bdRw5S7qxIwBjIkSc=
0,13,T5a4kBGZW9PuZ85b/mmKki3hRdY=,sFijYUFnadWy2cTdRXBaNrYNjqo=
0,14,T5a4kBGZW9PuZ85b/mmKki3hRdY=,bobPLz0yqIjOAObb0Q65wGGi/TU=
0,15,T5a4kBGZW9PuZ85b/mmKki3hRdY=,8uiqUTtfPwJc4leenuhrGZheXOI=
0,16,T5a4kBGZW9PuZ85b/mmKki3hRdY=,jZW0x69efGqFkeGV9N4ttCnBZ8g=
0,17,T5a4kBGZW9PuZ85b/mmKki3hRdY=,8k8mWC9O0ZCj7tMwb7Y7aGfz5Rg=
0,18,T5a4kBGZW9PuZ85b/mmKki3hRdY=,DFNtACCapkcl/Pj+AijcyBwNzY4=
0,19,T5a4kBGZW9PuZ85b/mmKki3hRdY=,3ZesveHyhdea6cuSandpoYSPaW0=
0,20,T5a4kBGZW9PuZ85b/mmKki3hRdY=,Msb3CGuuD1MJo/hnfUbd5dKmo2k=
0,21,T5a4kBGZW9PuZ85b/mmKki3hRdY=,owaUTbR/hhOHQ4lwykXVUN7YQ34=
0,22,T5a4kBGZW9PuZ85b/mmKki3hRdY=,O3gwK6MFm0tRzzbk/z1ZefoSJeM=
0,23,T5a4kBGZW9PuZ85b/mmKki3hRdY=,bGXTDk0fxejj12Mcy9zaiVjW1JA=
0,24,T5a4kBGZW9PuZ85b/mmKki3hRdY=,nwBW8u8gF12kS7DHBkZS+2izAAM=
0,25,T5a4kBGZW9PuZ85b/mmKki3hRdY=,4xN5ixY0UFdV/6Kbg9C0FrNmaI8=
0,26,T5a4kBGZW9PuZ85b/mmKki3hRdY=,G09UdOKV96y7YGfWrNIawWsshyk=
0,27,O+JzEnuJBn6+v4CoDokTa1k6J6s=,5oXlv0fpmyS2ZrpPWPBDk5OfX+Q=
0,28,O+JzEnuJBn6+v4CoDokTa1k6J6s=,g1yLmbAWbYEK9tN+AYKCxaY+PFs=
0,29,O+JzEnuJBn6+v4CoDokTa1k6J6s=,eoUyuJLllVaA9xJQJl0rjsCEvus=
0,30,O+JzEnuJBn6+v4CoDokTa1k6J6s=,yuj1obPmscgarGY9+rRgnQTEq1c=
0,31,O+JzEnuJBn6+v4CoDokTa1k6J6s=,7J2sKdg/6PUp3UZBW+mvya24DS0=
1,1,O+JzEnuJBn6+v4CoDokTa1k6J6s=,fHIK0pCprUAM9dQIIyiaGIQDga8=
1,0,O+JzEnuJBn6+v4CoDokTa1k6J6s=,Q2pJZEZEmzfa1CCAIr3wE8ci938=
1,3,O+JzEnuJBn6+v4CoDokTa1k6J6s=,DKMozowSH5cbo+Wzatyg/r7PSq0=
1,2,O+JzEnuJBn6+v4CoDokTa1k6J6s=,hWVgn1FtqVRDkVQKf1xJ/L1kibY=
1,5,UyAAOZln1RlAeST4tIqs8+82oBg=,KPK8Kj4SKAD2gk+ko7aT/zOThg8=
1,4,UyAAOZln1RlAeST4tIqs8+82oBg=,WbYqGT6gZO4ab918eZGzUj957m8=
1,7,UyAAOZln1RlAeST4tIqs8+82oBg=,7chydyWmO7u6nVUcH1KjcnnGJ5U=
1,6,UyAAOZln1RlAeST4tIqs8+82oBg=,jqIP3LGci3l7Cbl6pFoXSbe3zwg=
1,9,UyAAOZln1RlAeST4tIqs8+82oBg=,uPOSNZGZ36fKQdhXxbXZvrOOOg0=
1,8,UyAAOZln1RlAeST4tIqs8+82oBg=,SLqAY1/+Y6osS0cr3OREA+m2VZc=
1,11,+nNhjYzChmjrJoWRnK1zwP5Uj/o=,XJo5YxUjac2tpWzXfE2SCe+zF4M=
1,10,+nNhjYzChmjrJoWRnK1zwP5Uj/o=,4Oyn9IkLDdxaash+1cxauffGuw4=
1,13,+nNhjYzChmjrJoWRnK1zwP5Uj/o=,LJl4oyqpWfWgcYYViqgNOr8K8MU=
1,12,+nNhjYzChmjrJoWRnK1zwP5Uj/o=,ooi+iEjJzwGtiTD7XNAX9L3+QXg=
1,15,+nNhjYzChmjrJoWRnK1zwP5Uj/o=,aA4RAlJ1OjVON5AXjgWv929GDjI=
1,14,+nNhjYzChmjrJoWRnK1zwP5Uj/o=,7JE0LAmCelgb/J7ruMnKh05u3zA=
1,17,+nNhjYzChmjrJoWRnK1zwP5Uj/o=,IpW47KKnWXhy8jkxAQIdaiQxzSg=
1,16,+nNhjYzChmjrJoWRnK1zwP5Uj/o=,OxZbR8asxq5pjzkbmrfqVKSJ7+Y=
1,19,jSzXpkwx+yc2n0gOa3csR+y1CY8=,HrU3PKJY7D5O1qVKuiqAluy5jco=
1,18,jSzXpkwx+yc2n0gOa3csR+y1CY8=,2OOB4L+NPJDua2Sm+7lEZTuI17k=
1,21,jSzXpkwx+yc2n0gOa3csR+y1CY8=,VjwzfccLpHYLyBSKcHALdUfEs4U=
1,20,jSzXpkwx+yc2n0gOa3csR+y1CY8=,NE9LlydG2eKzM52XeuZeXUSePwI=
1,23,jSzXpkwx+yc2n0gOa3csR+y1CY8=,QGM+62YKFWiGP8FkXIeGbAhgaB4=
1,22,S8b+Y2+RqqUUk+JxdXUDHPoeTpc=,dwWOkdrKvyGY15IO2jcW7+HDWfY=
1,25,S8b+Y2+RqqUUk+JxdXUDHPoeTpc=,9gMJvcET0B8jPH6vSKKSX34+wbc=
1,24,S8b+Y2+RqqUUk+JxdXUDHPoeTpc=,RdK2g8B1SYM4VxAWKGjwUVCefEs=
1,27,S8b+Y2+RqqUUk+JxdXUDHPoeTpc=,fBO+EpOMqdXMrYfjCiGu4PA/35E=
1,26,CCuhOxrZNS5iepNP/fussnRuqKY=,yMiU+h448/UjFKQjglHcQH2amHc=
1,29,CCuhOxrZNS5iepNP/fussnRuqKY=,NOmj69deMSQy866GlK5QB4P+hOw=
1,28,CCuhOxrZNS5iepNP/fussnRuqKY=,DztNLZSLs1+Fvi4ZOJNUrYAYYNg=
1,31,CCuhOxrZNS5iepNP/fussnRuqKY=,BaykMqhuGe1hDiaK/BOjeu+Z2A4=
1,30,CCuhOxrZNS5iepNP/fussnRuqKY=,ibpKiLp+T0qm34oHSVtxBs4MbVc=
2,2,CCuhOxrZNS5iepNP/fussnRuqKY=,ieSxEwKNPfojKqp3ZbrKNBnnV5E=
2,3,CCuhOxrZNS5iepNP/fussnRuqKY=,sLOljiNuZJHexlpgC37ys8HLG8s=
2,0,mSR7xQpHixb4lix3FCJtNTRXF4Q=,9vNH3T41YZe6fOmIu/DkfxiVSG4=
2,1,mSR7xQpHixb4lix3FCJtNTRXF4Q=,KPtJWKpMza/KVst11Npq2n6kJ5w=
2,6,mSR7xQpHixb4lix3FCJtNTRXF4Q=,RTTHlhHfUDcit9xQDGOOrMLoF18=
2,7,mSR7xQpHixb4lix3FCJtNTRXF4Q=,HAbE5s97NacjfS/2UyEa5WT2xb0=
2,4,mSR7xQpHixb4lix3FCJtNTRXF4Q=,M5ZWjJwY7Hv6BM9CjVVORW2SOxw=
2,5,mSR7xQpHixb4lix3FCJtNTRXF4Q=,U4zxo0IcTuVynAcSqJJjDFSLkxU=
2,10,I74MSuJuCJi+XiQeUmqDXNGZfeM=,1F9VBvNAuIZxyprEwtQH8coYuJw=
2,11,I74MSuJuCJi+XiQeUmqDXNGZfeM=,g+jTg5oqBq+l4XBDwbXedEo2wb0=
2,8,I74MSuJuCJi+XiQeUmqDXNGZfeM=,SLqAY1/+Y6osS0cr3OREA+m2VZc=
2,9,I74MSuJuCJi+XiQeUmqDXNGZfeM=,DQORSF2YIiPkwd4q8d+e+cvSvpE=
2,14,I74MSuJuCJi+XiQeUmqDXNGZfeM=,UuaTpyeY8FEj8wDR4LfEk9zmcP0=
2,15,I74MSuJuCJi+XiQeUmqDXNGZfeM=,515DJh3eFaGUibSFD6bhuQBRTpQ=
2,12,I74MSuJuCJi+XiQeUmqDXNGZfeM=,fApKk80/wW/lTizAfwWewB/QnMA=
2,13,I74MSuJuCJi+XiQeUmqDXNGZfeM=,S611TGoukkwFoWVtTtjmTC6KkQ4=
2,18,JO+lA2+uPSUjLnVjFayo9cT7+SM=,Jt9WgIqWFvqX0RGtXicanTdzuQY=
2,19,JO+lA2+uPSUjLnVjFayo9cT7+SM=,P0QxqX+StelN+B/iVh7yCeIq340=
2,16,JO+lA2+uPSUjLnVjFayo9cT7+SM=,XUjv4Lf+vxHaefUHDp4kIEYbiF0=
2,17,JO+lA2+uPSUjLnVjFayo9cT7+SM=,i6c2HhxehPe4b4Dye9I/JM1z3cg=
2,22,JO+lA2+uPSUjLnVjFayo9cT7+SM=,dwWOkdrKvyGY15IO2jcW7+HDWfY=
2,23,JO+lA2+uPSUjLnVjFayo9cT7+SM=,jBcXJQFGIj3nZTzlexYbKndP3Mo=
2,20,b82MHJR4pz5biWr4ZEJawwSwNyc=,NE9LlydG2eKzM52XeuZeXUSePwI=
2,21,b82MHJR4pz5biWr4ZEJawwSwNyc=,VjwzfccLpHYLyBSKcHALdUfEs4U=
2,26,b82MHJR4pz5biWr4ZEJawwSwNyc=,A6nbIOWjp0+BObMmnNbsDCC8obw=
2,27,b82MHJR4pz5biWr4ZEJawwSwNyc=,uWBbHvAAVrlnkKEaWAhTdz/lvzE=
2,24,b82MHJR4pz5biWr4ZEJawwSwNyc=,TJldQp4gvqbVRJSatCHVEmdW00Q=
2,25,b82MHJR4pz5biWr4ZEJawwSwNyc=,0SLavrXnmAvDPpcB/jOnn9/rvps=
2,30,b82MHJR4pz5biWr4ZEJawwSwNyc=,GcSa2EsxqYAEBHB5jetyOmaxHp4=
2,31,b82MHJR4pz5biWr4ZEJawwSwNyc=,+vDepsyG48mayHTuWPXnyLe5giE=
2,28,in++7TDYT6P+wAowwh4iMbZ3RE8=,niwJVM8hCJ5tnjA3dCGzLXaX7c0=
2,29,in++7TDYT6P+wAowwh4iMbZ3RE8=,Pyi3Prd89PypzgYv7M/E76rQ+dc=
3,3,in++7TDYT6P+wAowwh4iMbZ3RE8=,K1QvqCdhO/QwpKhUmuyxuxuUodw=
3,2,in++7TDYT6P+wAowwh4iMbZ3RE8=,ZdV3vLEo2HAs35igupntbEJwSBU=
3,1,in++7TDYT6P+wAowwh4iMbZ3RE8=,mCyy0uQQrvhtJc3JMOxxFTKO+ps=
3,0,in++7TDYT6P+wAowwh4iMbZ3RE8=,pCpBQRuP/Qbl9EUAjsOZiVRTUzs=
3,7,EXYeWRolwjTS8wbWUGhdoWGav64=,pFGQrZ1Cj7EPbPmLXrBJWYHltfM=
3,6,EXYeWRolwjTS8wbWUGhdoWGav64=,hZjvnOlek5QoKTwGUru0BU9iQng=
3,5,EXYeWRolwjTS8wbWUGhdoWGav64=,YjApLFj4fLCPXnsB3H/mfleTVOU=
3,4,EXYeWRolwjTS8wbWUGhdoWGav64=,8vGRkb5AHgFR5AOXzeG56YihcXo=
3,11,EXYeWRolwjTS8wbWUGhdoWGav64=,T3Xam/RhGGQhCFxdg5CKSrjiD8o=
3,10,EXYeWRolwjTS8wbWUGhdoWGav64=,pHIYy29V0txoPVTmJv4/4sJ3yPE=
3,9,EXYeWRolwjTS8wbWUGhdoWGav64=,7aXf4jcwPvk0JiH3BEZd296uY8c=
3,8,2/FP3P2kv4ypqE/e+GxfIvGoIOw=,SLqAY1/+Y6osS0cr3OREA+m2VZc=
3,15,2/FP3P2kv4ypqE/e+GxfIvGoIOw=,X9tFnEYeQc+qsItBOMvy/ezZvR4=
3,14,2/FP3P2kv4ypqE/e+GxfIvGoIOw=,sNA1uasfN3q5kM+pom40TO0fib8=
3,13,2/FP3P2kv4ypqE/e+GxfIvGoIOw=,oIh1jFTorKCDTbp6sx8Y14gw7NM=
3,12,2/FP3P2kv4ypqE/e+GxfIvGoIOw=,9FgGkH5Ntr0bzk6fxnc8kzNZlYk=
3,19,2/FP3P2kv4ypqE/e+GxfIvGoIOw=,GPuqLgM60vUWCuvq8cLo5R6P/c0=
3,18,2/FP3P2kv4ypqE/e+GxfIvGoIOw=,ANNLkSZUBeYhhFX23AUqPgAedK4=
3,17,2/FP3P2kv4ypqE/e+GxfIvGoIOw=,Ky5DlkvfytySgZEyprxW9hLxulE=
3,16,bte7So5vD/jkaZesW677lyNPoU4=,tc2lUQPwRQywI2JwUqrjDhrswVU=
3,23,bte7So5vD/jkaZesW677lyNPoU4=,Xbt2LIIzko5/9WDd/LtdwdfDlaI=
3,22,bte7So5vD/jkaZesW677lyNPoU4=,XTWcdtj+5HUw9S3tS/QhP+mFhU8=
3,21,bte7So5vD/jkaZesW677lyNPoU4=,SGonjf8DCV4CdofsNRKasxtKx+g=
3,20,bte7So5vD/jkaZesW677lyNPoU4=,H2a1md2FpuirHC+335QVNFLhL64=
3,27,bte7So5vD/jkaZesW677lyNPoU4=,TZ7VCCYJpX0f2wJGlzKD3MVieMA=
3,26,bte7So5vD/jkaZesW677lyNPoU4=,74y/kA/8eLq1J4WW9Q+VeCDZSTE=
3,25,bte7So5vD/jkaZesW677lyNPoU4=,vpr+SmkMySPTc4rsfJeUM9N18mc=
3,24,W3fm63AwYg+n3PcFhwi42D1eux8=,namMLlD4kar5Uxwz6+jewwzuXAs=
3,31,W3fm63AwYg+n3PcFhwi42D1eux8=,KqbaqiffAzQInXJ7GWpl1S5mbLA=
3,30,W3fm63AwYg+n3PcFhwi42D1eux8=,7a/7VtkCryoBh/eJZcpENHEroc0=
3,29,W3fm63AwYg+n3PcFhwi42D1eux8=,GQUocWSHO36H8mzQaIbqFkYraZw=
3,28,W3fm63AwYg+n3PcFhwi42D1eux8=,TZ7VCCYJpX0f2wJGlzKD3MVieMA=
4,4,W3fm63AwYg+n3PcFhwi42D1eux8=,9BhE/X4bG0UOyfpzt9QbIxo4SLg=
4,5,W3fm63AwYg+n3PcFhwi42D1eux8=,tda0BFfOkHO0AtEgi6WIDX4t5pk=
4,6,Na4aVX/trxfYxB1by2dBrZqnfPk=,xtVB4ANAYv+g9Gu9UNzBzNwJkDY=
4,7,Na4aVX/trxfYxB1by2dBrZqnfPk=,G8vg0lNAJDR/0pNH14XWD8SKiok=
4,0,Na4aVX/trxfYxB1by2dBrZqnfPk=,edthEl0YY3ZJp2v3gUtXkLiM2nM=
4,1,Na4aVX/trxfYxB1by2dBrZqnfPk=,2zD2EOkgFBJVa6OQbVX2Y2+YcnE=
4,2,Na4aVX/trxfYxB1by2dBrZqnfPk=,e2NX8GNhRtU2Qp1Ya1R2CKVV4yU=
4,3,Na4aVX/trxfYxB1by2dBrZqnfPk=,kaVo9Q6zxcVVCnyMMGVDYCCxsjE=
4,12,+7IlNxqqZpsEh1bwemPTbrD9pCU=,IJulmSsc4zH1oaZmwBmJwVcqbIc=
4,13,+7IlNxqqZpsEh1bwemPTbrD9pCU=,UylCgKuuefYwou8To8Ybb5kcoOI=
4,14,+7IlNxqqZpsEh1bwemPTbrD9pCU=,6ek3Tpg54KNOTIbgiMVWT+CN6oA=
4,15,+7IlNxqqZpsEh1bwemPTbrD9pCU=,RP5ALRzwoqs9lS3oeFB6d3Rzku8=
4,8,+7IlNxqqZpsEh1bwemPTbrD9pCU=,m9JDypCQIDoXYW64Nim8euSTAbk=
4,9,+7IlNxqqZpsEh1bwemPTbrD9pCU=,W3dOUtFuxqOBWVwuR5MJh/lfcBI=
4,10,+7IlNxqqZpsEh1bwemPTbrD9pCU=,rf0Sb6T6noKwoZtXW+fSuMwEiEI=
4,11,+7IlNxqqZpsEh1bwemPTbrD9pCU=,5TjSSw/7S3qKVpyGF3XzZNyyO5E=
4,20,Zn0CK7EmguT1XrBXcUtIn1rWB2g=,GB4GWF26oK0JZmNyPS0RBNo8tT4=
4,21,Zn0CK7EmguT1XrBXcUtIn1rWB2g=,286gMQMGOZgtWs9iCZ3HBWKrZT8=
4,22,Zn0CK7EmguT1XrBXcUtIn1rWB2g=,i0QKAc199N7RfdDE/fgBdTEB5aA=
4,23,Zn0CK7EmguT1XrBXcUtIn1rWB2g=,YySo1fh8RhgG1xWgSWKzjzUL/bQ=
4,16,Zn0CK7EmguT1XrBXcUtIn1rWB2g=,ZtuD9nh3jWK5I5va1NiyIv1VXV8=
4,17,Zn0CK7EmguT1XrBXcUtIn1rWB2g=,kjdqGHYcnJvQKatWR2Soy6RClhk=
4,18,Zn0CK7EmguT1XrBXcUtIn1rWB2g=,+HAkpWL1cvaFLrMguUjMQIEX50g=
4,19,Zn0CK7EmguT1XrBXcUtIn1rWB2g=,p6t3drrce5cyxdgUsEQV36gUElQ=
4,28,YZLN00ZQf9y+wC90qD+vzQaPpC4=,cscy7D562FaRE9OVEJ5oQVU9k6U=
4,29,YZLN00ZQf9y+wC90qD+vzQaPpC4=,8rL3rdc9SFFWwRv9BwFMdp9AGgA=
4,30,YZLN00ZQf9y+wC90qD+vzQaPpC4=,IuzXWp1lzdW94b0WOhaepz7+f88=
4,31,YZLN00ZQf9y+wC90qD+vzQaPpC4=,OW47UOTfD9jNi03lFjrKN7MkJn0=
4,24,YZLN00ZQf9y+wC90qD+vzQaPpC4=,2cIS+fez5oiEo5lsGgqI4RKDMbo=
4,25,YZLN00ZQf9y+wC90qD+vzQaPpC4=,JmDIqZEvF0m1Ty+q+tzojT8Gm7s=
4,26,YZLN00ZQf9y+wC90qD+vzQaPpC4=,TIa2tgxZ1/E9UK0bGHwozCMYmLQ=
4,27,YZLN00ZQf9y+wC90qD+vzQaPpC4=,kHVNqKpgrDNSyMV2LESetlpl5jw=
5,5,hSOEroqnJ4wB25Dh4gOEwOREpAU=,Sq5fKzef+e9jFFPiE6rAUZSEMRo=
5,4,hSOEroqnJ4wB25Dh4gOEwOREpAU=,9BhE/X4bG0UOyfpzt9QbIxo4SLg=
5,7,hSOEroqnJ4wB25Dh4gOEwOREpAU=,AAVOhU9U75y1JS3cgn+JI9VxsPA=
5,6,hSOEroqnJ4wB25Dh4gOEwOREpAU=,zryO1bunNa0vQxXIdbREeWTuAOA=
5,1,hSOEroqnJ4wB25Dh4gOEwOREpAU=,mA9fkg14q3CHuzuF2GG0LHoZz3A=
5,0,hSOEroqnJ4wB25Dh4gOEwOREpAU=,Z0G6IBp5+WXSJbombOPMBGoFk3Y=
5,3,hSOEroqnJ4wB25Dh4gOEwOREpAU=,Ma3/4pTpeCvkU2qOy2hIcDFT7ik=
5,2,454THtYMhp9stGzx+RGrZZadYb0=,186vyx2E+9wmXPdWOwiRjU3hhaM=
5,13,454THtYMhp9stGzx+RGrZZadYb0=,Ye7JH42rbl2RbO4XIP/vRCxHy9s=
5,12,454THtYMhp9stGzx+RGrZZadYb0=,jUHD6datXf5kmSsa9++Q1nWsf4Q=
5,15,454THtYMhp9stGzx+RGrZZadYb0=,mPwUwED6354XGOcltILZIUSmZ2I=
5,14,454THtYMhp9stGzx+RGrZZadYb0=,fI2PHwgs/Z/uhskGQh/bQVm2yLs=
5,9,454THtYMhp9stGzx+RGrZZadYb0=,8KtKetuPro5LLda6AUW+IUeVa6E=
5,8,IyXFUp147CqON7c+PkA0gwe8qmg=,+aIUTXIgYcPeIR952NkSXnBEWcY=
5,11,IyXFUp147CqON7c+PkA0gwe8qmg=,fwmtKBhlNsbsaRA4OZBMAVrO8cI=
5,10,IyXFUp147CqON7c+PkA0gwe8qmg=,F9goWa9NZP0yJ0ozb4GalzzY5ww=
5,21,IyXFUp147CqON7c+PkA0gwe8qmg=,j1XJ8/ldldiOnUhnzbvnAbdQi+s=
5,20,IyXFUp147CqON7c+PkA0gwe8qmg=,wOslmfvTQIDD7yK/L6ewS3dFu7I=
5,23,IyXFUp147CqON7c+PkA0gwe8qmg=,MDFoCgKd5CdLJM1gySS7XjbfROQ=
5,22,IyXFUp147CqON7c+PkA0gwe8qmg=,WvkXziIkiaHJCIlA8gBXajsJNIw=
5,17,IyXFUp147CqON7c+PkA0gwe8qmg=,sIUfpFXYTs3fPgmq40825M/a0tc=
5,16,PwqsxQ9Vs5PK4ZKhy875pZGtCLs=,jCj9RGV2d3KNWJLoNHiO/FLnRuQ=
5,19,PwqsxQ9Vs5PK4ZKhy875pZGtCLs=,bOrP2Y6CRRMQ2yE+buEI24WQFbA=
5,18,PwqsxQ9Vs5PK4ZKhy875pZGtCLs=,U4bdmXKO3xa0+VrUYQH+6dhlRZs=
5,29,PwqsxQ9Vs5PK4ZKhy875pZGtCLs=,QjVdt4m776lJ13ptpA+2agQ8zX4=
5,28,PwqsxQ9Vs5PK4ZKhy875pZGtCLs=,sJ9gyL3NIcEAIOWPsnvW+WpeFHc=
5,31,PwqsxQ9Vs5PK4ZKhy875pZGtCLs=,qCvyzf0C0ikTaRhBANZkPZb1O9E=
5,30,PwqsxQ9Vs5PK4ZKhy875pZGtCLs=,Jv9r84/0KM5B7of4BgEitpo6yAc=
5,25,BSB7TumIockPSHuefHWo4KhI24Y=,cSiSrG5imy7LPDwQ5B/Vj1j6kyA=
5,24,BSB7TumIockPSHuefHWo4KhI24Y=,F+YzJ6dxov7oar3vNXnQ/O1a/qo=
5,27,BSB7TumIockPSHuefHWo4KhI24Y=,XdsDYWxyD/peg/RbWWW9zuCKyd0=
5,26,BSB7TumIockPSHuefHWo4KhI24Y=,Vfpc30ffa6iWF8tO7bsmvSvIHuI=
6,6,BSB7TumIockPSHuefHWo4KhI24Y=,CSX5wWRLcYbrJRAagJ2txOXhS2g=
6,7,BSB7TumIockPSHuefHWo4KhI24Y=,QuL7Ud5sD19JeTIXqrGqJwc4Nw8=
6,4,BSB7TumIockPSHuefHWo4KhI24Y=,J5l3veRkb5G0VwrAcX6NtSism2o=
6,5,BSB7TumIockPSHuefHWo4KhI24Y=,q1/o2dEBVwQ2Zv3HadoDB3I2ooA=
6,2,pX4mb9V4i75wvYMXQtGMAEm7dh4=,5b5JopWggLeTbxkWEDMzW6HuGbk=
6,3,pX4mb9V4i75wvYMXQtGMAEm7dh4=,8knjRcwR/PvvTJW9xVYaaGT50M8=
6,0,pX4mb9V4i75wvYMXQtGMAEm7dh4=,OasizlSUfMgnBxR8EYcxfLaVq0U=
6,1,pX4mb9V4i75wvYMXQtGMAEm7dh4=,0B15KtRNDi5ledSrJLczjlx+nK4=
6,14,pX4mb9V4i75wvYMXQtGMAEm7dh4=,1qC5rtfBfli/Kgs7pbp33NQz/sg=
6,15,pX4mb9V4i75wvYMXQtGMAEm7dh4=,O3UIWxCHsf6sQiJG5ItbFaSNbdw=
6,12,OgodBKjf6Ler+P/JDeugNA+XuZw=,rUDpQdvGZg+7TcwzrQZz4du60ig=
6,13,OgodBKjf6Ler+P/JDeugNA+XuZw=,Js2XlfdwrADtMwnN+bJ39i7CiJU=
6,10,OgodBKjf6Ler+P/JDeugNA+XuZw=,8q0fjX1tMRoRxqjuelSkpAaSWu0=
6,11,OgodBKjf6Ler+P/JDeugNA+XuZw=,7yEni/oieiKje+sNuwFxPkUe6ig=
6,8,OgodBKjf6Ler+P/JDeugNA+XuZw=,qW/KeP8oEJDPKHexRUmR/fCGTVk=
6,9,OgodBKjf6Ler+P/JDeugNA+XuZw=,nS+1xULZpsyoxfS1i+dan1A4SNg=
6,22,OgodBKjf6Ler+P/JDeugNA+XuZw=,D97IToPDIqMgoLlXbrdCXFkJLbg=
6,23,OgodBKjf6Ler+P/JDeugNA+XuZw=,HVlWNsRVYeOMNlmB88FQxNzEeQE=
6,20,PYUM+6dj68jj9kRzR2UFpyMyHZI=,OSfW+jTfEgx2+7Rerk2OINYe2pM=
6,21,PYUM+6dj68jj9kRzR2UFpyMyHZI=,/Vug5V7huLAjZ+MyIQs88G831sA=
6,18,PYUM+6dj68jj9kRzR2UFpyMyHZI=,/XzLRu5T7moXCKliuQuKPO3E5us=
6,19,PYUM+6dj68jj9kRzR2UFpyMyHZI=,SlmS/QBF54QD06ceLM+G84fl/xA=
6,16,PYUM+6dj68jj9kRzR2UFpyMyHZI=,QZ0yxiOUbJawMr8Nn60Vp7WhXrs=
6,17,PYUM+6dj68jj9kRzR2UFpyMyHZI=,xO9wZLFHTubqFx/eBFVwp9PAmr0=
6,30,PYUM+6dj68jj9kRzR2UFpyMyHZI=,+w4XUGV1lkmDGxdSj2QH93meRzI=
6,31,PYUM+6dj68jj9kRzR2UFpyMyHZI=,2jmjE9JII3v0nnLZj/XMPOF+aow=
6,28,Gsm7LgHxZUAjfUYdMMzPCdDzb5E=,uc8F1G/kAr5HIRZ7bZqfn3PENe8=
6,29,Gsm7LgHxZUAjfUYdMMzPCdDzb5E=,r4eCtVipBaE56GbiI3wwCYexS0Q=
6,26,Gsm7LgHxZUAjfUYdMMzPCdDzb5E=,9bNEJk/aADD+xCDtag90jbdD0U0=
6,27,Gsm7LgHxZUAjfUYdMMzPCdDzb5E=,6Mzk4JqWirQqFbRYy72dzLpFNfA=
6,24,Gsm7LgHxZUAjfUYdMMzPCdDzb5E=,TYEbLfNMRbD55DjHdHEIqcvL6uY=
6,25,Gsm7LgHxZUAjfUYdMMzPCdDzb5E=,HY/Iw4uY0t8xxiG10H05CiEfi54=
7,7,Gsm7LgHxZUAjfUYdMMzPCdDzb5E=,RiCD5G1dXblYNWJrjsxe0thpQfE=
7,6,Gsm7LgHxZUAjfUYdMMzPCdDzb5E=,mMMNoUh2DrLJJ4SMMHYBpK2fqKE=
7,5,Gsm7LgHxZUAjfUYdMMzPCdDzb5E=,L1NzpS7OlbBIvAj2LperDlG06zQ=
7,4,a5KqRFh0FrBs6VEgeugUlWkcoyU=,4IK1PmA0reWdsxcYbTTb7+n/yfM=
7,3,a5KqRFh0FrBs6VEgeugUlWkcoyU=,SKgueQvCm6eMtBObis+SDsnZIR4=
7,2,a5KqRFh0FrBs6VEgeugUlWkcoyU=,yNm9gzThHuAw80WRDCuE++BbaPw=
7,1,a5KqRFh0FrBs6VEgeugUlWkcoyU=,i3aZ5BPuUATIw4GQdErDwN9aMgQ=
7,0,a5KqRFh0FrBs6VEgeugUlWkcoyU=,YQtShIkGz8B6M6ZsIbeGp5XkU5M=
7,15,vmq9h6t0JtEhkm7q2cgeFwo3LLE=,wvazGw8nB2vcJibNhDw1XkiWrsQ=
7,14,vmq9h6t0JtEhkm7q2cgeFwo3LLE=,PPvd61V+T8AHYusy2HGvaJBLXOc=
7,13,vmq9h6t0JtEhkm7q2cgeFwo3LLE=,a3NV5hUQCNZf5hMgwxKLiv4tCEE=
7,12,vmq9h6t0JtEhkm7q2cgeFwo3LLE=,28eJl0Pg/4RKs5aKCklUgNiraaI=
7,11,vmq9h6t0JtEhkm7q2cgeFwo3LLE=,7uTBQUS0XrBAWtzC8AT20UfiBgI=
7,10,vmq9h6t0JtEhkm7q2cgeFwo3LLE=,a5eIyAdbrqyHiwafay6CtBNbLYQ=
7,9,vmq9h6t0JtEhkm7q2cgeFwo3LLE=,E+G7unxhp9GaBmRL8IELAGGzHWI=
7,8,vmq9h6t0JtEhkm7q2cgeFwo3LLE=,k/YegNQKB+S1eDD9pQD86HEU2qQ=
7,23,vmq9h6t0JtEhkm7q2cgeFwo3LLE=,AIuv5n06qvx7+b0bHcquWohr7gw=
7,22,JAFJD0mJvN7POz2//vQ/SFXAW5Q=,XAkk5gMRJPiQvIiQLRm2kMl1vug=
7,21,JAFJD0mJvN7POz2//vQ/SFXAW5Q=,ec5ZFoAOdw9/KtyjMiwuzk4ZnZc=
7,20,JAFJD0mJvN7POz2//vQ/SFXAW5Q=,KtY77Vunv2/WhA23vG+0obRYKAc=
7,19,JAFJD0mJvN7POz2//vQ/SFXAW5Q=,naAdM3iGQL13Jfm3/bSbiK+laEQ=
7,18,JAFJD0mJvN7POz2//vQ/SFXAW5Q=,naAdM3iGQL13Jfm3/bSbiK+laEQ=
7,17,JAFJD0mJvN7POz2//vQ/SFXAW5Q=,JbZGaji9oA/aPtLTTE+bKaeQjKo=
7,16,JAFJD0mJvN7POz2//vQ/SFXAW5Q=,YpueVe/QKBaO/QYE05d4AeTPJ5k=
7,31,JAFJD0mJvN7POz2//vQ/SFXAW5Q=,3/KT1CMyJ1Z8lWyhxNbXY5u81Go=
7,30,FjuC7Q9uYelePDD9k6QvMcScumE=,CizJ29DRbK6McTKzmBqyBrZS4H8=
7,29,FjuC7Q9uYelePDD9k6QvMcScumE=,YVtcqreNiNEBzHhIORvmCPFwdbM=
7,28,FjuC7Q9uYelePDD9k6QvMcScumE=,3l6E6NYd36ZP66Kstlm9Su3Cjv4=
7,27,FjuC7Q9uYelePDD9k6QvMcScumE=,ceuyQB7xeEoIWZ68YmJ6StVid8M=
7,26,FjuC7Q9uYelePDD9k6QvMcScumE=,qwZM+VvgTi/6e+S0Jl3pmasRoro=
7,25,FjuC7Q9uYelePDD9k6QvMcScumE=,6ckF2Y1yzAXt+you0BUm+IIz//Q=
7,24,FjuC7Q9uYelePDD9k6QvMcScumE=,/ao10f7pxpmkggFfYJTWd74wzfg=
8,8,FjuC7Q9uYelePDD9k6QvMcScumE=,k31TaRVJHa4/3xFZSd2cudxEnZI=
8,9,BmiiYROtH67V3IH8ngbZnD9Y4bQ=,Vuj7SfJL+Ojm9INDIMHqo6wlGgs=
8,10,BmiiYROtH67V3IH8ngbZnD9Y4bQ=,W23ZVd6RINvshoUQa11zgPgTUsc=
8,11,BmiiYROtH67V3IH8ngbZnD9Y4bQ=,GMF5hdQDf8jBLXK19GGag/OwjF8=
8,12,BmiiYROtH67V3IH8ngbZnD9Y4bQ=,u0KSBPqYKmFsgSzzXm9ScMjIzxE=
8,13,BmiiYROtH67V3IH8ngbZnD9Y4bQ=,qboySveqL7/+OpiuvRtjRCj7AsM=
8,14,BmiiYROtH67V3IH8ngbZnD9Y4bQ=,8U6x0463LTGudKBGoRJjTTCl48Y=
8,15,BmiiYROtH67V3IH8ngbZnD9Y4bQ=,HOHSnuZa3hnjNBYscyAanWaLCqw=
8,0,yGax828W8xpThKbgEryi1HJZHQM=,BW3Ny86osARXsUuOXrmiMtwgfFo=
8,1,yGax828W8xpThKbgEryi1HJZHQM=,kThOVjIlszziIJFldGVF9qD4oaQ=
8,2,yGax828W8xpThKbgEryi1HJZHQM=,dVhmJT2BrgWDPOh93CJFIdLcYNk=
8,3,yGax828W8xpThKbgEryi1HJZHQM=,YuHRoAiOZZZNNuTrnqQ07weBG2s=
8,4,yGax828W8xpThKbgEryi1HJZHQM=,mnxV8ouV43wjJdat5d8hXVmu6sE=
8,5,yGax828W8xpThKbgEryi1HJZHQM=,EwvChyO9ugQ/GmmJu6Oszo4jpGk=
8,6,JOk34IASmtWPkjmFXJHYEl9zxYk=,i8ltJf6kqWxoFuCa1tLbGPvXTMs=
8,7,JOk34IASmtWPkjmFXJHYEl9zxYk=,q/m/+DKrQng308C7pklApA3ehoo=
8,24,JOk34IASmtWPkjmFXJHYEl9zxYk=,EIXthGyR+JEKXp2qdaxlkc3QD4M=
8,25,JOk34IASmtWPkjmFXJHYEl9zxYk=,QqZA7jRSRc8V/z8ZrdCnvf1TeNc=
8,26,JOk34IASmtWPkjmFXJHYEl9zxYk=,+3xmHXrOT9Gr/Cwl/PBqcK1Cg5I=
8,27,JOk34IASmtWPkjmFXJHYEl9zxYk=,aRuK5JnuOih87UB+XOXHVO/K5eU=
8,28,JOk34IASmtWPkjmFXJHYEl9zxYk=,WdtQ6OKHb6HGJR2jVH5xeCKgKW8=
8,29,JOk34IASmtWPkjmFXJHYEl9zxYk=,q1Nq20P6JX0LDIccK7k0gUHxlvY=
8,30,JWn2HgOp93dhmGw0KblllVM9HSY=,sg18ZSCSjJmYopvqyBPaGFM58xE=
8,31,JWn2HgOp93dhmGw0KblllVM9HSY=,aRuK5JnuOih87UB+XOXHVO/K5eU=
8,16,JWn2HgOp93dhmGw0KblllVM9HSY=,X7412BSbwh+Jq4ottAjW6+82mFs=
8,17,JWn2HgOp93dhmGw0KblllVM9HSY=,TPXkt/IFfmThFZ4Bm41F72/e/ho=
8,18,JWn2HgOp93dhmGw0KblllVM9HSY=,PEe4AAiqKERm5ZnormIpdFkYKqU=
8,19,JWn2HgOp93dhmGw0KblllVM9HSY=,Rm62b3u9l/jp58cDhwspwbAlfuU=
8,20,JWn2HgOp93dhmGw0KblllVM9HSY=,b6BzIHsfD8Z7rBftegF0Ey94Hdc=
8,21,JWn2HgOp93dhmGw0KblllVM9HSY=,/H1REi8X2d990ebZqcXY9WS7Uvg=
8,22,Jm854SgAHf3S1bx1PiuMSvkqJmg=,/H1REi8X2d990ebZqcXY9WS7Uvg=
8,23,Jm854SgAHf3S1bx1PiuMSvkqJmg=,LHH/hW10z4IAPJZIFOdbg4xlWV0=
9,9,Jm854SgAHf3S1bx1PiuMSvkqJmg=,UKGvSgUFytB7cV868cUMBoS0O6A=
9,8,Jm854SgAHf3S1bx1PiuMSvkqJmg=,ejp1c8IsUXSCkli3Bj8edgDKTy8=
9,11,Jm854SgAHf3S1bx1PiuMSvkqJmg=,j2pkmac42RKQbfsgF9f96GXHBQo=
9,10,Jm854SgAHf3S1bx1PiuMSvkqJmg=,+ejlLjd4lGV/6iD+JoM9sZlK2yQ=
9,13,Jm854SgAHf3S1bx1PiuMSvkqJmg=,Q+bUSniVGolbvEBGwq7eo+ipUHM=
9,12,Jm854SgAHf3S1bx1PiuMSvkqJmg=,M1QSfbtUjtfBTI+BK0WrTG4Nn4g=
9,15,//zjZbILMdzmlJtj85BbIelh3qs=,BtAwDgvDWMYxMUifSy05wiIlMHg=
9,14,//zjZbILMdzmlJtj85BbIelh3qs=,gYXFihBmDNJnPahZ8pPJfe44/3I=
9,1,//zjZbILMdzmlJtj85BbIelh3qs=,zGjvIsbrowGYKgsMKh9sg0dqnwg=
9,0,//zjZbILMdzmlJtj85BbIelh3qs=,Niq802Tb4FUW5jwhSL3m4igHIqY=
9,3,//zjZbILMdzmlJtj85BbIelh3qs=,6xtl+kjvEfAubd5hPaoKFwv5dI4=
9,2,//zjZbILMdzmlJtj85BbIelh3qs=,YGa29rgT2b0G16saDzNX2CCWFZU=
9,5,VRk5KvlVfRVRbrFPxyEef7YfD+8=,Rtv3gRhWr3wfOXdOcDmvbp5F2Po=
9,4,VRk5KvlVfRVRbrFPxyEef7YfD+8=,0ZIJndxiHy2+LNxCk6MtjZ4axPQ=
9,7,VRk5KvlVfRVRbrFPxyEef7YfD+8=,i3BWwX5rjdlg5CzrrcoRTKiLaXg=
9,6,VRk5KvlVfRVRbrFPxyEef7YfD+8=,xxkFzrz7yA5J3UQDEvSQ/vZ2iqQ=
9,25,VRk5KvlVfRVRbrFPxyEef7YfD+8=,GOr0vaHD4nID9Mjkuk0/X1f6L7s=
9,24,VRk5KvlVfRVRbrFPxyEef7YfD+8=,lIOSnraSHFZImNAt6S+aL6Q5GBo=
9,27,VRk5KvlVfRVRbrFPxyEef7YfD+8=,Zwwoe/U1uG9Pfj/zgQzm1hMZ1p4=
9,26,Qs8WCrAHNvVRV2OfJynteomupfE=,uGNZblumfZejgpqr/CL/BYZTp/o=
9,29,Qs8WCrAHNvVRV2OfJynteomupfE=,d5FGF27oEK9JEaWWdGOgl5Rp0yY=
9,28,Qs8WCrAHNvVRV2OfJynteomupfE=,fXY9q5b+k7EGiDFMG4Q7nINaZVk=
9,31,Qs8WCrAHNvVRV2OfJynteomupfE=,UqtZ/phyRbChW2yv5fPOOFrPOxg=
9,30,Qs8WCrAHNvVRV2OfJynteomupfE=,+S2C5snaAa3UNK10Pb0xmYYg6Qc=
9,17,Qs8WCrAHNvVRV2OfJynteomupfE=,8We2wiKrVwjeC4WhoGvMYss248A=
9,16,Qs8WCrAHNvVRV2OfJynteomupfE=,A53Qvjc2+GR3JP15UsFyA5BJopo=
9,19,Qs8WCrAHNvVRV2OfJynteomupfE=,yjrbMkoNgXmxz4+aAO4Rvoqroas=
9,18,Ues6EZqoe1OCnsMM0772io7RVV4=,zMfOdzkB+OSwlVeXYLVez+5t4xE=
9,21,Ues6EZqoe1OCnsMM0772io7RVV4=,E30Nf5dPyDcfIP5jKbYsR5a5PmY=
9,20,Ues6EZqoe1OCnsMM0772io7RVV4=,FzZ4s+tX4Hk8gMaOxCU3dik/vuo=
9,23,Ues6EZqoe1OCnsMM0772io7RVV4=,6g6l6jPgov6DbGFFAKidgcECF1Q=
9,22,Ues6EZqoe1OCnsMM0772io7RVV4=,0DucF1L8N7xVi5UGX9KbARq94nE=
10,10,Ues6EZqoe1OCnsMM0772io7RVV4=,LIzQuwHrkHG3qYBNt6oSb+50bh0=
10,11,Ues6EZqoe1OCnsMM0772io7RVV4=,HR6n2aPCSAMAbAOns9STLgdg6QA=
10,8,Ues6EZqoe1OCnsMM0772io7RVV4=,xSJcb+uh8WG8xTlWBxiUx5Wd2vM=
10,9,8AT72Y6emb88NU+KBXr2LfoSXa0=,+YE3cXqcaBqUBo16pO7RHdjlHek=
10,14,8AT72Y6emb88NU+KBXr2LfoSXa0=,ACRvogP2VFAScXDJHz33GS4F6RM=
10,15,8AT72Y6emb88NU+KBXr2LfoSXa0=,v0j3v8MYcJCjwNU14yLDa8wC8tQ=
10,12,8AT72Y6emb88NU+KBXr2LfoSXa0=,0P3p+uGGcfhdsp+eMyRFA2oEFLc=
10,13,8AT72Y6emb88NU+KBXr2LfoSXa0=,bnH140d7cSapU3RZ2VEXPsC1ucw=
10,2,8AT72Y6emb88NU+KBXr2LfoSXa0=,IF0OyktvxYICDm+7vfaPwe7FsH0=
10,3,8AT72Y6emb88NU+KBXr2LfoSXa0=,CO4YusRgwoVvd7b9AWAEPr6MJfk=
10,0,vBEmLl+JW/IHsqXZskg623OCcp4=,W/4Wd6dwKfy/e/XyQ55MDdsUIOk=
10,1,vBEmLl+JW/IHsqXZskg623OCcp4=,E4K41DDqdQZJ50+B+AfW3bP85rg=
10,6,vBEmLl+JW/IHsqXZskg623OCcp4=,4WLa+3vjyeocyiK53GXPCthleAA=
10,7,vBEmLl+JW/IHsqXZskg623OCcp4=,jJTq5zgRGSlHOgRVV2IJIzI64cQ=
10,4,vBEmLl+JW/IHsqXZskg623OCcp4=,pERNKtL9DfAHol6AA26d6hs+0KU=
10,5,vBEmLl+JW/IHsqXZskg623OCcp4=,/ZwQybACHB+gsX33BUol+oW48hw=
10,26,vBEmLl+JW/IHsqXZskg623OCcp4=,C2pX4qXUJyg1BugDdifd5hhjWvU=
10,27,HyMF6Ibwh/5xTJy71XBSWM//sag=,C2pX4qXUJyg1BugDdifd5hhjWvU=
10,24,HyMF6Ibwh/5xTJy71XBSWM//sag=,plzZi+SgB2TWUwzoI2qqKPEmaXI=
10,25,HyMF6Ibwh/5xTJy71XBSWM//sag=,YVp3tNWIKXU/fNUlVwloSMPD/tQ=
10,30,HyMF6Ibwh/5xTJy71XBSWM//sag=,mnG0Nrn4Q/xUHBP9Jtgle7GVyIk=
10,31,HyMF6Ibwh/5xTJy71XBSWM//sag=,qg9Qm9x0OAzyMG3CPAU0MbuN3UM=
10,28,HyMF6Ibwh/5xTJy71XBSWM//sag=,79dRLhgh235PkgLgL/9suwPxyaA=
10,29,HyMF6Ibwh/5xTJy71XBSWM//sag=,YAQjbcWpzDuCB2qKARQU8w0Em0s=
10,18,HyMF6Ibwh/5xTJy71XBSWM//sag=,C/zG4wUqDGZFiquR7bnwGozItIA=
10,19,HyMF6Ibwh/5xTJy71XBSWM//sag=,iDNTYk+fba5lBHfTpmIGuq9SM9g=
10,16,Wuju63Xtj4P5sUvL6vXR6uquURg=,B6QzeWujiGL/jMZBbepA8ibNF7w=
10,17,Wuju63Xtj4P5sUvL6vXR6uquURg=,aRBlia2KgsPn6D6riu81WsSCsWI=
10,22,Wuju63Xtj4P5sUvL6vXR6uquURg=,N/9trF51BLjj493+TFhJXdN7vZE=
10,23,Wuju63Xtj4P5sUvL6vXR6uquURg=,K5OApyxiY1SdXASRtAJE7W+b6m0=
10,20,Wuju63Xtj4P5sUvL6vXR6uquURg=,AR39JsH34AxdZY6vF7L0tbOGYok=
10,21,Wuju63Xtj4P5sUvL6vXR6uquURg=,gh9hn53lmckrP1qamjnttIXp1jU=
11,11,Wuju63Xtj4P5sUvL6vXR6uquURg=,UivCvYv8RK67XF320/5HPcTGBxs=
11,10,Wuju63Xtj4P5sUvL6vXR6uquURg=,i7Vj86aaEl8o5msuyZi5OUG6fcw=
11,9,2UH/z3Fy+VfT3j4M3d9RxxO6LO4=,Mlt0zjseu4052eQUWmL4pG4DKXE=
11,8,2UH/z3Fy+VfT3j4M3d9RxxO6LO4=,sV8QlMyHPMiDFr9suzJp+XmbqK8=
11,15,2UH/z3Fy+VfT3j4M3d9RxxO6LO4=,fjyR29uYsfwxH56qKmUorJRuF78=
11,14,2UH/z3Fy+VfT3j4M3d9RxxO6LO4=,WhKm17d14zkaL4aTkTXny5YTGz0=
11,13,2UH/z3Fy+VfT3j4M3d9RxxO6LO4=,jhNxE1LZlwbKnErbyAGoF9SAVEk=
11,12,2UH/z3Fy+VfT3j4M3d9RxxO6LO4=,/Bp7TBIRsauA1SBzMDmkL2Gu2qw=
11,3,2UH/z3Fy+VfT3j4M3d9RxxO6LO4=,eSAE5Hxk7bt91jo7c9/WXom6YOE=
11,2,EJUX/nQcJLrgoF7oRParVLXLC+0=,FPyDNdUC2S9qWSLqyPGakrsuelY=
11,1,EJUX/nQcJLrgoF7oRParVLXLC+0=,fiYP47jNsdQU3Fi6QEqd+BBtQRM=
11,0,EJUX/nQcJLrgoF7oRParVLXLC+0=,j9nrqB9St9ldrZdyyhWPnfyX1VY=
11,7,EJUX/nQcJLrgoF7oRParVLXLC+0=,W1KnE/aiVCLyvRrpg3ROuC49pc4=
11,6,EJUX/nQcJLrgoF7oRParVLXLC+0=,qJIsA66NuJwx0tI4+GbLaThDWkY=
11,5,EJUX/nQcJLrgoF7oRParVLXLC+0=,5dBMIq7Dz53A8o6G5qU9vD6q7Xc=
11,4,a2KibPQzBqg9KGwRIkLXZJeqPwM=,Ij4R2umEj6snWmiC4bLA4PYGxOU=
11,27,a2KibPQzBqg9KGwRIkLXZJeqPwM=,DHr/sNtb9MJIp9FASOHPZN2tkYY=
11,26,a2KibPQzBqg9KGwRIkLXZJeqPwM=,wdH/dG9Uj8smknSH7MR/77VRI3A=
11,25,a2KibPQzBqg9KGwRIkLXZJeqPwM=,yXYpeysihBqO6vWDvyoAks9POiQ=
11,24,a2KibPQzBqg9KGwRIkLXZJeqPwM=,Un2Z7s6xbxlesj2iMIyqPrLVFrI=
11,31,a2KibPQzBqg9KGwRIkLXZJeqPwM=,65DYhDigTeVcel/Lw77yPhLSaM8=
11,30,a2KibPQzBqg9KGwRIkLXZJeqPwM=,dvDQn8pdwAa7kfEvi23QSAbbpUY=
11,29,a2KibPQzBqg9KGwRIkLXZJeqPwM=,Ue0ghLBz4kbL2JWrJqfg3TNb3jI=
11,28,2nwbhnYac8FSAlDMv4myV4BpnSI=,R7/xN7ed/lTkd5NRb2EeUOtceUs=
11,19,2nwbhnYac8FSAlDMv4myV4BpnSI=,o0zfZyM1Ucz4oftNj0YRyzOpj2s=
11,18,2nwbhnYac8FSAlDMv4myV4BpnSI=,3GOmG+v2EN4AC1Cbr1p5gVdPAy0=
11,17,2nwbhnYac8FSAlDMv4myV4BpnSI=,oc69a9jYaeuI/TJiuj7IjPkRELA=
11,16,2nwbhnYac8FSAlDMv4myV4BpnSI=,bpoitJv7+KEQvEz+BammxW18MNU=
11,23,2nwbhnYac8FSAlDMv4myV4BpnSI=,LRPcvi+yUtW2wuhhSOOIyWJxvRA=
11,22,2nwbhnYac8FSAlDMv4myV4BpnSI=,SD6U2IW24z3GKfzuf2uKn48qKlU=
11,21,2nwbhnYac8FSAlDMv4myV4BpnSI=,vF9xY/s/vojSP2EXk8ks58Dw9iw=
11,20,MSfFQAts0XlmF4bNrzFjxsgq4gc=,VmUSc6e+bEJniHgrmfL8vBOqvJ4=
12,12,MSfFQAts0XlmF4bNrzFjxsgq4gc=,QIbZQsm8KV6TY/jtx/oO/4u3OK4=
12,13,MSfFQAts0XlmF4bNrzFjxsgq4gc=,O54GtOtVdrYLMheIZ0uPrzf7r+o=
12,14,MSfFQAts0XlmF4bNrzFjxsgq4gc=,FHqnGqiHXXyBs/Xjn5uPU4DIaOY=
12,15,MSfFQAts0XlmF4bNrzFjxsgq4gc=,bxqJd4XyuQAysJEndkfE4pGrnRI=
12,8,MSfFQAts0XlmF4bNrzFjxsgq4gc=,PiVi65APLevvAY467pWE4t49iJI=
12,9,MSfFQAts0XlmF4bNrzFjxsgq4gc=,6G+fx5rfvk/2+FBxTr8Wq7qLh9c=
12,10,MSfFQAts0XlmF4bNrzFjxsgq4gc=,v9dqKxNge5mDT1+1ZqIxWWq/kL4=
12,11,MSfFQAts0XlmF4bNrzFjxsgq4gc=,N3DcITmPEfBINJ2ZaBYVaB//7v8=
12,4,Bn14l2XEPAZ2yFTvu/6excEIz3Y=,yP26FMa0OxM4TyrgN3QUgIa2m4g=
12,5,Bn14l2XEPAZ2yFTvu/6excEIz3Y=,5UWT26OO/kuMw1ifIys7Yk2lssQ=
12,6,Bn14l2XEPAZ2yFTvu/6excEIz3Y=,8lqExAQP+8+VbpFhcwkqaNELseE=
12,7,Bn14l2XEPAZ2yFTvu/6excEIz3Y=,MuMiADxuUyV0zeKW3xWBmZg5tz8=
12,0,Bn14l2XEPAZ2yFTvu/6excEIz3Y=,m6p5EbxSl4AtA8ZNIurm6gpHNHg=
12,1,Bn14l2XEPAZ2yFTvu/6excEIz3Y=,jmWC00mDlJ2t4Et1TDRZT5gyM50=
12,2,KVxjj003i8wR5Een4Sh/7W4NG0g=,a1w2cQltUHv8qywRBG1jr8Vy924=
12,3,KVxjj003i8wR5Een4Sh/7W4NG0g=,xUhOQa3Q9c8WiiG1N04lqS40Duc=
12,28,KVxjj003i8wR5Een4Sh/7W4NG0g=,9DZQaTUcFJ5Ivvpz12GjPl495YM=
12,29,KVxjj003i8wR5Een4Sh/7W4NG0g=,Qz0dSefAHZ3wMpAfqabuS7F24C0=
12,30,KVxjj003i8wR5Een4Sh/7W4NG0g=,PX2J6lAb+0kCP+9GwhwkiwdtN9Q=
12,31,KVxjj003i8wR5Een4Sh/7W4NG0g=,nquT4D1hqAktJtS01SxlTOFqz7k=
12,24,KVxjj003i8wR5Een4Sh/7W4NG0g=,6+W72pgsnZRQmDigjmR3AJv2Z44=
12,25,Zm9QaRXHiSB+yJ4nA0PetOi4/RI=,TxuD/HbB8qaT9ZZHDzJh67CCtbI=
12,26,Zm9QaRXHiSB+yJ4nA0PetOi4/RI=,2L/GufT/AYJXIgsDq4H9GnM7mTo=
12,27,Zm9QaRXHiSB+yJ4nA0PetOi4/RI=,PJkqlAD+v8cgulbQ2Pa6UWxdsKE=
12,20,Zm9QaRXHiSB+yJ4nA0PetOi4/RI=,3hqZNWDSBCHVQEhG8sus0BaCmtY=
12,21,Zm9QaRXHiSB+yJ4nA0PetOi4/RI=,yXzyfdZdGYBCKAzVzC7Znr0do4U=
12,22,Zm9QaRXHiSB+yJ4nA0PetOi4/RI=,TEOMiEC6tcBltp03LYtS9xW876Y=
12,23,Zm9QaRXHiSB+yJ4nA0PetOi4/RI=,NsYkpmaA3PqyAZNzRWlIyr+Omm4=
12,16,Zm9QaRXHiSB+yJ4nA0PetOi4/RI=,+eI7dCDDlR/ZNglpCarkm+oOFrU=
12,17,5Ce+2DN3fMVQw+P25VPo4D8g39s=,lCkFXH7hV4lFvPfNzTJR7OELlB0=
12,18,5Ce+2DN3fMVQw+P25VPo4D8g39s=,ZxlngW4RhvUU99GNhqlF5VZiBio=
12,19,5Ce+2DN3fMVQw+P25VPo4D8g39s=,nIvMFEdjeS/KxHfhaCAQKWxe7h0=
13,13,5Ce+2DN3fMVQw+P25VPo4D8g39s=,9R1/VOinWy4x6tETiFOozRWetK4=
13,12,5Ce+2DN3fMVQw+P25VPo4D8g39s=,t6sog1nqKj45Aew3LNwo9YDc6G0=
13,15,5Ce+2DN3fMVQw+P25VPo4D8g39s=,AHuaG/qHovclHl5LsAE4nZMncHQ=
13,14,5Ce+2DN3fMVQw+P25VPo4D8g39s=,71CJJuM/yae/GkqcRoMY8JA3Yio=
13,9,5Ce+2DN3fMVQw+P25VPo4D8g39s=,9eGhwvVBX4bL8ZlyimHSNUzg3uc=
13,8,5Ce+2DN3fMVQw+P25VPo4D8g39s=,Cr0GeLD8oHb83x5d5YPWs9ePOtY=
13,11,A9Fvps56m9dIB7SujRuukQYh4v0=,6ErapwfeUycPMe+xyfZA5GuB2f4=
13,10,A9Fvps56m9dIB7SujRuukQYh4v0=,nMN3RT6ICy+d4nU+GLDXKtaqrQg=
13,5,A9Fvps56m9dIB7SujRuukQYh4v0=,/76VJ0YaVFyA9jUPqRIsHf0oQBA=
13,4,A9Fvps56m9dIB7SujRuukQYh4v0=,WysL39k0fK2UkrCsuT/1ILBZOPM=
13,7,A9Fvps56m9dIB7SujRuukQYh4v0=,gLb2lj6rPYGIavu6LRSZHfhIjQI=
13,6,A9Fvps56m9dIB7SujRuukQYh4v0=,TIQPL/1SaZsBx/3xeC+qcYYDdn8=
13,1,A9Fvps56m9dIB7SujRuukQYh4v0=,oJwwPEHO1Ga28Wa0f756gklVzvU=
13,0,dG6N20TKm3cNoxBYWDSOAJ65hH0=,ullUCOFW8eKP1ZYnf4s9W3H2Qjw=
13,3,dG6N20TKm3cNoxBYWDSOAJ65hH0=,6AuWuS2/s4Lam9yeT6A7XBZeS+o=
13,2,dG6N20TKm3cNoxBYWDSOAJ65hH0=,rZ+9x2/YDO4gR1X5WT9ydygaPPA=
13,29,dG6N20TKm3cNoxBYWDSOAJ65hH0=,UWaHiqCPuMCoMNgnW7Vfifu1pEQ=
13,28,dG6N20TKm3cNoxBYWDSOAJ65hH0=,XldN5BnHOdjj+wVqs2Gsj5HlR/8=
13,31,cquG48lLMYSqZ3ERqlVtRC6Hngc=,OH3sL6lT722oSEJk1U3uInbqIvY=
13,30,cquG48lLMYSqZ3ERqlVtRC6Hngc=,nL+sHAKYRx+6YyzxC4xt8eQIANU=
13,25,cquG48lLMYSqZ3ERqlVtRC6Hngc=,wYmg+Wgxg5xqimRDRXebNUMuNkU=
13,24,cquG48lLMYSqZ3ERqlVtRC6Hngc=,aRJLMWnq2hjXBnZ5fez6WIyyN8Q=
13,27,cquG48lLMYSqZ3ERqlVtRC6Hngc=,8EBbdDXCCX0ldYNBWA4eulv8ex4=
13,26,cquG48lLMYSqZ3ERqlVtRC6Hngc=,dvnqRgfQVBj40laTf0BreIsCNuk=
13,21,cquG48lLMYSqZ3ERqlVtRC6Hngc=,w3ryyP/PqM0ZGqDFaOSVbjU6dC8=
13,20,cquG48lLMYSqZ3ERqlVtRC6Hngc=,8R1LQBH4s50njPEQvwt3aAg/+Nc=
13,23,gdCa5porM+AvhmqM5hfsv/JfCWs=,HRZlkjAprEKQOPdHrosE+p9hbSg=
13,22,gdCa5porM+AvhmqM5hfsv/JfCWs=,RaVlN+WTovec6QH7RVrWm4qUkpA=
13,17,gdCa5porM+AvhmqM5hfsv/JfCWs=,S+J2YSveiD6EzULrNlLaDdlX03I=
13,16,gdCa5porM+AvhmqM5hfsv/JfCWs=,0IW31vDVmoLKPDZ8YvyDlZuZgU4=
13,19,gdCa5porM+AvhmqM5hfsv/JfCWs=,TAGjbPTs5elDOtmDp9WRIBhSQOY=
13,18,gdCa5porM+AvhmqM5hfsv/JfCWs=,1Ej7f/9G8bEKY6W0yAdgczFtHTQ=
14,14,gdCa5porM+AvhmqM5hfsv/JfCWs=,SdOJAmo5XiENMS5BNNCE/T0zJUo=
14,15,iRXv1kfNEkCZnwMJd8swvZBieMI=,AHuaG/qHovclHl5LsAE4nZMncHQ=
14,12,iRXv1kfNEkCZnwMJd8swvZBieMI=,YrwFuk0wMVNrKluTXK4tCAGUAYM=
14,13,iRXv1kfNEkCZnwMJd8swvZBieMI=,Aw9F/TPUfjIOKOfbEYVckT2qkcQ=
14,10,iRXv1kfNEkCZnwMJd8swvZBieMI=,k61dOCWVeyjhaAlfKpC+YReMHBg=
14,11,iRXv1kfNEkCZnwMJd8swvZBieMI=,KkFORYOxEoLAQkHRP8yS6p9A5+M=
14,8,iRXv1kfNEkCZnwMJd8swvZBieMI=,7XqRVtvhM4tftDKk6tktnnvaYSA=
14,9,iRXv1kfNEkCZnwMJd8swvZBieMI=,HSag0/3OMw+lVqnH1q9m2h5fKLk=
14,6,iRXv1kfNEkCZnwMJd8swvZBieMI=,yBV3+qhdWHTurFEmRi9iZAlzgcg=
14,7,38wOTdjADkWvRXm8LhVDmyjvMJU=,ZQD8UC93JsRT7LntPEHEiiCGPWA=
14,4,38wOTdjADkWvRXm8LhVDmyjvMJU=,5WyopNCB6RQtAxhG9dR3sNJNlc4=
14,5,38wOTdjADkWvRXm8LhVDmyjvMJU=,orjUHcnKPE0DNtsd/1AOZb5jCTc=
14,2,38wOTdjADkWvRXm8LhVDmyjvMJU=,l/UQ75pWX4l5Rflr8f1f5iQQUm8=
14,3,38wOTdjADkWvRXm8LhVDmyjvMJU=,0SqyxoxXEC2XVwUcleE7d+rZze0=
14,0,38wOTdjADkWvRXm8LhVDmyjvMJU=,I0papY10bS79qToKNMoqoiUl2jM=
14,1,0yTJHOLUyiW5X40fPCcVU7Xjdb0=,v/DTReKyDKDXIm83/HN99Z4gRqo=
14,30,0yTJHOLUyiW5X40fPCcVU7Xjdb0=,EAOCclkSeg52jhzw5Wt0HEJ8X08=
14,31,0yTJHOLUyiW5X40fPCcVU7Xjdb0=,EAOCclkSeg52jhzw5Wt0HEJ8X08=
14,28,0yTJHOLUyiW5X40fPCcVU7Xjdb0=,GKRYQvzDm2BkwIG4F3X2CtBw1pU=
14,29,0yTJHOLUyiW5X40fPCcVU7Xjdb0=,Vfk0MnPBLRb7oEEx7qQ4M9u/YUs=
14,26,0yTJHOLUyiW5X40fPCcVU7Xjdb0=,90SeSQrhYUA1dtlL8DKipHu81Oc=
14,27,0yTJHOLUyiW5X40fPCcVU7Xjdb0=,p5E/lUYbwVtnj2kZOq8OHch2rZ0=
14,24,0yTJHOLUyiW5X40fPCcVU7Xjdb0=,tH93PSr9RDSUuPxtxIBNNltPCd0=
14,25,VNv5SwwvbhtTiR5n0OquKsA9B/o=,RQbWDrLvskegtmiMItbrdKEBnNQ=
14,22,VNv5SwwvbhtTiR5n0OquKsA9B/o=,nMrwJG4bY53jj2t5RInsH4qQWgo=
14,23,VNv5SwwvbhtTiR5n0OquKsA9B/o=,C+fYORp5WNJhvxSva86roNWKrJw=
14,20,VNv5SwwvbhtTiR5n0OquKsA9B/o=,jQYM1CwRjO0232VS6JDbXKJEsuk=
14,21,VNv5SwwvbhtTiR5n0OquKsA9B/o=,2I9BP4iaeAVpM1s9SorqZP1dnh0=
14,18,VNv5SwwvbhtTiR5n0OquKsA9B/o=,1Ej7f/9G8bEKY6W0yAdgczFtHTQ=
14,19,VNv5SwwvbhtTiR5n0OquKsA9B/o=,t9J0/8L4R+h2rZ9OmvAiwAgHclk=
14,16,VNv5SwwvbhtTiR5n0OquKsA9B/o=,I9VTDCfUhYQNt6e63YGDKL4/vhU=
14,17,TlnmqTq7KWjm3ey0C/n+bGiVd5w=,EL0ujwQzw59wJ+PIogDFgBOKyXA=
15,15,TlnmqTq7KWjm3ey0C/n+bGiVd5w=,yUFkY4OJzjYgioMFH6QCQGpbE9I=
15,14,TlnmqTq7KWjm3ey0C/n+bGiVd5w=,fr4RdWW8E/dJUgRqvALjTB8wIco=
15,13,TlnmqTq7KWjm3ey0C/n+bGiVd5w=,VnZN5XW/6bMHILwk/NYv3CdFGnk=
15,12,TlnmqTq7KWjm3ey0C/n+bGiVd5w=,YnWjJVbQ8N0/xb6PizxgR95yeOc=
15,11,TlnmqTq7KWjm3ey0C/n+bGiVd5w=,bkPN3x0PhmJTyMRY13AGZcu7ick=
15,10,TlnmqTq7KWjm3ey0C/n+bGiVd5w=,Q7fUf6+gnZ3/ZSejVZWyIXjzzUc=
15,9,TlnmqTq7KWjm3ey0C/n+bGiVd5w=,VrKgOe5g99XvfOvia0P6fwoE6H4=
15,8,V0TGfDOPRyeDQciPu/UOabpoIzE=,LHqRFaBiCT2hfSgdzD9TYbrowZI=
15,7,V0TGfDOPRyeDQciPu/UOabpoIzE=,Q89El6M4Y/Z2yfKa/pVLGsCkAwM=
15,6,V0TGfDOPRyeDQciPu/UOabpoIzE=,YvlrsFXcnfqJUGnLhd7tFWRMJGw=
15,5,V0TGfDOPRyeDQciPu/UOabpoIzE=,N5aZbUhidyN3i0diCCo5UzS0uSc=
15,4,V0TGfDOPRyeDQciPu/UOabpoIzE=,ICX3It/nnI5vdFg661CmJqHVPSU=
15,3,V0TGfDOPRyeDQciPu/UOabpoIzE=,l/UQ75pWX4l5Rflr8f1f5iQQUm8=
15,2,F7oHH+pkHvBICHwA8bbU1oyhpNE=,l/UQ75pWX4l5Rflr8f1f5iQQUm8=
15,1,F7oHH+pkHvBICHwA8bbU1oyhpNE=,WH4o+0d7hoIXRNN7ZnkEilNdnLI=
15,0,F7oHH+pkHvBICHwA8bbU1oyhpNE=,AVEffrCCH4/hLE5zEcxyFDvpwQQ=
15,31,F7oHH+pkHvBICHwA8bbU1oyhpNE=,Eb1dKdRj2nR6oNQZTg4O3sVRekI=
15,30,F7oHH+pkHvBICHwA8bbU1oyhpNE=,uPrzjYpb8sZPkoJmxVnfbwn5Fiw=
15,29,F7oHH+pkHvBICHwA8bbU1oyhpNE=,x31mLXx8CQ7FN08lrYpFVS0K6gw=
15,28,F7oHH+pkHvBICHwA8bbU1oyhpNE=,y+5uV3+Ko8Pbjlog5bvv9nC56hs=
15,27,F7oHH+pkHvBICHwA8bbU1oyhpNE=,AxODM/Eoq9nvsSmJzDxnZsLMNLQ=
15,26,vUrXtjY6L3gzjARMfxqJxIykgbg=,Psrp9RIEZBxVf2d0iYLdhocNnkA=
15,25,vUrXtjY6L3gzjARMfxqJxIykgbg=,oQb2M76pwNAPcym7w/j49OVgPe4=
15,24,vUrXtjY6L3gzjARMfxqJxIykgbg=,B/wtjY83EbBKg0OtRGxwvGDoydE=
15,23,vUrXtjY6L3gzjARMfxqJxIykgbg=,U1ISuCM2mFjfYD38E5mxj9sqgdA=
15,22,vUrXtjY6L3gzjARMfxqJxIykgbg=,2ziQjAGNWr6G2Bbf0DawP98F8Yw=
15,21,vUrXtjY6L3gzjARMfxqJxIykgbg=,m2caQqczDrL45al3k604MyEiAak=
15,20,vUrXtjY6L3gzjARMfxqJxIykgbg=,Zq0ST1/62plreLNx5w/fZ+ywe0E=
15,19,tRNHVMEe7iLunhyY3uwUL6Q/9Cw=,5L32SjYvwI8OGCsY0Gn/uRFKiU8=
15,18,tRNHVMEe7iLunhyY3uwUL6Q/9Cw=,9h1QOa6LgRpMp2r8DPN+NhmzN88=
15,17,tRNHVMEe7iLunhyY3uwUL6Q/9Cw=,fBCAoiPwgjFQ/1O3ahTsSRxWHbA=
15,16,tRNHVMEe7iLunhyY3uwUL6Q/9Cw=,AyKZAnkOiw2qkXnb720J2TywV+w=
16,16,tRNHVMEe7iLunhyY3uwUL6Q/9Cw=,xZ4FzD0wgwSS6k/M3p9ihIhew64=
16,17,tRNHVMEe7iLunhyY3uwUL6Q/9Cw=,LAvyGzFYj//tI4sOFoNuav/k+9s=
16,18,tRNHVMEe7iLunhyY3uwUL6Q/9Cw=,DZGqxPZUQwqLOGrNha/4ZZiClIk=
16,19,tRNHVMEe7iLunhyY3uwUL6Q/9Cw=,WyZorqB+X1xxDFymUFRINwWC2UE=
16,20,tRNHVMEe7iLunhyY3uwUL6Q/9Cw=,Z2lEiJdrHMqo5CUdCAu3Y1xmDZY=
16,21,UVmD8sjG0vaP6PnaqzaXKW2vjtc=,CLCvq+3JHwzXU9A8wY6N9WiMGr4=
16,22,UVmD8sjG0vaP6PnaqzaXKW2vjtc=,zSxTMy7/cRIv0nJ1DIjrXu5T/B0=
16,23,UVmD8sjG0vaP6PnaqzaXKW2vjtc=,LRQyDFyo66agA3YWywfPNcdj1fQ=
16,24,UVmD8sjG0vaP6PnaqzaXKW2vjtc=,vvwR3sTUwXp2wPPp6oNscHpyNBs=
16,25,UVmD8sjG0vaP6PnaqzaXKW2vjtc=,cTFAQKxHsqtiQuTk+vGPhUquqlA=
16,26,UVmD8sjG0vaP6PnaqzaXKW2vjtc=,270rax3PhDySttYqqPakY1HEUeg=
16,27,UVmD8sjG0vaP6PnaqzaXKW2vjtc=,rESBub7CjQu5uyD/ydBCA5OkgqE=
16,28,nPtJ5BK9FFxFBum1X6pz91k06p0=,4Ct/c9+PFxLo2epkZ3hucmiisTc=
16,29,nPtJ5BK9FFxFBum1X6pz91k06p0=,J0GD5AcEK1H27oy73liyHoBitgY=
16,30,nPtJ5BK9FFxFBum1X6pz91k06p0=,Chi/V6UGCrjcYi+bBLYTsTWxqyQ=
16,31,nPtJ5BK9FFxFBum1X6pz91k06p0=,nPDp+YUdp48ImZgpdNnkQBRTcYY=
16,0,nPtJ5BK9FFxFBum1X6pz91k06p0=,WhZFTepM+w14F5Q5Ev1+cWNMRys=
16,1,nPtJ5BK9FFxFBum1X6pz91k06p0=,tcIpKS/uLzxpCbdZ0/l/QMHV+II=
16,2,nPtJ5BK9FFxFBum1X6pz91k06p0=,baoZFbfaNosHgaqV0+9wtaYwcm0=
16,3,UTfja+ID4MNjHViUJKKs/6GTf0Q=,5UoUn5JqdxvS0FsvE6FRKp5/66I=
16,4,UTfja+ID4MNjHViUJKKs/6GTf0Q=,gdkKLGeCBjiYmKJuKCV3oh/dcHk=
16,5,UTfja+ID4MNjHViUJKKs/6GTf0Q=,m38D2DGOfM47uMPrrFUEfvPxE3s=
16,6,UTfja+ID4MNjHViUJKKs/6GTf0Q=,zWnrcUntlJ+07LAjYjly7h3IPhk=
16,7,UTfja+ID4MNjHViUJKKs/6GTf0Q=,V8pCvEXD0VCUapXfNrRZvDRZz7A=
16,8,UTfja+ID4MNjHViUJKKs/6GTf0Q=,yHzWVL7qKu2P3DEXFDk/e+WGCtg=
16,9,UTfja+ID4MNjHViUJKKs/6GTf0Q=,WeuF2XVOVj1hXUdp5Q5EWl0m04U=
16,10,lIAHOC4xMGtU8FX+NrkSDcfA1nk=,zo6zXAnORPGO1DWRHMk58Dedh5I=
16,11,lIAHOC4xMGtU8FX+NrkSDcfA1nk=,M3qX05dVvBADDc6yCHbIZ+hwKhI=
16,12,lIAHOC4xMGtU8FX+NrkSDcfA1nk=,kZ/VhxHvSlAoH5O96DCB9Y5AWGo=
16,13,lIAHOC4xMGtU8FX+NrkSDcfA1nk=,e/O+LU9AmwBY/5AAomp+LYNvzr0=
16,14,lIAHOC4xMGtU8FX+NrkSDcfA1nk=,smyx4fYPVj4QM9p+fn9+DlM2jHk=
16,15,lIAHOC4xMGtU8FX+NrkSDcfA1nk=,scyxRbQAKehLxkGL8qcJ4XPbhZY=
17,17,lIAHOC4xMGtU8FX+NrkSDcfA1nk=,g4kmbdH3I91DJ9q5K4OQQtGlJyI=
17,16,lIAHOC4xMGtU8FX+NrkSDcfA1nk=,U+cJxQnSNYtYQmtokSLESQQotH0=
17,19,lIAHOC4xMGtU8FX+NrkSDcfA1nk=,sSNgWDAtr9wn+xndAbnB3TwgMeU=
17,18,lMoqaoNamsjv4WZIKAyZ2fYkquc=,unrFRO6RVLn+WjgAmJgefjM8Gq4=
17,21,lMoqaoNamsjv4WZIKAyZ2fYkquc=,8jLjoROL5Gr31UchQ5xFgMGs1Cg=
17,20,lMoqaoNamsjv4WZIKAyZ2fYkquc=,acNosjDOzu3C0ns+hL3yFCAetUk=
17,23,lMoqaoNamsjv4WZIKAyZ2fYkquc=,qgudVla6szvNCyeEkdP8Ipbn/N0=
17,22,lMoqaoNamsjv4WZIKAyZ2fYkquc=,zSxTMy7/cRIv0nJ1DIjrXu5T/B0=
17,25,lMoqaoNamsjv4WZIKAyZ2fYkquc=,NwRw3Oy71bSssm5+UrAiuXKakzE=
17,24,lMoqaoNamsjv4WZIKAyZ2fYkquc=,fpKhqpomBEwoQB2VDBEH0tqQdR8=
17,27,lMoqaoNamsjv4WZIKAyZ2fYkquc=,hTsox3gngyh73s5GtvE6yzr+J1E=
17,26,GcAtenRvqE65YbPc6IJpLAmCdF4=,z6RrYNR7DbnDC96sIZiqEEduQ50=
17,29,GcAtenRvqE65YbPc6IJpLAmCdF4=,JN+T8xtC09PA8ll3JlESTIrGZXo=
17,28,GcAtenRvqE65YbPc6IJpLAmCdF4=,a0/ALQI/r8SqBkPiOlEAMo8d834=
17,31,GcAtenRvqE65YbPc6IJpLAmCdF4=,TkSqq5jPPlce85nNyP/uJP1yONE=
17,30,GcAtenRvqE65YbPc6IJpLAmCdF4=,oZAZBqUaRPbDDZ6K26N5FuZydfQ=
17,1,GcAtenRvqE65YbPc6IJpLAmCdF4=,D9MtC8iClHVphovGJDz3Z5YXBAE=
17,0,GcAtenRvqE65YbPc6IJpLAmCdF4=,g3JeWQtvP6CA/u34qwMRzY4WDxE=
17,3,aPrjXWE9PuALJwVRiI7nVZPUeNU=,cvs8aTnBb96pkxKHXA9mSeGVBFM=
17,2,aPrjXWE9PuALJwVRiI7nVZPUeNU=,C97JXPUqyrIEyNQQCER+XPqG3iA=
17,5,aPrjXWE9PuALJwVRiI7nVZPUeNU=,S11+SjEag0Ap7eMoRWi0U1avmyw=
17,4,aPrjXWE9PuALJwVRiI7nVZPUeNU=,9d6Ta38CyYlXHTrOJCeec5RjPLg=
17,7,aPrjXWE9PuALJwVRiI7nVZPUeNU=,0L6oV/6/EHCc5L8WBFCYSNgzbbM=
17,6,aPrjXWE9PuALJwVRiI7nVZPUeNU=,9tAH4l/ZZ8tf0XLCLledsIERvAk=
17,9,5XV/k51IIG/ZcYjwg77WFGPdrGM=,K/DxoNVbbjrHihxo35okctkv4X4=
17,8,5XV/k51IIG/ZcYjwg77WFGPdrGM=,cG4ZeL8jArIbe9gwstZy5XOXauQ=
17,11,5XV/k51IIG/ZcYjwg77WFGPdrGM=,sHxc8wRdQ04eJyeBelIeD0tPBOE=
17,10,5XV/k51IIG/ZcYjwg77WFGPdrGM=,+camwee3shABLKVUNmUNuJEvnCs=
17,13,5XV/k51IIG/ZcYjwg77WFGPdrGM=,gmFC9kTuDDcx5spZrFd2tgB/Q9M=
17,12,5XV/k51IIG/ZcYjwg77WFGPdrGM=,S7UpWStDvJrXxOo+oEIhVCLZI8U=
17,15,5XV/k51IIG/ZcYjwg77WFGPdrGM=,S8EPAEjfBE5GXTpYfi72IEZjbCo=
17,14,5XV/k51IIG/ZcYjwg77WFGPdrGM=,hC9wJQ91Hu5dSoeWsenFCxD/Z0A=
18,18,5XV/k51IIG/ZcYjwg77WFGPdrGM=,jqINgnmEAsz3w5/RsRvxyO18WFw=
18,19,aFGpWVlrzPsx9PphDkTLN3kBWRY=,H99EL+gmAnkT87e7ZDcf1ayeftk=
18,16,aFGpWVlrzPsx9PphDkTLN3kBWRY=,BgHpvycnNnEQdaGiXQuY0mXHQnw=
18,17,aFGpWVlrzPsx9PphDkTLN3kBWRY=,qbVgreS5FNW+Ts3la2qrhjABXKM=
18,22,aFGpWVlrzPsx9PphDkTLN3kBWRY=,gFoOONRADXnpNlmI0zB/y4KORKo=
18,23,aFGpWVlrzPsx9PphDkTLN3kBWRY=,5Dqg7GbNl8OdPz1G120t3bkluxU=
18,20,aFGpWVlrzPsx9PphDkTLN3kBWRY=,SEcawIMZNjYxBGuPI6Ttc8/af2Y=
18,21,aFGpWVlrzPsx9PphDkTLN3kBWRY=,8eNze5b0rr9JM4uxynZVv5+pJ4A=
18,26,aFGpWVlrzPsx9PphDkTLN3kBWRY=,e30hkl6zsWZw/mcpuejCDX8f+KM=
18,27,50VIvZB9zUyXvKIgBWySZ2tkGAA=,M5Wv9fmFIu5TIcmVYBz2ktrlI6I=
18,24,50VIvZB9zUyXvKIgBWySZ2tkGAA=,K0/iQYLEJoSpurVyCbymg76aRmk=
18,25,50VIvZB9zUyXvKIgBWySZ2tkGAA=,ia1n4y+A47tkMnfD4UoJde7R/rc=
18,30,50VIvZB9zUyXvKIgBWySZ2tkGAA=,5t3qat5WrO80HE9WTe1Aa/qOoww=
18,31,50VIvZB9zUyXvKIgBWySZ2tkGAA=,TkSqq5jPPlce85nNyP/uJP1yONE=
18,28,50VIvZB9zUyXvKIgBWySZ2tkGAA=,YiXO20tKf38ejdIHuhH6Nv408Rk=
18,29,50VIvZB9zUyXvKIgBWySZ2tkGAA=,hgZ5rhNHyBBQ4st8kszGLRGIxUY=
18,2,50VIvZB9zUyXvKIgBWySZ2tkGAA=,fAINjZAcvKd0Q5RPVAGY4kNjMU8=
18,3,kPESLzTnsSFXDRNy7ZitHZi9Fdk=,4CWytTt6F+zfM4EhB+ABZeBRAe4=
18,0,kPESLzTnsSFXDRNy7ZitHZi9Fdk=,QHoMtXGLJRhtTlYbacbh5cMU1Rs=
18,1,kPESLzTnsSFXDRNy7ZitHZi9Fdk=,iMfBIUnBIHNyFpkWjMVC9LD/TZM=
18,6,kPESLzTnsSFXDRNy7ZitHZi9Fdk=,GbFhPuTEMRJVhtntCvV3wAtLOEE=
18,7,kPESLzTnsSFXDRNy7ZitHZi9Fdk=,dHFcZR50pA5x/3GDOqYLzAVlYgc=
18,4,kPESLzTnsSFXDRNy7ZitHZi9Fdk=,dIiBKXMVCEd4IxbSCp7kdwDWPOs=
18,5,okJK3+V/iXMPJdzZJrJrCmI5Iyw=,0eYplbPZVqYf9IivPfQkiDEoXEI=
18,10,okJK3+V/iXMPJdzZJrJrCmI5Iyw=,2wlmha1mKpgQC4CM8Bhyi1Z/15U=
18,11,okJK3+V/iXMPJdzZJrJrCmI5Iyw=,wliuL0fYi23yklaMtfbrbOd9VEk=
18,8,okJK3+V/iXMPJdzZJrJrCmI5Iyw=,Aw/OD5cwEqqQzLAOTEx9zOL5vIA=
18,9,okJK3+V/iXMPJdzZJrJrCmI5Iyw=,BLU2iyp8tmDWZZ/kGVqGYVeUBOA=
18,14,okJK3+V/iXMPJdzZJrJrCmI5Iyw=,8nJVT7XsQel7gfpaok/qGdex34w=
18,15,okJK3+V/iXMPJdzZJrJrCmI5Iyw=,S8EPAEjfBE5GXTpYfi72IEZjbCo=
18,12,okJK3+V/iXMPJdzZJrJrCmI5Iyw=,NynGHlDtluL8yiZ3awF9NARc/eo=
18,13,OuA7GTwvU0C/4+EZCqIAMHpEZzA=,Vfqg4J/2IovxSyRl0ECLpuskhsk=
19,19,OuA7GTwvU0C/4+EZCqIAMHpEZzA=,YweUIvIrRQqenXj45RXFcykPFj0=
19,18,OuA7GTwvU0C/4+EZCqIAMHpEZzA=,YJTOB9v3T0YUOXraoScVU5RKMzg=
19,17,OuA7GTwvU0C/4+EZCqIAMHpEZzA=,zW95oGiHucQR8mP1adu/YCWtWi8=
19,16,OuA7GTwvU0C/4+EZCqIAMHpEZzA=,QRdjNe5EMekJuf2HH2mVCzScB/Y=
19,23,OuA7GTwvU0C/4+EZCqIAMHpEZzA=,JqDQkX49aT2nB4e90ZXF2TlLAuQ=
19,22,OuA7GTwvU0C/4+EZCqIAMHpEZzA=,cYjZUK8qJAR8VR70rYqmizz9tqs=
19,21,OuA7GTwvU0C/4+EZCqIAMHpEZzA=,LxoSi47jTK3iwxbc2L3WMOvWVq0=
19,20,9JL53TOECtviICsAlk1DYuZrUso=,OCnBOthJ7p0jEIKQvIgyOTKl+lQ=
19,27,9JL53TOECtviICsAlk1DYuZrUso=,REt5BOmYWNb3BSGddhBatQ//bC4=
19,26,9JL53TOECtviICsAlk1DYuZrUso=,G+uZ8uIuBuaqA7faQPrlTsSKlO0=
19,25,9JL53TOECtviICsAlk1DYuZrUso=,VzWmWDRjnbZ0Jycw5d5kDq0I4Eg=
19,24,9JL53TOECtviICsAlk1DYuZrUso=,vafG2PDDeLeG71eO9+qgXlwkuFk=
19,31,9JL53TOECtviICsAlk1DYuZrUso=,6SVMW2j+zQUR2HXpmxfngsMjysE=
19,30,9JL53TOECtviICsAlk1DYuZrUso=,pKrpcPHUGRCcc746yCatzxFa914=
19,29,9JL53TOECtviICsAlk1DYuZrUso=,CSBVI5wwhB68Yk1NRS+aXjzOllc=
19,28,fYNn6c1tPpl51S3f97y8pKR5Voo=,+JgC5M51tI8xlwaUlvKUt55q5IU=
19,3,fYNn6c1tPpl51S3f97y8pKR5Voo=,J/fLTq5UGTQzTPzpCkoFECk1+Ug=
19,2,fYNn6c1tPpl51S3f97y8pKR5Voo=,5KVOYDZrSwoUULqa8pnyfdb/oyA=
19,1,fYNn6c1tPpl51S3f97y8pKR5Voo=,YKCCMBCbTNfTrvaAvBguCBLJ4wI=
19,0,fYNn6c1tPpl51S3f97y8pKR5Voo=,HK5BgoVEyVbQpmj8K9tYzTrGyTc=
19,7,fYNn6c1tPpl51S3f97y8pKR5Voo=,dHFcZR50pA5x/3GDOqYLzAVlYgc=
19,6,bo5SV6f1xson4XNkXUxz76gU4Ng=,qdzkzGYv7upidA7pIEuJrEw5WTA=
19,5,bo5SV6f1xson4XNkXUxz76gU4Ng=,9nLD3HbUG+BJINY08+FMsK77t7Y=
19,4,bo5SV6f1xson4XNkXUxz76gU4Ng=,6iuyp5oED2/LBwulNJBN48GRNWc=
19,11,bo5SV6f1xson4XNkXUxz76gU4Ng=,0peA2MmKyGpyURZqVttVEKYZfxI=
19,10,bo5SV6f1xson4XNkXUxz76gU4Ng=,H2hIAVf+A1pY0ips7JII5Ny9p4g=
19,9,bo5SV6f1xson4XNkXUxz76gU4Ng=,JKPrcpBNGzHnmGIUoxVpl6nHuGo=
19,8,bo5SV6f1xson4XNkXUxz76gU4Ng=,sCUl6z9fndiwvFko6q9nWAexRwU=
19,15,bo5SV6f1xson4XNkXUxz76gU4Ng=,lICYvI3FMkAXWBnrUdnNwK0t3ug=
19,14,QfdkgyF3hoX4wUTANCLtL3d3Iao=,cTaQ+VSp66y5U6jpKkuD/nVC8OI=
19,13,QfdkgyF3hoX4wUTANCLtL3d3Iao=,fY1dPLyfGVD2W94yQWA6N4JkXQ4=
19,12,QfdkgyF3hoX4wUTANCLtL3d3Iao=,MOK+LYdfVcMLPvfSKc/465KVSSM=
20,20,QfdkgyF3hoX4wUTANCLtL3d3Iao=,8yTI4UNgUfOPCRtJEXbg4aNkYmg=
20,21,QfdkgyF3hoX4wUTANCLtL3d3Iao=,tgWFRLNHPofpGdn1S+J/rtYWuJ8=
20,22,QfdkgyF3hoX4wUTANCLtL3d3Iao=,ranFZXgiZA5mYTrOSVwqDb5IjE4=
20,23,QfdkgyF3hoX4wUTANCLtL3d3Iao=,orjw7lK/wKvnU2b3Bp503VNLp4U=
20,16,QfdkgyF3hoX4wUTANCLtL3d3Iao=,x4keRSWhzx6ljzGhQutqlN5PnXw=
20,17,rX0+g1qOle5lxq/jpF7Q5jdlxl0=,umKESf/cqi7vAR59K8vNX5ccmkw=
20,18,rX0+g1qOle5lxq/jpF7Q5jdlxl0=,xAfN1kOUxwKrwZ53LZbV0IShUFI=
20,19,rX0+g1qOle5lxq/jpF7Q5jdlxl0=,c0kOQ0q+LWR8inkXR3qX9hF5ksY=
20,28,rX0+g1qOle5lxq/jpF7Q5jdlxl0=,zXGZ5A2WcpWGYRcqNrhwo+yzgr4=
20,29,rX0+g1qOle5lxq/jpF7Q5jdlxl0=,XD0+iFb8uyOCvousHOEQoHq/0mA=
20,30,rX0+g1qOle5lxq/jpF7Q5jdlxl0=,uKdTnGFL3Fmqrmx6lw+IDRYfyA0=
20,31,rX0+g1qOle5lxq/jpF7Q5jdlxl0=,4jSSgXHXfj7eTkNQABViEYzMQC0=
20,24,rX0+g1qOle5lxq/jpF7Q5jdlxl0=,Ud/ruq1dk8aF/M6ymK8AEJSfmKs=
20,25,Uoy2YjCyGzeFnrVb+MLeHLEzHOk=,+XxCOcAcAZWCOOmWnyu+BL90Olc=
20,26,Uoy2YjCyGzeFnrVb+MLeHLEzHOk=,jKbl3790B76T2hWwRc3VAwnHVo8=
20,27,Uoy2YjCyGzeFnrVb+MLeHLEzHOk=,y/cy16s9kXDn0kgMr7gm7KaMudk=
20,4,Uoy2YjCyGzeFnrVb+MLeHLEzHOk=,GzHHd7lMZTQrsBpFjyRw5m9OhEs=
20,5,Uoy2YjCyGzeFnrVb+MLeHLEzHOk=,AUgIvA7dyCxvjykuPLw9HrbWUTM=
20,6,Uoy2YjCyGzeFnrVb+MLeHLEzHOk=,y5dEZaVGSue3ZraeoPf1frVmU78=
20,7,qG6bNoK3Dv1IW2PmQAidqnxm4fk=,JxlvZ2ra6+DzQ7xDZTLjCYertw0=
20,0,qG6bNoK3Dv1IW2PmQAidqnxm4fk=,2GMAkyQqCxWwwe6iUePymVBOlA8=
20,1,qG6bNoK3Dv1IW2PmQAidqnxm4fk=,hmxHpxhWqr7lUJIHoqeQ7WttR+k=
20,2,qG6bNoK3Dv1IW2PmQAidqnxm4fk=,vNZQXeXFsAYEBmsybukcV8P3Zog=
20,3,qG6bNoK3Dv1IW2PmQAidqnxm4fk=,owcETRcHS8i0OygFjeggPYDQDoo=
20,12,qG6bNoK3Dv1IW2PmQAidqnxm4fk=,S8EPAEjfBE5GXTpYfi72IEZjbCo=
20,13,YrSnoYo3Vx6Cs6YmQLVCc0uO2ys=,+eLs9HqJ1l1qbTR0as6H9YHLWQw=
20,14,YrSnoYo3Vx6Cs6YmQLVCc0uO2ys=,A1tbKlfzVMSV287FSkI14FtEx5Y=
20,15,YrSnoYo3Vx6Cs6YmQLVCc0uO2ys=,giXgP7wXZ+gy8piIvHtNjgsJakQ=
20,8,YrSnoYo3Vx6Cs6YmQLVCc0uO2ys=,eqOZRjqrI+I9DPFEfARfGHzBdjY=
20,9,YrSnoYo3Vx6Cs6YmQLVCc0uO2ys=,n/m1SEHSYgS/XoHHHZFRtVKoZqA=
20,10,YrSnoYo3Vx6Cs6YmQLVCc0uO2ys=,YW1Ko6SFWosi7GCC7/uj3WJx+J8=
20,11,YrSnoYo3Vx6Cs6YmQLVCc0uO2ys=,c24YrtWe4xhquoe+5yGu43l2IuM=
21,21,YrSnoYo3Vx6Cs6YmQLVCc0uO2ys=,hv+DOyLQyEXMQIl7tn202Lns/54=
21,20,bpt0h2pE4oEgmLaC/NIfwb9asTY=,xPc/28eS/w4rLoVX60gsS33pvy4=
21,23,bpt0h2pE4oEgmLaC/NIfwb9asTY=,mKXNVoLiWzVJdhGabn8gRXK7Fzs=
21,22,bpt0h2pE4oEgmLaC/NIfwb9asTY=,BpzPiCOvd0/NSLLjUxPoKxLKP64=
21,17,bpt0h2pE4oEgmLaC/NIfwb9asTY=,GygGd7soC/SlXxGjvfUapATEEgE=
21,16,bpt0h2pE4oEgmLaC/NIfwb9asTY=,pB4G8w6pmC0DghflLbVHnuNY/3E=
21,19,bpt0h2pE4oEgmLaC/NIfwb9asTY=,oIbme1cgWhd+f39THc6NA8quxT8=
21,18,bpt0h2pE4oEgmLaC/NIfwb9asTY=,0tmBVXakq7gGUtmh+PqmcWJXYkA=
21,29,bpt0h2pE4oEgmLaC/NIfwb9asTY=,pbvv8CM0SGBNkEbFDuiPctEj+u0=
21,28,bw4evDk+COZUJGZOlzJ3xd7ZeLw=,XKJAJaZhfZxWSHLj5Kubg/WCIq8=
21,31,bw4evDk+COZUJGZOlzJ3xd7ZeLw=,VUfEZJ+7fT+X39tWE0d/My00vCE=
21,30,bw4evDk+COZUJGZOlzJ3xd7ZeLw=,YFpbd79E7HqFPUC6eLt58paRClw=
21,25,bw4evDk+COZUJGZOlzJ3xd7ZeLw=,B4V9njxRB97Mbfv9r6eb6nhkHI4=
21,24,bw4evDk+COZUJGZOlzJ3xd7ZeLw=,ab8Cw61PNmkzKP/JRIaIY2/fy3Q=
21,27,bw4evDk+COZUJGZOlzJ3xd7ZeLw=,Cb+QY/mXFEpYvEUCfuGT/zDK3LU=
21,26,bw4evDk+COZUJGZOlzJ3xd7ZeLw=,KMUPcBjjnBELiVXtYQYIPASa0mk=
21,5,bw4evDk+COZUJGZOlzJ3xd7ZeLw=,qL6SdPsA92vP8xotRe0rAI1IMgE=
21,4,5v7myjjyDw0SwuRlKXsrElyd6Hw=,yZrhh0k6RAhJx9UMAcHgqEVT7sY=
21,7,5v7myjjyDw0SwuRlKXsrElyd6Hw=,Dv8Gw0g8o/j0H8jPlrxiUh+xGCM=
21,6,5v7myjjyDw0SwuRlKXsrElyd6Hw=,l9kXnt1F5mihL+WZ0U+wjYTnKi4=
21,1,5v7myjjyDw0SwuRlKXsrElyd6Hw=,m6AYJMcIGwmhLGEfd3XfWiHqrgQ=
21,0,5v7myjjyDw0SwuRlKXsrElyd6Hw=,Clf11dEUfWwrSm80rwaOGQ4quWM=
21,3,5v7myjjyDw0SwuRlKXsrElyd6Hw=,Tk7s4yHF1UBKQZUgxbe6kRD+Fl8=
21,2,15zXLFvOkCytsMnRFLQUbyx008U=,jg3USi08HsLsdAUV6M9qK6+ptf8=
21,13,15zXLFvOkCytsMnRFLQUbyx008U=,LdzZP9bNsR0utRbkiR5jwRxhR9c=
21,12,15zXLFvOkCytsMnRFLQUbyx008U=,mNYp6wsM5H+WrERhrJQSMLkQncA=
21,15,15zXLFvOkCytsMnRFLQUbyx008U=,aYmKgLJ3Ec2yV4YUvKBGAR35KCs=
21,14,15zXLFvOkCytsMnRFLQUbyx008U=,tLyedgXnVZLz9h2Ioed1gb9NuBk=
21,9,15zXLFvOkCytsMnRFLQUbyx008U=,sfEa+2HKk0yBarWcWMKB9R/XnUs=
21,8,15zXLFvOkCytsMnRFLQUbyx008U=,jj4p0BFp5voHKuJg3FaTVQp6PR8=
21,11,VTRD9A6A/Fmskvilqi8qNgc6efQ=,606uTGEFuJGbHmAfjp95mIQuVbc=
21,10,VTRD9A6A/Fmskvilqi8qNgc6efQ=,mQvEqXoWz77vJUyTuQYlbQt28XM=
22,22,VTRD9A6A/Fmskvilqi8qNgc6efQ=,tLZmgzJUZdOdrTXiyIoqlovaBBM=
22,23,VTRD9A6A/Fmskvilqi8qNgc6efQ=,x6uLEvZpmMk+iwxIMhwV7s29nk4=
22,20,VTRD9A6A/Fmskvilqi8qNgc6efQ=,qtMXp0sppNT0I3fmzrNjqkk8EXs=
22,21,VTRD9A6A/Fmskvilqi8qNgc6efQ=,wJecfBvjh+eYgMwpUBqQ9oe0Vwc=
22,18,VTRD9A6A/Fmskvilqi8qNgc6efQ=,MrXZBgZ+8x37aeVq5eR8/x58f9Q=
22,19,VTRD9A6A/Fmskvilqi8qNgc6efQ=,NPueWTqHIWEAYuzU5MDDqzf6OnQ=
22,16,VTRD9A6A/Fmskvilqi8qNgc6efQ=,Ar5jDc2ShmY51RCAXOZTNxOqqYs=
22,17,FmN4GRUQikupQQnl9ln8LtSbLiQ=,W3S8U/gst6OwRcLRCo2E3zIggY0=
22,30,FmN4GRUQikupQQnl9ln8LtSbLiQ=,yRVompMCwKd9HZpnP2DuTdLx6P4=
22,31,FmN4GRUQikupQQnl9ln8LtSbLiQ=,Qxphn1YaMF+otUYP6uYmArcscD8=
22,28,FmN4GRUQikupQQnl9ln8LtSbLiQ=,s+V9fh3e0eg+QTrLowEoniVBLkI=
22,29,FmN4GRUQikupQQnl9ln8LtSbLiQ=,H1mU+XBLSJajaTisi0BQlerFQFc=
22,26,FmN4GRUQikupQQnl9ln8LtSbLiQ=,iPNixkUN7juQn7tMPsHB0Dl+iDA=
22,27,FmN4GRUQikupQQnl9ln8LtSbLiQ=,z3Ab+qoR7FzV3TeIDdYfN7gnUgQ=
22,24,FmN4GRUQikupQQnl9ln8LtSbLiQ=,B7TuUmoTqIwVjSdepP4ERQr1uRs=
22,25,FmN4GRUQikupQQnl9ln8LtSbLiQ=,IZ/LRjkdG7ZZ6yIyKfuH8rGtdaQ=
22,6,FmN4GRUQikupQQnl9ln8LtSbLiQ=,svpiRKQ15eOj9GgcYBOBb87Po/A=
22,7,FmN4GRUQikupQQnl9ln8LtSbLiQ=,Dv8Gw0g8o/j0H8jPlrxiUh+xGCM=
22,4,qQKuOtZ2x+e6hs14qviSO0aAooM=,3N8Zb3ofERApFUqGnOEqflz/yw0=
22,5,qQKuOtZ2x+e6hs14qviSO0aAooM=,kYh9hPwZobJpWfBWF+F3iDkVY0o=
22,2,qQKuOtZ2x+e6hs14qviSO0aAooM=,JTJlMr6pyWyylqiTydvGUFEmDH0=
22,3,qQKuOtZ2x+e6hs14qviSO0aAooM=,PwX3wSD5/hxEAVd1zoAGFE2E6eI=
22,0,qQKuOtZ2x+e6hs14qviSO0aAooM=,JxZrLLCGECwYTu5ugihvmso2sKA=
22,1,qQKuOtZ2x+e6hs14qviSO0aAooM=,6llNA00IA4tVYyuQW1sqXreI5dc=
22,14,BquAfEiGafl5UHk+Ue9xMGauF2o=,XVj9QMnWuD3ogBCWj7kqV/ifcy0=
22,15,BquAfEiGafl5UHk+Ue9xMGauF2o=,4jDpNKaTurF+zqq0xpvM8tmBrDQ=
22,12,BquAfEiGafl5UHk+Ue9xMGauF2o=,j/d30SBfDf5tISYmNfSiDJ4v5mE=
22,13,BquAfEiGafl5UHk+Ue9xMGauF2o=,vo6g6Yu6BNY+QZ5wXHhEKjiVCWo=
22,10,BquAfEiGafl5UHk+Ue9xMGauF2o=,dXSM+PJ59l7enEBZcskQ21f4wLQ=
22,11,BquAfEiGafl5UHk+Ue9xMGauF2o=,PwdQPxftbdQ0WXPvgEYe81uzWUk=
22,8,BquAfEiGafl5UHk+Ue9xMGauF2o=,1+AUTkujFsEYDHQ5lNkEI8CZzQI=
22,9,BquAfEiGafl5UHk+Ue9xMGauF2o=,RKmX+s+uSVkcY0Orr/SxTOyt+cM=
23,23,BquAfEiGafl5UHk+Ue9xMGauF2o=,DHBSpIozl1fChqzyXvH3VO6jpuc=
23,22,BquAfEiGafl5UHk+Ue9xMGauF2o=,nDD5frVjYWfH20rZjruVClYY6xo=
23,21,BquAfEiGafl5UHk+Ue9xMGauF2o=,DzDUYBnObJW4I0aCQJN28J081QU=
23,20,Uvwr3r+Tuz25T6FjcVI/d74jvvo=,0/59+Mcv+Pdku3SR2z3YdRLiYZ4=
23,19,Uvwr3r+Tuz25T6FjcVI/d74jvvo=,oXUdTHWLC4ro+WkdXXBHrevLBWU=
23,18,Uvwr3r+Tuz25T6FjcVI/d74jvvo=,gSOizY7vPSp3XgsqXT+2gG3bwQg=
23,17,Uvwr3r+Tuz25T6FjcVI/d74jvvo=,cd5aa326lh48UcR3rSssIuzFWGU=
23,16,Uvwr3r+Tuz25T6FjcVI/d74jvvo=,Dn2YsvC4opTK69dl5rH6esIqvnI=
23,31,Uvwr3r+Tuz25T6FjcVI/d74jvvo=,eaHdh73nr7i77yRaWSG8VKBi3wo=
23,30,Uvwr3r+Tuz25T6FjcVI/d74jvvo=,Q6lg4ve4xQ4ixV6zQ28ASVSZXqs=
23,29,Uvwr3r+Tuz25T6FjcVI/d74jvvo=,NyNvY106MtrO0NzXD7XALzR3OzI=
23,28,Uvwr3r+Tuz25T6FjcVI/d74jvvo=,07UyLX1nxob5twtSSYOY1JPlS2o=
23,27,Uvwr3r+Tuz25T6FjcVI/d74jvvo=,4mIQvIhcgVo28V9/dasWrsylbgw=
23,26,Uvwr3r+Tuz25T6FjcVI/d74jvvo=,hbbZgyy1vsbxzn/fV1fUHyDxffg=
23,25,Uvwr3r+Tuz25T6FjcVI/d74jvvo=,dXVBwbJTqFRvdtHaJWwGUH2BW10=
23,24,Uvwr3r+Tuz25T6FjcVI/d74jvvo=,PxM80wY20ubxC6WPz/vc9BlAGcY=
23,7,Uvwr3r+Tuz25T6FjcVI/d74jvvo=,YM8uWnn0qoQzTKTuLMZb6aTHQTw=
23,6,Uvwr3r+Tuz25T6FjcVI/d74jvvo=,+33ZcfI/IFTVgy2pwNQ56WAGaag=
23,5,Uvwr3r+Tuz25T6FjcVI/d74jvvo=,TqKX+/UY4bCNokEeMilGdMwysqc=
23,4,5BM1GuDOC/aPr9cfOEbaqjQR+Nk=,H5WEyBrRX3XMM8Lc2AAPC/CqHG8=
23,3,5BM1GuDOC/aPr9cfOEbaqjQR+Nk=,8vHxFYRwoRcOYMKDutozgxMjUrU=
23,2,5BM1GuDOC/aPr9cfOEbaqjQR+Nk=,9TLn94mYOmtk8r4IXC/Io9iA5zo=
23,1,5BM1GuDOC/aPr9cfOEbaqjQR+Nk=,PyK8QuJ81wauyXeivwYpEhIGUFc=
23,0,5BM1GuDOC/aPr9cfOEbaqjQR+Nk=,TurCBCNZYRqVJ6Vh8dflWcyMP5E=
23,15,5BM1GuDOC/aPr9cfOEbaqjQR+Nk=,MQYrne0IGXlOyQQMWDw1O+3saUc=
23,14,5BM1GuDOC/aPr9cfOEbaqjQR+Nk=,h2CgwBx1x6NkWvcWLnUFgt10Xn8=
23,13,5BM1GuDOC/aPr9cfOEbaqjQR+Nk=,hYPrbAUw0jwuizWAcVIDqikCpF8=
23,12,5BM1GuDOC/aPr9cfOEbaqjQR+Nk=,ysnAmwPZLJSdtM2jjdzOLMurrjI=
23,11,YJZ2y4lBKY4urJagW43lwtZ6weg=,iT0vLRBIoNVZTncrwTCHbkM3/gs=
23,10,YJZ2y4lBKY4urJagW43lwtZ6weg=,k6ncZMYZz1s05kbG189lme/OyX8=
23,9,YJZ2y4lBKY4urJagW43lwtZ6weg=,ej0xOCDoWJUMscln5skUxTnuCYk=
23,8,YJZ2y4lBKY4urJagW43lwtZ6weg=,IkBiI720h0HAT08JRWL2l0QZcno=
24,24,YJZ2y4lBKY4urJagW43lwtZ6weg=,tdTjSa8TICzqDIiN3aYPlzVy9EE=
24,25,YJZ2y4lBKY4urJagW43lwtZ6weg=,KpH9+vZbNViUyc8R6msCG8mxhHQ=
24,26,YJZ2y4lBKY4urJagW43lwtZ6weg=,QZm6r5yq4p9gI1T6Tt3mU19d3ss=
24,27,YJZ2y4lBKY4urJagW43lwtZ6weg=,RBAYrf7Qq2i5mQLwhSSvctBTSJw=
24,28,YJZ2y4lBKY4urJagW43lwtZ6weg=,yEKiczbwAI7S2Y86wuM+T0KysOk=
24,29,YJZ2y4lBKY4urJagW43lwtZ6weg=,mEEE0TBsyHmLcXJAtT/vzwqPJh8=
24,30,YJZ2y4lBKY4urJagW43lwtZ6weg=,y09v7n98eRWXonnveNB4RWqL31I=
24,31,YJZ2y4lBKY4urJagW43lwtZ6weg=,etvE0jWUbGvoemFqAXeBaexIkbE=
24,16,YJZ2y4lBKY4urJagW43lwtZ6weg=,ZjbINSuCVDaQSBnSrsd2uJJfggw=
24,17,YJZ2y4lBKY4urJagW43lwtZ6weg=,g4ECWyPbrzISFvVgOJnRheJQpqM=
24,18,YJZ2y4lBKY4urJagW43lwtZ6weg=,mphVYUF+56bj4o2YqDJYKzeJhDM=
24,19,YJZ2y4lBKY4urJagW43lwtZ6weg=,tt32LE20j3uby3vKzvnVd7FCo5g=
24,20,IlgBi0g7H54zXDc/RO7VPmtXIbE=,/J7pyNfReHlu6a31PYJW5AtML5Y=
24,21,IlgBi0g7H54zXDc/RO7VPmtXIbE=,BPFMg46fS1BDN77vgaeqsmPodC4=
24,22,IlgBi0g7H54zXDc/RO7VPmtXIbE=,879DOmUbdt9NqY+ubirol2BbzlM=
24,23,IlgBi0g7H54zXDc/RO7VPmtXIbE=,H+xSIVFdveNP/rAtc2p53j92J4Q=
24,8,IlgBi0g7H54zXDc/RO7VPmtXIbE=,qjv36Nx7RuLuKxTKnIeqArfWLOc=
24,9,IlgBi0g7H54zXDc/RO7VPmtXIbE=,no3vlHOTyDY+XDjEu5Ha/PyjShc=
24,10,IlgBi0g7H54zXDc/RO7VPmtXIbE=,tZ5RJCzQJ3nw1L+xl+2l9g1KPK4=
24,11,IlgBi0g7H54zXDc/RO7VPmtXIbE=,tZ5RJCzQJ3nw1L+xl+2l9g1KPK4=
24,12,IlgBi0g7H54zXDc/RO7VPmtXIbE=,rk1r2Ke5XNlHM9EovFt3eZcTmdA=
24,13,IlgBi0g7H54zXDc/RO7VPmtXIbE=,KF1b9cte/h06uO5IOGpdTMKfcOU=
24,14,IlgBi0g7H54zXDc/RO7VPmtXIbE=,oq0mGfh0c6mHl0d2tZ2+hF16kKs=
24,15,IlgBi0g7H54zXDc/RO7VPmtXIbE=,LTb7xDjH9AcAcrC7jqeivcLtEUI=
24,0,IlgBi0g7H54zXDc/RO7VPmtXIbE=,BfsIJWfx2QrlaBBsanf6YCv4CYI=
24,1,KiLluflQaDohtYhIgwAVtWJXliw=,kvm8WL2Kgo1oCqoCEyufMZEZrzw=
24,2,KiLluflQaDohtYhIgwAVtWJXliw=,o4Qe+TiQTgfypCI9z/F/Y+FYvts=
24,3,KiLluflQaDohtYhIgwAVtWJXliw=,dM0x6zau9lH4W80gZtKCeej7Bxg=
24,4,KiLluflQaDohtYhIgwAVtWJXliw=,71o1gSJi6ujKZnH6t2pYVuUfkA0=
24,5,KiLluflQaDohtYhIgwAVtWJXliw=,754LA7tiSbjCqbaR6XmwkrAof44=
24,6,KiLluflQaDohtYhIgwAVtWJXliw=,Dl5LUzsiLnMOEX8g0cq5qruaJfQ=
24,7,KiLluflQaDohtYhIgwAVtWJXliw=,VLVuOnj7KFwM2DdKeQPN91YNMm8=
25,25,KiLluflQaDohtYhIgwAVtWJXliw=,9NR4yLtDefDlUofOmbnOwd+0sEw=
25,24,KiLluflQaDohtYhIgwAVtWJXliw=,6E2lDvEPsqeRLMHeHeb/4sZ4csg=
25,27,KiLluflQaDohtYhIgwAVtWJXliw=,/0YU2kBeb7F1g4HvUpY4nFhhUt4=
25,26,KiLluflQaDohtYhIgwAVtWJXliw=,aOGp1yO0t0sxkKXJS0kKwyDUREk=
25,29,KiLluflQaDohtYhIgwAVtWJXliw=,3SiYckKaoXVbYoIE46CofWlGbCI=
25,28,jZGw4BRYw0L6n15WLTDusYpyrdI=,OsBO0R/OQdAA0gm5mItVf77D0E4=
25,31,jZGw4BRYw0L6n15WLTDusYpyrdI=,aaULr6/f91LmVUDCP1ArOLbbo0s=
25,30,jZGw4BRYw0L6n15WLTDusYpyrdI=,e5S/p+hxSRM7uIZVO9KUjt9lvA8=
25,17,jZGw4BRYw0L6n15WLTDusYpyrdI=,T/G0vGTyWvd4RMAfLzA8Yi5VgGs=
25,16,jZGw4BRYw0L6n15WLTDusYpyrdI=,Ibs5h8r49chWaXbVGGxdFGfuaUI=
25,19,jZGw4BRYw0L6n15WLTDusYpyrdI=,su7HVCPxGxhuG8rPHH75kP0OTa0=
25,18,jZGw4BRYw0L6n15WLTDusYpyrdI=,/AARvVtKtZecos/XMF3GhZ0ft3Q=
25,21,jZGw4BRYw0L6n15WLTDusYpyrdI=,1Xbku7/ukqEksFeLKzXnDR+f6SM=
25,20,jZGw4BRYw0L6n15WLTDusYpyrdI=,PBAKBZD9uG0nHA29bYKoDHGPuCk=
25,23,jZGw4BRYw0L6n15WLTDusYpyrdI=,nxOQzFi/K/D49RDnz06uO8Fu4rY=
25,22,jZGw4BRYw0L6n15WLTDusYpyrdI=,+n64TA33dFxZb2GLvu9waH0svtI=
25,9,jZGw4BRYw0L6n15WLTDusYpyrdI=,kiqV6kJMh1ESoUnSA3K9vDP2D2A=
25,8,jZGw4BRYw0L6n15WLTDusYpyrdI=,9zUwDNcbIfZBrSpKGyoy2TRc29A=
25,11,jZGw4BRYw0L6n15WLTDusYpyrdI=,OR6SL/AXgqbBd39gQJfTZHitQ1Q=
25,10,jZGw4BRYw0L6n15WLTDusYpyrdI=,UHk1hLpa5eABgTL4EGtjoKrCnTc=
25,13,jZGw4BRYw0L6n15WLTDusYpyrdI=,m1bJD6egEI7bKSOG/o8MYqri+oo=
25,12,jZGw4BRYw0L6n15WLTDusYpyrdI=,Wovss80xwPgMsRUox6zyG3efGSQ=
25,15,QhtGw/kaipfjXKEQZ/HlRO+lMhk=,fI2pvGA4pJ0TsVSnGU+nyZxcxgk=
25,14,QhtGw/kaipfjXKEQZ/HlRO+lMhk=,ezXJbgv95Uk4cZMCHGWRejQKkIs=
25,1,QhtGw/kaipfjXKEQZ/HlRO+lMhk=,JH09ALDLNcyblaNOcBSjHtiMawE=
25,0,QhtGw/kaipfjXKEQZ/HlRO+lMhk=,OOLDWd6cUpHzh+G4DcIoeLdy+qA=
25,3,QhtGw/kaipfjXKEQZ/HlRO+lMhk=,PRP7LrMU8s3vaW2iQpTc214p6Dc=
25,2,QhtGw/kaipfjXKEQZ/HlRO+lMhk=,pSrGKzZXqONZG4wkmSGAYDHIreE=
25,5,QhtGw/kaipfjXKEQZ/HlRO+lMhk=,bMfPqht/NgbgyALhn9hjMyVs/uo=
25,4,QhtGw/kaipfjXKEQZ/HlRO+lMhk=,RmOxSa1KyS4Z5YOjNgtlpC9p/XQ=
25,7,QhtGw/kaipfjXKEQZ/HlRO+lMhk=,EFnBNV+29Z6I5uGVXmHpaqdEyFE=
25,6,QhtGw/kaipfjXKEQZ/HlRO+lMhk=,2dP/blVBw9DBAgX8Ft4GrV8GoBk=
26,26,QhtGw/kaipfjXKEQZ/HlRO+lMhk=,fv9DhvV8fHBiS62mcDuuBSobs6k=
26,27,0ADp2GJmVmGH1EgYtvh/RggA7CI=,mSYaUanNMEugSbEoKk0m7/CIFOs=
26,24,0ADp2GJmVmGH1EgYtvh/RggA7CI=,SdBfSPQV+DnhzrPK/1dX5xQHXgY=
26,25,0ADp2GJmVmGH1EgYtvh/RggA7CI=,f70/tfy8qiVB8pNIZ8g/YvTowVU=
26,30,0ADp2GJmVmGH1EgYtvh/RggA7CI=,+AHjMeThGM0cLbyupkAILCRYTis=
26,31,0ADp2GJmVmGH1EgYtvh/RggA7CI=,iv+91A0KHl3NcA7iti9TjjSWUCo=
26,28,0ADp2GJmVmGH1EgYtvh/RggA7CI=,BHHxI4/+X4075Beu3Cl4D4ZOm6c=
26,29,0ADp2GJmVmGH1EgYtvh/RggA7CI=,wBwLtVkG490cmsa26AtirUiEdXw=
26,18,0ADp2GJmVmGH1EgYtvh/RggA7CI=,IFmLhcirl/XWvGZrK2vJer4KRtk=
26,19,0ADp2GJmVmGH1EgYtvh/RggA7CI=,xYBIqG4LKF+Es94WU5aZ2PgGnh0=
26,16,0ADp2GJmVmGH1EgYtvh/RggA7CI=,bzlXeyLp5Xdd+qLX9t2QCgsKuAY=
26,17,0ADp2GJmVmGH1EgYtvh/RggA7CI=,SJ4UKGoxSW79Q/xzpxQAC1Q0Jt4=
26,22,0ADp2GJmVmGH1EgYtvh/RggA7CI=,OZv3QRsp2tmhsqU7n/9dbpjSd+Q=
26,23,0ADp2GJmVmGH1EgYtvh/RggA7CI=,Eksffu3OPCArxM7mM6MB0JDoYZw=
26,20,0ADp2GJmVmGH1EgYtvh/RggA7CI=,O9nFG0bNJBisUq195QvLt+sEog8=
26,21,0ADp2GJmVmGH1EgYtvh/RggA7CI=,j1Puwjt50VNnETA49xFnIJresLM=
26,10,0ADp2GJmVmGH1EgYtvh/RggA7CI=,JL2VTidMjrA0kqocGUp4PMpr18Y=
26,11,0ADp2GJmVmGH1EgYtvh/RggA7CI=,wqDlcz9bnBy3frGEXL0ktYhAJAs=
26,8,gYu8QKD1CgAlwqMYvPvgNn5heIo=,nF6AEoWxodtNyNHzylv64BQIjnI=
26,9,gYu8QKD1CgAlwqMYvPvgNn5heIo=,ka5yIFW2zw2Ws4Oi0MXTueu9gUs=
26,14,gYu8QKD1CgAlwqMYvPvgNn5heIo=,EZjWNm3lLtsyCDLJp9Sk17DX10g=
26,15,gYu8QKD1CgAlwqMYvPvgNn5heIo=,Lb4/5TLyjuUe7gAjWt4xwyoFmvg=
26,12,gYu8QKD1CgAlwqMYvPvgNn5heIo=,qbqYLm6DhyIHiQz79O9x8sWxz0M=
26,13,gYu8QKD1CgAlwqMYvPvgNn5heIo=,fDK9PVe3As/8XH3LtwLke83cV2E=
26,2,gYu8QKD1CgAlwqMYvPvgNn5heIo=,VwUsjznam+MZwZeKexvl0lXSdS8=
26,3,gYu8QKD1CgAlwqMYvPvgNn5heIo=,ZhcZflciUgPchZ7VN9rr+CRrOlE=
26,0,gYu8QKD1CgAlwqMYvPvgNn5heIo=,v8Vosd0qB3op9BlseLvotRu1ZQo=
26,1,gYu8QKD1CgAlwqMYvPvgNn5heIo=,kcmlHYhNgil11Nv9PnzX6qkS/0E=
26,6,gYu8QKD1CgAlwqMYvPvgNn5heIo=,3u4oGSyxtYDPdHsX1sls1Im+q5A=
26,7,gYu8QKD1CgAlwqMYvPvgNn5heIo=,e9bwOVnAfxcptwnv7lhPLG4RFig=
26,4,gYu8QKD1CgAlwqMYvPvgNn5heIo=,XxHOy4WJj6LWAFcVW0ztnWTsEBg=
26,5,aJlYQoP/mEBDQiyzhCLVibSWsmc=,QCfjbXKCwMnWj3TgdbjPyMQS8Xc=
27,27,aJlYQoP/mEBDQiyzhCLVibSWsmc=,nZXGxTwwf+2d8lX7uCneNT9uUtw=
27,26,aJlYQoP/mEBDQiyzhCLVibSWsmc=,/RpoCpsnc4jmpKzpfAUv1HVaPr8=
27,25,aJlYQoP/mEBDQiyzhCLVibSWsmc=,WPPC+WW37vwRf745chbUIAOMF9k=
27,24,aJlYQoP/mEBDQiyzhCLVibSWsmc=,fY1UQWbLMhEFxKXNL4z5qZ6WLeE=
27,31,aJlYQoP/mEBDQiyzhCLVibSWsmc=,spLjhzY7UjwyJYlx+0VAIxBMQjY=
27,30,aJlYQoP/mEBDQiyzhCLVibSWsmc=,VFLGLRHyz/CedUj9G5nAsmcrttY=
27,29,aJlYQoP/mEBDQiyzhCLVibSWsmc=,0mOSyCHEsOpouyry9OFHSmQ0nRo=
27,28,aJlYQoP/mEBDQiyzhCLVibSWsmc=,qUeM1kIdt3fKipw3rt488x1GCgQ=
27,19,aJlYQoP/mEBDQiyzhCLVibSWsmc=,KQi6hSrYCp01hnSdTJCFvtlZRcc=
27,18,aJlYQoP/mEBDQiyzhCLVibSWsmc=,xwU59bz5UUxGFjR6WLvwxo9GfrI=
27,17,aJlYQoP/mEBDQiyzhCLVibSWsmc=,KMX9kN2hS5eU1M8F4pZ3i4Z/aa8=
27,16,aJlYQoP/mEBDQiyzhCLVibSWsmc=,FWilwt+m3Vq8zpNWUw9ZLWhhkdg=
27,23,aJlYQoP/mEBDQiyzhCLVibSWsmc=,zc3MkFz0W/YZoG82+NHdNkBDAh8=
27,22,hHeLkEWhOIkVTgUXBnoNrzyfjmQ=,BmKABgYm00nvFQJ9sOhlypQboAw=
27,21,hHeLkEWhOIkVTgUXBnoNrzyfjmQ=,3k1HVKv1wqkBRnCLZ2NBBE2E3hg=
27,20,hHeLkEWhOIkVTgUXBnoNrzyfjmQ=,QppwOtR3ZUzy41F5344PYc9PF60=
27,11,hHeLkEWhOIkVTgUXBnoNrzyfjmQ=,HoS9GcDUogdoXN8uRbdKkfqeeLM=
27,10,hHeLkEWhOIkVTgUXBnoNrzyfjmQ=,TiI082di4zQ0/xVAi4eGI+FR3Eg=
27,9,hHeLkEWhOIkVTgUXBnoNrzyfjmQ=,s08KsQNJ59fFOH7GFpr0oM2g//w=
27,8,hHeLkEWhOIkVTgUXBnoNrzyfjmQ=,MVcTZ1eVyku/sxQPZ4eo76W+oWg=
27,15,hHeLkEWhOIkVTgUXBnoNrzyfjmQ=,OR2fvGV/dm2r6zgn6wXRwGHYyuI=
27,14,hHeLkEWhOIkVTgUXBnoNrzyfjmQ=,9XDTx+thU9epm50/2IpKHrBzqAI=
27,13,hHeLkEWhOIkVTgUXBnoNrzyfjmQ=,6E868iuHUPSlRMloESB530Uxs88=
27,12,hHeLkEWhOIkVTgUXBnoNrzyfjmQ=,qVOHa09Vn1CQAr03K//jFo9ills=
27,3,hHeLkEWhOIkVTgUXBnoNrzyfjmQ=,eD2Cj+HuEqv8EJsSspYsVxiMQNk=
27,2,hHeLkEWhOIkVTgUXBnoNrzyfjmQ=,25Hw5LX+bk10nNteg2lHjuQKXeY=
27,1,hHeLkEWhOIkVTgUXBnoNrzyfjmQ=,tFidA4WJpGxygdCgTT1bLgVMyis=
27,0,kFtkkF7OUoARnt3BAbwtxMmNBco=,6tMl15liRHh44XNSigVTHC1dxt0=
27,7,kFtkkF7OUoARnt3BAbwtxMmNBco=,7VI4m4aEqmqhDc41qvcL2tA8x/o=
27,6,kFtkkF7OUoARnt3BAbwtxMmNBco=,WgaReU2RINNgcQZVNkZNka9a9x0=
27,5,kFtkkF7OUoARnt3BAbwtxMmNBco=,DOjvxZqg3eeoV8U5BgFtOxHHDSY=
27,4,kFtkkF7OUoARnt3BAbwtxMmNBco=,4y3tj0sqY1Zg31cpqT4VKq9o+Tw=
28,28,kFtkkF7OUoARnt3BAbwtxMmNBco=,DHImo5lvZMlsPVStM6Y1FvkvNXI=
28,29,kFtkkF7OUoARnt3BAbwtxMmNBco=,w4j57GtQxw/1KVPu61JHcqeRLJ4=
28,30,kFtkkF7OUoARnt3BAbwtxMmNBco=,w4j57GtQxw/1KVPu61JHcqeRLJ4=
28,31,kFtkkF7OUoARnt3BAbwtxMmNBco=,+9eCWvCsWRKp3H6xdHmLdNGCz5E=
28,24,kFtkkF7OUoARnt3BAbwtxMmNBco=,QCjKwN9Mqg2Al/6KKTnaXaJ6VtI=
28,25,kFtkkF7OUoARnt3BAbwtxMmNBco=,ujWqLQEKn5QEX6ZHB1C2IJV2zyE=
28,26,kFtkkF7OUoARnt3BAbwtxMmNBco=,fZTJWd60stF8PXAR1BcD83N/ZhA=
28,27,kFtkkF7OUoARnt3BAbwtxMmNBco=,U3jaCZAOxq0uXProPfYrmdZupVU=
28,20,kFtkkF7OUoARnt3BAbwtxMmNBco=,MMoGfp5PcEylEivNKBkLL1hqMP8=
28,21,kFtkkF7OUoARnt3BAbwtxMmNBco=,sFz+WUbPm2SqZV727Du4Pc4U+Bk=
28,22,g7vn5qIyBhqeSTAOHJNthkeC45g=,n/LtzNSGLRZgJB5jbzuNNjHWE88=
28,23,g7vn5qIyBhqeSTAOHJNthkeC45g=,37DdP3GDN6Mi21MOBq7VD4+NIGE=
28,16,g7vn5qIyBhqeSTAOHJNthkeC45g=,cROK1egj3WRCWGZhSYlOaCqRO4c=
28,17,g7vn5qIyBhqeSTAOHJNthkeC45g=,rXwyHT9/d1UPtyODkot3NQwxwCw=
28,18,g7vn5qIyBhqeSTAOHJNthkeC45g=,zk8+InxZY3ZE4n8t/WMHO3kMi84=
28,19,g7vn5qIyBhqeSTAOHJNthkeC45g=,7MYHbKarHTR9R31pEez/X/XIT5c=
28,12,g7vn5qIyBhqeSTAOHJNthkeC45g=,VDftxN/sbSF6cW4WxkQnEeUSDSk=
28,13,g7vn5qIyBhqeSTAOHJNthkeC45g=,Rx+PNcUJhDkZqVgxSaOZtyBGzCE=
28,14,g7vn5qIyBhqeSTAOHJNthkeC45g=,k95MfvBGK8EvcXXoVw7XRj8hwwo=
28,15,g7vn5qIyBhqeSTAOHJNthkeC45g=,+RaR+rDzanRWlfddd68dS9ECJNw=
28,8,g7vn5qIyBhqeSTAOHJNthkeC45g=,PcBU6XncBPvtWwM3S2fSz95dXHU=
28,9,g7vn5qIyBhqeSTAOHJNthkeC45g=,aXvcUNuuKtM40Hm2d/cLOt9Ou0k=
28,10,g7vn5qIyBhqeSTAOHJNthkeC45g=,zakSUhiLBkagwmr9hDeaRDMbm3E=
28,11,g7vn5qIyBhqeSTAOHJNthkeC45g=,cbi/G2PXRys0O6pmSR5mLgN17d0=
28,4,g7vn5qIyBhqeSTAOHJNthkeC45g=,cwHNUGSaJC1OhbZCmcPr3Rq2aXw=
28,5,g7vn5qIyBhqeSTAOHJNthkeC45g=,TC3UTerGGHq7AAZcmWyx8llm9iU=
28,6,e9nGHYBQ9LzCa+hzsq0txnq3vAY=,3bMuOaPciqTqhU8AwbySYdpTIsg=
28,7,e9nGHYBQ9LzCa+hzsq0txnq3vAY=,j8KiUb1DtWS71HbR4z4ClewRqlg=
28,0,e9nGHYBQ9LzCa+hzsq0txnq3vAY=,ZI/B1+6EThCXPj7sxAywcSmaNcI=
28,1,e9nGHYBQ9LzCa+hzsq0txnq3vAY=,FsgFcYEf6GznTNBJjPAehUyY+c0=
28,2,e9nGHYBQ9LzCa+hzsq0txnq3vAY=,HOg4vKEbyL9bceNVko+OHAsvcIc=
28,3,e9nGHYBQ9LzCa+hzsq0txnq3vAY=,jFMkbBdlrxg/1p6GCx1n3hd1eMU=
29,29,e9nGHYBQ9LzCa+hzsq0txnq3vAY=,NA4nFbLuRTIGABlJenL4dzo8uis=
29,28,e9nGHYBQ9LzCa+hzsq0txnq3vAY=,vfRmPOPNxcgywcWHTy7813lOLkU=
29,31,e9nGHYBQ9LzCa+hzsq0txnq3vAY=,KqIHGVp/a3hnqwpllg3WlZc567A=
29,30,e9nGHYBQ9LzCa+hzsq0txnq3vAY=,5Jga1GTcmrp9HP1JR/LFu5BVDe0=
29,25,e9nGHYBQ9LzCa+hzsq0txnq3vAY=,M7WEICO3yT9CxNFdKQqHgYcy8KY=
29,24,e9nGHYBQ9LzCa+hzsq0txnq3vAY=,pn+2iSaXLSHkHbIjrCMh0ohKvKM=
29,27,e9nGHYBQ9LzCa+hzsq0txnq3vAY=,Rm/abWz1dnuAi7MjiWo4r37whuM=
29,26,3DbsirvCnyXVs8OfN6y1eSRwbVI=,QwsoPy7lsksoNoWDi6ohWCdAsTI=
29,21,3DbsirvCnyXVs8OfN6y1eSRwbVI=,QyneWrsMGuN6jf5rxqHfGM5zwrs=
29,20,3DbsirvCnyXVs8OfN6y1eSRwbVI=,+urfT6VzYweG8TrJH4CWznigAmA=
29,23,3DbsirvCnyXVs8OfN6y1eSRwbVI=,vX6I0ADnrBuk25tQu4L5ZwDQUtI=
29,22,3DbsirvCnyXVs8OfN6y1eSRwbVI=,dOtcQ6MzLBhn119JBuYRqztgSb8=
29,17,3DbsirvCnyXVs8OfN6y1eSRwbVI=,bTw6z9c2TqLDS0SzQ+MsJCwKzJM=
29,16,3DbsirvCnyXVs8OfN6y1eSRwbVI=,gJ8Ooopgz6xi5THZ2LVRB7TJedA=
29,19,3DbsirvCnyXVs8OfN6y1eSRwbVI=,NdJUEtJXlYpqMiR3gzQApTlS/ok=
29,18,3DbsirvCnyXVs8OfN6y1eSRwbVI=,h2sPywlwte2cdUX09SpQ16X7s7o=
29,13,3DbsirvCnyXVs8OfN6y1eSRwbVI=,Rx+PNcUJhDkZqVgxSaOZtyBGzCE=
29,12,3DbsirvCnyXVs8OfN6y1eSRwbVI=,oyEspJG1f9kMRKhzHXA9vdZuVJo=
29,15,3DbsirvCnyXVs8OfN6y1eSRwbVI=,+RaR+rDzanRWlfddd68dS9ECJNw=
29,14,3DbsirvCnyXVs8OfN6y1eSRwbVI=,k95MfvBGK8EvcXXoVw7XRj8hwwo=
29,9,3DbsirvCnyXVs8OfN6y1eSRwbVI=,jX/wUP4EHcf994Uqy5JIo8/5fDw=
29,8,3DbsirvCnyXVs8OfN6y1eSRwbVI=,8w8i0m4nbxpgKrCICtR0bni0CfU=
29,11,3DbsirvCnyXVs8OfN6y1eSRwbVI=,7YM4OcySA+tQ5X4T+6j52KYoByo=
29,10,3DbsirvCnyXVs8OfN6y1eSRwbVI=,VnqRfQUjjoK/x/ipW0qnj+tapBw=
29,5,SpSfau47uMu5+N96m3QG1KVZM4s=,bO7ybZfk7jYZSa/p7y9x0TxuROw=
29,4,SpSfau47uMu5+N96m3QG1KVZM4s=,XxHOy4WJj6LWAFcVW0ztnWTsEBg=
29,7,SpSfau47uMu5+N96m3QG1KVZM4s=,HoW0m8Y2mAwMhfdwd8DuobaE4m8=
29,6,SpSfau47uMu5+N96m3QG1KVZM4s=,DucJb+GJm+mQEgo1NNJJ8Te7/Fs=
29,1,SpSfau47uMu5+N96m3QG1KVZM4s=,esxWoLEy3BqGEO15AFHI+Lc/03w=
29,0,SpSfau47uMu5+N96m3QG1KVZM4s=,T4ZqVxPnMm1TUUnT37qMfR56nN4=
29,3,SpSfau47uMu5+N96m3QG1KVZM4s=,whJmCjBjckYJxCay35fcQZMUl30=
29,2,SpSfau47uMu5+N96m3QG1KVZM4s=,wWVIBvtyMYIELU6iimnYqrkFf8w=
30,30,SpSfau47uMu5+N96m3QG1KVZM4s=,V73CqUujMwPwvkiOwV4plgRybDs=
30,31,SpSfau47uMu5+N96m3QG1KVZM4s=,8hvBU0bsmyTwkfthmp/ZSa3+xhE=
30,28,SpSfau47uMu5+N96m3QG1KVZM4s=,ck0ZPmHEFilOjlJ/YmE5GTKua50=
30,29,SpSfau47uMu5+N96m3QG1KVZM4s=,iuUpOuBObGCSL6YSvQy2yfOJGTE=
30,26,SpSfau47uMu5+N96m3QG1KVZM4s=,S0s1Xnk9Uz1xZlj/z/ARC/EZiuk=
30,27,mCi7e/cjd5DCPo48Ju9gI4lZiZo=,qnPd/pP0bG1wtu04Vfz9rv9Pddg=
30,24,mCi7e/cjd5DCPo48Ju9gI4lZiZo=,v6JK5spN7FvHgvMJKwFCPr61+rY=
30,25,mCi7e/cjd5DCPo48Ju9gI4lZiZo=,515duUyh8ONOD2DzlUVuKp4EcbA=
30,22,mCi7e/cjd5DCPo48Ju9gI4lZiZo=,zY/19ZLiXXqkiHwAjPcciLoXGY4=
30,23,mCi7e/cjd5DCPo48Ju9gI4lZiZo=,sxL1wlAOLd1AstsmEcPhgOD6bwk=
30,20,mCi7e/cjd5DCPo48Ju9gI4lZiZo=,qNgxi4/e2ba1sbfd1QTqiAehLk4=
30,21,mCi7e/cjd5DCPo48Ju9gI4lZiZo=,gmn/AE7F4SgP399lN3+Np7FCEWA=
30,18,mCi7e/cjd5DCPo48Ju9gI4lZiZo=,ITLmfemAcGte1ppC+YmcBtDoYh4=
30,19,mCi7e/cjd5DCPo48Ju9gI4lZiZo=,EFgqJJ+QM+jX3pdx4moD15wubIY=
30,16,mCi7e/cjd5DCPo48Ju9gI4lZiZo=,QRTrR7mv4P0OSvTE0qFNsc5sUfY=
30,17,mCi7e/cjd5DCPo48Ju9gI4lZiZo=,21iWGg0kvYdb8+7Ul9vb+9gVjzA=
30,14,mCi7e/cjd5DCPo48Ju9gI4lZiZo=,k95MfvBGK8EvcXXoVw7XRj8hwwo=
30,15,mCi7e/cjd5DCPo48Ju9gI4lZiZo=,+RaR+rDzanRWlfddd68dS9ECJNw=
30,12,mCi7e/cjd5DCPo48Ju9gI4lZiZo=,GTImoXk6IqT/yKtE81sdkD0+Fr4=
30,13,mCi7e/cjd5DCPo48Ju9gI4lZiZo=,FuQKAzo2cGiqbNYQlD5lmkNwtmw=
30,10,mCi7e/cjd5DCPo48Ju9gI4lZiZo=,g0Nnic69yp/h22mpChsl6gmmU6M=
30,11,mCi7e/cjd5DCPo48Ju9gI4lZiZo=,g0Nnic69yp/h22mpChsl6gmmU6M=
30,8,mCi7e/cjd5DCPo48Ju9gI4lZiZo=,CBl7E1OK9gydvc5OoQna2yOnksg=
30,9,pLgTGo6mCLrdke2ofcTXMd8qyOk=,44jcCSi6Kjj50vrb8g2bEfaXAF4=
30,6,pLgTGo6mCLrdke2ofcTXMd8qyOk=,oA01h5/hihZBTdtCKJIHyHlOnLo=
30,7,pLgTGo6mCLrdke2ofcTXMd8qyOk=,6cSdZtBqVrIGIZ6z3Szx976+WKA=
30,4,pLgTGo6mCLrdke2ofcTXMd8qyOk=,U6D0rHxcIv2+yXShXxJiLTa6OuQ=
30,5,pLgTGo6mCLrdke2ofcTXMd8qyOk=,pDmC3qrVRFcJuziHj0V7X86yTCY=
30,2,pLgTGo6mCLrdke2ofcTXMd8qyOk=,ZgtogHTxhNXeay1xZRJEB5/hitc=
30,3,pLgTGo6mCLrdke2ofcTXMd8qyOk=,2UDPbZBkGbWnU2AI8fWbVyY7Q9A=
30,0,pLgTGo6mCLrdke2ofcTXMd8qyOk=,aiYD9yBDATc+Wlp7PR+BbCbTmbM=
30,1,pLgTGo6mCLrdke2ofcTXMd8qyOk=,t8MppGq9NsaCirKP+qGvhtVNS0A=
31,31,pLgTGo6mCLrdke2ofcTXMd8qyOk=,YpQFma+bxL/A2mNDGqZ6OtTuEr4=
31,30,pLgTGo6mCLrdke2ofcTXMd8qyOk=,nTgvUTogn5u/7G2Em+7RTPy0gH4=
31,29,OetGQ07fret8YaBhPK/6PmWCENk=,/aMSj185qHbxu+mN8Ybb/Jfcnkw=
31,28,OetGQ07fret8YaBhPK/6PmWCENk=,GTP3H0fA+AguI7xT/8lbZf3ptBk=
31,27,OetGQ07fret8YaBhPK/6PmWCENk=,cOGD8Q7gmRtIgPi+NugKSqVv0uI=
31,26,OetGQ07fret8YaBhPK/6PmWCENk=,cOGD8Q7gmRtIgPi+NugKSqVv0uI=
31,25,OetGQ07fret8YaBhPK/6PmWCENk=,tLqDLy1rp/6zmckLEL3ocH0M06Y=
31,24,OetGQ07fret8YaBhPK/6PmWCENk=,gPeiCioGB+H1ue+OrIqt/iOcebY=
31,23,OetGQ07fret8YaBhPK/6PmWCENk=,u6i0AzjIApjeeVU1SL9pyuXmhDE=
31,22,OetGQ07fret8YaBhPK/6PmWCENk=,tOiFjvwTcplvC/sgBilB9ACl/eM=
31,21,OetGQ07fret8YaBhPK/6PmWCENk=,CA05kVRxDtZQlK4RSmh2c8FdWh8=
31,20,OetGQ07fret8YaBhPK/6PmWCENk=,iNbKj6LK3lNGJLbaK4VRD9gZrkw=
31,19,OetGQ07fret8YaBhPK/6PmWCENk=,iNbKj6LK3lNGJLbaK4VRD9gZrkw=
31,18,OetGQ07fret8YaBhPK/6PmWCENk=,4nshGj1qk6vG4wxwKJyJ8tJ8dh8=
31,17,OetGQ07fret8YaBhPK/6PmWCENk=,tqiuu0KTYZQG3DY18l7LqsJdNSE=
31,16,OetGQ07fret8YaBhPK/6PmWCENk=,OTtnC5RuuWVrCwVSpcT5+s0fgE4=
31,15,OetGQ07fret8YaBhPK/6PmWCENk=,oCLYNsR3GPRhkLH+CCRKWzIE4x0=
31,14,OetGQ07fret8YaBhPK/6PmWCENk=,2OK9MkhCzBYtLo78HC4paIzLtU8=
31,13,OetGQ07fret8YaBhPK/6PmWCENk=,pjGaUeZMD1UmaP7RKJPF9nLBtHg=
31,12,j9nxFfK5TDuM2PINpoQG9s5SyAM=,SrvnC+nDhITIYCW6auxEXGT2Yig=
31,11,j9nxFfK5TDuM2PINpoQG9s5SyAM=,kZGlMdgrNOT2qlK6MQjPRdx9RFA=
31,10,j9nxFfK5TDuM2PINpoQG9s5SyAM=,kZGlMdgrNOT2qlK6MQjPRdx9RFA=
31,9,j9nxFfK5TDuM2PINpoQG9s5SyAM=,fg7mxKhfWKUfnupwMzj/vSyBVfw=
31,8,j9nxFfK5TDuM2PINpoQG9s5SyAM=,1ljENS/t93uy2TF+RbMAY15Wujs=
31,7,j9nxFfK5TDuM2PINpoQG9s5SyAM=,1ASVdW/4nQ/JKdif/P6j86sl8tE=
31,6,j9nxFfK5TDuM2PINpoQG9s5SyAM=,gkUINu9bAHBU2/kF1OCrKMDXj44=
31,5,j9nxFfK5TDuM2PINpoQG9s5SyAM=,ApXkCVkDGtF+PEicE1B+E41i+Dg=
31,4,j9nxFfK5TDuM2PINpoQG9s5SyAM=,BGr160eyAgx9sVjCZL6OlNkAOZk=
31,3,j9nxFfK5TDuM2PINpoQG9s5SyAM=,qE6cxVw5Lcyk3eN1erS+kt3tD64=
31,2,j9nxFfK5TDuM2PINpoQG9s5SyAM=,cA/P/I94T5rgkms06/+YORckSyE=
31,1,j9nxFfK5TDuM2PINpoQG9s5SyAM=,GK3SrSi9kJDWjyBkaTRDF/ifEMg=
31,0,j9nxFfK5TDuM2PINpoQG9s5SyAM=,t3RFqr+qIZacKx7fv4AIDj0euoc=
