-56,7,jy3aDDHUp7Ku+uM4EuPZFBlVRXM=,4sz6C1BpRAgYgOcYrvpXKPiC+DI=
-57,7,jy3aDDHUp7Ku+uM4EuPZFBlVRXM=,PaePjN5Jmshp45EKsOMbzHh5NjA=
-53,7,oYxkgSCaCYxOZFzZRvzjfgZFBmM=,4sz6C1BpRAgYgOcYrvpXKPiC+DI=
-58,7,8+T2vUnzYf3hp4ujFdOFi/u690I=,PaePjN5Jmshp45EKsOMbzHh5NjA=
-54,7,8zl4JFsEsuLW/ddqtIuNJaVGEV4=,4sz6C1BpRAgYgOcYrvpXKPiC+DI=
-59,7,8zl4JFsEsuLW/ddqtIuNJaVGEV4=,PaePjN5Jmshp45EKsOMbzHh5NjA=
-60,7,8zl4JFsEsuLW/ddqtIuNJaVGEV4=,PaePjN5Jmshp45EKsOMbzHh5NjA=
-56,8,8zl4JFsEsuLW/ddqtIuNJaVGEV4=,up15rBfOKCm5dapMBCNXHrGGcGc=
-55,7,8zl4JFsEsuLW/ddqtIuNJaVGEV4=,4sz6C1BpRAgYgOcYrvpXKPiC+DI=
-54,10,RuqT/BqD6ZKk+dMSF1uPhtx2pYQ=,up15rBfOKCm5dapMBCNXHrGGcGc=
-53,10,RuqT/BqD6ZKk+dMSF1uPhtx2pYQ=,up15rBfOKCm5dapMBCNXHrGGcGc=
-55,10,RuqT/BqD6ZKk+dMSF1uPhtx2pYQ=,up15rBfOKCm5dapMBCNXHrGGcGc=
-56,9,RuqT/BqD6ZKk+dMSF1uPhtx2pYQ=,up15rBfOKCm5dapMBCNXHrGGcGc=
-55,11,RuqT/BqD6ZKk+dMSF1uPhtx2pYQ=,up15rBfOKCm5dapMBCNXHrGGcGc=
-57,5,RuqT/BqD6ZKk+dMSF1uPhtx2pYQ=,PaePjN5Jmshp45EKsOMbzHh5NjA=
-53,11,RuqT/BqD6ZKk+dMSF1uPhtx2pYQ=,up15rBfOKCm5dapMBCNXHrGGcGc=
-60,8,jf3cHIPzATPF35b7fn9skeBc80c=,035F/Hl1DnQF/DIqEAPoY9EVzCA=
-55,8,jf3cHIPzATPF35b7fn9skeBc80c=,up15rBfOKCm5dapMBCNXHrGGcGc=
-54,11,jf3cHIPzATPF35b7fn9skeBc80c=,up15rBfOKCm5dapMBCNXHrGGcGc=
-54,8,jf3cHIPzATPF35b7fn9skeBc80c=,up15rBfOKCm5dapMBCNXHrGGcGc=
-59,8,jf3cHIPzATPF35b7fn9skeBc80c=,035F/Hl1DnQF/DIqEAPoY9EVzCA=
-53,6,7kiUYTwpdvvY3C/NdDDdAkiR1iA=,4sz6C1BpRAgYgOcYrvpXKPiC+DI=
-53,8,7kiUYTwpdvvY3C/NdDDdAkiR1iA=,up15rBfOKCm5dapMBCNXHrGGcGc=
-56,11,7kiUYTwpdvvY3C/NdDDdAkiR1iA=,up15rBfOKCm5dapMBCNXHrGGcGc=
-54,6,7/OkF+QWgR00LZxqG8G92lKlkKc=,4sz6C1BpRAgYgOcYrvpXKPiC+DI=
-58,8,7/OkF+QWgR00LZxqG8G92lKlkKc=,035F/Hl1DnQF/DIqEAPoY9EVzCA=
-55,9,7/OkF+QWgR00LZxqG8G92lKlkKc=,up15rBfOKCm5dapMBCNXHrGGcGc=
-54,9,ANuD+QsYurk2dD+eLWu4cG+UUVQ=,up15rBfOKCm5dapMBCNXHrGGcGc=
-56,10,ANuD+QsYurk2dD+eLWu4cG+UUVQ=,up15rBfOKCm5dapMBCNXHrGGcGc=
-57,8,ANuD+QsYurk2dD+eLWu4cG+UUVQ=,035F/Hl1DnQF/DIqEAPoY9EVzCA=
-58,4,ANuD+QsYurk2dD+eLWu4cG+UUVQ=,PaePjN5Jmshp45EKsOMbzHh5NjA=
-57,11,ANuD+QsYurk2dD+eLWu4cG+UUVQ=,035F/Hl1DnQF/DIqEAPoY9EVzCA=
-55,6,qhNygFMC0QqLOLjaCSPeJqWsDgQ=,4sz6C1BpRAgYgOcYrvpXKPiC+DI=
-60,5,qhNygFMC0QqLOLjaCSPeJqWsDgQ=,PaePjN5Jmshp45EKsOMbzHh5NjA=
-53,9,qhNygFMC0QqLOLjaCSPeJqWsDgQ=,up15rBfOKCm5dapMBCNXHrGGcGc=
-60,6,qhNygFMC0QqLOLjaCSPeJqWsDgQ=,PaePjN5Jmshp45EKsOMbzHh5NjA=
-60,4,qhNygFMC0QqLOLjaCSPeJqWsDgQ=,PaePjN5Jmshp45EKsOMbzHh5NjA=
-59,4,qhNygFMC0QqLOLjaCSPeJqWsDgQ=,PaePjN5Jmshp45EKsOMbzHh5NjA=
-59,6,qhNygFMC0QqLOLjaCSPeJqWsDgQ=,PaePjN5Jmshp45EKsOMbzHh5NjA=
-59,5,qhNygFMC0QqLOLjaCSPeJqWsDgQ=,PaePjN5Jmshp45EKsOMbzHh5NjA=
-58,11,qhNygFMC0QqLOLjaCSPeJqWsDgQ=,035F/Hl1DnQF/DIqEAPoY9EVzCA=
-57,6,qhNygFMC0QqLOLjaCSPeJqWsDgQ=,PaePjN5Jmshp45EKsOMbzHh5NjA=
-56,6,qhNygFMC0QqLOLjaCSPeJqWsDgQ=,4sz6C1BpRAgYgOcYrvpXKPiC+DI=
-57,4,qhNygFMC0QqLOLjaCSPeJqWsDgQ=,PaePjN5Jmshp45EKsOMbzHh5NjA=
-49,7,qhNygFMC0QqLOLjaCSPeJqWsDgQ=,4sz6C1BpRAgYgOcYrvpXKPiC+DI=
-59,11,qhNygFMC0QqLOLjaCSPeJqWsDgQ=,035F/Hl1DnQF/DIqEAPoY9EVzCA=
-58,5,qhNygFMC0QqLOLjaCSPeJqWsDgQ=,PaePjN5Jmshp45EKsOMbzHh5NjA=
-58,6,qhNygFMC0QqLOLjaCSPeJqWsDgQ=,PaePjN5Jmshp45EKsOMbzHh5NjA=
-53,5,qhNygFMC0QqLOLjaCSPeJqWsDgQ=,4sz6C1BpRAgYgOcYrvpXKPiC+DI=
-60,11,qhNygFMC0QqLOLjaCSPeJqWsDgQ=,035F/Hl1DnQF/DIqEAPoY9EVzCA=
-55,4,qhNygFMC0QqLOLjaCSPeJqWsDgQ=,4sz6C1BpRAgYgOcYrvpXKPiC+DI=
-56,4,qhNygFMC0QqLOLjaCSPeJqWsDgQ=,4sz6C1BpRAgYgOcYrvpXKPiC+DI=
-54,4,qhNygFMC0QqLOLjaCSPeJqWsDgQ=,4sz6C1BpRAgYgOcYrvpXKPiC+DI=
-50,7,qhNygFMC0QqLOLjaCSPeJqWsDgQ=,4sz6C1BpRAgYgOcYrvpXKPiC+DI=
-54,5,qhNygFMC0QqLOLjaCSPeJqWsDgQ=,4sz6C1BpRAgYgOcYrvpXKPiC+DI=
-55,5,qhNygFMC0QqLOLjaCSPeJqWsDgQ=,4sz6C1BpRAgYgOcYrvpXKPiC+DI=
-60,9,qhNygFMC0QqLOLjaCSPeJqWsDgQ=,035F/Hl1DnQF/DIqEAPoY9EVzCA=
-56,5,qhNygFMC0QqLOLjaCSPeJqWsDgQ=,4sz6C1BpRAgYgOcYrvpXKPiC+DI=
-51,7,qhNygFMC0QqLOLjaCSPeJqWsDgQ=,4sz6C1BpRAgYgOcYrvpXKPiC+DI=
-53,4,qhNygFMC0QqLOLjaCSPeJqWsDgQ=,4sz6C1BpRAgYgOcYrvpXKPiC+DI=
-57,10,qhNygFMC0QqLOLjaCSPeJqWsDgQ=,035F/Hl1DnQF/DIqEAPoY9EVzCA=
-49,11,qhNygFMC0QqLOLjaCSPeJqWsDgQ=,up15rBfOKCm5dapMBCNXHrGGcGc=
-52,7,qhNygFMC0QqLOLjaCSPeJqWsDgQ=,4sz6C1BpRAgYgOcYrvpXKPiC+DI=
-58,10,qhNygFMC0QqLOLjaCSPeJqWsDgQ=,035F/Hl1DnQF/DIqEAPoY9EVzCA=
-49,5,qhNygFMC0QqLOLjaCSPeJqWsDgQ=,4sz6C1BpRAgYgOcYrvpXKPiC+DI=
-49,10,qhNygFMC0QqLOLjaCSPeJqWsDgQ=,up15rBfOKCm5dapMBCNXHrGGcGc=
-59,10,qhNygFMC0QqLOLjaCSPeJqWsDgQ=,035F/Hl1DnQF/DIqEAPoY9EVzCA=
-49,9,qhNygFMC0QqLOLjaCSPeJqWsDgQ=,up15rBfOKCm5dapMBCNXHrGGcGc=
-50,5,qhNygFMC0QqLOLjaCSPeJqWsDgQ=,4sz6C1BpRAgYgOcYrvpXKPiC+DI=
-60,10,qhNygFMC0QqLOLjaCSPeJqWsDgQ=,035F/Hl1DnQF/DIqEAPoY9EVzCA=
-51,5,qhNygFMC0QqLOLjaCSPeJqWsDgQ=,4sz6C1BpRAgYgOcYrvpXKPiC+DI=
-52,5,qhNygFMC0QqLOLjaCSPeJqWsDgQ=,4sz6C1BpRAgYgOcYrvpXKPiC+DI=
-50,8,qhNygFMC0QqLOLjaCSPeJqWsDgQ=,up15rBfOKCm5dapMBCNXHrGGcGc=
-57,9,qhNygFMC0QqLOLjaCSPeJqWsDgQ=,035F/Hl1DnQF/DIqEAPoY9EVzCA=
-49,4,qhNygFMC0QqLOLjaCSPeJqWsDgQ=,4sz6C1BpRAgYgOcYrvpXKPiC+DI=
-51,8,qhNygFMC0QqLOLjaCSPeJqWsDgQ=,up15rBfOKCm5dapMBCNXHrGGcGc=
-52,8,qhNygFMC0QqLOLjaCSPeJqWsDgQ=,up15rBfOKCm5dapMBCNXHrGGcGc=
-50,4,qhNygFMC0QqLOLjaCSPeJqWsDgQ=,4sz6C1BpRAgYgOcYrvpXKPiC+DI=
-58,9,qhNygFMC0QqLOLjaCSPeJqWsDgQ=,035F/Hl1DnQF/DIqEAPoY9EVzCA=
-51,4,qhNygFMC0QqLOLjaCSPeJqWsDgQ=,4sz6C1BpRAgYgOcYrvpXKPiC+DI=
-52,6,qhNygFMC0QqLOLjaCSPeJqWsDgQ=,4sz6C1BpRAgYgOcYrvpXKPiC+DI=
-59,9,qhNygFMC0QqLOLjaCSPeJqWsDgQ=,035F/Hl1DnQF/DIqEAPoY9EVzCA=
-49,8,qhNygFMC0QqLOLjaCSPeJqWsDgQ=,up15rBfOKCm5dapMBCNXHrGGcGc=
-51,6,qhNygFMC0QqLOLjaCSPeJqWsDgQ=,4sz6C1BpRAgYgOcYrvpXKPiC+DI=
-50,11,qhNygFMC0QqLOLjaCSPeJqWsDgQ=,up15rBfOKCm5dapMBCNXHrGGcGc=
-49,6,qhNygFMC0QqLOLjaCSPeJqWsDgQ=,4sz6C1BpRAgYgOcYrvpXKPiC+DI=
-52,4,qhNygFMC0QqLOLjaCSPeJqWsDgQ=,4sz6C1BpRAgYgOcYrvpXKPiC+DI=
-50,6,qhNygFMC0QqLOLjaCSPeJqWsDgQ=,4sz6C1BpRAgYgOcYrvpXKPiC+DI=
-52,9,qhNygFMC0QqLOLjaCSPeJqWsDgQ=,up15rBfOKCm5dapMBCNXHrGGcGc=
-51,11,qhNygFMC0QqLOLjaCSPeJqWsDgQ=,up15rBfOKCm5dapMBCNXHrGGcGc=
-52,10,qhNygFMC0QqLOLjaCSPeJqWsDgQ=,up15rBfOKCm5dapMBCNXHrGGcGc=
-51,9,qhNygFMC0QqLOLjaCSPeJqWsDgQ=,up15rBfOKCm5dapMBCNXHrGGcGc=
-50,9,qhNygFMC0QqLOLjaCSPeJqWsDgQ=,up15rBfOKCm5dapMBCNXHrGGcGc=
-52,11,qhNygFMC0QqLOLjaCSPeJqWsDgQ=,up15rBfOKCm5dapMBCNXHrGGcGc=
-51,10,qhNygFMC0QqLOLjaCSPeJqWsDgQ=,up15rBfOKCm5dapMBCNXHrGGcGc=
-50,10,qhNygFMC0QqLOLjaCSPeJqWsDgQ=,up15rBfOKCm5dapMBCNXHrGGcGc=
-60,0,qhNygFMC0QqLOLjaCSPeJqWsDgQ=,PaePjN5Jmshp45EKsOMbzHh5NjA=
-64,4,qhNygFMC0QqLOLjaCSPeJqWsDgQ=,PaePjN5Jmshp45EKsOMbzHh5NjA=
-64,5,qhNygFMC0QqLOLjaCSPeJqWsDgQ=,PaePjN5Jmshp45EKsOMbzHh5NjA=
-64,7,qhNygFMC0QqLOLjaCSPeJqWsDgQ=,PaePjN5Jmshp45EKsOMbzHh5NjA=
-56,0,qhNygFMC0QqLOLjaCSPeJqWsDgQ=,4sz6C1BpRAgYgOcYrvpXKPiC+DI=
-57,2,qhNygFMC0QqLOLjaCSPeJqWsDgQ=,PaePjN5Jmshp45EKsOMbzHh5NjA=
-63,4,qhNygFMC0QqLOLjaCSPeJqWsDgQ=,PaePjN5Jmshp45EKsOMbzHh5NjA=
-64,8,qhNygFMC0QqLOLjaCSPeJqWsDgQ=,035F/Hl1DnQF/DIqEAPoY9EVzCA=
-63,6,qhNygFMC0QqLOLjaCSPeJqWsDgQ=,PaePjN5Jmshp45EKsOMbzHh5NjA=
-53,3,qhNygFMC0QqLOLjaCSPeJqWsDgQ=,4sz6C1BpRAgYgOcYrvpXKPiC+DI=
-62,6,qhNygFMC0QqLOLjaCSPeJqWsDgQ=,PaePjN5Jmshp45EKsOMbzHh5NjA=
-54,3,qhNygFMC0QqLOLjaCSPeJqWsDgQ=,4sz6C1BpRAgYgOcYrvpXKPiC+DI=
-64,6,qhNygFMC0QqLOLjaCSPeJqWsDgQ=,PaePjN5Jmshp45EKsOMbzHh5NjA=
-57,0,qhNygFMC0QqLOLjaCSPeJqWsDgQ=,PaePjN5Jmshp45EKsOMbzHh5NjA=
-62,4,qhNygFMC0QqLOLjaCSPeJqWsDgQ=,PaePjN5Jmshp45EKsOMbzHh5NjA=
-63,5,qhNygFMC0QqLOLjaCSPeJqWsDgQ=,PaePjN5Jmshp45EKsOMbzHh5NjA=
-55,3,qhNygFMC0QqLOLjaCSPeJqWsDgQ=,4sz6C1BpRAgYgOcYrvpXKPiC+DI=
-61,6,qhNygFMC0QqLOLjaCSPeJqWsDgQ=,PaePjN5Jmshp45EKsOMbzHh5NjA=
-56,3,qhNygFMC0QqLOLjaCSPeJqWsDgQ=,4sz6C1BpRAgYgOcYrvpXKPiC+DI=
-58,0,qhNygFMC0QqLOLjaCSPeJqWsDgQ=,PaePjN5Jmshp45EKsOMbzHh5NjA=
-57,3,qhNygFMC0QqLOLjaCSPeJqWsDgQ=,PaePjN5Jmshp45EKsOMbzHh5NjA=
-62,5,qhNygFMC0QqLOLjaCSPeJqWsDgQ=,PaePjN5Jmshp45EKsOMbzHh5NjA=
-64,11,qhNygFMC0QqLOLjaCSPeJqWsDgQ=,035F/Hl1DnQF/DIqEAPoY9EVzCA=
-53,2,qhNygFMC0QqLOLjaCSPeJqWsDgQ=,4sz6C1BpRAgYgOcYrvpXKPiC+DI=
-59,0,qhNygFMC0QqLOLjaCSPeJqWsDgQ=,PaePjN5Jmshp45EKsOMbzHh5NjA=
-64,0,qhNygFMC0QqLOLjaCSPeJqWsDgQ=,PaePjN5Jmshp45EKsOMbzHh5NjA=
-63,0,qhNygFMC0QqLOLjaCSPeJqWsDgQ=,PaePjN5Jmshp45EKsOMbzHh5NjA=
-54,2,qhNygFMC0QqLOLjaCSPeJqWsDgQ=,4sz6C1BpRAgYgOcYrvpXKPiC+DI=
-61,5,qhNygFMC0QqLOLjaCSPeJqWsDgQ=,PaePjN5Jmshp45EKsOMbzHh5NjA=
-62,0,qhNygFMC0QqLOLjaCSPeJqWsDgQ=,PaePjN5Jmshp45EKsOMbzHh5NjA=
-61,4,qhNygFMC0QqLOLjaCSPeJqWsDgQ=,PaePjN5Jmshp45EKsOMbzHh5NjA=
-61,0,qhNygFMC0QqLOLjaCSPeJqWsDgQ=,PaePjN5Jmshp45EKsOMbzHh5NjA=
-55,2,qhNygFMC0QqLOLjaCSPeJqWsDgQ=,4sz6C1BpRAgYgOcYrvpXKPiC+DI=
-63,9,qhNygFMC0QqLOLjaCSPeJqWsDgQ=,035F/Hl1DnQF/DIqEAPoY9EVzCA=
-64,10,qhNygFMC0QqLOLjaCSPeJqWsDgQ=,035F/Hl1DnQF/DIqEAPoY9EVzCA=
-64,3,qhNygFMC0QqLOLjaCSPeJqWsDgQ=,PaePjN5Jmshp45EKsOMbzHh5NjA=
-64,1,qhNygFMC0QqLOLjaCSPeJqWsDgQ=,PaePjN5Jmshp45EKsOMbzHh5NjA=
-64,2,qhNygFMC0QqLOLjaCSPeJqWsDgQ=,PaePjN5Jmshp45EKsOMbzHh5NjA=
-56,2,qhNygFMC0QqLOLjaCSPeJqWsDgQ=,4sz6C1BpRAgYgOcYrvpXKPiC+DI=
-61,3,qhNygFMC0QqLOLjaCSPeJqWsDgQ=,PaePjN5Jmshp45EKsOMbzHh5NjA=
-62,9,qhNygFMC0QqLOLjaCSPeJqWsDgQ=,035F/Hl1DnQF/DIqEAPoY9EVzCA=
-64,9,qhNygFMC0QqLOLjaCSPeJqWsDgQ=,035F/Hl1DnQF/DIqEAPoY9EVzCA=
-63,3,qhNygFMC0QqLOLjaCSPeJqWsDgQ=,PaePjN5Jmshp45EKsOMbzHh5NjA=
-53,1,qhNygFMC0QqLOLjaCSPeJqWsDgQ=,4sz6C1BpRAgYgOcYrvpXKPiC+DI=
-62,3,qhNygFMC0QqLOLjaCSPeJqWsDgQ=,PaePjN5Jmshp45EKsOMbzHh5NjA=
-61,9,qhNygFMC0QqLOLjaCSPeJqWsDgQ=,035F/Hl1DnQF/DIqEAPoY9EVzCA=
-54,1,qhNygFMC0QqLOLjaCSPeJqWsDgQ=,4sz6C1BpRAgYgOcYrvpXKPiC+DI=
-62,1,qhNygFMC0QqLOLjaCSPeJqWsDgQ=,PaePjN5Jmshp45EKsOMbzHh5NjA=
-61,1,qhNygFMC0QqLOLjaCSPeJqWsDgQ=,PaePjN5Jmshp45EKsOMbzHh5NjA=
-61,7,qhNygFMC0QqLOLjaCSPeJqWsDgQ=,PaePjN5Jmshp45EKsOMbzHh5NjA=
-62,10,qhNygFMC0QqLOLjaCSPeJqWsDgQ=,035F/Hl1DnQF/DIqEAPoY9EVzCA=
-63,10,qhNygFMC0QqLOLjaCSPeJqWsDgQ=,035F/Hl1DnQF/DIqEAPoY9EVzCA=
-63,1,qhNygFMC0QqLOLjaCSPeJqWsDgQ=,PaePjN5Jmshp45EKsOMbzHh5NjA=
-55,1,qhNygFMC0QqLOLjaCSPeJqWsDgQ=,4sz6C1BpRAgYgOcYrvpXKPiC+DI=
-62,2,qhNygFMC0QqLOLjaCSPeJqWsDgQ=,PaePjN5Jmshp45EKsOMbzHh5NjA=
-61,8,qhNygFMC0QqLOLjaCSPeJqWsDgQ=,035F/Hl1DnQF/DIqEAPoY9EVzCA=
-61,2,qhNygFMC0QqLOLjaCSPeJqWsDgQ=,PaePjN5Jmshp45EKsOMbzHh5NjA=
-56,1,qhNygFMC0QqLOLjaCSPeJqWsDgQ=,4sz6C1BpRAgYgOcYrvpXKPiC+DI=
-63,7,qhNygFMC0QqLOLjaCSPeJqWsDgQ=,PaePjN5Jmshp45EKsOMbzHh5NjA=
-63,2,qhNygFMC0QqLOLjaCSPeJqWsDgQ=,PaePjN5Jmshp45EKsOMbzHh5NjA=
-61,10,qhNygFMC0QqLOLjaCSPeJqWsDgQ=,035F/Hl1DnQF/DIqEAPoY9EVzCA=
-62,7,qhNygFMC0QqLOLjaCSPeJqWsDgQ=,PaePjN5Jmshp45EKsOMbzHh5NjA=
-58,1,qhNygFMC0QqLOLjaCSPeJqWsDgQ=,PaePjN5Jmshp45EKsOMbzHh5NjA=
-57,1,qhNygFMC0QqLOLjaCSPeJqWsDgQ=,PaePjN5Jmshp45EKsOMbzHh5NjA=
-62,11,qhNygFMC0QqLOLjaCSPeJqWsDgQ=,035F/Hl1DnQF/DIqEAPoY9EVzCA=
-62,8,qhNygFMC0QqLOLjaCSPeJqWsDgQ=,035F/Hl1DnQF/DIqEAPoY9EVzCA=
-61,11,qhNygFMC0QqLOLjaCSPeJqWsDgQ=,035F/Hl1DnQF/DIqEAPoY9EVzCA=
-53,0,qhNygFMC0QqLOLjaCSPeJqWsDgQ=,4sz6C1BpRAgYgOcYrvpXKPiC+DI=
-63,8,qhNygFMC0QqLOLjaCSPeJqWsDgQ=,035F/Hl1DnQF/DIqEAPoY9EVzCA=
-49,0,qhNygFMC0QqLOLjaCSPeJqWsDgQ=,4sz6C1BpRAgYgOcYrvpXKPiC+DI=
-60,3,qhNygFMC0QqLOLjaCSPeJqWsDgQ=,PaePjN5Jmshp45EKsOMbzHh5NjA=
-52,0,qhNygFMC0QqLOLjaCSPeJqWsDgQ=,4sz6C1BpRAgYgOcYrvpXKPiC+DI=
-54,0,qhNygFMC0QqLOLjaCSPeJqWsDgQ=,4sz6C1BpRAgYgOcYrvpXKPiC+DI=
-63,11,qhNygFMC0QqLOLjaCSPeJqWsDgQ=,035F/Hl1DnQF/DIqEAPoY9EVzCA=
-49,3,qhNygFMC0QqLOLjaCSPeJqWsDgQ=,4sz6C1BpRAgYgOcYrvpXKPiC+DI=
-55,0,qhNygFMC0QqLOLjaCSPeJqWsDgQ=,4sz6C1BpRAgYgOcYrvpXKPiC+DI=
-50,0,qhNygFMC0QqLOLjaCSPeJqWsDgQ=,4sz6C1BpRAgYgOcYrvpXKPiC+DI=
-51,0,qhNygFMC0QqLOLjaCSPeJqWsDgQ=,4sz6C1BpRAgYgOcYrvpXKPiC+DI=
-50,1,qhNygFMC0QqLOLjaCSPeJqWsDgQ=,4sz6C1BpRAgYgOcYrvpXKPiC+DI=
-50,3,qhNygFMC0QqLOLjaCSPeJqWsDgQ=,4sz6C1BpRAgYgOcYrvpXKPiC+DI=
-52,1,qhNygFMC0QqLOLjaCSPeJqWsDgQ=,4sz6C1BpRAgYgOcYrvpXKPiC+DI=
-51,1,qhNygFMC0QqLOLjaCSPeJqWsDgQ=,4sz6C1BpRAgYgOcYrvpXKPiC+DI=
-59,1,qhNygFMC0QqLOLjaCSPeJqWsDgQ=,PaePjN5Jmshp45EKsOMbzHh5NjA=
-49,1,qhNygFMC0QqLOLjaCSPeJqWsDgQ=,4sz6C1BpRAgYgOcYrvpXKPiC+DI=
-51,2,qhNygFMC0QqLOLjaCSPeJqWsDgQ=,4sz6C1BpRAgYgOcYrvpXKPiC+DI=
-51,3,qhNygFMC0QqLOLjaCSPeJqWsDgQ=,4sz6C1BpRAgYgOcYrvpXKPiC+DI=
-52,2,qhNygFMC0QqLOLjaCSPeJqWsDgQ=,4sz6C1BpRAgYgOcYrvpXKPiC+DI=
-50,2,qhNygFMC0QqLOLjaCSPeJqWsDgQ=,4sz6C1BpRAgYgOcYrvpXKPiC+DI=
-60,1,qhNygFMC0QqLOLjaCSPeJqWsDgQ=,PaePjN5Jmshp45EKsOMbzHh5NjA=
-60,2,qhNygFMC0QqLOLjaCSPeJqWsDgQ=,PaePjN5Jmshp45EKsOMbzHh5NjA=
-59,3,qhNygFMC0QqLOLjaCSPeJqWsDgQ=,PaePjN5Jmshp45EKsOMbzHh5NjA=
-49,2,qhNygFMC0QqLOLjaCSPeJqWsDgQ=,4sz6C1BpRAgYgOcYrvpXKPiC+DI=
-52,3,qhNygFMC0QqLOLjaCSPeJqWsDgQ=,4sz6C1BpRAgYgOcYrvpXKPiC+DI=
-58,3,qhNygFMC0QqLOLjaCSPeJqWsDgQ=,PaePjN5Jmshp45EKsOMbzHh5NjA=
-58,2,qhNygFMC0QqLOLjaCSPeJqWsDgQ=,PaePjN5Jmshp45EKsOMbzHh5NjA=
-54,12,qhNygFMC0QqLOLjaCSPeJqWsDgQ=,up15rBfOKCm5dapMBCNXHrGGcGc=
-59,2,qhNygFMC0QqLOLjaCSPeJqWsDgQ=,PaePjN5Jmshp45EKsOMbzHh5NjA=
-53,12,qhNygFMC0QqLOLjaCSPeJqWsDgQ=,up15rBfOKCm5dapMBCNXHrGGcGc=
-53,14,qhNygFMC0QqLOLjaCSPeJqWsDgQ=,up15rBfOKCm5dapMBCNXHrGGcGc=
-57,15,qhNygFMC0QqLOLjaCSPeJqWsDgQ=,035F/Hl1DnQF/DIqEAPoY9EVzCA=
-54,14,qhNygFMC0QqLOLjaCSPeJqWsDgQ=,up15rBfOKCm5dapMBCNXHrGGcGc=
-58,15,qhNygFMC0QqLOLjaCSPeJqWsDgQ=,035F/Hl1DnQF/DIqEAPoY9EVzCA=
-53,13,qhNygFMC0QqLOLjaCSPeJqWsDgQ=,up15rBfOKCm5dapMBCNXHrGGcGc=
-55,12,qhNygFMC0QqLOLjaCSPeJqWsDgQ=,up15rBfOKCm5dapMBCNXHrGGcGc=
-56,14,qhNygFMC0QqLOLjaCSPeJqWsDgQ=,up15rBfOKCm5dapMBCNXHrGGcGc=
-55,13,qhNygFMC0QqLOLjaCSPeJqWsDgQ=,up15rBfOKCm5dapMBCNXHrGGcGc=
-62,12,qhNygFMC0QqLOLjaCSPeJqWsDgQ=,035F/Hl1DnQF/DIqEAPoY9EVzCA=
-54,13,qhNygFMC0QqLOLjaCSPeJqWsDgQ=,up15rBfOKCm5dapMBCNXHrGGcGc=
-59,12,qhNygFMC0QqLOLjaCSPeJqWsDgQ=,035F/Hl1DnQF/DIqEAPoY9EVzCA=
-59,15,qhNygFMC0QqLOLjaCSPeJqWsDgQ=,035F/Hl1DnQF/DIqEAPoY9EVzCA=
-61,12,qhNygFMC0QqLOLjaCSPeJqWsDgQ=,035F/Hl1DnQF/DIqEAPoY9EVzCA=
-58,12,qhNygFMC0QqLOLjaCSPeJqWsDgQ=,035F/Hl1DnQF/DIqEAPoY9EVzCA=
-60,15,qhNygFMC0QqLOLjaCSPeJqWsDgQ=,035F/Hl1DnQF/DIqEAPoY9EVzCA=
-55,14,qhNygFMC0QqLOLjaCSPeJqWsDgQ=,up15rBfOKCm5dapMBCNXHrGGcGc=
-60,12,qhNygFMC0QqLOLjaCSPeJqWsDgQ=,035F/Hl1DnQF/DIqEAPoY9EVzCA=
-61,13,qhNygFMC0QqLOLjaCSPeJqWsDgQ=,035F/Hl1DnQF/DIqEAPoY9EVzCA=
-63,12,qhNygFMC0QqLOLjaCSPeJqWsDgQ=,035F/Hl1DnQF/DIqEAPoY9EVzCA=
-58,13,qhNygFMC0QqLOLjaCSPeJqWsDgQ=,035F/Hl1DnQF/DIqEAPoY9EVzCA=
-57,13,qhNygFMC0QqLOLjaCSPeJqWsDgQ=,035F/Hl1DnQF/DIqEAPoY9EVzCA=
-61,14,qhNygFMC0QqLOLjaCSPeJqWsDgQ=,035F/Hl1DnQF/DIqEAPoY9EVzCA=
-63,13,qhNygFMC0QqLOLjaCSPeJqWsDgQ=,035F/Hl1DnQF/DIqEAPoY9EVzCA=
-56,12,qhNygFMC0QqLOLjaCSPeJqWsDgQ=,up15rBfOKCm5dapMBCNXHrGGcGc=
-56,13,qhNygFMC0QqLOLjaCSPeJqWsDgQ=,up15rBfOKCm5dapMBCNXHrGGcGc=
-60,14,qhNygFMC0QqLOLjaCSPeJqWsDgQ=,035F/Hl1DnQF/DIqEAPoY9EVzCA=
-59,13,qhNygFMC0QqLOLjaCSPeJqWsDgQ=,035F/Hl1DnQF/DIqEAPoY9EVzCA=
-61,15,qhNygFMC0QqLOLjaCSPeJqWsDgQ=,035F/Hl1DnQF/DIqEAPoY9EVzCA=
-57,12,qhNygFMC0QqLOLjaCSPeJqWsDgQ=,035F/Hl1DnQF/DIqEAPoY9EVzCA=
-60,13,qhNygFMC0QqLOLjaCSPeJqWsDgQ=,035F/Hl1DnQF/DIqEAPoY9EVzCA=
-63,14,qhNygFMC0QqLOLjaCSPeJqWsDgQ=,035F/Hl1DnQF/DIqEAPoY9EVzCA=
-62,14,qhNygFMC0QqLOLjaCSPeJqWsDgQ=,035F/Hl1DnQF/DIqEAPoY9EVzCA=
-54,15,qhNygFMC0QqLOLjaCSPeJqWsDgQ=,up15rBfOKCm5dapMBCNXHrGGcGc=
-62,13,qhNygFMC0QqLOLjaCSPeJqWsDgQ=,035F/Hl1DnQF/DIqEAPoY9EVzCA=
-55,15,qhNygFMC0QqLOLjaCSPeJqWsDgQ=,up15rBfOKCm5dapMBCNXHrGGcGc=
-59,14,qhNygFMC0QqLOLjaCSPeJqWsDgQ=,035F/Hl1DnQF/DIqEAPoY9EVzCA=
-57,14,qhNygFMC0QqLOLjaCSPeJqWsDgQ=,035F/Hl1DnQF/DIqEAPoY9EVzCA=
-53,15,qhNygFMC0QqLOLjaCSPeJqWsDgQ=,up15rBfOKCm5dapMBCNXHrGGcGc=
-58,14,qhNygFMC0QqLOLjaCSPeJqWsDgQ=,035F/Hl1DnQF/DIqEAPoY9EVzCA=
-64,14,qhNygFMC0QqLOLjaCSPeJqWsDgQ=,035F/Hl1DnQF/DIqEAPoY9EVzCA=
-64,13,qhNygFMC0QqLOLjaCSPeJqWsDgQ=,035F/Hl1DnQF/DIqEAPoY9EVzCA=
-56,15,qhNygFMC0QqLOLjaCSPeJqWsDgQ=,up15rBfOKCm5dapMBCNXHrGGcGc=
-62,15,qhNygFMC0QqLOLjaCSPeJqWsDgQ=,035F/Hl1DnQF/DIqEAPoY9EVzCA=
-63,15,qhNygFMC0QqLOLjaCSPeJqWsDgQ=,035F/Hl1DnQF/DIqEAPoY9EVzCA=
-64,12,qhNygFMC0QqLOLjaCSPeJqWsDgQ=,035F/Hl1DnQF/DIqEAPoY9EVzCA=
-64,15,qhNygFMC0QqLOLjaCSPeJqWsDgQ=,035F/Hl1DnQF/DIqEAPoY9EVzCA=
-50,15,qhNygFMC0QqLOLjaCSPeJqWsDgQ=,up15rBfOKCm5dapMBCNXHrGGcGc=
-51,12,qhNygFMC0QqLOLjaCSPeJqWsDgQ=,up15rBfOKCm5dapMBCNXHrGGcGc=
-52,12,qhNygFMC0QqLOLjaCSPeJqWsDgQ=,up15rBfOKCm5dapMBCNXHrGGcGc=
-52,13,qhNygFMC0QqLOLjaCSPeJqWsDgQ=,up15rBfOKCm5dapMBCNXHrGGcGc=
-49,15,qhNygFMC0QqLOLjaCSPeJqWsDgQ=,up15rBfOKCm5dapMBCNXHrGGcGc=
-50,12,qhNygFMC0QqLOLjaCSPeJqWsDgQ=,up15rBfOKCm5dapMBCNXHrGGcGc=
-51,13,qhNygFMC0QqLOLjaCSPeJqWsDgQ=,up15rBfOKCm5dapMBCNXHrGGcGc=
-49,12,qhNygFMC0QqLOLjaCSPeJqWsDgQ=,up15rBfOKCm5dapMBCNXHrGGcGc=
-50,13,qhNygFMC0QqLOLjaCSPeJqWsDgQ=,up15rBfOKCm5dapMBCNXHrGGcGc=
-50,14,qhNygFMC0QqLOLjaCSPeJqWsDgQ=,up15rBfOKCm5dapMBCNXHrGGcGc=
-51,14,qhNygFMC0QqLOLjaCSPeJqWsDgQ=,up15rBfOKCm5dapMBCNXHrGGcGc=
-52,14,qhNygFMC0QqLOLjaCSPeJqWsDgQ=,up15rBfOKCm5dapMBCNXHrGGcGc=
-51,15,qhNygFMC0QqLOLjaCSPeJqWsDgQ=,up15rBfOKCm5dapMBCNXHrGGcGc=
-49,13,qhNygFMC0QqLOLjaCSPeJqWsDgQ=,up15rBfOKCm5dapMBCNXHrGGcGc=
-49,14,qhNygFMC0QqLOLjaCSPeJqWsDgQ=,up15rBfOKCm5dapMBCNXHrGGcGc=
-52,15,qhNygFMC0QqLOLjaCSPeJqWsDgQ=,up15rBfOKCm5dapMBCNXHrGGcGc=
-57,16,7X9PvtKpkdyoU/ix5FBLIp0Mv+c=,+i5h7g9KlCT7Ss3XWtOggzjCTuc=
-59,16,7X9PvtKpkdyoU/ix5FBLIp0Mv+c=,+i5h7g9KlCT7Ss3XWtOggzjCTuc=
-60,19,7X9PvtKpkdyoU/ix5FBLIp0Mv+c=,+i5h7g9KlCT7Ss3XWtOggzjCTuc=
-58,16,7X9PvtKpkdyoU/ix5FBLIp0Mv+c=,+i5h7g9KlCT7Ss3XWtOggzjCTuc=
-60,18,7X9PvtKpkdyoU/ix5FBLIp0Mv+c=,+i5h7g9KlCT7Ss3XWtOggzjCTuc=
-60,16,W20hOHgU/WcLXRB8UPOZRLcwjrM=,+i5h7g9KlCT7Ss3XWtOggzjCTuc=
-59,19,W20hOHgU/WcLXRB8UPOZRLcwjrM=,+i5h7g9KlCT7Ss3XWtOggzjCTuc=
-58,18,W20hOHgU/WcLXRB8UPOZRLcwjrM=,+i5h7g9KlCT7Ss3XWtOggzjCTuc=
-58,19,W20hOHgU/WcLXRB8UPOZRLcwjrM=,+i5h7g9KlCT7Ss3XWtOggzjCTuc=
-59,18,W20hOHgU/WcLXRB8UPOZRLcwjrM=,+i5h7g9KlCT7Ss3XWtOggzjCTuc=
-56,16,W20hOHgU/WcLXRB8UPOZRLcwjrM=,sOPnTLnG3SDsG3xhST8N4YmsUrw=
-59,17,W20hOHgU/WcLXRB8UPOZRLcwjrM=,+i5h7g9KlCT7Ss3XWtOggzjCTuc=
-60,17,W20hOHgU/WcLXRB8UPOZRLcwjrM=,+i5h7g9KlCT7Ss3XWtOggzjCTuc=
-56,17,W20hOHgU/WcLXRB8UPOZRLcwjrM=,sOPnTLnG3SDsG3xhST8N4YmsUrw=
-55,17,W20hOHgU/WcLXRB8UPOZRLcwjrM=,sOPnTLnG3SDsG3xhST8N4YmsUrw=
-58,17,W20hOHgU/WcLXRB8UPOZRLcwjrM=,+i5h7g9KlCT7Ss3XWtOggzjCTuc=
-53,16,2qkw6hIgxNbpKUx/fTPHYxNlXHE=,sOPnTLnG3SDsG3xhST8N4YmsUrw=
-54,17,2qkw6hIgxNbpKUx/fTPHYxNlXHE=,sOPnTLnG3SDsG3xhST8N4YmsUrw=
-53,17,2qkw6hIgxNbpKUx/fTPHYxNlXHE=,sOPnTLnG3SDsG3xhST8N4YmsUrw=
-54,16,2qkw6hIgxNbpKUx/fTPHYxNlXHE=,sOPnTLnG3SDsG3xhST8N4YmsUrw=
-56,18,EFFOsHvBgJETCsSpy4SqCk72kUk=,sOPnTLnG3SDsG3xhST8N4YmsUrw=
-57,18,2dvB+Yn0K03tFNmkf+3seWJEEQg=,+i5h7g9KlCT7Ss3XWtOggzjCTuc=
-54,18,2dvB+Yn0K03tFNmkf+3seWJEEQg=,sOPnTLnG3SDsG3xhST8N4YmsUrw=
-55,18,2dvB+Yn0K03tFNmkf+3seWJEEQg=,sOPnTLnG3SDsG3xhST8N4YmsUrw=
-55,16,2dvB+Yn0K03tFNmkf+3seWJEEQg=,sOPnTLnG3SDsG3xhST8N4YmsUrw=
-53,18,2dvB+Yn0K03tFNmkf+3seWJEEQg=,sOPnTLnG3SDsG3xhST8N4YmsUrw=
-56,19,2dvB+Yn0K03tFNmkf+3seWJEEQg=,sOPnTLnG3SDsG3xhST8N4YmsUrw=
-55,19,rV6sJIFkP32fGBtxw0ADeGXJm+w=,sOPnTLnG3SDsG3xhST8N4YmsUrw=
-57,19,rV6sJIFkP32fGBtxw0ADeGXJm+w=,+i5h7g9KlCT7Ss3XWtOggzjCTuc=
-57,17,rV6sJIFkP32fGBtxw0ADeGXJm+w=,+i5h7g9KlCT7Ss3XWtOggzjCTuc=
-54,19,rV6sJIFkP32fGBtxw0ADeGXJm+w=,sOPnTLnG3SDsG3xhST8N4YmsUrw=
-53,19,rV6sJIFkP32fGBtxw0ADeGXJm+w=,sOPnTLnG3SDsG3xhST8N4YmsUrw=
-62,22,rV6sJIFkP32fGBtxw0ADeGXJm+w=,+i5h7g9KlCT7Ss3XWtOggzjCTuc=
-64,23,rV6sJIFkP32fGBtxw0ADeGXJm+w=,+i5h7g9KlCT7Ss3XWtOggzjCTuc=
-63,22,EKUH9j9gJRTqRFR5r2JEk3WFO9w=,+i5h7g9KlCT7Ss3XWtOggzjCTuc=
-61,22,EKUH9j9gJRTqRFR5r2JEk3WFO9w=,+i5h7g9KlCT7Ss3XWtOggzjCTuc=
-57,22,EKUH9j9gJRTqRFR5r2JEk3WFO9w=,+i5h7g9KlCT7Ss3XWtOggzjCTuc=
-64,22,EKUH9j9gJRTqRFR5r2JEk3WFO9w=,+i5h7g9KlCT7Ss3XWtOggzjCTuc=
-64,20,EKUH9j9gJRTqRFR5r2JEk3WFO9w=,+i5h7g9KlCT7Ss3XWtOggzjCTuc=
-57,20,EKUH9j9gJRTqRFR5r2JEk3WFO9w=,+i5h7g9KlCT7Ss3XWtOggzjCTuc=
-57,23,EKUH9j9gJRTqRFR5r2JEk3WFO9w=,+i5h7g9KlCT7Ss3XWtOggzjCTuc=
-64,24,U499k1kr4xoEHgeDGhoUykVbslA=,4r9SK6Xxv+cuSMyEVcMissCXjk8=
-64,21,U499k1kr4xoEHgeDGhoUykVbslA=,+i5h7g9KlCT7Ss3XWtOggzjCTuc=
-57,21,U499k1kr4xoEHgeDGhoUykVbslA=,+i5h7g9KlCT7Ss3XWtOggzjCTuc=
-64,27,U499k1kr4xoEHgeDGhoUykVbslA=,4r9SK6Xxv+cuSMyEVcMissCXjk8=
-49,16,U499k1kr4xoEHgeDGhoUykVbslA=,sOPnTLnG3SDsG3xhST8N4YmsUrw=
-58,23,U499k1kr4xoEHgeDGhoUykVbslA=,+i5h7g9KlCT7Ss3XWtOggzjCTuc=
-64,31,hWkbUVRiKDB+HgMRVjuJHdJ59Kk=,4r9SK6Xxv+cuSMyEVcMissCXjk8=
-50,16,hWkbUVRiKDB+HgMRVjuJHdJ59Kk=,sOPnTLnG3SDsG3xhST8N4YmsUrw=
-61,31,hWkbUVRiKDB+HgMRVjuJHdJ59Kk=,4r9SK6Xxv+cuSMyEVcMissCXjk8=
-59,23,hWkbUVRiKDB+HgMRVjuJHdJ59Kk=,+i5h7g9KlCT7Ss3XWtOggzjCTuc=
-63,20,hWkbUVRiKDB+HgMRVjuJHdJ59Kk=,+i5h7g9KlCT7Ss3XWtOggzjCTuc=
-51,16,hWkbUVRiKDB+HgMRVjuJHdJ59Kk=,sOPnTLnG3SDsG3xhST8N4YmsUrw=
-62,28,f72Maw+QVeFD7RUlvbBmkveQ9ys=,4r9SK6Xxv+cuSMyEVcMissCXjk8=
-63,28,f72Maw+QVeFD7RUlvbBmkveQ9ys=,4r9SK6Xxv+cuSMyEVcMissCXjk8=
-61,28,f72Maw+QVeFD7RUlvbBmkveQ9ys=,4r9SK6Xxv+cuSMyEVcMissCXjk8=
-62,31,f72Maw+QVeFD7RUlvbBmkveQ9ys=,4r9SK6Xxv+cuSMyEVcMissCXjk8=
-63,29,f72Maw+QVeFD7RUlvbBmkveQ9ys=,4r9SK6Xxv+cuSMyEVcMissCXjk8=
-60,23,f72Maw+QVeFD7RUlvbBmkveQ9ys=,+i5h7g9KlCT7Ss3XWtOggzjCTuc=
-52,16,f72Maw+QVeFD7RUlvbBmkveQ9ys=,sOPnTLnG3SDsG3xhST8N4YmsUrw=
-63,31,f72Maw+QVeFD7RUlvbBmkveQ9ys=,4r9SK6Xxv+cuSMyEVcMissCXjk8=
-62,29,f72Maw+QVeFD7RUlvbBmkveQ9ys=,4r9SK6Xxv+cuSMyEVcMissCXjk8=
-64,26,f72Maw+QVeFD7RUlvbBmkveQ9ys=,4r9SK6Xxv+cuSMyEVcMissCXjk8=
-61,29,f72Maw+QVeFD7RUlvbBmkveQ9ys=,4r9SK6Xxv+cuSMyEVcMissCXjk8=
-49,19,f72Maw+QVeFD7RUlvbBmkveQ9ys=,sOPnTLnG3SDsG3xhST8N4YmsUrw=
-63,30,f72Maw+QVeFD7RUlvbBmkveQ9ys=,4r9SK6Xxv+cuSMyEVcMissCXjk8=
-64,30,f72Maw+QVeFD7RUlvbBmkveQ9ys=,4r9SK6Xxv+cuSMyEVcMissCXjk8=
-64,25,f72Maw+QVeFD7RUlvbBmkveQ9ys=,4r9SK6Xxv+cuSMyEVcMissCXjk8=
-58,22,f72Maw+QVeFD7RUlvbBmkveQ9ys=,+i5h7g9KlCT7Ss3XWtOggzjCTuc=
-64,29,f72Maw+QVeFD7RUlvbBmkveQ9ys=,4r9SK6Xxv+cuSMyEVcMissCXjk8=
-61,23,f72Maw+QVeFD7RUlvbBmkveQ9ys=,+i5h7g9KlCT7Ss3XWtOggzjCTuc=
-64,28,f72Maw+QVeFD7RUlvbBmkveQ9ys=,4r9SK6Xxv+cuSMyEVcMissCXjk8=
-51,19,f72Maw+QVeFD7RUlvbBmkveQ9ys=,sOPnTLnG3SDsG3xhST8N4YmsUrw=
-64,16,f72Maw+QVeFD7RUlvbBmkveQ9ys=,+i5h7g9KlCT7Ss3XWtOggzjCTuc=
-50,19,f72Maw+QVeFD7RUlvbBmkveQ9ys=,sOPnTLnG3SDsG3xhST8N4YmsUrw=
-62,23,f72Maw+QVeFD7RUlvbBmkveQ9ys=,+i5h7g9KlCT7Ss3XWtOggzjCTuc=
-59,22,f72Maw+QVeFD7RUlvbBmkveQ9ys=,+i5h7g9KlCT7Ss3XWtOggzjCTuc=
-61,30,f72Maw+QVeFD7RUlvbBmkveQ9ys=,4r9SK6Xxv+cuSMyEVcMissCXjk8=
-64,19,f72Maw+QVeFD7RUlvbBmkveQ9ys=,+i5h7g9KlCT7Ss3XWtOggzjCTuc=
-62,30,f72Maw+QVeFD7RUlvbBmkveQ9ys=,4r9SK6Xxv+cuSMyEVcMissCXjk8=
-63,23,f72Maw+QVeFD7RUlvbBmkveQ9ys=,+i5h7g9KlCT7Ss3XWtOggzjCTuc=
-59,21,f72Maw+QVeFD7RUlvbBmkveQ9ys=,+i5h7g9KlCT7Ss3XWtOggzjCTuc=
-52,19,f72Maw+QVeFD7RUlvbBmkveQ9ys=,sOPnTLnG3SDsG3xhST8N4YmsUrw=
-64,18,f72Maw+QVeFD7RUlvbBmkveQ9ys=,+i5h7g9KlCT7Ss3XWtOggzjCTuc=
-49,18,f72Maw+QVeFD7RUlvbBmkveQ9ys=,sOPnTLnG3SDsG3xhST8N4YmsUrw=
-61,27,f72Maw+QVeFD7RUlvbBmkveQ9ys=,4r9SK6Xxv+cuSMyEVcMissCXjk8=
-62,20,f72Maw+QVeFD7RUlvbBmkveQ9ys=,+i5h7g9KlCT7Ss3XWtOggzjCTuc=
-60,21,f72Maw+QVeFD7RUlvbBmkveQ9ys=,+i5h7g9KlCT7Ss3XWtOggzjCTuc=
-64,17,f72Maw+QVeFD7RUlvbBmkveQ9ys=,+i5h7g9KlCT7Ss3XWtOggzjCTuc=
-50,18,f72Maw+QVeFD7RUlvbBmkveQ9ys=,sOPnTLnG3SDsG3xhST8N4YmsUrw=
-52,17,f72Maw+QVeFD7RUlvbBmkveQ9ys=,sOPnTLnG3SDsG3xhST8N4YmsUrw=
-51,18,f72Maw+QVeFD7RUlvbBmkveQ9ys=,sOPnTLnG3SDsG3xhST8N4YmsUrw=
-58,20,f72Maw+QVeFD7RUlvbBmkveQ9ys=,+i5h7g9KlCT7Ss3XWtOggzjCTuc=
-62,27,f72Maw+QVeFD7RUlvbBmkveQ9ys=,4r9SK6Xxv+cuSMyEVcMissCXjk8=
-63,16,f72Maw+QVeFD7RUlvbBmkveQ9ys=,+i5h7g9KlCT7Ss3XWtOggzjCTuc=
-62,18,f72Maw+QVeFD7RUlvbBmkveQ9ys=,+i5h7g9KlCT7Ss3XWtOggzjCTuc=
-63,27,f72Maw+QVeFD7RUlvbBmkveQ9ys=,4r9SK6Xxv+cuSMyEVcMissCXjk8=
-52,18,f72Maw+QVeFD7RUlvbBmkveQ9ys=,sOPnTLnG3SDsG3xhST8N4YmsUrw=
-61,26,f72Maw+QVeFD7RUlvbBmkveQ9ys=,4r9SK6Xxv+cuSMyEVcMissCXjk8=
-59,20,f72Maw+QVeFD7RUlvbBmkveQ9ys=,+i5h7g9KlCT7Ss3XWtOggzjCTuc=
-62,16,f72Maw+QVeFD7RUlvbBmkveQ9ys=,+i5h7g9KlCT7Ss3XWtOggzjCTuc=
-49,17,f72Maw+QVeFD7RUlvbBmkveQ9ys=,sOPnTLnG3SDsG3xhST8N4YmsUrw=
-51,17,f72Maw+QVeFD7RUlvbBmkveQ9ys=,sOPnTLnG3SDsG3xhST8N4YmsUrw=
-61,16,f72Maw+QVeFD7RUlvbBmkveQ9ys=,+i5h7g9KlCT7Ss3XWtOggzjCTuc=
-62,26,f72Maw+QVeFD7RUlvbBmkveQ9ys=,4r9SK6Xxv+cuSMyEVcMissCXjk8=
-50,17,f72Maw+QVeFD7RUlvbBmkveQ9ys=,sOPnTLnG3SDsG3xhST8N4YmsUrw=
-61,20,f72Maw+QVeFD7RUlvbBmkveQ9ys=,+i5h7g9KlCT7Ss3XWtOggzjCTuc=
-60,20,f72Maw+QVeFD7RUlvbBmkveQ9ys=,+i5h7g9KlCT7Ss3XWtOggzjCTuc=
-63,18,f72Maw+QVeFD7RUlvbBmkveQ9ys=,+i5h7g9KlCT7Ss3XWtOggzjCTuc=
-63,26,f72Maw+QVeFD7RUlvbBmkveQ9ys=,4r9SK6Xxv+cuSMyEVcMissCXjk8=
-60,22,f72Maw+QVeFD7RUlvbBmkveQ9ys=,+i5h7g9KlCT7Ss3XWtOggzjCTuc=
-63,17,f72Maw+QVeFD7RUlvbBmkveQ9ys=,+i5h7g9KlCT7Ss3XWtOggzjCTuc=
-61,25,f72Maw+QVeFD7RUlvbBmkveQ9ys=,4r9SK6Xxv+cuSMyEVcMissCXjk8=
-63,21,f72Maw+QVeFD7RUlvbBmkveQ9ys=,+i5h7g9KlCT7Ss3XWtOggzjCTuc=
-61,19,f72Maw+QVeFD7RUlvbBmkveQ9ys=,+i5h7g9KlCT7Ss3XWtOggzjCTuc=
-58,21,f72Maw+QVeFD7RUlvbBmkveQ9ys=,+i5h7g9KlCT7Ss3XWtOggzjCTuc=
-61,24,f72Maw+QVeFD7RUlvbBmkveQ9ys=,4r9SK6Xxv+cuSMyEVcMissCXjk8=
-61,18,f72Maw+QVeFD7RUlvbBmkveQ9ys=,+i5h7g9KlCT7Ss3XWtOggzjCTuc=
-62,21,f72Maw+QVeFD7RUlvbBmkveQ9ys=,+i5h7g9KlCT7Ss3XWtOggzjCTuc=
-57,29,f72Maw+QVeFD7RUlvbBmkveQ9ys=,4r9SK6Xxv+cuSMyEVcMissCXjk8=
-62,25,f72Maw+QVeFD7RUlvbBmkveQ9ys=,4r9SK6Xxv+cuSMyEVcMissCXjk8=
-54,24,f72Maw+QVeFD7RUlvbBmkveQ9ys=,Hu2LS4o2Nee/dUHlMG4mLfV64+I=
-62,19,f72Maw+QVeFD7RUlvbBmkveQ9ys=,+i5h7g9KlCT7Ss3XWtOggzjCTuc=
-63,25,f72Maw+QVeFD7RUlvbBmkveQ9ys=,4r9SK6Xxv+cuSMyEVcMissCXjk8=
-61,17,f72Maw+QVeFD7RUlvbBmkveQ9ys=,+i5h7g9KlCT7Ss3XWtOggzjCTuc=
-62,24,f72Maw+QVeFD7RUlvbBmkveQ9ys=,4r9SK6Xxv+cuSMyEVcMissCXjk8=
-57,24,f72Maw+QVeFD7RUlvbBmkveQ9ys=,4r9SK6Xxv+cuSMyEVcMissCXjk8=
-55,24,f72Maw+QVeFD7RUlvbBmkveQ9ys=,Hu2LS4o2Nee/dUHlMG4mLfV64+I=
-52,30,f72Maw+QVeFD7RUlvbBmkveQ9ys=,Hu2LS4o2Nee/dUHlMG4mLfV64+I=
-57,28,f72Maw+QVeFD7RUlvbBmkveQ9ys=,4r9SK6Xxv+cuSMyEVcMissCXjk8=
-63,19,f72Maw+QVeFD7RUlvbBmkveQ9ys=,+i5h7g9KlCT7Ss3XWtOggzjCTuc=
-53,24,f72Maw+QVeFD7RUlvbBmkveQ9ys=,Hu2LS4o2Nee/dUHlMG4mLfV64+I=
-57,27,f72Maw+QVeFD7RUlvbBmkveQ9ys=,4r9SK6Xxv+cuSMyEVcMissCXjk8=
-63,24,f72Maw+QVeFD7RUlvbBmkveQ9ys=,4r9SK6Xxv+cuSMyEVcMissCXjk8=
-62,17,f72Maw+QVeFD7RUlvbBmkveQ9ys=,+i5h7g9KlCT7Ss3XWtOggzjCTuc=
-52,24,f72Maw+QVeFD7RUlvbBmkveQ9ys=,Hu2LS4o2Nee/dUHlMG4mLfV64+I=
-52,22,f72Maw+QVeFD7RUlvbBmkveQ9ys=,sOPnTLnG3SDsG3xhST8N4YmsUrw=
-57,26,f72Maw+QVeFD7RUlvbBmkveQ9ys=,4r9SK6Xxv+cuSMyEVcMissCXjk8=
-61,21,f72Maw+QVeFD7RUlvbBmkveQ9ys=,+i5h7g9KlCT7Ss3XWtOggzjCTuc=
-51,30,f72Maw+QVeFD7RUlvbBmkveQ9ys=,Hu2LS4o2Nee/dUHlMG4mLfV64+I=
-53,30,f72Maw+QVeFD7RUlvbBmkveQ9ys=,Hu2LS4o2Nee/dUHlMG4mLfV64+I=
-57,31,f72Maw+QVeFD7RUlvbBmkveQ9ys=,4r9SK6Xxv+cuSMyEVcMissCXjk8=
-56,24,f72Maw+QVeFD7RUlvbBmkveQ9ys=,Hu2LS4o2Nee/dUHlMG4mLfV64+I=
-57,25,f72Maw+QVeFD7RUlvbBmkveQ9ys=,4r9SK6Xxv+cuSMyEVcMissCXjk8=
-50,30,f72Maw+QVeFD7RUlvbBmkveQ9ys=,Hu2LS4o2Nee/dUHlMG4mLfV64+I=
-60,24,f72Maw+QVeFD7RUlvbBmkveQ9ys=,4r9SK6Xxv+cuSMyEVcMissCXjk8=
-58,31,f72Maw+QVeFD7RUlvbBmkveQ9ys=,4r9SK6Xxv+cuSMyEVcMissCXjk8=
-57,30,f72Maw+QVeFD7RUlvbBmkveQ9ys=,4r9SK6Xxv+cuSMyEVcMissCXjk8=
-51,22,f72Maw+QVeFD7RUlvbBmkveQ9ys=,sOPnTLnG3SDsG3xhST8N4YmsUrw=
-59,24,f72Maw+QVeFD7RUlvbBmkveQ9ys=,4r9SK6Xxv+cuSMyEVcMissCXjk8=
-60,25,f72Maw+QVeFD7RUlvbBmkveQ9ys=,4r9SK6Xxv+cuSMyEVcMissCXjk8=
-59,25,f72Maw+QVeFD7RUlvbBmkveQ9ys=,4r9SK6Xxv+cuSMyEVcMissCXjk8=
-59,31,f72Maw+QVeFD7RUlvbBmkveQ9ys=,4r9SK6Xxv+cuSMyEVcMissCXjk8=
-51,24,f72Maw+QVeFD7RUlvbBmkveQ9ys=,Hu2LS4o2Nee/dUHlMG4mLfV64+I=
-59,26,f72Maw+QVeFD7RUlvbBmkveQ9ys=,4r9SK6Xxv+cuSMyEVcMissCXjk8=
-60,31,f72Maw+QVeFD7RUlvbBmkveQ9ys=,4r9SK6Xxv+cuSMyEVcMissCXjk8=
-60,26,f72Maw+QVeFD7RUlvbBmkveQ9ys=,4r9SK6Xxv+cuSMyEVcMissCXjk8=
-58,25,f72Maw+QVeFD7RUlvbBmkveQ9ys=,4r9SK6Xxv+cuSMyEVcMissCXjk8=
-58,30,f72Maw+QVeFD7RUlvbBmkveQ9ys=,4r9SK6Xxv+cuSMyEVcMissCXjk8=
-58,26,f72Maw+QVeFD7RUlvbBmkveQ9ys=,4r9SK6Xxv+cuSMyEVcMissCXjk8=
-60,27,f72Maw+QVeFD7RUlvbBmkveQ9ys=,4r9SK6Xxv+cuSMyEVcMissCXjk8=
-59,27,f72Maw+QVeFD7RUlvbBmkveQ9ys=,4r9SK6Xxv+cuSMyEVcMissCXjk8=
-49,30,f72Maw+QVeFD7RUlvbBmkveQ9ys=,Hu2LS4o2Nee/dUHlMG4mLfV64+I=
-58,27,f72Maw+QVeFD7RUlvbBmkveQ9ys=,4r9SK6Xxv+cuSMyEVcMissCXjk8=
-59,30,f72Maw+QVeFD7RUlvbBmkveQ9ys=,4r9SK6Xxv+cuSMyEVcMissCXjk8=
-50,22,f72Maw+QVeFD7RUlvbBmkveQ9ys=,sOPnTLnG3SDsG3xhST8N4YmsUrw=
-49,22,f72Maw+QVeFD7RUlvbBmkveQ9ys=,sOPnTLnG3SDsG3xhST8N4YmsUrw=
-60,30,f72Maw+QVeFD7RUlvbBmkveQ9ys=,4r9SK6Xxv+cuSMyEVcMissCXjk8=
-60,28,f72Maw+QVeFD7RUlvbBmkveQ9ys=,4r9SK6Xxv+cuSMyEVcMissCXjk8=
-59,28,f72Maw+QVeFD7RUlvbBmkveQ9ys=,4r9SK6Xxv+cuSMyEVcMissCXjk8=
-56,31,f72Maw+QVeFD7RUlvbBmkveQ9ys=,Hu2LS4o2Nee/dUHlMG4mLfV64+I=
-58,24,f72Maw+QVeFD7RUlvbBmkveQ9ys=,4r9SK6Xxv+cuSMyEVcMissCXjk8=
-58,28,f72Maw+QVeFD7RUlvbBmkveQ9ys=,4r9SK6Xxv+cuSMyEVcMissCXjk8=
-60,29,f72Maw+QVeFD7RUlvbBmkveQ9ys=,4r9SK6Xxv+cuSMyEVcMissCXjk8=
-50,24,f72Maw+QVeFD7RUlvbBmkveQ9ys=,Hu2LS4o2Nee/dUHlMG4mLfV64+I=
-58,29,f72Maw+QVeFD7RUlvbBmkveQ9ys=,4r9SK6Xxv+cuSMyEVcMissCXjk8=
-59,29,f72Maw+QVeFD7RUlvbBmkveQ9ys=,4r9SK6Xxv+cuSMyEVcMissCXjk8=
-55,20,f72Maw+QVeFD7RUlvbBmkveQ9ys=,sOPnTLnG3SDsG3xhST8N4YmsUrw=
-56,20,f72Maw+QVeFD7RUlvbBmkveQ9ys=,sOPnTLnG3SDsG3xhST8N4YmsUrw=
-53,20,f72Maw+QVeFD7RUlvbBmkveQ9ys=,sOPnTLnG3SDsG3xhST8N4YmsUrw=
-51,20,f72Maw+QVeFD7RUlvbBmkveQ9ys=,sOPnTLnG3SDsG3xhST8N4YmsUrw=
-52,20,f72Maw+QVeFD7RUlvbBmkveQ9ys=,sOPnTLnG3SDsG3xhST8N4YmsUrw=
-54,20,f72Maw+QVeFD7RUlvbBmkveQ9ys=,sOPnTLnG3SDsG3xhST8N4YmsUrw=
-55,31,f72Maw+QVeFD7RUlvbBmkveQ9ys=,Hu2LS4o2Nee/dUHlMG4mLfV64+I=
-50,20,f72Maw+QVeFD7RUlvbBmkveQ9ys=,sOPnTLnG3SDsG3xhST8N4YmsUrw=
-49,20,f72Maw+QVeFD7RUlvbBmkveQ9ys=,sOPnTLnG3SDsG3xhST8N4YmsUrw=
-54,21,f72Maw+QVeFD7RUlvbBmkveQ9ys=,sOPnTLnG3SDsG3xhST8N4YmsUrw=
-53,21,f72Maw+QVeFD7RUlvbBmkveQ9ys=,sOPnTLnG3SDsG3xhST8N4YmsUrw=
-55,21,f72Maw+QVeFD7RUlvbBmkveQ9ys=,sOPnTLnG3SDsG3xhST8N4YmsUrw=
-56,21,f72Maw+QVeFD7RUlvbBmkveQ9ys=,sOPnTLnG3SDsG3xhST8N4YmsUrw=
-54,31,f72Maw+QVeFD7RUlvbBmkveQ9ys=,Hu2LS4o2Nee/dUHlMG4mLfV64+I=
-51,21,f72Maw+QVeFD7RUlvbBmkveQ9ys=,sOPnTLnG3SDsG3xhST8N4YmsUrw=
-52,21,f72Maw+QVeFD7RUlvbBmkveQ9ys=,sOPnTLnG3SDsG3xhST8N4YmsUrw=
-50,21,f72Maw+QVeFD7RUlvbBmkveQ9ys=,sOPnTLnG3SDsG3xhST8N4YmsUrw=
-49,21,f72Maw+QVeFD7RUlvbBmkveQ9ys=,sOPnTLnG3SDsG3xhST8N4YmsUrw=
-53,31,f72Maw+QVeFD7RUlvbBmkveQ9ys=,Hu2LS4o2Nee/dUHlMG4mLfV64+I=
-54,22,f72Maw+QVeFD7RUlvbBmkveQ9ys=,sOPnTLnG3SDsG3xhST8N4YmsUrw=
-55,22,f72Maw+QVeFD7RUlvbBmkveQ9ys=,sOPnTLnG3SDsG3xhST8N4YmsUrw=
-53,22,f72Maw+QVeFD7RUlvbBmkveQ9ys=,sOPnTLnG3SDsG3xhST8N4YmsUrw=
-56,22,f72Maw+QVeFD7RUlvbBmkveQ9ys=,sOPnTLnG3SDsG3xhST8N4YmsUrw=
-49,25,f72Maw+QVeFD7RUlvbBmkveQ9ys=,Hu2LS4o2Nee/dUHlMG4mLfV64+I=
-50,31,f72Maw+QVeFD7RUlvbBmkveQ9ys=,Hu2LS4o2Nee/dUHlMG4mLfV64+I=
-51,25,f72Maw+QVeFD7RUlvbBmkveQ9ys=,Hu2LS4o2Nee/dUHlMG4mLfV64+I=
-50,25,f72Maw+QVeFD7RUlvbBmkveQ9ys=,Hu2LS4o2Nee/dUHlMG4mLfV64+I=
-55,26,f72Maw+QVeFD7RUlvbBmkveQ9ys=,Hu2LS4o2Nee/dUHlMG4mLfV64+I=
-52,25,f72Maw+QVeFD7RUlvbBmkveQ9ys=,Hu2LS4o2Nee/dUHlMG4mLfV64+I=
-56,26,f72Maw+QVeFD7RUlvbBmkveQ9ys=,Hu2LS4o2Nee/dUHlMG4mLfV64+I=
-54,26,f72Maw+QVeFD7RUlvbBmkveQ9ys=,Hu2LS4o2Nee/dUHlMG4mLfV64+I=
-53,26,f72Maw+QVeFD7RUlvbBmkveQ9ys=,Hu2LS4o2Nee/dUHlMG4mLfV64+I=
-52,31,f72Maw+QVeFD7RUlvbBmkveQ9ys=,Hu2LS4o2Nee/dUHlMG4mLfV64+I=
-52,26,f72Maw+QVeFD7RUlvbBmkveQ9ys=,Hu2LS4o2Nee/dUHlMG4mLfV64+I=
-51,26,f72Maw+QVeFD7RUlvbBmkveQ9ys=,Hu2LS4o2Nee/dUHlMG4mLfV64+I=
-50,26,f72Maw+QVeFD7RUlvbBmkveQ9ys=,Hu2LS4o2Nee/dUHlMG4mLfV64+I=
-49,24,f72Maw+QVeFD7RUlvbBmkveQ9ys=,Hu2LS4o2Nee/dUHlMG4mLfV64+I=
-56,27,f72Maw+QVeFD7RUlvbBmkveQ9ys=,Hu2LS4o2Nee/dUHlMG4mLfV64+I=
-55,27,f72Maw+QVeFD7RUlvbBmkveQ9ys=,Hu2LS4o2Nee/dUHlMG4mLfV64+I=
-54,27,f72Maw+QVeFD7RUlvbBmkveQ9ys=,Hu2LS4o2Nee/dUHlMG4mLfV64+I=
-49,26,f72Maw+QVeFD7RUlvbBmkveQ9ys=,Hu2LS4o2Nee/dUHlMG4mLfV64+I=
-54,23,f72Maw+QVeFD7RUlvbBmkveQ9ys=,sOPnTLnG3SDsG3xhST8N4YmsUrw=
-56,23,f72Maw+QVeFD7RUlvbBmkveQ9ys=,sOPnTLnG3SDsG3xhST8N4YmsUrw=
-56,25,f72Maw+QVeFD7RUlvbBmkveQ9ys=,Hu2LS4o2Nee/dUHlMG4mLfV64+I=
-53,27,f72Maw+QVeFD7RUlvbBmkveQ9ys=,Hu2LS4o2Nee/dUHlMG4mLfV64+I=
-53,23,f72Maw+QVeFD7RUlvbBmkveQ9ys=,sOPnTLnG3SDsG3xhST8N4YmsUrw=
-55,23,f72Maw+QVeFD7RUlvbBmkveQ9ys=,sOPnTLnG3SDsG3xhST8N4YmsUrw=
-52,23,f72Maw+QVeFD7RUlvbBmkveQ9ys=,sOPnTLnG3SDsG3xhST8N4YmsUrw=
-51,31,f72Maw+QVeFD7RUlvbBmkveQ9ys=,Hu2LS4o2Nee/dUHlMG4mLfV64+I=
-52,27,f72Maw+QVeFD7RUlvbBmkveQ9ys=,Hu2LS4o2Nee/dUHlMG4mLfV64+I=
-50,27,f72Maw+QVeFD7RUlvbBmkveQ9ys=,Hu2LS4o2Nee/dUHlMG4mLfV64+I=
-51,23,f72Maw+QVeFD7RUlvbBmkveQ9ys=,sOPnTLnG3SDsG3xhST8N4YmsUrw=
-51,27,f72Maw+QVeFD7RUlvbBmkveQ9ys=,Hu2LS4o2Nee/dUHlMG4mLfV64+I=
-56,28,f72Maw+QVeFD7RUlvbBmkveQ9ys=,Hu2LS4o2Nee/dUHlMG4mLfV64+I=
-49,27,f72Maw+QVeFD7RUlvbBmkveQ9ys=,Hu2LS4o2Nee/dUHlMG4mLfV64+I=
-55,28,f72Maw+QVeFD7RUlvbBmkveQ9ys=,Hu2LS4o2Nee/dUHlMG4mLfV64+I=
-49,23,f72Maw+QVeFD7RUlvbBmkveQ9ys=,sOPnTLnG3SDsG3xhST8N4YmsUrw=
-50,23,f72Maw+QVeFD7RUlvbBmkveQ9ys=,sOPnTLnG3SDsG3xhST8N4YmsUrw=
-55,25,f72Maw+QVeFD7RUlvbBmkveQ9ys=,Hu2LS4o2Nee/dUHlMG4mLfV64+I=
-54,28,f72Maw+QVeFD7RUlvbBmkveQ9ys=,Hu2LS4o2Nee/dUHlMG4mLfV64+I=
-53,28,f72Maw+QVeFD7RUlvbBmkveQ9ys=,Hu2LS4o2Nee/dUHlMG4mLfV64+I=
-51,28,f72Maw+QVeFD7RUlvbBmkveQ9ys=,Hu2LS4o2Nee/dUHlMG4mLfV64+I=
-52,28,f72Maw+QVeFD7RUlvbBmkveQ9ys=,Hu2LS4o2Nee/dUHlMG4mLfV64+I=
-50,28,f72Maw+QVeFD7RUlvbBmkveQ9ys=,Hu2LS4o2Nee/dUHlMG4mLfV64+I=
-56,29,f72Maw+QVeFD7RUlvbBmkveQ9ys=,Hu2LS4o2Nee/dUHlMG4mLfV64+I=
-49,31,f72Maw+QVeFD7RUlvbBmkveQ9ys=,Hu2LS4o2Nee/dUHlMG4mLfV64+I=
-55,29,f72Maw+QVeFD7RUlvbBmkveQ9ys=,Hu2LS4o2Nee/dUHlMG4mLfV64+I=
-54,25,f72Maw+QVeFD7RUlvbBmkveQ9ys=,Hu2LS4o2Nee/dUHlMG4mLfV64+I=
-49,28,f72Maw+QVeFD7RUlvbBmkveQ9ys=,Hu2LS4o2Nee/dUHlMG4mLfV64+I=
-54,29,f72Maw+QVeFD7RUlvbBmkveQ9ys=,Hu2LS4o2Nee/dUHlMG4mLfV64+I=
-52,29,f72Maw+QVeFD7RUlvbBmkveQ9ys=,Hu2LS4o2Nee/dUHlMG4mLfV64+I=
-51,29,f72Maw+QVeFD7RUlvbBmkveQ9ys=,Hu2LS4o2Nee/dUHlMG4mLfV64+I=
-53,29,f72Maw+QVeFD7RUlvbBmkveQ9ys=,Hu2LS4o2Nee/dUHlMG4mLfV64+I=
-53,25,f72Maw+QVeFD7RUlvbBmkveQ9ys=,Hu2LS4o2Nee/dUHlMG4mLfV64+I=
-50,29,f72Maw+QVeFD7RUlvbBmkveQ9ys=,Hu2LS4o2Nee/dUHlMG4mLfV64+I=
-49,29,f72Maw+QVeFD7RUlvbBmkveQ9ys=,Hu2LS4o2Nee/dUHlMG4mLfV64+I=
-56,30,f72Maw+QVeFD7RUlvbBmkveQ9ys=,Hu2LS4o2Nee/dUHlMG4mLfV64+I=
-55,30,f72Maw+QVeFD7RUlvbBmkveQ9ys=,Hu2LS4o2Nee/dUHlMG4mLfV64+I=
-54,30,f72Maw+QVeFD7RUlvbBmkveQ9ys=,Hu2LS4o2Nee/dUHlMG4mLfV64+I=
-40,16,hE7v1wKtQ5C5YLXtisQICG5QLEo=,ZCP2p2M6VAmTnP2WWSFVPNNURV8=
-44,16,g2HHGPXORtIqhLAL2E9TR8+h9TQ=,oMTQy8yVQJxfV+vsb5qHAA4GuB4=
-43,16,g2HHGPXORtIqhLAL2E9TR8+h9TQ=,oMTQy8yVQJxfV+vsb5qHAA4GuB4=
-42,16,g2HHGPXORtIqhLAL2E9TR8+h9TQ=,oMTQy8yVQJxfV+vsb5qHAA4GuB4=
-44,19,1aFYGmrKTckrXsq3OqWOLZsfrAE=,oMTQy8yVQJxfV+vsb5qHAA4GuB4=
-41,16,1aFYGmrKTckrXsq3OqWOLZsfrAE=,oMTQy8yVQJxfV+vsb5qHAA4GuB4=
-42,19,1aFYGmrKTckrXsq3OqWOLZsfrAE=,oMTQy8yVQJxfV+vsb5qHAA4GuB4=
-43,18,7MHilXmii5PjaK+6/EbKy8LkBRw=,oMTQy8yVQJxfV+vsb5qHAA4GuB4=
-44,18,7MHilXmii5PjaK+6/EbKy8LkBRw=,oMTQy8yVQJxfV+vsb5qHAA4GuB4=
-42,18,7MHilXmii5PjaK+6/EbKy8LkBRw=,oMTQy8yVQJxfV+vsb5qHAA4GuB4=
-43,19,7MHilXmii5PjaK+6/EbKy8LkBRw=,oMTQy8yVQJxfV+vsb5qHAA4GuB4=
-40,17,7MHilXmii5PjaK+6/EbKy8LkBRw=,ZCP2p2M6VAmTnP2WWSFVPNNURV8=
-44,17,z3tCEvfo80OpmFPQWt7plpEja1Q=,oMTQy8yVQJxfV+vsb5qHAA4GuB4=
-42,17,z3tCEvfo80OpmFPQWt7plpEja1Q=,oMTQy8yVQJxfV+vsb5qHAA4GuB4=
-43,17,z3tCEvfo80OpmFPQWt7plpEja1Q=,oMTQy8yVQJxfV+vsb5qHAA4GuB4=
-39,17,z3tCEvfo80OpmFPQWt7plpEja1Q=,ZCP2p2M6VAmTnP2WWSFVPNNURV8=
-37,17,z3tCEvfo80OpmFPQWt7plpEja1Q=,ZCP2p2M6VAmTnP2WWSFVPNNURV8=
-38,17,z3tCEvfo80OpmFPQWt7plpEja1Q=,ZCP2p2M6VAmTnP2WWSFVPNNURV8=
-40,18,z3tCEvfo80OpmFPQWt7plpEja1Q=,ZCP2p2M6VAmTnP2WWSFVPNNURV8=
-39,18,z3tCEvfo80OpmFPQWt7plpEja1Q=,ZCP2p2M6VAmTnP2WWSFVPNNURV8=
-38,18,z3tCEvfo80OpmFPQWt7plpEja1Q=,ZCP2p2M6VAmTnP2WWSFVPNNURV8=
-37,18,iSrlvK6DbOR+RCgO3y+cnOWDCOM=,ZCP2p2M6VAmTnP2WWSFVPNNURV8=
-37,19,iSrlvK6DbOR+RCgO3y+cnOWDCOM=,ZCP2p2M6VAmTnP2WWSFVPNNURV8=
-38,19,iSrlvK6DbOR+RCgO3y+cnOWDCOM=,ZCP2p2M6VAmTnP2WWSFVPNNURV8=
-39,19,iSrlvK6DbOR+RCgO3y+cnOWDCOM=,ZCP2p2M6VAmTnP2WWSFVPNNURV8=
-40,19,iSrlvK6DbOR+RCgO3y+cnOWDCOM=,ZCP2p2M6VAmTnP2WWSFVPNNURV8=
-41,19,iSrlvK6DbOR+RCgO3y+cnOWDCOM=,oMTQy8yVQJxfV+vsb5qHAA4GuB4=
-41,18,iSrlvK6DbOR+RCgO3y+cnOWDCOM=,oMTQy8yVQJxfV+vsb5qHAA4GuB4=
-39,16,iSrlvK6DbOR+RCgO3y+cnOWDCOM=,ZCP2p2M6VAmTnP2WWSFVPNNURV8=
-38,16,ejSCPNFFwsDGj7AsbH87ciijCzg=,ZCP2p2M6VAmTnP2WWSFVPNNURV8=
-41,17,ejSCPNFFwsDGj7AsbH87ciijCzg=,oMTQy8yVQJxfV+vsb5qHAA4GuB4=
-37,16,ejSCPNFFwsDGj7AsbH87ciijCzg=,ZCP2p2M6VAmTnP2WWSFVPNNURV8=
-41,23,ejSCPNFFwsDGj7AsbH87ciijCzg=,oMTQy8yVQJxfV+vsb5qHAA4GuB4=
-37,23,ejSCPNFFwsDGj7AsbH87ciijCzg=,ZCP2p2M6VAmTnP2WWSFVPNNURV8=
-41,21,GbJRkSonX1U+B+AxQ4NkTnROnOw=,oMTQy8yVQJxfV+vsb5qHAA4GuB4=
-33,23,GbJRkSonX1U+B+AxQ4NkTnROnOw=,ZCP2p2M6VAmTnP2WWSFVPNNURV8=
-34,23,WTVj4qSeRrJ1hVgPe/vBVmswaZk=,ZCP2p2M6VAmTnP2WWSFVPNNURV8=
-41,20,WTVj4qSeRrJ1hVgPe/vBVmswaZk=,oMTQy8yVQJxfV+vsb5qHAA4GuB4=
-40,20,WTVj4qSeRrJ1hVgPe/vBVmswaZk=,ZCP2p2M6VAmTnP2WWSFVPNNURV8=
-38,23,WTVj4qSeRrJ1hVgPe/vBVmswaZk=,ZCP2p2M6VAmTnP2WWSFVPNNURV8=
-39,20,JN6JSkfGW4ZYv37Mx+B+I0ItpX4=,ZCP2p2M6VAmTnP2WWSFVPNNURV8=
-35,23,JN6JSkfGW4ZYv37Mx+B+I0ItpX4=,ZCP2p2M6VAmTnP2WWSFVPNNURV8=
-41,22,JN6JSkfGW4ZYv37Mx+B+I0ItpX4=,oMTQy8yVQJxfV+vsb5qHAA4GuB4=
-38,20,JN6JSkfGW4ZYv37Mx+B+I0ItpX4=,ZCP2p2M6VAmTnP2WWSFVPNNURV8=
-39,23,JN6JSkfGW4ZYv37Mx+B+I0ItpX4=,ZCP2p2M6VAmTnP2WWSFVPNNURV8=
-42,23,JN6JSkfGW4ZYv37Mx+B+I0ItpX4=,oMTQy8yVQJxfV+vsb5qHAA4GuB4=
-37,20,JN6JSkfGW4ZYv37Mx+B+I0ItpX4=,ZCP2p2M6VAmTnP2WWSFVPNNURV8=
-36,23,JN6JSkfGW4ZYv37Mx+B+I0ItpX4=,ZCP2p2M6VAmTnP2WWSFVPNNURV8=
-43,23,JN6JSkfGW4ZYv37Mx+B+I0ItpX4=,oMTQy8yVQJxfV+vsb5qHAA4GuB4=
-40,23,JN6JSkfGW4ZYv37Mx+B+I0ItpX4=,ZCP2p2M6VAmTnP2WWSFVPNNURV8=
-33,21,JN6JSkfGW4ZYv37Mx+B+I0ItpX4=,ZCP2p2M6VAmTnP2WWSFVPNNURV8=
-44,23,JN6JSkfGW4ZYv37Mx+B+I0ItpX4=,oMTQy8yVQJxfV+vsb5qHAA4GuB4=
-40,21,JN6JSkfGW4ZYv37Mx+B+I0ItpX4=,ZCP2p2M6VAmTnP2WWSFVPNNURV8=
-34,21,JN6JSkfGW4ZYv37Mx+B+I0ItpX4=,ZCP2p2M6VAmTnP2WWSFVPNNURV8=
-43,21,JN6JSkfGW4ZYv37Mx+B+I0ItpX4=,oMTQy8yVQJxfV+vsb5qHAA4GuB4=
-39,21,JN6JSkfGW4ZYv37Mx+B+I0ItpX4=,ZCP2p2M6VAmTnP2WWSFVPNNURV8=
-37,22,JN6JSkfGW4ZYv37Mx+B+I0ItpX4=,ZCP2p2M6VAmTnP2WWSFVPNNURV8=
-43,22,JN6JSkfGW4ZYv37Mx+B+I0ItpX4=,oMTQy8yVQJxfV+vsb5qHAA4GuB4=
-35,21,JN6JSkfGW4ZYv37Mx+B+I0ItpX4=,ZCP2p2M6VAmTnP2WWSFVPNNURV8=
-38,22,JN6JSkfGW4ZYv37Mx+B+I0ItpX4=,ZCP2p2M6VAmTnP2WWSFVPNNURV8=
-36,21,JN6JSkfGW4ZYv37Mx+B+I0ItpX4=,ZCP2p2M6VAmTnP2WWSFVPNNURV8=
-38,21,JN6JSkfGW4ZYv37Mx+B+I0ItpX4=,ZCP2p2M6VAmTnP2WWSFVPNNURV8=
-33,20,JN6JSkfGW4ZYv37Mx+B+I0ItpX4=,ZCP2p2M6VAmTnP2WWSFVPNNURV8=
-39,22,JN6JSkfGW4ZYv37Mx+B+I0ItpX4=,ZCP2p2M6VAmTnP2WWSFVPNNURV8=
-37,21,JN6JSkfGW4ZYv37Mx+B+I0ItpX4=,ZCP2p2M6VAmTnP2WWSFVPNNURV8=
-44,21,JN6JSkfGW4ZYv37Mx+B+I0ItpX4=,oMTQy8yVQJxfV+vsb5qHAA4GuB4=
-40,22,JN6JSkfGW4ZYv37Mx+B+I0ItpX4=,ZCP2p2M6VAmTnP2WWSFVPNNURV8=
-44,22,JN6JSkfGW4ZYv37Mx+B+I0ItpX4=,oMTQy8yVQJxfV+vsb5qHAA4GuB4=
-36,22,JN6JSkfGW4ZYv37Mx+B+I0ItpX4=,ZCP2p2M6VAmTnP2WWSFVPNNURV8=
-42,21,JN6JSkfGW4ZYv37Mx+B+I0ItpX4=,oMTQy8yVQJxfV+vsb5qHAA4GuB4=
-36,20,JN6JSkfGW4ZYv37Mx+B+I0ItpX4=,ZCP2p2M6VAmTnP2WWSFVPNNURV8=
-42,20,JN6JSkfGW4ZYv37Mx+B+I0ItpX4=,oMTQy8yVQJxfV+vsb5qHAA4GuB4=
-35,20,JN6JSkfGW4ZYv37Mx+B+I0ItpX4=,ZCP2p2M6VAmTnP2WWSFVPNNURV8=
-34,20,JN6JSkfGW4ZYv37Mx+B+I0ItpX4=,ZCP2p2M6VAmTnP2WWSFVPNNURV8=
-33,22,JN6JSkfGW4ZYv37Mx+B+I0ItpX4=,ZCP2p2M6VAmTnP2WWSFVPNNURV8=
-43,20,JN6JSkfGW4ZYv37Mx+B+I0ItpX4=,oMTQy8yVQJxfV+vsb5qHAA4GuB4=
-34,22,JN6JSkfGW4ZYv37Mx+B+I0ItpX4=,ZCP2p2M6VAmTnP2WWSFVPNNURV8=
-48,30,JN6JSkfGW4ZYv37Mx+B+I0ItpX4=,ISybMerURD+SW/b1d/IGLfm9iZI=
-44,20,JN6JSkfGW4ZYv37Mx+B+I0ItpX4=,oMTQy8yVQJxfV+vsb5qHAA4GuB4=
-35,22,JN6JSkfGW4ZYv37Mx+B+I0ItpX4=,ZCP2p2M6VAmTnP2WWSFVPNNURV8=
-48,29,JN6JSkfGW4ZYv37Mx+B+I0ItpX4=,ISybMerURD+SW/b1d/IGLfm9iZI=
-48,31,JN6JSkfGW4ZYv37Mx+B+I0ItpX4=,ISybMerURD+SW/b1d/IGLfm9iZI=
-48,23,JN6JSkfGW4ZYv37Mx+B+I0ItpX4=,oMTQy8yVQJxfV+vsb5qHAA4GuB4=
-42,22,JN6JSkfGW4ZYv37Mx+B+I0ItpX4=,oMTQy8yVQJxfV+vsb5qHAA4GuB4=
-41,27,JN6JSkfGW4ZYv37Mx+B+I0ItpX4=,ISybMerURD+SW/b1d/IGLfm9iZI=
-48,24,JN6JSkfGW4ZYv37Mx+B+I0ItpX4=,ISybMerURD+SW/b1d/IGLfm9iZI=
-47,28,JN6JSkfGW4ZYv37Mx+B+I0ItpX4=,ISybMerURD+SW/b1d/IGLfm9iZI=
-48,28,JN6JSkfGW4ZYv37Mx+B+I0ItpX4=,ISybMerURD+SW/b1d/IGLfm9iZI=
-46,28,JN6JSkfGW4ZYv37Mx+B+I0ItpX4=,ISybMerURD+SW/b1d/IGLfm9iZI=
-39,29,JN6JSkfGW4ZYv37Mx+B+I0ItpX4=,25hCpUtNBQLNUWY+/TVxJ21yVFo=
-40,29,JN6JSkfGW4ZYv37Mx+B+I0ItpX4=,25hCpUtNBQLNUWY+/TVxJ21yVFo=
-48,27,JN6JSkfGW4ZYv37Mx+B+I0ItpX4=,ISybMerURD+SW/b1d/IGLfm9iZI=
-39,31,JN6JSkfGW4ZYv37Mx+B+I0ItpX4=,25hCpUtNBQLNUWY+/TVxJ21yVFo=
-45,31,JN6JSkfGW4ZYv37Mx+B+I0ItpX4=,ISybMerURD+SW/b1d/IGLfm9iZI=
-48,20,JN6JSkfGW4ZYv37Mx+B+I0ItpX4=,oMTQy8yVQJxfV+vsb5qHAA4GuB4=
-37,28,JN6JSkfGW4ZYv37Mx+B+I0ItpX4=,25hCpUtNBQLNUWY+/TVxJ21yVFo=
-48,26,JN6JSkfGW4ZYv37Mx+B+I0ItpX4=,ISybMerURD+SW/b1d/IGLfm9iZI=
-41,30,JN6JSkfGW4ZYv37Mx+B+I0ItpX4=,ISybMerURD+SW/b1d/IGLfm9iZI=
-46,31,JN6JSkfGW4ZYv37Mx+B+I0ItpX4=,ISybMerURD+SW/b1d/IGLfm9iZI=
-48,25,JN6JSkfGW4ZYv37Mx+B+I0ItpX4=,ISybMerURD+SW/b1d/IGLfm9iZI=
-38,31,JN6JSkfGW4ZYv37Mx+B+I0ItpX4=,25hCpUtNBQLNUWY+/TVxJ21yVFo=
-48,16,JN6JSkfGW4ZYv37Mx+B+I0ItpX4=,oMTQy8yVQJxfV+vsb5qHAA4GuB4=
-48,22,JN6JSkfGW4ZYv37Mx+B+I0ItpX4=,oMTQy8yVQJxfV+vsb5qHAA4GuB4=
-48,19,JN6JSkfGW4ZYv37Mx+B+I0ItpX4=,oMTQy8yVQJxfV+vsb5qHAA4GuB4=
-41,29,JN6JSkfGW4ZYv37Mx+B+I0ItpX4=,ISybMerURD+SW/b1d/IGLfm9iZI=
-37,31,JN6JSkfGW4ZYv37Mx+B+I0ItpX4=,25hCpUtNBQLNUWY+/TVxJ21yVFo=
-47,31,JN6JSkfGW4ZYv37Mx+B+I0ItpX4=,ISybMerURD+SW/b1d/IGLfm9iZI=
-45,27,JN6JSkfGW4ZYv37Mx+B+I0ItpX4=,ISybMerURD+SW/b1d/IGLfm9iZI=
-48,18,JN6JSkfGW4ZYv37Mx+B+I0ItpX4=,oMTQy8yVQJxfV+vsb5qHAA4GuB4=
-48,21,JN6JSkfGW4ZYv37Mx+B+I0ItpX4=,oMTQy8yVQJxfV+vsb5qHAA4GuB4=
-45,30,JN6JSkfGW4ZYv37Mx+B+I0ItpX4=,ISybMerURD+SW/b1d/IGLfm9iZI=
-33,24,JN6JSkfGW4ZYv37Mx+B+I0ItpX4=,25hCpUtNBQLNUWY+/TVxJ21yVFo=
-47,16,JN6JSkfGW4ZYv37Mx+B+I0ItpX4=,oMTQy8yVQJxfV+vsb5qHAA4GuB4=
-41,28,JN6JSkfGW4ZYv37Mx+B+I0ItpX4=,ISybMerURD+SW/b1d/IGLfm9iZI=
-46,27,JN6JSkfGW4ZYv37Mx+B+I0ItpX4=,ISybMerURD+SW/b1d/IGLfm9iZI=
-48,17,JN6JSkfGW4ZYv37Mx+B+I0ItpX4=,oMTQy8yVQJxfV+vsb5qHAA4GuB4=
-33,27,JN6JSkfGW4ZYv37Mx+B+I0ItpX4=,25hCpUtNBQLNUWY+/TVxJ21yVFo=
-47,21,JN6JSkfGW4ZYv37Mx+B+I0ItpX4=,oMTQy8yVQJxfV+vsb5qHAA4GuB4=
-45,24,JN6JSkfGW4ZYv37Mx+B+I0ItpX4=,ISybMerURD+SW/b1d/IGLfm9iZI=
-47,22,JN6JSkfGW4ZYv37Mx+B+I0ItpX4=,oMTQy8yVQJxfV+vsb5qHAA4GuB4=
-46,22,JN6JSkfGW4ZYv37Mx+B+I0ItpX4=,oMTQy8yVQJxfV+vsb5qHAA4GuB4=
-46,30,JN6JSkfGW4ZYv37Mx+B+I0ItpX4=,ISybMerURD+SW/b1d/IGLfm9iZI=
-46,16,JN6JSkfGW4ZYv37Mx+B+I0ItpX4=,oMTQy8yVQJxfV+vsb5qHAA4GuB4=
-47,27,JN6JSkfGW4ZYv37Mx+B+I0ItpX4=,ISybMerURD+SW/b1d/IGLfm9iZI=
-33,26,JN6JSkfGW4ZYv37Mx+B+I0ItpX4=,25hCpUtNBQLNUWY+/TVxJ21yVFo=
-47,30,JN6JSkfGW4ZYv37Mx+B+I0ItpX4=,ISybMerURD+SW/b1d/IGLfm9iZI=
-33,25,JN6JSkfGW4ZYv37Mx+B+I0ItpX4=,25hCpUtNBQLNUWY+/TVxJ21yVFo=
-45,16,JN6JSkfGW4ZYv37Mx+B+I0ItpX4=,oMTQy8yVQJxfV+vsb5qHAA4GuB4=
-42,31,JN6JSkfGW4ZYv37Mx+B+I0ItpX4=,ISybMerURD+SW/b1d/IGLfm9iZI=
-41,31,JN6JSkfGW4ZYv37Mx+B+I0ItpX4=,ISybMerURD+SW/b1d/IGLfm9iZI=
-45,23,JN6JSkfGW4ZYv37Mx+B+I0ItpX4=,oMTQy8yVQJxfV+vsb5qHAA4GuB4=
-45,29,JN6JSkfGW4ZYv37Mx+B+I0ItpX4=,ISybMerURD+SW/b1d/IGLfm9iZI=
-47,18,JN6JSkfGW4ZYv37Mx+B+I0ItpX4=,oMTQy8yVQJxfV+vsb5qHAA4GuB4=
-46,23,JN6JSkfGW4ZYv37Mx+B+I0ItpX4=,oMTQy8yVQJxfV+vsb5qHAA4GuB4=
-43,31,JN6JSkfGW4ZYv37Mx+B+I0ItpX4=,ISybMerURD+SW/b1d/IGLfm9iZI=
-44,31,JN6JSkfGW4ZYv37Mx+B+I0ItpX4=,ISybMerURD+SW/b1d/IGLfm9iZI=
-47,19,JN6JSkfGW4ZYv37Mx+B+I0ItpX4=,oMTQy8yVQJxfV+vsb5qHAA4GuB4=
-46,29,JN6JSkfGW4ZYv37Mx+B+I0ItpX4=,ISybMerURD+SW/b1d/IGLfm9iZI=
-46,24,JN6JSkfGW4ZYv37Mx+B+I0ItpX4=,ISybMerURD+SW/b1d/IGLfm9iZI=
-40,31,JN6JSkfGW4ZYv37Mx+B+I0ItpX4=,25hCpUtNBQLNUWY+/TVxJ21yVFo=
-40,24,JN6JSkfGW4ZYv37Mx+B+I0ItpX4=,25hCpUtNBQLNUWY+/TVxJ21yVFo=
-39,24,JN6JSkfGW4ZYv37Mx+B+I0ItpX4=,25hCpUtNBQLNUWY+/TVxJ21yVFo=
-45,17,JN6JSkfGW4ZYv37Mx+B+I0ItpX4=,oMTQy8yVQJxfV+vsb5qHAA4GuB4=
-47,29,JN6JSkfGW4ZYv37Mx+B+I0ItpX4=,ISybMerURD+SW/b1d/IGLfm9iZI=
-45,26,JN6JSkfGW4ZYv37Mx+B+I0ItpX4=,ISybMerURD+SW/b1d/IGLfm9iZI=
-46,17,JN6JSkfGW4ZYv37Mx+B+I0ItpX4=,oMTQy8yVQJxfV+vsb5qHAA4GuB4=
-47,23,JN6JSkfGW4ZYv37Mx+B+I0ItpX4=,oMTQy8yVQJxfV+vsb5qHAA4GuB4=
-35,24,JN6JSkfGW4ZYv37Mx+B+I0ItpX4=,25hCpUtNBQLNUWY+/TVxJ21yVFo=
-47,17,JN6JSkfGW4ZYv37Mx+B+I0ItpX4=,oMTQy8yVQJxfV+vsb5qHAA4GuB4=
-40,25,JN6JSkfGW4ZYv37Mx+B+I0ItpX4=,25hCpUtNBQLNUWY+/TVxJ21yVFo=
-38,24,JN6JSkfGW4ZYv37Mx+B+I0ItpX4=,25hCpUtNBQLNUWY+/TVxJ21yVFo=
-34,24,JN6JSkfGW4ZYv37Mx+B+I0ItpX4=,25hCpUtNBQLNUWY+/TVxJ21yVFo=
-39,25,JN6JSkfGW4ZYv37Mx+B+I0ItpX4=,25hCpUtNBQLNUWY+/TVxJ21yVFo=
-36,24,JN6JSkfGW4ZYv37Mx+B+I0ItpX4=,25hCpUtNBQLNUWY+/TVxJ21yVFo=
-45,28,JN6JSkfGW4ZYv37Mx+B+I0ItpX4=,ISybMerURD+SW/b1d/IGLfm9iZI=
-38,25,JN6JSkfGW4ZYv37Mx+B+I0ItpX4=,25hCpUtNBQLNUWY+/TVxJ21yVFo=
-41,24,JN6JSkfGW4ZYv37Mx+B+I0ItpX4=,ISybMerURD+SW/b1d/IGLfm9iZI=
-38,28,JN6JSkfGW4ZYv37Mx+B+I0ItpX4=,25hCpUtNBQLNUWY+/TVxJ21yVFo=
-41,26,JN6JSkfGW4ZYv37Mx+B+I0ItpX4=,ISybMerURD+SW/b1d/IGLfm9iZI=
-37,24,JN6JSkfGW4ZYv37Mx+B+I0ItpX4=,25hCpUtNBQLNUWY+/TVxJ21yVFo=
-45,18,JN6JSkfGW4ZYv37Mx+B+I0ItpX4=,oMTQy8yVQJxfV+vsb5qHAA4GuB4=
-38,27,JN6JSkfGW4ZYv37Mx+B+I0ItpX4=,25hCpUtNBQLNUWY+/TVxJ21yVFo=
-37,27,JN6JSkfGW4ZYv37Mx+B+I0ItpX4=,25hCpUtNBQLNUWY+/TVxJ21yVFo=
-34,27,JN6JSkfGW4ZYv37Mx+B+I0ItpX4=,25hCpUtNBQLNUWY+/TVxJ21yVFo=
-39,28,JN6JSkfGW4ZYv37Mx+B+I0ItpX4=,25hCpUtNBQLNUWY+/TVxJ21yVFo=
-35,27,JN6JSkfGW4ZYv37Mx+B+I0ItpX4=,25hCpUtNBQLNUWY+/TVxJ21yVFo=
-46,26,JN6JSkfGW4ZYv37Mx+B+I0ItpX4=,ISybMerURD+SW/b1d/IGLfm9iZI=
-40,28,JN6JSkfGW4ZYv37Mx+B+I0ItpX4=,25hCpUtNBQLNUWY+/TVxJ21yVFo=
-40,27,JN6JSkfGW4ZYv37Mx+B+I0ItpX4=,25hCpUtNBQLNUWY+/TVxJ21yVFo=
-34,26,JN6JSkfGW4ZYv37Mx+B+I0ItpX4=,25hCpUtNBQLNUWY+/TVxJ21yVFo=
-39,27,JN6JSkfGW4ZYv37Mx+B+I0ItpX4=,25hCpUtNBQLNUWY+/TVxJ21yVFo=
-46,18,JN6JSkfGW4ZYv37Mx+B+I0ItpX4=,oMTQy8yVQJxfV+vsb5qHAA4GuB4=
-41,25,JN6JSkfGW4ZYv37Mx+B+I0ItpX4=,ISybMerURD+SW/b1d/IGLfm9iZI=
-36,26,JN6JSkfGW4ZYv37Mx+B+I0ItpX4=,25hCpUtNBQLNUWY+/TVxJ21yVFo=
-37,26,JN6JSkfGW4ZYv37Mx+B+I0ItpX4=,25hCpUtNBQLNUWY+/TVxJ21yVFo=
-37,25,JN6JSkfGW4ZYv37Mx+B+I0ItpX4=,25hCpUtNBQLNUWY+/TVxJ21yVFo=
-40,26,JN6JSkfGW4ZYv37Mx+B+I0ItpX4=,25hCpUtNBQLNUWY+/TVxJ21yVFo=
-36,27,JN6JSkfGW4ZYv37Mx+B+I0ItpX4=,25hCpUtNBQLNUWY+/TVxJ21yVFo=
-39,26,JN6JSkfGW4ZYv37Mx+B+I0ItpX4=,25hCpUtNBQLNUWY+/TVxJ21yVFo=
-38,26,JN6JSkfGW4ZYv37Mx+B+I0ItpX4=,25hCpUtNBQLNUWY+/TVxJ21yVFo=
-47,26,JN6JSkfGW4ZYv37Mx+B+I0ItpX4=,ISybMerURD+SW/b1d/IGLfm9iZI=
-35,26,JN6JSkfGW4ZYv37Mx+B+I0ItpX4=,25hCpUtNBQLNUWY+/TVxJ21yVFo=
-42,24,JN6JSkfGW4ZYv37Mx+B+I0ItpX4=,ISybMerURD+SW/b1d/IGLfm9iZI=
-47,24,JN6JSkfGW4ZYv37Mx+B+I0ItpX4=,ISybMerURD+SW/b1d/IGLfm9iZI=
-34,25,JN6JSkfGW4ZYv37Mx+B+I0ItpX4=,25hCpUtNBQLNUWY+/TVxJ21yVFo=
-43,30,JN6JSkfGW4ZYv37Mx+B+I0ItpX4=,ISybMerURD+SW/b1d/IGLfm9iZI=
-35,25,JN6JSkfGW4ZYv37Mx+B+I0ItpX4=,25hCpUtNBQLNUWY+/TVxJ21yVFo=
-43,24,JN6JSkfGW4ZYv37Mx+B+I0ItpX4=,ISybMerURD+SW/b1d/IGLfm9iZI=
-42,29,JN6JSkfGW4ZYv37Mx+B+I0ItpX4=,ISybMerURD+SW/b1d/IGLfm9iZI=
-42,30,JN6JSkfGW4ZYv37Mx+B+I0ItpX4=,ISybMerURD+SW/b1d/IGLfm9iZI=
-44,29,JN6JSkfGW4ZYv37Mx+B+I0ItpX4=,ISybMerURD+SW/b1d/IGLfm9iZI=
-45,19,JN6JSkfGW4ZYv37Mx+B+I0ItpX4=,oMTQy8yVQJxfV+vsb5qHAA4GuB4=
-43,28,JN6JSkfGW4ZYv37Mx+B+I0ItpX4=,ISybMerURD+SW/b1d/IGLfm9iZI=
-44,30,JN6JSkfGW4ZYv37Mx+B+I0ItpX4=,ISybMerURD+SW/b1d/IGLfm9iZI=
-42,27,JN6JSkfGW4ZYv37Mx+B+I0ItpX4=,ISybMerURD+SW/b1d/IGLfm9iZI=
-45,25,JN6JSkfGW4ZYv37Mx+B+I0ItpX4=,ISybMerURD+SW/b1d/IGLfm9iZI=
-46,25,JN6JSkfGW4ZYv37Mx+B+I0ItpX4=,ISybMerURD+SW/b1d/IGLfm9iZI=
-44,27,JN6JSkfGW4ZYv37Mx+B+I0ItpX4=,ISybMerURD+SW/b1d/IGLfm9iZI=
-36,25,JN6JSkfGW4ZYv37Mx+B+I0ItpX4=,25hCpUtNBQLNUWY+/TVxJ21yVFo=
-47,25,JN6JSkfGW4ZYv37Mx+B+I0ItpX4=,ISybMerURD+SW/b1d/IGLfm9iZI=
-42,28,JN6JSkfGW4ZYv37Mx+B+I0ItpX4=,ISybMerURD+SW/b1d/IGLfm9iZI=
-46,19,JN6JSkfGW4ZYv37Mx+B+I0ItpX4=,oMTQy8yVQJxfV+vsb5qHAA4GuB4=
-42,25,JN6JSkfGW4ZYv37Mx+B+I0ItpX4=,ISybMerURD+SW/b1d/IGLfm9iZI=
-45,20,JN6JSkfGW4ZYv37Mx+B+I0ItpX4=,oMTQy8yVQJxfV+vsb5qHAA4GuB4=
-44,24,JN6JSkfGW4ZYv37Mx+B+I0ItpX4=,ISybMerURD+SW/b1d/IGLfm9iZI=
-44,28,JN6JSkfGW4ZYv37Mx+B+I0ItpX4=,ISybMerURD+SW/b1d/IGLfm9iZI=
-43,29,JN6JSkfGW4ZYv37Mx+B+I0ItpX4=,ISybMerURD+SW/b1d/IGLfm9iZI=
-43,25,JN6JSkfGW4ZYv37Mx+B+I0ItpX4=,ISybMerURD+SW/b1d/IGLfm9iZI=
-43,27,JN6JSkfGW4ZYv37Mx+B+I0ItpX4=,ISybMerURD+SW/b1d/IGLfm9iZI=
-37,29,JN6JSkfGW4ZYv37Mx+B+I0ItpX4=,25hCpUtNBQLNUWY+/TVxJ21yVFo=
-42,26,JN6JSkfGW4ZYv37Mx+B+I0ItpX4=,ISybMerURD+SW/b1d/IGLfm9iZI=
-38,29,JN6JSkfGW4ZYv37Mx+B+I0ItpX4=,25hCpUtNBQLNUWY+/TVxJ21yVFo=
-43,26,JN6JSkfGW4ZYv37Mx+B+I0ItpX4=,ISybMerURD+SW/b1d/IGLfm9iZI=
-44,26,JN6JSkfGW4ZYv37Mx+B+I0ItpX4=,ISybMerURD+SW/b1d/IGLfm9iZI=
-46,20,JN6JSkfGW4ZYv37Mx+B+I0ItpX4=,oMTQy8yVQJxfV+vsb5qHAA4GuB4=
-37,30,JN6JSkfGW4ZYv37Mx+B+I0ItpX4=,25hCpUtNBQLNUWY+/TVxJ21yVFo=
-40,30,JN6JSkfGW4ZYv37Mx+B+I0ItpX4=,25hCpUtNBQLNUWY+/TVxJ21yVFo=
-47,20,JN6JSkfGW4ZYv37Mx+B+I0ItpX4=,oMTQy8yVQJxfV+vsb5qHAA4GuB4=
-44,25,JN6JSkfGW4ZYv37Mx+B+I0ItpX4=,ISybMerURD+SW/b1d/IGLfm9iZI=
-39,30,JN6JSkfGW4ZYv37Mx+B+I0ItpX4=,25hCpUtNBQLNUWY+/TVxJ21yVFo=
-38,30,JN6JSkfGW4ZYv37Mx+B+I0ItpX4=,25hCpUtNBQLNUWY+/TVxJ21yVFo=
-46,21,JN6JSkfGW4ZYv37Mx+B+I0ItpX4=,oMTQy8yVQJxfV+vsb5qHAA4GuB4=
-45,22,JN6JSkfGW4ZYv37Mx+B+I0ItpX4=,oMTQy8yVQJxfV+vsb5qHAA4GuB4=
-45,21,JN6JSkfGW4ZYv37Mx+B+I0ItpX4=,oMTQy8yVQJxfV+vsb5qHAA4GuB4=
-33,29,JN6JSkfGW4ZYv37Mx+B+I0ItpX4=,25hCpUtNBQLNUWY+/TVxJ21yVFo=
-33,28,JN6JSkfGW4ZYv37Mx+B+I0ItpX4=,25hCpUtNBQLNUWY+/TVxJ21yVFo=
-33,31,JN6JSkfGW4ZYv37Mx+B+I0ItpX4=,25hCpUtNBQLNUWY+/TVxJ21yVFo=
-33,30,JN6JSkfGW4ZYv37Mx+B+I0ItpX4=,25hCpUtNBQLNUWY+/TVxJ21yVFo=
-34,31,JN6JSkfGW4ZYv37Mx+B+I0ItpX4=,25hCpUtNBQLNUWY+/TVxJ21yVFo=
-35,30,JN6JSkfGW4ZYv37Mx+B+I0ItpX4=,25hCpUtNBQLNUWY+/TVxJ21yVFo=
-36,28,JN6JSkfGW4ZYv37Mx+B+I0ItpX4=,25hCpUtNBQLNUWY+/TVxJ21yVFo=
-35,28,JN6JSkfGW4ZYv37Mx+B+I0ItpX4=,25hCpUtNBQLNUWY+/TVxJ21yVFo=
-36,31,JN6JSkfGW4ZYv37Mx+B+I0ItpX4=,25hCpUtNBQLNUWY+/TVxJ21yVFo=
-36,30,JN6JSkfGW4ZYv37Mx+B+I0ItpX4=,25hCpUtNBQLNUWY+/TVxJ21yVFo=
-34,30,JN6JSkfGW4ZYv37Mx+B+I0ItpX4=,25hCpUtNBQLNUWY+/TVxJ21yVFo=
-34,28,JN6JSkfGW4ZYv37Mx+B+I0ItpX4=,25hCpUtNBQLNUWY+/TVxJ21yVFo=
-36,29,JN6JSkfGW4ZYv37Mx+B+I0ItpX4=,25hCpUtNBQLNUWY+/TVxJ21yVFo=
-35,31,JN6JSkfGW4ZYv37Mx+B+I0ItpX4=,25hCpUtNBQLNUWY+/TVxJ21yVFo=
-34,29,JN6JSkfGW4ZYv37Mx+B+I0ItpX4=,25hCpUtNBQLNUWY+/TVxJ21yVFo=
-35,29,JN6JSkfGW4ZYv37Mx+B+I0ItpX4=,25hCpUtNBQLNUWY+/TVxJ21yVFo=
-33,17,JN6JSkfGW4ZYv37Mx+B+I0ItpX4=,ZCP2p2M6VAmTnP2WWSFVPNNURV8=
-34,17,JN6JSkfGW4ZYv37Mx+B+I0ItpX4=,ZCP2p2M6VAmTnP2WWSFVPNNURV8=
-36,17,JN6JSkfGW4ZYv37Mx+B+I0ItpX4=,ZCP2p2M6VAmTnP2WWSFVPNNURV8=
-35,17,JN6JSkfGW4ZYv37Mx+B+I0ItpX4=,ZCP2p2M6VAmTnP2WWSFVPNNURV8=
-33,16,JN6JSkfGW4ZYv37Mx+B+I0ItpX4=,ZCP2p2M6VAmTnP2WWSFVPNNURV8=
-33,18,JN6JSkfGW4ZYv37Mx+B+I0ItpX4=,ZCP2p2M6VAmTnP2WWSFVPNNURV8=
-34,18,JN6JSkfGW4ZYv37Mx+B+I0ItpX4=,ZCP2p2M6VAmTnP2WWSFVPNNURV8=
-35,19,JN6JSkfGW4ZYv37Mx+B+I0ItpX4=,ZCP2p2M6VAmTnP2WWSFVPNNURV8=
-36,19,JN6JSkfGW4ZYv37Mx+B+I0ItpX4=,ZCP2p2M6VAmTnP2WWSFVPNNURV8=
-36,16,JN6JSkfGW4ZYv37Mx+B+I0ItpX4=,ZCP2p2M6VAmTnP2WWSFVPNNURV8=
-36,18,JN6JSkfGW4ZYv37Mx+B+I0ItpX4=,ZCP2p2M6VAmTnP2WWSFVPNNURV8=
-35,18,JN6JSkfGW4ZYv37Mx+B+I0ItpX4=,ZCP2p2M6VAmTnP2WWSFVPNNURV8=
-33,19,JN6JSkfGW4ZYv37Mx+B+I0ItpX4=,ZCP2p2M6VAmTnP2WWSFVPNNURV8=
-34,19,JN6JSkfGW4ZYv37Mx+B+I0ItpX4=,ZCP2p2M6VAmTnP2WWSFVPNNURV8=
-34,16,JN6JSkfGW4ZYv37Mx+B+I0ItpX4=,ZCP2p2M6VAmTnP2WWSFVPNNURV8=
-35,16,JN6JSkfGW4ZYv37Mx+B+I0ItpX4=,ZCP2p2M6VAmTnP2WWSFVPNNURV8=
-40,7,sBb5gu+HgfMYqVKhyQV68lZNp3w=,HVcI7Tq/nkXDGuuxwwCSozeVxeo=
-41,7,sBb5gu+HgfMYqVKhyQV68lZNp3w=,vEZ5gLeqPNsMqs6aGKAOUq5zPnI=
-37,7,ShHFqmsm7EfWhJPq8hyw/hTbU4k=,HVcI7Tq/nkXDGuuxwwCSozeVxeo=
-42,7,ShHFqmsm7EfWhJPq8hyw/hTbU4k=,vEZ5gLeqPNsMqs6aGKAOUq5zPnI=
-44,7,ShHFqmsm7EfWhJPq8hyw/hTbU4k=,vEZ5gLeqPNsMqs6aGKAOUq5zPnI=
-43,7,ShHFqmsm7EfWhJPq8hyw/hTbU4k=,vEZ5gLeqPNsMqs6aGKAOUq5zPnI=
-40,12,ShHFqmsm7EfWhJPq8hyw/hTbU4k=,zxpZ2MTAfP4YpyN9WokMtTjtv6o=
-40,13,ShHFqmsm7EfWhJPq8hyw/hTbU4k=,zxpZ2MTAfP4YpyN9WokMtTjtv6o=
-40,14,ShHFqmsm7EfWhJPq8hyw/hTbU4k=,zxpZ2MTAfP4YpyN9WokMtTjtv6o=
-39,10,ShHFqmsm7EfWhJPq8hyw/hTbU4k=,zxpZ2MTAfP4YpyN9WokMtTjtv6o=
-38,10,ShHFqmsm7EfWhJPq8hyw/hTbU4k=,zxpZ2MTAfP4YpyN9WokMtTjtv6o=
-40,8,dHxY84LKmiGICoSbawT/hJJTdkg=,zxpZ2MTAfP4YpyN9WokMtTjtv6o=
-37,10,dHxY84LKmiGICoSbawT/hJJTdkg=,zxpZ2MTAfP4YpyN9WokMtTjtv6o=
-37,11,dHxY84LKmiGICoSbawT/hJJTdkg=,zxpZ2MTAfP4YpyN9WokMtTjtv6o=
-38,11,dHxY84LKmiGICoSbawT/hJJTdkg=,zxpZ2MTAfP4YpyN9WokMtTjtv6o=
-39,11,dHxY84LKmiGICoSbawT/hJJTdkg=,zxpZ2MTAfP4YpyN9WokMtTjtv6o=
-40,15,uH1kDDU29notpGSu/itSwXIkhB8=,zxpZ2MTAfP4YpyN9WokMtTjtv6o=
-48,7,uH1kDDU29notpGSu/itSwXIkhB8=,vEZ5gLeqPNsMqs6aGKAOUq5zPnI=
-48,4,uH1kDDU29notpGSu/itSwXIkhB8=,vEZ5gLeqPNsMqs6aGKAOUq5zPnI=
-47,7,uH1kDDU29notpGSu/itSwXIkhB8=,vEZ5gLeqPNsMqs6aGKAOUq5zPnI=
-40,9,uH1kDDU29notpGSu/itSwXIkhB8=,zxpZ2MTAfP4YpyN9WokMtTjtv6o=
-46,7,uH1kDDU29notpGSu/itSwXIkhB8=,vEZ5gLeqPNsMqs6aGKAOUq5zPnI=
-39,12,ifqqPuKXK0lngS8qKewjnOn3xqU=,zxpZ2MTAfP4YpyN9WokMtTjtv6o=
-48,6,ifqqPuKXK0lngS8qKewjnOn3xqU=,vEZ5gLeqPNsMqs6aGKAOUq5zPnI=
-48,5,ifqqPuKXK0lngS8qKewjnOn3xqU=,vEZ5gLeqPNsMqs6aGKAOUq5zPnI=
-37,15,ifqqPuKXK0lngS8qKewjnOn3xqU=,zxpZ2MTAfP4YpyN9WokMtTjtv6o=
-45,7,ifqqPuKXK0lngS8qKewjnOn3xqU=,vEZ5gLeqPNsMqs6aGKAOUq5zPnI=
-46,8,H4FVs7i2SxH5t9iJmZq4Rcy+0DU=,uOTAu3L7g4wIWOVSXrtIXBIMnQQ=
-48,8,H4FVs7i2SxH5t9iJmZq4Rcy+0DU=,uOTAu3L7g4wIWOVSXrtIXBIMnQQ=
-47,8,H4FVs7i2SxH5t9iJmZq4Rcy+0DU=,uOTAu3L7g4wIWOVSXrtIXBIMnQQ=
-45,5,H4FVs7i2SxH5t9iJmZq4Rcy+0DU=,vEZ5gLeqPNsMqs6aGKAOUq5zPnI=
-45,8,H4FVs7i2SxH5t9iJmZq4Rcy+0DU=,uOTAu3L7g4wIWOVSXrtIXBIMnQQ=
-38,15,H4FVs7i2SxH5t9iJmZq4Rcy+0DU=,zxpZ2MTAfP4YpyN9WokMtTjtv6o=
-48,11,H4FVs7i2SxH5t9iJmZq4Rcy+0DU=,uOTAu3L7g4wIWOVSXrtIXBIMnQQ=
-47,9,H4FVs7i2SxH5t9iJmZq4Rcy+0DU=,uOTAu3L7g4wIWOVSXrtIXBIMnQQ=
-45,4,H4FVs7i2SxH5t9iJmZq4Rcy+0DU=,vEZ5gLeqPNsMqs6aGKAOUq5zPnI=
-48,10,WZM3yStMaKVXJsT4F1OGDm/KBYc=,uOTAu3L7g4wIWOVSXrtIXBIMnQQ=
-44,8,WZM3yStMaKVXJsT4F1OGDm/KBYc=,uOTAu3L7g4wIWOVSXrtIXBIMnQQ=
-39,15,WZM3yStMaKVXJsT4F1OGDm/KBYc=,zxpZ2MTAfP4YpyN9WokMtTjtv6o=
-43,8,WZM3yStMaKVXJsT4F1OGDm/KBYc=,uOTAu3L7g4wIWOVSXrtIXBIMnQQ=
-46,4,WZM3yStMaKVXJsT4F1OGDm/KBYc=,vEZ5gLeqPNsMqs6aGKAOUq5zPnI=
-48,9,WZM3yStMaKVXJsT4F1OGDm/KBYc=,uOTAu3L7g4wIWOVSXrtIXBIMnQQ=
-40,11,WZM3yStMaKVXJsT4F1OGDm/KBYc=,zxpZ2MTAfP4YpyN9WokMtTjtv6o=
-46,5,WZM3yStMaKVXJsT4F1OGDm/KBYc=,vEZ5gLeqPNsMqs6aGKAOUq5zPnI=
-47,6,WZM3yStMaKVXJsT4F1OGDm/KBYc=,vEZ5gLeqPNsMqs6aGKAOUq5zPnI=
-46,6,WZM3yStMaKVXJsT4F1OGDm/KBYc=,vEZ5gLeqPNsMqs6aGKAOUq5zPnI=
-40,10,WZM3yStMaKVXJsT4F1OGDm/KBYc=,zxpZ2MTAfP4YpyN9WokMtTjtv6o=
-43,12,WZM3yStMaKVXJsT4F1OGDm/KBYc=,uOTAu3L7g4wIWOVSXrtIXBIMnQQ=
-42,12,WZM3yStMaKVXJsT4F1OGDm/KBYc=,uOTAu3L7g4wIWOVSXrtIXBIMnQQ=
-47,5,WZM3yStMaKVXJsT4F1OGDm/KBYc=,vEZ5gLeqPNsMqs6aGKAOUq5zPnI=
-41,12,LNz5terkdpAiGxDnqtWmFx+rz5s=,uOTAu3L7g4wIWOVSXrtIXBIMnQQ=
-47,4,LNz5terkdpAiGxDnqtWmFx+rz5s=,vEZ5gLeqPNsMqs6aGKAOUq5zPnI=
-37,9,LNz5terkdpAiGxDnqtWmFx+rz5s=,zxpZ2MTAfP4YpyN9WokMtTjtv6o=
-46,9,LNz5terkdpAiGxDnqtWmFx+rz5s=,uOTAu3L7g4wIWOVSXrtIXBIMnQQ=
-44,13,LNz5terkdpAiGxDnqtWmFx+rz5s=,uOTAu3L7g4wIWOVSXrtIXBIMnQQ=
-45,6,LNz5terkdpAiGxDnqtWmFx+rz5s=,vEZ5gLeqPNsMqs6aGKAOUq5zPnI=
-38,9,LNz5terkdpAiGxDnqtWmFx+rz5s=,zxpZ2MTAfP4YpyN9WokMtTjtv6o=
-43,13,LNz5terkdpAiGxDnqtWmFx+rz5s=,uOTAu3L7g4wIWOVSXrtIXBIMnQQ=
-44,12,LNz5terkdpAiGxDnqtWmFx+rz5s=,uOTAu3L7g4wIWOVSXrtIXBIMnQQ=
-45,9,LNz5terkdpAiGxDnqtWmFx+rz5s=,uOTAu3L7g4wIWOVSXrtIXBIMnQQ=
-44,9,LNz5terkdpAiGxDnqtWmFx+rz5s=,uOTAu3L7g4wIWOVSXrtIXBIMnQQ=
-42,13,LNz5terkdpAiGxDnqtWmFx+rz5s=,uOTAu3L7g4wIWOVSXrtIXBIMnQQ=
-39,9,LNz5terkdpAiGxDnqtWmFx+rz5s=,zxpZ2MTAfP4YpyN9WokMtTjtv6o=
-41,13,LNz5terkdpAiGxDnqtWmFx+rz5s=,uOTAu3L7g4wIWOVSXrtIXBIMnQQ=
-37,8,NO6BX53SSXWNFN7hxighw973C4c=,zxpZ2MTAfP4YpyN9WokMtTjtv6o=
-43,9,NO6BX53SSXWNFN7hxighw973C4c=,uOTAu3L7g4wIWOVSXrtIXBIMnQQ=
-42,9,NO6BX53SSXWNFN7hxighw973C4c=,uOTAu3L7g4wIWOVSXrtIXBIMnQQ=
-38,8,NO6BX53SSXWNFN7hxighw973C4c=,zxpZ2MTAfP4YpyN9WokMtTjtv6o=
-44,14,NO6BX53SSXWNFN7hxighw973C4c=,uOTAu3L7g4wIWOVSXrtIXBIMnQQ=
-41,9,NO6BX53SSXWNFN7hxighw973C4c=,uOTAu3L7g4wIWOVSXrtIXBIMnQQ=
-33,7,NO6BX53SSXWNFN7hxighw973C4c=,HVcI7Tq/nkXDGuuxwwCSozeVxeo=
-39,8,NO6BX53SSXWNFN7hxighw973C4c=,zxpZ2MTAfP4YpyN9WokMtTjtv6o=
-47,10,NO6BX53SSXWNFN7hxighw973C4c=,uOTAu3L7g4wIWOVSXrtIXBIMnQQ=
-43,14,NO6BX53SSXWNFN7hxighw973C4c=,uOTAu3L7g4wIWOVSXrtIXBIMnQQ=
-34,7,aLguDlA//OOiJkozWgmKNeuA1Go=,HVcI7Tq/nkXDGuuxwwCSozeVxeo=
-37,14,aLguDlA//OOiJkozWgmKNeuA1Go=,zxpZ2MTAfP4YpyN9WokMtTjtv6o=
-41,0,aLguDlA//OOiJkozWgmKNeuA1Go=,vEZ5gLeqPNsMqs6aGKAOUq5zPnI=
-45,0,aLguDlA//OOiJkozWgmKNeuA1Go=,vEZ5gLeqPNsMqs6aGKAOUq5zPnI=
-38,14,aLguDlA//OOiJkozWgmKNeuA1Go=,zxpZ2MTAfP4YpyN9WokMtTjtv6o=
-42,14,aLguDlA//OOiJkozWgmKNeuA1Go=,uOTAu3L7g4wIWOVSXrtIXBIMnQQ=
-46,0,aLguDlA//OOiJkozWgmKNeuA1Go=,vEZ5gLeqPNsMqs6aGKAOUq5zPnI=
-35,7,aLguDlA//OOiJkozWgmKNeuA1Go=,HVcI7Tq/nkXDGuuxwwCSozeVxeo=
-41,14,aLguDlA//OOiJkozWgmKNeuA1Go=,uOTAu3L7g4wIWOVSXrtIXBIMnQQ=
-39,14,aLguDlA//OOiJkozWgmKNeuA1Go=,zxpZ2MTAfP4YpyN9WokMtTjtv6o=
-36,7,aLguDlA//OOiJkozWgmKNeuA1Go=,HVcI7Tq/nkXDGuuxwwCSozeVxeo=
-37,13,aLguDlA//OOiJkozWgmKNeuA1Go=,zxpZ2MTAfP4YpyN9WokMtTjtv6o=
-41,15,aLguDlA//OOiJkozWgmKNeuA1Go=,uOTAu3L7g4wIWOVSXrtIXBIMnQQ=
-38,13,aLguDlA//OOiJkozWgmKNeuA1Go=,zxpZ2MTAfP4YpyN9WokMtTjtv6o=
-39,13,aLguDlA//OOiJkozWgmKNeuA1Go=,zxpZ2MTAfP4YpyN9WokMtTjtv6o=
-42,0,aLguDlA//OOiJkozWgmKNeuA1Go=,vEZ5gLeqPNsMqs6aGKAOUq5zPnI=
-37,12,aLguDlA//OOiJkozWgmKNeuA1Go=,zxpZ2MTAfP4YpyN9WokMtTjtv6o=
-33,5,aLguDlA//OOiJkozWgmKNeuA1Go=,HVcI7Tq/nkXDGuuxwwCSozeVxeo=
-42,15,aLguDlA//OOiJkozWgmKNeuA1Go=,uOTAu3L7g4wIWOVSXrtIXBIMnQQ=
-48,0,aLguDlA//OOiJkozWgmKNeuA1Go=,vEZ5gLeqPNsMqs6aGKAOUq5zPnI=
-34,5,aLguDlA//OOiJkozWgmKNeuA1Go=,HVcI7Tq/nkXDGuuxwwCSozeVxeo=
-33,0,aLguDlA//OOiJkozWgmKNeuA1Go=,HVcI7Tq/nkXDGuuxwwCSozeVxeo=
-38,12,aLguDlA//OOiJkozWgmKNeuA1Go=,zxpZ2MTAfP4YpyN9WokMtTjtv6o=
-35,5,aLguDlA//OOiJkozWgmKNeuA1Go=,HVcI7Tq/nkXDGuuxwwCSozeVxeo=
-43,15,aLguDlA//OOiJkozWgmKNeuA1Go=,uOTAu3L7g4wIWOVSXrtIXBIMnQQ=
-36,5,aLguDlA//OOiJkozWgmKNeuA1Go=,HVcI7Tq/nkXDGuuxwwCSozeVxeo=
-40,0,aLguDlA//OOiJkozWgmKNeuA1Go=,HVcI7Tq/nkXDGuuxwwCSozeVxeo=
-44,15,aLguDlA//OOiJkozWgmKNeuA1Go=,uOTAu3L7g4wIWOVSXrtIXBIMnQQ=
-33,4,aLguDlA//OOiJkozWgmKNeuA1Go=,HVcI7Tq/nkXDGuuxwwCSozeVxeo=
-48,3,aLguDlA//OOiJkozWgmKNeuA1Go=,vEZ5gLeqPNsMqs6aGKAOUq5zPnI=
-34,0,aLguDlA//OOiJkozWgmKNeuA1Go=,HVcI7Tq/nkXDGuuxwwCSozeVxeo=
-41,8,aLguDlA//OOiJkozWgmKNeuA1Go=,uOTAu3L7g4wIWOVSXrtIXBIMnQQ=
-48,1,aLguDlA//OOiJkozWgmKNeuA1Go=,vEZ5gLeqPNsMqs6aGKAOUq5zPnI=
-34,4,aLguDlA//OOiJkozWgmKNeuA1Go=,HVcI7Tq/nkXDGuuxwwCSozeVxeo=
-41,11,aLguDlA//OOiJkozWgmKNeuA1Go=,uOTAu3L7g4wIWOVSXrtIXBIMnQQ=
-42,11,aLguDlA//OOiJkozWgmKNeuA1Go=,uOTAu3L7g4wIWOVSXrtIXBIMnQQ=
-48,2,aLguDlA//OOiJkozWgmKNeuA1Go=,vEZ5gLeqPNsMqs6aGKAOUq5zPnI=
-42,8,aLguDlA//OOiJkozWgmKNeuA1Go=,uOTAu3L7g4wIWOVSXrtIXBIMnQQ=
-35,0,aLguDlA//OOiJkozWgmKNeuA1Go=,HVcI7Tq/nkXDGuuxwwCSozeVxeo=
-36,4,aLguDlA//OOiJkozWgmKNeuA1Go=,HVcI7Tq/nkXDGuuxwwCSozeVxeo=
-35,4,aLguDlA//OOiJkozWgmKNeuA1Go=,HVcI7Tq/nkXDGuuxwwCSozeVxeo=
-46,10,aLguDlA//OOiJkozWgmKNeuA1Go=,uOTAu3L7g4wIWOVSXrtIXBIMnQQ=
-43,11,aLguDlA//OOiJkozWgmKNeuA1Go=,uOTAu3L7g4wIWOVSXrtIXBIMnQQ=
-37,0,aLguDlA//OOiJkozWgmKNeuA1Go=,HVcI7Tq/nkXDGuuxwwCSozeVxeo=
-44,11,aLguDlA//OOiJkozWgmKNeuA1Go=,uOTAu3L7g4wIWOVSXrtIXBIMnQQ=
-33,6,aLguDlA//OOiJkozWgmKNeuA1Go=,HVcI7Tq/nkXDGuuxwwCSozeVxeo=
-45,11,aLguDlA//OOiJkozWgmKNeuA1Go=,uOTAu3L7g4wIWOVSXrtIXBIMnQQ=
-36,0,aLguDlA//OOiJkozWgmKNeuA1Go=,HVcI7Tq/nkXDGuuxwwCSozeVxeo=
-38,0,aLguDlA//OOiJkozWgmKNeuA1Go=,HVcI7Tq/nkXDGuuxwwCSozeVxeo=
-45,10,aLguDlA//OOiJkozWgmKNeuA1Go=,uOTAu3L7g4wIWOVSXrtIXBIMnQQ=
-34,6,aLguDlA//OOiJkozWgmKNeuA1Go=,HVcI7Tq/nkXDGuuxwwCSozeVxeo=
-46,11,aLguDlA//OOiJkozWgmKNeuA1Go=,uOTAu3L7g4wIWOVSXrtIXBIMnQQ=
-35,6,aLguDlA//OOiJkozWgmKNeuA1Go=,HVcI7Tq/nkXDGuuxwwCSozeVxeo=
-33,3,aLguDlA//OOiJkozWgmKNeuA1Go=,HVcI7Tq/nkXDGuuxwwCSozeVxeo=
-48,14,aLguDlA//OOiJkozWgmKNeuA1Go=,uOTAu3L7g4wIWOVSXrtIXBIMnQQ=
-47,11,aLguDlA//OOiJkozWgmKNeuA1Go=,uOTAu3L7g4wIWOVSXrtIXBIMnQQ=
-39,0,aLguDlA//OOiJkozWgmKNeuA1Go=,HVcI7Tq/nkXDGuuxwwCSozeVxeo=
-36,6,aLguDlA//OOiJkozWgmKNeuA1Go=,HVcI7Tq/nkXDGuuxwwCSozeVxeo=
-48,13,aLguDlA//OOiJkozWgmKNeuA1Go=,uOTAu3L7g4wIWOVSXrtIXBIMnQQ=
-41,10,aLguDlA//OOiJkozWgmKNeuA1Go=,uOTAu3L7g4wIWOVSXrtIXBIMnQQ=
-42,10,aLguDlA//OOiJkozWgmKNeuA1Go=,uOTAu3L7g4wIWOVSXrtIXBIMnQQ=
-48,12,aLguDlA//OOiJkozWgmKNeuA1Go=,uOTAu3L7g4wIWOVSXrtIXBIMnQQ=
-43,10,aLguDlA//OOiJkozWgmKNeuA1Go=,uOTAu3L7g4wIWOVSXrtIXBIMnQQ=
-34,3,aLguDlA//OOiJkozWgmKNeuA1Go=,HVcI7Tq/nkXDGuuxwwCSozeVxeo=
-41,1,aLguDlA//OOiJkozWgmKNeuA1Go=,vEZ5gLeqPNsMqs6aGKAOUq5zPnI=
-47,13,aLguDlA//OOiJkozWgmKNeuA1Go=,uOTAu3L7g4wIWOVSXrtIXBIMnQQ=
-33,8,aLguDlA//OOiJkozWgmKNeuA1Go=,zxpZ2MTAfP4YpyN9WokMtTjtv6o=
-44,10,aLguDlA//OOiJkozWgmKNeuA1Go=,uOTAu3L7g4wIWOVSXrtIXBIMnQQ=
-46,13,aLguDlA//OOiJkozWgmKNeuA1Go=,uOTAu3L7g4wIWOVSXrtIXBIMnQQ=
-33,15,aLguDlA//OOiJkozWgmKNeuA1Go=,zxpZ2MTAfP4YpyN9WokMtTjtv6o=
-45,13,aLguDlA//OOiJkozWgmKNeuA1Go=,uOTAu3L7g4wIWOVSXrtIXBIMnQQ=
-41,3,aLguDlA//OOiJkozWgmKNeuA1Go=,vEZ5gLeqPNsMqs6aGKAOUq5zPnI=
-35,3,aLguDlA//OOiJkozWgmKNeuA1Go=,HVcI7Tq/nkXDGuuxwwCSozeVxeo=
-33,14,aLguDlA//OOiJkozWgmKNeuA1Go=,zxpZ2MTAfP4YpyN9WokMtTjtv6o=
-47,14,aLguDlA//OOiJkozWgmKNeuA1Go=,uOTAu3L7g4wIWOVSXrtIXBIMnQQ=
-43,0,aLguDlA//OOiJkozWgmKNeuA1Go=,vEZ5gLeqPNsMqs6aGKAOUq5zPnI=
-33,13,aLguDlA//OOiJkozWgmKNeuA1Go=,zxpZ2MTAfP4YpyN9WokMtTjtv6o=
-41,2,aLguDlA//OOiJkozWgmKNeuA1Go=,vEZ5gLeqPNsMqs6aGKAOUq5zPnI=
-46,14,aLguDlA//OOiJkozWgmKNeuA1Go=,uOTAu3L7g4wIWOVSXrtIXBIMnQQ=
-47,0,aLguDlA//OOiJkozWgmKNeuA1Go=,vEZ5gLeqPNsMqs6aGKAOUq5zPnI=
-33,12,aLguDlA//OOiJkozWgmKNeuA1Go=,zxpZ2MTAfP4YpyN9WokMtTjtv6o=
-36,3,aLguDlA//OOiJkozWgmKNeuA1Go=,HVcI7Tq/nkXDGuuxwwCSozeVxeo=
-45,14,aLguDlA//OOiJkozWgmKNeuA1Go=,uOTAu3L7g4wIWOVSXrtIXBIMnQQ=
-33,11,aLguDlA//OOiJkozWgmKNeuA1Go=,zxpZ2MTAfP4YpyN9WokMtTjtv6o=
-37,3,aLguDlA//OOiJkozWgmKNeuA1Go=,HVcI7Tq/nkXDGuuxwwCSozeVxeo=
-45,15,aLguDlA//OOiJkozWgmKNeuA1Go=,uOTAu3L7g4wIWOVSXrtIXBIMnQQ=
-44,0,aLguDlA//OOiJkozWgmKNeuA1Go=,vEZ5gLeqPNsMqs6aGKAOUq5zPnI=
-45,12,aLguDlA//OOiJkozWgmKNeuA1Go=,uOTAu3L7g4wIWOVSXrtIXBIMnQQ=
-33,10,aLguDlA//OOiJkozWgmKNeuA1Go=,zxpZ2MTAfP4YpyN9WokMtTjtv6o=
-38,3,aLguDlA//OOiJkozWgmKNeuA1Go=,HVcI7Tq/nkXDGuuxwwCSozeVxeo=
-46,15,aLguDlA//OOiJkozWgmKNeuA1Go=,uOTAu3L7g4wIWOVSXrtIXBIMnQQ=
-47,1,aLguDlA//OOiJkozWgmKNeuA1Go=,vEZ5gLeqPNsMqs6aGKAOUq5zPnI=
-33,2,aLguDlA//OOiJkozWgmKNeuA1Go=,HVcI7Tq/nkXDGuuxwwCSozeVxeo=
-33,9,aLguDlA//OOiJkozWgmKNeuA1Go=,zxpZ2MTAfP4YpyN9WokMtTjtv6o=
-47,15,aLguDlA//OOiJkozWgmKNeuA1Go=,uOTAu3L7g4wIWOVSXrtIXBIMnQQ=
-39,3,aLguDlA//OOiJkozWgmKNeuA1Go=,HVcI7Tq/nkXDGuuxwwCSozeVxeo=
-36,1,aLguDlA//OOiJkozWgmKNeuA1Go=,HVcI7Tq/nkXDGuuxwwCSozeVxeo=
-34,15,aLguDlA//OOiJkozWgmKNeuA1Go=,zxpZ2MTAfP4YpyN9WokMtTjtv6o=
-48,15,aLguDlA//OOiJkozWgmKNeuA1Go=,uOTAu3L7g4wIWOVSXrtIXBIMnQQ=
-35,15,aLguDlA//OOiJkozWgmKNeuA1Go=,zxpZ2MTAfP4YpyN9WokMtTjtv6o=
-47,2,aLguDlA//OOiJkozWgmKNeuA1Go=,vEZ5gLeqPNsMqs6aGKAOUq5zPnI=
-46,1,aLguDlA//OOiJkozWgmKNeuA1Go=,vEZ5gLeqPNsMqs6aGKAOUq5zPnI=
-40,3,aLguDlA//OOiJkozWgmKNeuA1Go=,HVcI7Tq/nkXDGuuxwwCSozeVxeo=
-36,15,aLguDlA//OOiJkozWgmKNeuA1Go=,zxpZ2MTAfP4YpyN9WokMtTjtv6o=
-46,12,aLguDlA//OOiJkozWgmKNeuA1Go=,uOTAu3L7g4wIWOVSXrtIXBIMnQQ=
-34,2,aLguDlA//OOiJkozWgmKNeuA1Go=,HVcI7Tq/nkXDGuuxwwCSozeVxeo=
-36,9,aLguDlA//OOiJkozWgmKNeuA1Go=,zxpZ2MTAfP4YpyN9WokMtTjtv6o=
-46,2,aLguDlA//OOiJkozWgmKNeuA1Go=,vEZ5gLeqPNsMqs6aGKAOUq5zPnI=
-34,8,aLguDlA//OOiJkozWgmKNeuA1Go=,zxpZ2MTAfP4YpyN9WokMtTjtv6o=
-37,2,aLguDlA//OOiJkozWgmKNeuA1Go=,HVcI7Tq/nkXDGuuxwwCSozeVxeo=
-35,9,aLguDlA//OOiJkozWgmKNeuA1Go=,zxpZ2MTAfP4YpyN9WokMtTjtv6o=
-35,2,aLguDlA//OOiJkozWgmKNeuA1Go=,HVcI7Tq/nkXDGuuxwwCSozeVxeo=
-35,8,aLguDlA//OOiJkozWgmKNeuA1Go=,zxpZ2MTAfP4YpyN9WokMtTjtv6o=
-35,1,aLguDlA//OOiJkozWgmKNeuA1Go=,HVcI7Tq/nkXDGuuxwwCSozeVxeo=
-47,12,aLguDlA//OOiJkozWgmKNeuA1Go=,uOTAu3L7g4wIWOVSXrtIXBIMnQQ=
-34,9,aLguDlA//OOiJkozWgmKNeuA1Go=,zxpZ2MTAfP4YpyN9WokMtTjtv6o=
-38,2,aLguDlA//OOiJkozWgmKNeuA1Go=,HVcI7Tq/nkXDGuuxwwCSozeVxeo=
-44,4,aLguDlA//OOiJkozWgmKNeuA1Go=,vEZ5gLeqPNsMqs6aGKAOUq5zPnI=
-36,8,aLguDlA//OOiJkozWgmKNeuA1Go=,zxpZ2MTAfP4YpyN9WokMtTjtv6o=
-36,10,aLguDlA//OOiJkozWgmKNeuA1Go=,zxpZ2MTAfP4YpyN9WokMtTjtv6o=
-44,2,aLguDlA//OOiJkozWgmKNeuA1Go=,vEZ5gLeqPNsMqs6aGKAOUq5zPnI=
-45,2,aLguDlA//OOiJkozWgmKNeuA1Go=,vEZ5gLeqPNsMqs6aGKAOUq5zPnI=
-45,1,aLguDlA//OOiJkozWgmKNeuA1Go=,vEZ5gLeqPNsMqs6aGKAOUq5zPnI=
-36,2,aLguDlA//OOiJkozWgmKNeuA1Go=,HVcI7Tq/nkXDGuuxwwCSozeVxeo=
-39,2,aLguDlA//OOiJkozWgmKNeuA1Go=,HVcI7Tq/nkXDGuuxwwCSozeVxeo=
-42,5,aLguDlA//OOiJkozWgmKNeuA1Go=,vEZ5gLeqPNsMqs6aGKAOUq5zPnI=
-43,4,aLguDlA//OOiJkozWgmKNeuA1Go=,vEZ5gLeqPNsMqs6aGKAOUq5zPnI=
-43,2,aLguDlA//OOiJkozWgmKNeuA1Go=,vEZ5gLeqPNsMqs6aGKAOUq5zPnI=
-46,3,aLguDlA//OOiJkozWgmKNeuA1Go=,vEZ5gLeqPNsMqs6aGKAOUq5zPnI=
-34,14,aLguDlA//OOiJkozWgmKNeuA1Go=,zxpZ2MTAfP4YpyN9WokMtTjtv6o=
-42,4,aLguDlA//OOiJkozWgmKNeuA1Go=,vEZ5gLeqPNsMqs6aGKAOUq5zPnI=
-44,1,aLguDlA//OOiJkozWgmKNeuA1Go=,vEZ5gLeqPNsMqs6aGKAOUq5zPnI=
-34,1,aLguDlA//OOiJkozWgmKNeuA1Go=,HVcI7Tq/nkXDGuuxwwCSozeVxeo=
-35,14,aLguDlA//OOiJkozWgmKNeuA1Go=,zxpZ2MTAfP4YpyN9WokMtTjtv6o=
-36,14,aLguDlA//OOiJkozWgmKNeuA1Go=,zxpZ2MTAfP4YpyN9WokMtTjtv6o=
-40,2,aLguDlA//OOiJkozWgmKNeuA1Go=,HVcI7Tq/nkXDGuuxwwCSozeVxeo=
-37,1,aLguDlA//OOiJkozWgmKNeuA1Go=,HVcI7Tq/nkXDGuuxwwCSozeVxeo=
-38,1,aLguDlA//OOiJkozWgmKNeuA1Go=,HVcI7Tq/nkXDGuuxwwCSozeVxeo=
-34,13,aLguDlA//OOiJkozWgmKNeuA1Go=,zxpZ2MTAfP4YpyN9WokMtTjtv6o=
-35,13,aLguDlA//OOiJkozWgmKNeuA1Go=,zxpZ2MTAfP4YpyN9WokMtTjtv6o=
-33,1,aLguDlA//OOiJkozWgmKNeuA1Go=,HVcI7Tq/nkXDGuuxwwCSozeVxeo=
-47,3,aLguDlA//OOiJkozWgmKNeuA1Go=,vEZ5gLeqPNsMqs6aGKAOUq5zPnI=
-39,1,aLguDlA//OOiJkozWgmKNeuA1Go=,HVcI7Tq/nkXDGuuxwwCSozeVxeo=
-40,1,aLguDlA//OOiJkozWgmKNeuA1Go=,HVcI7Tq/nkXDGuuxwwCSozeVxeo=
-36,13,aLguDlA//OOiJkozWgmKNeuA1Go=,zxpZ2MTAfP4YpyN9WokMtTjtv6o=
-35,12,aLguDlA//OOiJkozWgmKNeuA1Go=,zxpZ2MTAfP4YpyN9WokMtTjtv6o=
-42,1,aLguDlA//OOiJkozWgmKNeuA1Go=,vEZ5gLeqPNsMqs6aGKAOUq5zPnI=
-34,12,aLguDlA//OOiJkozWgmKNeuA1Go=,zxpZ2MTAfP4YpyN9WokMtTjtv6o=
-44,3,aLguDlA//OOiJkozWgmKNeuA1Go=,vEZ5gLeqPNsMqs6aGKAOUq5zPnI=
-43,3,aLguDlA//OOiJkozWgmKNeuA1Go=,vEZ5gLeqPNsMqs6aGKAOUq5zPnI=
-42,3,aLguDlA//OOiJkozWgmKNeuA1Go=,vEZ5gLeqPNsMqs6aGKAOUq5zPnI=
-36,12,aLguDlA//OOiJkozWgmKNeuA1Go=,zxpZ2MTAfP4YpyN9WokMtTjtv6o=
-35,10,aLguDlA//OOiJkozWgmKNeuA1Go=,zxpZ2MTAfP4YpyN9WokMtTjtv6o=
-34,11,aLguDlA//OOiJkozWgmKNeuA1Go=,zxpZ2MTAfP4YpyN9WokMtTjtv6o=
-35,11,aLguDlA//OOiJkozWgmKNeuA1Go=,zxpZ2MTAfP4YpyN9WokMtTjtv6o=
-34,10,aLguDlA//OOiJkozWgmKNeuA1Go=,zxpZ2MTAfP4YpyN9WokMtTjtv6o=
-42,2,aLguDlA//OOiJkozWgmKNeuA1Go=,vEZ5gLeqPNsMqs6aGKAOUq5zPnI=
-45,3,aLguDlA//OOiJkozWgmKNeuA1Go=,vEZ5gLeqPNsMqs6aGKAOUq5zPnI=
-43,1,aLguDlA//OOiJkozWgmKNeuA1Go=,vEZ5gLeqPNsMqs6aGKAOUq5zPnI=
-36,11,aLguDlA//OOiJkozWgmKNeuA1Go=,zxpZ2MTAfP4YpyN9WokMtTjtv6o=
-44,6,aLguDlA//OOiJkozWgmKNeuA1Go=,vEZ5gLeqPNsMqs6aGKAOUq5zPnI=
-43,6,aLguDlA//OOiJkozWgmKNeuA1Go=,vEZ5gLeqPNsMqs6aGKAOUq5zPnI=
-42,6,aLguDlA//OOiJkozWgmKNeuA1Go=,vEZ5gLeqPNsMqs6aGKAOUq5zPnI=
-41,5,aLguDlA//OOiJkozWgmKNeuA1Go=,vEZ5gLeqPNsMqs6aGKAOUq5zPnI=
-44,5,aLguDlA//OOiJkozWgmKNeuA1Go=,vEZ5gLeqPNsMqs6aGKAOUq5zPnI=
-43,5,aLguDlA//OOiJkozWgmKNeuA1Go=,vEZ5gLeqPNsMqs6aGKAOUq5zPnI=
-41,4,aLguDlA//OOiJkozWgmKNeuA1Go=,vEZ5gLeqPNsMqs6aGKAOUq5zPnI=
-40,4,aLguDlA//OOiJkozWgmKNeuA1Go=,HVcI7Tq/nkXDGuuxwwCSozeVxeo=
-39,4,aLguDlA//OOiJkozWgmKNeuA1Go=,HVcI7Tq/nkXDGuuxwwCSozeVxeo=
-40,5,aLguDlA//OOiJkozWgmKNeuA1Go=,HVcI7Tq/nkXDGuuxwwCSozeVxeo=
-38,4,aLguDlA//OOiJkozWgmKNeuA1Go=,HVcI7Tq/nkXDGuuxwwCSozeVxeo=
-39,5,aLguDlA//OOiJkozWgmKNeuA1Go=,HVcI7Tq/nkXDGuuxwwCSozeVxeo=
-37,4,aLguDlA//OOiJkozWgmKNeuA1Go=,HVcI7Tq/nkXDGuuxwwCSozeVxeo=
-38,5,aLguDlA//OOiJkozWgmKNeuA1Go=,HVcI7Tq/nkXDGuuxwwCSozeVxeo=
-37,5,aLguDlA//OOiJkozWgmKNeuA1Go=,HVcI7Tq/nkXDGuuxwwCSozeVxeo=
-40,6,aLguDlA//OOiJkozWgmKNeuA1Go=,HVcI7Tq/nkXDGuuxwwCSozeVxeo=
-41,6,aLguDlA//OOiJkozWgmKNeuA1Go=,vEZ5gLeqPNsMqs6aGKAOUq5zPnI=
-39,6,aLguDlA//OOiJkozWgmKNeuA1Go=,HVcI7Tq/nkXDGuuxwwCSozeVxeo=
-39,7,aLguDlA//OOiJkozWgmKNeuA1Go=,HVcI7Tq/nkXDGuuxwwCSozeVxeo=
-38,6,aLguDlA//OOiJkozWgmKNeuA1Go=,HVcI7Tq/nkXDGuuxwwCSozeVxeo=
-38,7,aLguDlA//OOiJkozWgmKNeuA1Go=,HVcI7Tq/nkXDGuuxwwCSozeVxeo=
-37,6,aLguDlA//OOiJkozWgmKNeuA1Go=,HVcI7Tq/nkXDGuuxwwCSozeVxeo=
