-9,-40,GmndKRn9j+mT+GN6pi0FGX0sTjA=,YH6kdglPoWS9yPhRvvnT4W2CFOA=
-8,-40,GmndKRn9j+mT+GN6pi0FGX0sTjA=,EiQL3e3+y88kjVAsrP9kJJ8Myb4=
-12,-39,4xBiXDOzF2DXygyamKoWkAEFfS0=,YH6kdglPoWS9yPhRvvnT4W2CFOA=
-12,-38,4xBiXDOzF2DXygyamKoWkAEFfS0=,YH6kdglPoWS9yPhRvvnT4W2CFOA=
-11,-39,4xBiXDOzF2DXygyamKoWkAEFfS0=,YH6kdglPoWS9yPhRvvnT4W2CFOA=
-10,-39,zgQro0GO6+LbBzL/7pPwqFwPP9U=,YH6kdglPoWS9yPhRvvnT4W2CFOA=
-7,-40,zgQro0GO6+LbBzL/7pPwqFwPP9U=,EiQL3e3+y88kjVAsrP9kJJ8Myb4=
-10,-38,zgQro0GO6+LbBzL/7pPwqFwPP9U=,YH6kdglPoWS9yPhRvvnT4W2CFOA=
-11,-38,zgQro0GO6+LbBzL/7pPwqFwPP9U=,YH6kdglPoWS9yPhRvvnT4W2CFOA=
-12,-37,zgQro0GO6+LbBzL/7pPwqFwPP9U=,YH6kdglPoWS9yPhRvvnT4W2CFOA=
-6,-40,zgQro0GO6+LbBzL/7pPwqFwPP9U=,EiQL3e3+y88kjVAsrP9kJJ8Myb4=
-11,-37,zgQro0GO6+LbBzL/7pPwqFwPP9U=,YH6kdglPoWS9yPhRvvnT4W2CFOA=
-10,-37,zgQro0GO6+LbBzL/7pPwqFwPP9U=,YH6kdglPoWS9yPhRvvnT4W2CFOA=
-9,-39,zgQro0GO6+LbBzL/7pPwqFwPP9U=,YH6kdglPoWS9yPhRvvnT4W2CFOA=
-9,-38,zgQro0GO6+LbBzL/7pPwqFwPP9U=,YH6kdglPoWS9yPhRvvnT4W2CFOA=
-5,-40,zgQro0GO6+LbBzL/7pPwqFwPP9U=,EiQL3e3+y88kjVAsrP9kJJ8Myb4=
-12,-40,zgQro0GO6+LbBzL/7pPwqFwPP9U=,YH6kdglPoWS9yPhRvvnT4W2CFOA=
-11,-40,Bj/QNtr1/HOzIg4FUARQ52yFzZM=,YH6kdglPoWS9yPhRvvnT4W2CFOA=
-10,-40,Bj/QNtr1/HOzIg4FUARQ52yFzZM=,YH6kdglPoWS9yPhRvvnT4W2CFOA=
-9,-37,Bj/QNtr1/HOzIg4FUARQ52yFzZM=,YH6kdglPoWS9yPhRvvnT4W2CFOA=
-7,-38,Bj/QNtr1/HOzIg4FUARQ52yFzZM=,EiQL3e3+y88kjVAsrP9kJJ8Myb4=
-6,-44,Bj/QNtr1/HOzIg4FUARQ52yFzZM=,K/MrEU2N9+nNnMlGpzaFo2KaB3I=
-7,-44,+ogtNggCgBU4do7RkQo4odyr86k=,K/MrEU2N9+nNnMlGpzaFo2KaB3I=
-12,-44,+ogtNggCgBU4do7RkQo4odyr86k=,T9su8dS0Mcb0NGXZpHoASRWBOlk=
-5,-41,+ogtNggCgBU4do7RkQo4odyr86k=,K/MrEU2N9+nNnMlGpzaFo2KaB3I=
-5,-44,+ogtNggCgBU4do7RkQo4odyr86k=,K/MrEU2N9+nNnMlGpzaFo2KaB3I=
-5,-37,dsmrAVTKWFQRd4XJHCSePt3ratw=,EiQL3e3+y88kjVAsrP9kJJ8Myb4=
-6,-43,dsmrAVTKWFQRd4XJHCSePt3ratw=,K/MrEU2N9+nNnMlGpzaFo2KaB3I=
-7,-43,dsmrAVTKWFQRd4XJHCSePt3ratw=,K/MrEU2N9+nNnMlGpzaFo2KaB3I=
-5,-43,08Epc92gw4xElyBpimxSSqJfOgw=,K/MrEU2N9+nNnMlGpzaFo2KaB3I=
-11,-44,08Epc92gw4xElyBpimxSSqJfOgw=,T9su8dS0Mcb0NGXZpHoASRWBOlk=
-6,-37,08Epc92gw4xElyBpimxSSqJfOgw=,EiQL3e3+y88kjVAsrP9kJJ8Myb4=
-6,-42,08Epc92gw4xElyBpimxSSqJfOgw=,K/MrEU2N9+nNnMlGpzaFo2KaB3I=
-5,-42,08Epc92gw4xElyBpimxSSqJfOgw=,K/MrEU2N9+nNnMlGpzaFo2KaB3I=
-10,-44,08Epc92gw4xElyBpimxSSqJfOgw=,T9su8dS0Mcb0NGXZpHoASRWBOlk=
-7,-42,08Epc92gw4xElyBpimxSSqJfOgw=,K/MrEU2N9+nNnMlGpzaFo2KaB3I=
-7,-37,08Epc92gw4xElyBpimxSSqJfOgw=,EiQL3e3+y88kjVAsrP9kJJ8Myb4=
-9,-44,08Epc92gw4xElyBpimxSSqJfOgw=,T9su8dS0Mcb0NGXZpHoASRWBOlk=
-8,-44,08Epc92gw4xElyBpimxSSqJfOgw=,K/MrEU2N9+nNnMlGpzaFo2KaB3I=
-7,-41,08Epc92gw4xElyBpimxSSqJfOgw=,K/MrEU2N9+nNnMlGpzaFo2KaB3I=
-5,-39,08Epc92gw4xElyBpimxSSqJfOgw=,EiQL3e3+y88kjVAsrP9kJJ8Myb4=
-9,-41,08Epc92gw4xElyBpimxSSqJfOgw=,T9su8dS0Mcb0NGXZpHoASRWBOlk=
-8,-43,08Epc92gw4xElyBpimxSSqJfOgw=,K/MrEU2N9+nNnMlGpzaFo2KaB3I=
-8,-37,08Epc92gw4xElyBpimxSSqJfOgw=,EiQL3e3+y88kjVAsrP9kJJ8Myb4=
-6,-41,08Epc92gw4xElyBpimxSSqJfOgw=,K/MrEU2N9+nNnMlGpzaFo2KaB3I=
-10,-41,08Epc92gw4xElyBpimxSSqJfOgw=,T9su8dS0Mcb0NGXZpHoASRWBOlk=
-8,-41,08Epc92gw4xElyBpimxSSqJfOgw=,K/MrEU2N9+nNnMlGpzaFo2KaB3I=
-12,-43,08Epc92gw4xElyBpimxSSqJfOgw=,T9su8dS0Mcb0NGXZpHoASRWBOlk=
-6,-39,08Epc92gw4xElyBpimxSSqJfOgw=,EiQL3e3+y88kjVAsrP9kJJ8Myb4=
-12,-41,08Epc92gw4xElyBpimxSSqJfOgw=,T9su8dS0Mcb0NGXZpHoASRWBOlk=
-11,-43,08Epc92gw4xElyBpimxSSqJfOgw=,T9su8dS0Mcb0NGXZpHoASRWBOlk=
-11,-41,08Epc92gw4xElyBpimxSSqJfOgw=,T9su8dS0Mcb0NGXZpHoASRWBOlk=
-8,-38,08Epc92gw4xElyBpimxSSqJfOgw=,EiQL3e3+y88kjVAsrP9kJJ8Myb4=
-9,-42,08Epc92gw4xElyBpimxSSqJfOgw=,T9su8dS0Mcb0NGXZpHoASRWBOlk=
-11,-42,08Epc92gw4xElyBpimxSSqJfOgw=,T9su8dS0Mcb0NGXZpHoASRWBOlk=
-10,-42,08Epc92gw4xElyBpimxSSqJfOgw=,T9su8dS0Mcb0NGXZpHoASRWBOlk=
-7,-39,08Epc92gw4xElyBpimxSSqJfOgw=,EiQL3e3+y88kjVAsrP9kJJ8Myb4=
-10,-43,08Epc92gw4xElyBpimxSSqJfOgw=,T9su8dS0Mcb0NGXZpHoASRWBOlk=
-6,-38,08Epc92gw4xElyBpimxSSqJfOgw=,EiQL3e3+y88kjVAsrP9kJJ8Myb4=
-12,-42,08Epc92gw4xElyBpimxSSqJfOgw=,T9su8dS0Mcb0NGXZpHoASRWBOlk=
-9,-43,08Epc92gw4xElyBpimxSSqJfOgw=,T9su8dS0Mcb0NGXZpHoASRWBOlk=
-8,-42,08Epc92gw4xElyBpimxSSqJfOgw=,K/MrEU2N9+nNnMlGpzaFo2KaB3I=
-8,-39,08Epc92gw4xElyBpimxSSqJfOgw=,EiQL3e3+y88kjVAsrP9kJJ8Myb4=
-5,-38,08Epc92gw4xElyBpimxSSqJfOgw=,EiQL3e3+y88kjVAsrP9kJJ8Myb4=
-16,-40,08Epc92gw4xElyBpimxSSqJfOgw=,YH6kdglPoWS9yPhRvvnT4W2CFOA=
-15,-33,08Epc92gw4xElyBpimxSSqJfOgw=,YH6kdglPoWS9yPhRvvnT4W2CFOA=
-16,-39,08Epc92gw4xElyBpimxSSqJfOgw=,YH6kdglPoWS9yPhRvvnT4W2CFOA=
-13,-33,08Epc92gw4xElyBpimxSSqJfOgw=,YH6kdglPoWS9yPhRvvnT4W2CFOA=
-14,-33,08Epc92gw4xElyBpimxSSqJfOgw=,YH6kdglPoWS9yPhRvvnT4W2CFOA=
-16,-33,08Epc92gw4xElyBpimxSSqJfOgw=,YH6kdglPoWS9yPhRvvnT4W2CFOA=
-15,-39,08Epc92gw4xElyBpimxSSqJfOgw=,YH6kdglPoWS9yPhRvvnT4W2CFOA=
-14,-39,08Epc92gw4xElyBpimxSSqJfOgw=,YH6kdglPoWS9yPhRvvnT4W2CFOA=
-16,-42,08Epc92gw4xElyBpimxSSqJfOgw=,T9su8dS0Mcb0NGXZpHoASRWBOlk=
-13,-39,08Epc92gw4xElyBpimxSSqJfOgw=,YH6kdglPoWS9yPhRvvnT4W2CFOA=
-16,-38,08Epc92gw4xElyBpimxSSqJfOgw=,YH6kdglPoWS9yPhRvvnT4W2CFOA=
-14,-38,08Epc92gw4xElyBpimxSSqJfOgw=,YH6kdglPoWS9yPhRvvnT4W2CFOA=
-15,-38,08Epc92gw4xElyBpimxSSqJfOgw=,YH6kdglPoWS9yPhRvvnT4W2CFOA=
-13,-38,08Epc92gw4xElyBpimxSSqJfOgw=,YH6kdglPoWS9yPhRvvnT4W2CFOA=
-16,-43,08Epc92gw4xElyBpimxSSqJfOgw=,T9su8dS0Mcb0NGXZpHoASRWBOlk=
-16,-37,08Epc92gw4xElyBpimxSSqJfOgw=,YH6kdglPoWS9yPhRvvnT4W2CFOA=
-15,-37,08Epc92gw4xElyBpimxSSqJfOgw=,YH6kdglPoWS9yPhRvvnT4W2CFOA=
-14,-37,08Epc92gw4xElyBpimxSSqJfOgw=,YH6kdglPoWS9yPhRvvnT4W2CFOA=
-13,-37,08Epc92gw4xElyBpimxSSqJfOgw=,YH6kdglPoWS9yPhRvvnT4W2CFOA=
-16,-44,08Epc92gw4xElyBpimxSSqJfOgw=,T9su8dS0Mcb0NGXZpHoASRWBOlk=
-15,-36,08Epc92gw4xElyBpimxSSqJfOgw=,YH6kdglPoWS9yPhRvvnT4W2CFOA=
-16,-41,08Epc92gw4xElyBpimxSSqJfOgw=,T9su8dS0Mcb0NGXZpHoASRWBOlk=
-14,-36,08Epc92gw4xElyBpimxSSqJfOgw=,YH6kdglPoWS9yPhRvvnT4W2CFOA=
-13,-36,08Epc92gw4xElyBpimxSSqJfOgw=,YH6kdglPoWS9yPhRvvnT4W2CFOA=
-15,-44,08Epc92gw4xElyBpimxSSqJfOgw=,T9su8dS0Mcb0NGXZpHoASRWBOlk=
-16,-36,08Epc92gw4xElyBpimxSSqJfOgw=,YH6kdglPoWS9yPhRvvnT4W2CFOA=
-14,-35,08Epc92gw4xElyBpimxSSqJfOgw=,YH6kdglPoWS9yPhRvvnT4W2CFOA=
-15,-35,08Epc92gw4xElyBpimxSSqJfOgw=,YH6kdglPoWS9yPhRvvnT4W2CFOA=
-16,-35,08Epc92gw4xElyBpimxSSqJfOgw=,YH6kdglPoWS9yPhRvvnT4W2CFOA=
-13,-35,08Epc92gw4xElyBpimxSSqJfOgw=,YH6kdglPoWS9yPhRvvnT4W2CFOA=
-14,-34,08Epc92gw4xElyBpimxSSqJfOgw=,YH6kdglPoWS9yPhRvvnT4W2CFOA=
-14,-44,08Epc92gw4xElyBpimxSSqJfOgw=,T9su8dS0Mcb0NGXZpHoASRWBOlk=
-16,-34,08Epc92gw4xElyBpimxSSqJfOgw=,YH6kdglPoWS9yPhRvvnT4W2CFOA=
-15,-34,08Epc92gw4xElyBpimxSSqJfOgw=,YH6kdglPoWS9yPhRvvnT4W2CFOA=
-15,-40,08Epc92gw4xElyBpimxSSqJfOgw=,YH6kdglPoWS9yPhRvvnT4W2CFOA=
-14,-40,08Epc92gw4xElyBpimxSSqJfOgw=,YH6kdglPoWS9yPhRvvnT4W2CFOA=
-13,-34,08Epc92gw4xElyBpimxSSqJfOgw=,YH6kdglPoWS9yPhRvvnT4W2CFOA=
-13,-44,08Epc92gw4xElyBpimxSSqJfOgw=,T9su8dS0Mcb0NGXZpHoASRWBOlk=
-13,-40,08Epc92gw4xElyBpimxSSqJfOgw=,YH6kdglPoWS9yPhRvvnT4W2CFOA=
-15,-41,08Epc92gw4xElyBpimxSSqJfOgw=,T9su8dS0Mcb0NGXZpHoASRWBOlk=
-13,-41,08Epc92gw4xElyBpimxSSqJfOgw=,T9su8dS0Mcb0NGXZpHoASRWBOlk=
-14,-41,08Epc92gw4xElyBpimxSSqJfOgw=,T9su8dS0Mcb0NGXZpHoASRWBOlk=
-13,-42,08Epc92gw4xElyBpimxSSqJfOgw=,T9su8dS0Mcb0NGXZpHoASRWBOlk=
-14,-42,08Epc92gw4xElyBpimxSSqJfOgw=,T9su8dS0Mcb0NGXZpHoASRWBOlk=
-15,-43,08Epc92gw4xElyBpimxSSqJfOgw=,T9su8dS0Mcb0NGXZpHoASRWBOlk=
-15,-42,08Epc92gw4xElyBpimxSSqJfOgw=,T9su8dS0Mcb0NGXZpHoASRWBOlk=
-13,-43,08Epc92gw4xElyBpimxSSqJfOgw=,T9su8dS0Mcb0NGXZpHoASRWBOlk=
-8,-48,08Epc92gw4xElyBpimxSSqJfOgw=,K/MrEU2N9+nNnMlGpzaFo2KaB3I=
-14,-43,08Epc92gw4xElyBpimxSSqJfOgw=,T9su8dS0Mcb0NGXZpHoASRWBOlk=
-6,-47,08Epc92gw4xElyBpimxSSqJfOgw=,K/MrEU2N9+nNnMlGpzaFo2KaB3I=
-7,-47,08Epc92gw4xElyBpimxSSqJfOgw=,K/MrEU2N9+nNnMlGpzaFo2KaB3I=
-16,-48,08Epc92gw4xElyBpimxSSqJfOgw=,T9su8dS0Mcb0NGXZpHoASRWBOlk=
-12,-47,08Epc92gw4xElyBpimxSSqJfOgw=,T9su8dS0Mcb0NGXZpHoASRWBOlk=
-11,-47,08Epc92gw4xElyBpimxSSqJfOgw=,T9su8dS0Mcb0NGXZpHoASRWBOlk=
-14,-47,08Epc92gw4xElyBpimxSSqJfOgw=,T9su8dS0Mcb0NGXZpHoASRWBOlk=
-13,-47,08Epc92gw4xElyBpimxSSqJfOgw=,T9su8dS0Mcb0NGXZpHoASRWBOlk=
-8,-45,08Epc92gw4xElyBpimxSSqJfOgw=,K/MrEU2N9+nNnMlGpzaFo2KaB3I=
-15,-48,08Epc92gw4xElyBpimxSSqJfOgw=,T9su8dS0Mcb0NGXZpHoASRWBOlk=
-15,-47,08Epc92gw4xElyBpimxSSqJfOgw=,T9su8dS0Mcb0NGXZpHoASRWBOlk=
-8,-46,08Epc92gw4xElyBpimxSSqJfOgw=,K/MrEU2N9+nNnMlGpzaFo2KaB3I=
-14,-48,08Epc92gw4xElyBpimxSSqJfOgw=,T9su8dS0Mcb0NGXZpHoASRWBOlk=
-9,-45,08Epc92gw4xElyBpimxSSqJfOgw=,T9su8dS0Mcb0NGXZpHoASRWBOlk=
-10,-45,08Epc92gw4xElyBpimxSSqJfOgw=,T9su8dS0Mcb0NGXZpHoASRWBOlk=
-11,-45,08Epc92gw4xElyBpimxSSqJfOgw=,T9su8dS0Mcb0NGXZpHoASRWBOlk=
-8,-47,08Epc92gw4xElyBpimxSSqJfOgw=,K/MrEU2N9+nNnMlGpzaFo2KaB3I=
-10,-48,08Epc92gw4xElyBpimxSSqJfOgw=,T9su8dS0Mcb0NGXZpHoASRWBOlk=
-5,-48,08Epc92gw4xElyBpimxSSqJfOgw=,K/MrEU2N9+nNnMlGpzaFo2KaB3I=
-16,-47,08Epc92gw4xElyBpimxSSqJfOgw=,T9su8dS0Mcb0NGXZpHoASRWBOlk=
-13,-48,08Epc92gw4xElyBpimxSSqJfOgw=,T9su8dS0Mcb0NGXZpHoASRWBOlk=
-16,-46,08Epc92gw4xElyBpimxSSqJfOgw=,T9su8dS0Mcb0NGXZpHoASRWBOlk=
-16,-45,08Epc92gw4xElyBpimxSSqJfOgw=,T9su8dS0Mcb0NGXZpHoASRWBOlk=
-6,-48,08Epc92gw4xElyBpimxSSqJfOgw=,K/MrEU2N9+nNnMlGpzaFo2KaB3I=
-12,-48,08Epc92gw4xElyBpimxSSqJfOgw=,T9su8dS0Mcb0NGXZpHoASRWBOlk=
-14,-45,08Epc92gw4xElyBpimxSSqJfOgw=,T9su8dS0Mcb0NGXZpHoASRWBOlk=
-11,-48,08Epc92gw4xElyBpimxSSqJfOgw=,T9su8dS0Mcb0NGXZpHoASRWBOlk=
-12,-45,08Epc92gw4xElyBpimxSSqJfOgw=,T9su8dS0Mcb0NGXZpHoASRWBOlk=
-13,-45,08Epc92gw4xElyBpimxSSqJfOgw=,T9su8dS0Mcb0NGXZpHoASRWBOlk=
-7,-48,08Epc92gw4xElyBpimxSSqJfOgw=,K/MrEU2N9+nNnMlGpzaFo2KaB3I=
-5,-47,08Epc92gw4xElyBpimxSSqJfOgw=,K/MrEU2N9+nNnMlGpzaFo2KaB3I=
-9,-48,08Epc92gw4xElyBpimxSSqJfOgw=,T9su8dS0Mcb0NGXZpHoASRWBOlk=
-9,-46,08Epc92gw4xElyBpimxSSqJfOgw=,T9su8dS0Mcb0NGXZpHoASRWBOlk=
-15,-45,08Epc92gw4xElyBpimxSSqJfOgw=,T9su8dS0Mcb0NGXZpHoASRWBOlk=
-5,-45,08Epc92gw4xElyBpimxSSqJfOgw=,K/MrEU2N9+nNnMlGpzaFo2KaB3I=
-10,-47,08Epc92gw4xElyBpimxSSqJfOgw=,T9su8dS0Mcb0NGXZpHoASRWBOlk=
-3,-48,08Epc92gw4xElyBpimxSSqJfOgw=,K/MrEU2N9+nNnMlGpzaFo2KaB3I=
-6,-45,08Epc92gw4xElyBpimxSSqJfOgw=,K/MrEU2N9+nNnMlGpzaFo2KaB3I=
-4,-48,08Epc92gw4xElyBpimxSSqJfOgw=,K/MrEU2N9+nNnMlGpzaFo2KaB3I=
-10,-46,08Epc92gw4xElyBpimxSSqJfOgw=,T9su8dS0Mcb0NGXZpHoASRWBOlk=
-9,-47,08Epc92gw4xElyBpimxSSqJfOgw=,T9su8dS0Mcb0NGXZpHoASRWBOlk=
-7,-46,08Epc92gw4xElyBpimxSSqJfOgw=,K/MrEU2N9+nNnMlGpzaFo2KaB3I=
-2,-48,08Epc92gw4xElyBpimxSSqJfOgw=,K/MrEU2N9+nNnMlGpzaFo2KaB3I=
-7,-45,08Epc92gw4xElyBpimxSSqJfOgw=,K/MrEU2N9+nNnMlGpzaFo2KaB3I=
-11,-46,08Epc92gw4xElyBpimxSSqJfOgw=,T9su8dS0Mcb0NGXZpHoASRWBOlk=
-15,-46,08Epc92gw4xElyBpimxSSqJfOgw=,T9su8dS0Mcb0NGXZpHoASRWBOlk=
-12,-46,08Epc92gw4xElyBpimxSSqJfOgw=,T9su8dS0Mcb0NGXZpHoASRWBOlk=
-5,-46,08Epc92gw4xElyBpimxSSqJfOgw=,K/MrEU2N9+nNnMlGpzaFo2KaB3I=
-1,-45,08Epc92gw4xElyBpimxSSqJfOgw=,K/MrEU2N9+nNnMlGpzaFo2KaB3I=
-14,-46,08Epc92gw4xElyBpimxSSqJfOgw=,T9su8dS0Mcb0NGXZpHoASRWBOlk=
-13,-46,08Epc92gw4xElyBpimxSSqJfOgw=,T9su8dS0Mcb0NGXZpHoASRWBOlk=
-1,-48,08Epc92gw4xElyBpimxSSqJfOgw=,K/MrEU2N9+nNnMlGpzaFo2KaB3I=
-1,-46,08Epc92gw4xElyBpimxSSqJfOgw=,K/MrEU2N9+nNnMlGpzaFo2KaB3I=
-6,-46,08Epc92gw4xElyBpimxSSqJfOgw=,K/MrEU2N9+nNnMlGpzaFo2KaB3I=
-3,-47,08Epc92gw4xElyBpimxSSqJfOgw=,K/MrEU2N9+nNnMlGpzaFo2KaB3I=
-1,-47,08Epc92gw4xElyBpimxSSqJfOgw=,K/MrEU2N9+nNnMlGpzaFo2KaB3I=
-2,-47,08Epc92gw4xElyBpimxSSqJfOgw=,K/MrEU2N9+nNnMlGpzaFo2KaB3I=
-4,-47,08Epc92gw4xElyBpimxSSqJfOgw=,K/MrEU2N9+nNnMlGpzaFo2KaB3I=
-2,-45,08Epc92gw4xElyBpimxSSqJfOgw=,K/MrEU2N9+nNnMlGpzaFo2KaB3I=
-3,-46,08Epc92gw4xElyBpimxSSqJfOgw=,K/MrEU2N9+nNnMlGpzaFo2KaB3I=
-4,-46,08Epc92gw4xElyBpimxSSqJfOgw=,K/MrEU2N9+nNnMlGpzaFo2KaB3I=
-3,-45,08Epc92gw4xElyBpimxSSqJfOgw=,K/MrEU2N9+nNnMlGpzaFo2KaB3I=
-1,-40,08Epc92gw4xElyBpimxSSqJfOgw=,EiQL3e3+y88kjVAsrP9kJJ8Myb4=
-1,-42,08Epc92gw4xElyBpimxSSqJfOgw=,K/MrEU2N9+nNnMlGpzaFo2KaB3I=
-1,-41,08Epc92gw4xElyBpimxSSqJfOgw=,K/MrEU2N9+nNnMlGpzaFo2KaB3I=
-1,-37,08Epc92gw4xElyBpimxSSqJfOgw=,EiQL3e3+y88kjVAsrP9kJJ8Myb4=
-4,-45,08Epc92gw4xElyBpimxSSqJfOgw=,K/MrEU2N9+nNnMlGpzaFo2KaB3I=
-4,-37,08Epc92gw4xElyBpimxSSqJfOgw=,EiQL3e3+y88kjVAsrP9kJJ8Myb4=
-3,-37,08Epc92gw4xElyBpimxSSqJfOgw=,EiQL3e3+y88kjVAsrP9kJJ8Myb4=
-1,-43,08Epc92gw4xElyBpimxSSqJfOgw=,K/MrEU2N9+nNnMlGpzaFo2KaB3I=
-1,-38,08Epc92gw4xElyBpimxSSqJfOgw=,EiQL3e3+y88kjVAsrP9kJJ8Myb4=
-9,-33,08Epc92gw4xElyBpimxSSqJfOgw=,YH6kdglPoWS9yPhRvvnT4W2CFOA=
-2,-46,08Epc92gw4xElyBpimxSSqJfOgw=,K/MrEU2N9+nNnMlGpzaFo2KaB3I=
-2,-37,08Epc92gw4xElyBpimxSSqJfOgw=,EiQL3e3+y88kjVAsrP9kJJ8Myb4=
-9,-35,08Epc92gw4xElyBpimxSSqJfOgw=,YH6kdglPoWS9yPhRvvnT4W2CFOA=
-1,-39,08Epc92gw4xElyBpimxSSqJfOgw=,EiQL3e3+y88kjVAsrP9kJJ8Myb4=
-2,-39,08Epc92gw4xElyBpimxSSqJfOgw=,EiQL3e3+y88kjVAsrP9kJJ8Myb4=
-9,-36,08Epc92gw4xElyBpimxSSqJfOgw=,YH6kdglPoWS9yPhRvvnT4W2CFOA=
-9,-34,08Epc92gw4xElyBpimxSSqJfOgw=,YH6kdglPoWS9yPhRvvnT4W2CFOA=
-4,-38,08Epc92gw4xElyBpimxSSqJfOgw=,EiQL3e3+y88kjVAsrP9kJJ8Myb4=
-1,-44,08Epc92gw4xElyBpimxSSqJfOgw=,K/MrEU2N9+nNnMlGpzaFo2KaB3I=
-10,-35,08Epc92gw4xElyBpimxSSqJfOgw=,YH6kdglPoWS9yPhRvvnT4W2CFOA=
-2,-40,08Epc92gw4xElyBpimxSSqJfOgw=,EiQL3e3+y88kjVAsrP9kJJ8Myb4=
-3,-38,08Epc92gw4xElyBpimxSSqJfOgw=,EiQL3e3+y88kjVAsrP9kJJ8Myb4=
-2,-38,08Epc92gw4xElyBpimxSSqJfOgw=,EiQL3e3+y88kjVAsrP9kJJ8Myb4=
-2,-42,08Epc92gw4xElyBpimxSSqJfOgw=,K/MrEU2N9+nNnMlGpzaFo2KaB3I=
-11,-35,08Epc92gw4xElyBpimxSSqJfOgw=,YH6kdglPoWS9yPhRvvnT4W2CFOA=
-4,-39,08Epc92gw4xElyBpimxSSqJfOgw=,EiQL3e3+y88kjVAsrP9kJJ8Myb4=
-12,-35,08Epc92gw4xElyBpimxSSqJfOgw=,YH6kdglPoWS9yPhRvvnT4W2CFOA=
-3,-40,08Epc92gw4xElyBpimxSSqJfOgw=,EiQL3e3+y88kjVAsrP9kJJ8Myb4=
-10,-36,08Epc92gw4xElyBpimxSSqJfOgw=,YH6kdglPoWS9yPhRvvnT4W2CFOA=
-3,-39,08Epc92gw4xElyBpimxSSqJfOgw=,EiQL3e3+y88kjVAsrP9kJJ8Myb4=
-3,-42,08Epc92gw4xElyBpimxSSqJfOgw=,K/MrEU2N9+nNnMlGpzaFo2KaB3I=
-4,-40,08Epc92gw4xElyBpimxSSqJfOgw=,EiQL3e3+y88kjVAsrP9kJJ8Myb4=
-11,-36,08Epc92gw4xElyBpimxSSqJfOgw=,YH6kdglPoWS9yPhRvvnT4W2CFOA=
-4,-44,08Epc92gw4xElyBpimxSSqJfOgw=,K/MrEU2N9+nNnMlGpzaFo2KaB3I=
-2,-44,08Epc92gw4xElyBpimxSSqJfOgw=,K/MrEU2N9+nNnMlGpzaFo2KaB3I=
-2,-41,08Epc92gw4xElyBpimxSSqJfOgw=,K/MrEU2N9+nNnMlGpzaFo2KaB3I=
-12,-36,08Epc92gw4xElyBpimxSSqJfOgw=,YH6kdglPoWS9yPhRvvnT4W2CFOA=
-4,-43,08Epc92gw4xElyBpimxSSqJfOgw=,K/MrEU2N9+nNnMlGpzaFo2KaB3I=
-4,-42,08Epc92gw4xElyBpimxSSqJfOgw=,K/MrEU2N9+nNnMlGpzaFo2KaB3I=
-3,-41,08Epc92gw4xElyBpimxSSqJfOgw=,K/MrEU2N9+nNnMlGpzaFo2KaB3I=
-8,-33,08Epc92gw4xElyBpimxSSqJfOgw=,EiQL3e3+y88kjVAsrP9kJJ8Myb4=
-12,-34,08Epc92gw4xElyBpimxSSqJfOgw=,YH6kdglPoWS9yPhRvvnT4W2CFOA=
-10,-33,08Epc92gw4xElyBpimxSSqJfOgw=,YH6kdglPoWS9yPhRvvnT4W2CFOA=
-11,-34,08Epc92gw4xElyBpimxSSqJfOgw=,YH6kdglPoWS9yPhRvvnT4W2CFOA=
-4,-41,08Epc92gw4xElyBpimxSSqJfOgw=,K/MrEU2N9+nNnMlGpzaFo2KaB3I=
-3,-44,08Epc92gw4xElyBpimxSSqJfOgw=,K/MrEU2N9+nNnMlGpzaFo2KaB3I=
-7,-34,08Epc92gw4xElyBpimxSSqJfOgw=,EiQL3e3+y88kjVAsrP9kJJ8Myb4=
-2,-36,08Epc92gw4xElyBpimxSSqJfOgw=,EiQL3e3+y88kjVAsrP9kJJ8Myb4=
-8,-36,08Epc92gw4xElyBpimxSSqJfOgw=,EiQL3e3+y88kjVAsrP9kJJ8Myb4=
-6,-34,08Epc92gw4xElyBpimxSSqJfOgw=,EiQL3e3+y88kjVAsrP9kJJ8Myb4=
-8,-35,08Epc92gw4xElyBpimxSSqJfOgw=,EiQL3e3+y88kjVAsrP9kJJ8Myb4=
-10,-34,08Epc92gw4xElyBpimxSSqJfOgw=,YH6kdglPoWS9yPhRvvnT4W2CFOA=
-7,-33,08Epc92gw4xElyBpimxSSqJfOgw=,EiQL3e3+y88kjVAsrP9kJJ8Myb4=
-8,-34,08Epc92gw4xElyBpimxSSqJfOgw=,EiQL3e3+y88kjVAsrP9kJJ8Myb4=
-5,-35,08Epc92gw4xElyBpimxSSqJfOgw=,EiQL3e3+y88kjVAsrP9kJJ8Myb4=
-6,-33,08Epc92gw4xElyBpimxSSqJfOgw=,EiQL3e3+y88kjVAsrP9kJJ8Myb4=
-4,-35,08Epc92gw4xElyBpimxSSqJfOgw=,EiQL3e3+y88kjVAsrP9kJJ8Myb4=
-3,-43,08Epc92gw4xElyBpimxSSqJfOgw=,K/MrEU2N9+nNnMlGpzaFo2KaB3I=
-4,-34,08Epc92gw4xElyBpimxSSqJfOgw=,EiQL3e3+y88kjVAsrP9kJJ8Myb4=
-6,-35,08Epc92gw4xElyBpimxSSqJfOgw=,EiQL3e3+y88kjVAsrP9kJJ8Myb4=
-6,-36,08Epc92gw4xElyBpimxSSqJfOgw=,EiQL3e3+y88kjVAsrP9kJJ8Myb4=
-12,-33,08Epc92gw4xElyBpimxSSqJfOgw=,YH6kdglPoWS9yPhRvvnT4W2CFOA=
-4,-36,08Epc92gw4xElyBpimxSSqJfOgw=,EiQL3e3+y88kjVAsrP9kJJ8Myb4=
-5,-36,08Epc92gw4xElyBpimxSSqJfOgw=,EiQL3e3+y88kjVAsrP9kJJ8Myb4=
-3,-34,08Epc92gw4xElyBpimxSSqJfOgw=,EiQL3e3+y88kjVAsrP9kJJ8Myb4=
-7,-36,08Epc92gw4xElyBpimxSSqJfOgw=,EiQL3e3+y88kjVAsrP9kJJ8Myb4=
-2,-35,08Epc92gw4xElyBpimxSSqJfOgw=,EiQL3e3+y88kjVAsrP9kJJ8Myb4=
-3,-36,08Epc92gw4xElyBpimxSSqJfOgw=,EiQL3e3+y88kjVAsrP9kJJ8Myb4=
-1,-34,08Epc92gw4xElyBpimxSSqJfOgw=,EiQL3e3+y88kjVAsrP9kJJ8Myb4=
-2,-34,08Epc92gw4xElyBpimxSSqJfOgw=,EiQL3e3+y88kjVAsrP9kJJ8Myb4=
-1,-35,08Epc92gw4xElyBpimxSSqJfOgw=,EiQL3e3+y88kjVAsrP9kJJ8Myb4=
-11,-33,08Epc92gw4xElyBpimxSSqJfOgw=,YH6kdglPoWS9yPhRvvnT4W2CFOA=
-1,-36,08Epc92gw4xElyBpimxSSqJfOgw=,EiQL3e3+y88kjVAsrP9kJJ8Myb4=
-5,-34,08Epc92gw4xElyBpimxSSqJfOgw=,EiQL3e3+y88kjVAsrP9kJJ8Myb4=
-4,-33,08Epc92gw4xElyBpimxSSqJfOgw=,EiQL3e3+y88kjVAsrP9kJJ8Myb4=
-7,-35,08Epc92gw4xElyBpimxSSqJfOgw=,EiQL3e3+y88kjVAsrP9kJJ8Myb4=
-5,-33,08Epc92gw4xElyBpimxSSqJfOgw=,EiQL3e3+y88kjVAsrP9kJJ8Myb4=
-3,-35,08Epc92gw4xElyBpimxSSqJfOgw=,EiQL3e3+y88kjVAsrP9kJJ8Myb4=
-3,-33,08Epc92gw4xElyBpimxSSqJfOgw=,EiQL3e3+y88kjVAsrP9kJJ8Myb4=
-2,-33,08Epc92gw4xElyBpimxSSqJfOgw=,EiQL3e3+y88kjVAsrP9kJJ8Myb4=
-2,-43,08Epc92gw4xElyBpimxSSqJfOgw=,K/MrEU2N9+nNnMlGpzaFo2KaB3I=
-1,-33,08Epc92gw4xElyBpimxSSqJfOgw=,EiQL3e3+y88kjVAsrP9kJJ8Myb4=
-9,-56,jey4+GfbP2Enh+fLGVUcP9SQ2DE=,A2xCpJIdSa87+zV9KUm/VoQ5G4s=
-9,-57,jey4+GfbP2Enh+fLGVUcP9SQ2DE=,iiBL4eixOFUrl/Kww0ajcxkjugw=
-10,-57,87TYrW42Oh/DVnk0+IzdtLDrk2A=,iiBL4eixOFUrl/Kww0ajcxkjugw=
-9,-58,87TYrW42Oh/DVnk0+IzdtLDrk2A=,iiBL4eixOFUrl/Kww0ajcxkjugw=
-10,-60,51LQuv7fIxKPEsymB5hznbpchwA=,iiBL4eixOFUrl/Kww0ajcxkjugw=
-11,-60,51LQuv7fIxKPEsymB5hznbpchwA=,iiBL4eixOFUrl/Kww0ajcxkjugw=
-12,-60,51LQuv7fIxKPEsymB5hznbpchwA=,iiBL4eixOFUrl/Kww0ajcxkjugw=
-10,-59,51LQuv7fIxKPEsymB5hznbpchwA=,iiBL4eixOFUrl/Kww0ajcxkjugw=
-12,-59,51LQuv7fIxKPEsymB5hznbpchwA=,iiBL4eixOFUrl/Kww0ajcxkjugw=
-12,-58,51LQuv7fIxKPEsymB5hznbpchwA=,iiBL4eixOFUrl/Kww0ajcxkjugw=
-9,-59,51LQuv7fIxKPEsymB5hznbpchwA=,iiBL4eixOFUrl/Kww0ajcxkjugw=
-11,-57,51LQuv7fIxKPEsymB5hznbpchwA=,iiBL4eixOFUrl/Kww0ajcxkjugw=
-11,-59,51LQuv7fIxKPEsymB5hznbpchwA=,iiBL4eixOFUrl/Kww0ajcxkjugw=
-10,-58,51LQuv7fIxKPEsymB5hznbpchwA=,iiBL4eixOFUrl/Kww0ajcxkjugw=
-12,-57,51LQuv7fIxKPEsymB5hznbpchwA=,iiBL4eixOFUrl/Kww0ajcxkjugw=
-11,-58,KW/VoqhhwLilWUXBoFLwY+H9wps=,iiBL4eixOFUrl/Kww0ajcxkjugw=
-9,-60,KW/VoqhhwLilWUXBoFLwY+H9wps=,iiBL4eixOFUrl/Kww0ajcxkjugw=
-8,-59,KW/VoqhhwLilWUXBoFLwY+H9wps=,PO37EjV0EEs9UUabaHVlrOQuPuU=
-8,-56,KW/VoqhhwLilWUXBoFLwY+H9wps=,zN9wPtXW6yNqeZG5eA66lVd4V84=
-5,-55,KW/VoqhhwLilWUXBoFLwY+H9wps=,zN9wPtXW6yNqeZG5eA66lVd4V84=
-5,-60,iU/jIS1tEiRL3oH5T+Gart4i8hk=,PO37EjV0EEs9UUabaHVlrOQuPuU=
-7,-59,iU/jIS1tEiRL3oH5T+Gart4i8hk=,PO37EjV0EEs9UUabaHVlrOQuPuU=
-5,-54,iU/jIS1tEiRL3oH5T+Gart4i8hk=,zN9wPtXW6yNqeZG5eA66lVd4V84=
-6,-54,iU/jIS1tEiRL3oH5T+Gart4i8hk=,zN9wPtXW6yNqeZG5eA66lVd4V84=
-6,-59,dpS7R5i2fu/pE/MIHxEs28VeFg8=,PO37EjV0EEs9UUabaHVlrOQuPuU=
-6,-53,dpS7R5i2fu/pE/MIHxEs28VeFg8=,zN9wPtXW6yNqeZG5eA66lVd4V84=
-7,-53,dpS7R5i2fu/pE/MIHxEs28VeFg8=,zN9wPtXW6yNqeZG5eA66lVd4V84=
-5,-53,Ws/c5UMbBP7XFlBKmEC6v8zOlCQ=,zN9wPtXW6yNqeZG5eA66lVd4V84=
-5,-59,Ws/c5UMbBP7XFlBKmEC6v8zOlCQ=,PO37EjV0EEs9UUabaHVlrOQuPuU=
-6,-55,uwpNlOvaUvGTgS5iGK9DHAlqbSE=,zN9wPtXW6yNqeZG5eA66lVd4V84=
-5,-56,h9jkG0kmbcu8MzJPrHk1tVqSdCk=,zN9wPtXW6yNqeZG5eA66lVd4V84=
-6,-60,h9jkG0kmbcu8MzJPrHk1tVqSdCk=,PO37EjV0EEs9UUabaHVlrOQuPuU=
-7,-54,h9jkG0kmbcu8MzJPrHk1tVqSdCk=,zN9wPtXW6yNqeZG5eA66lVd4V84=
-8,-58,h9jkG0kmbcu8MzJPrHk1tVqSdCk=,PO37EjV0EEs9UUabaHVlrOQuPuU=
-8,-53,h9jkG0kmbcu8MzJPrHk1tVqSdCk=,zN9wPtXW6yNqeZG5eA66lVd4V84=
-7,-60,h9jkG0kmbcu8MzJPrHk1tVqSdCk=,PO37EjV0EEs9UUabaHVlrOQuPuU=
-8,-54,h9jkG0kmbcu8MzJPrHk1tVqSdCk=,zN9wPtXW6yNqeZG5eA66lVd4V84=
-7,-58,h9jkG0kmbcu8MzJPrHk1tVqSdCk=,PO37EjV0EEs9UUabaHVlrOQuPuU=
-8,-55,h9jkG0kmbcu8MzJPrHk1tVqSdCk=,zN9wPtXW6yNqeZG5eA66lVd4V84=
-7,-55,h9jkG0kmbcu8MzJPrHk1tVqSdCk=,zN9wPtXW6yNqeZG5eA66lVd4V84=
-6,-58,h9jkG0kmbcu8MzJPrHk1tVqSdCk=,PO37EjV0EEs9UUabaHVlrOQuPuU=
-7,-56,h9jkG0kmbcu8MzJPrHk1tVqSdCk=,zN9wPtXW6yNqeZG5eA66lVd4V84=
-6,-56,h9jkG0kmbcu8MzJPrHk1tVqSdCk=,zN9wPtXW6yNqeZG5eA66lVd4V84=
-5,-57,h9jkG0kmbcu8MzJPrHk1tVqSdCk=,PO37EjV0EEs9UUabaHVlrOQuPuU=
-9,-53,h9jkG0kmbcu8MzJPrHk1tVqSdCk=,A2xCpJIdSa87+zV9KUm/VoQ5G4s=
-8,-60,h9jkG0kmbcu8MzJPrHk1tVqSdCk=,PO37EjV0EEs9UUabaHVlrOQuPuU=
-12,-55,h9jkG0kmbcu8MzJPrHk1tVqSdCk=,A2xCpJIdSa87+zV9KUm/VoQ5G4s=
-5,-58,h9jkG0kmbcu8MzJPrHk1tVqSdCk=,PO37EjV0EEs9UUabaHVlrOQuPuU=
-11,-55,h9jkG0kmbcu8MzJPrHk1tVqSdCk=,A2xCpJIdSa87+zV9KUm/VoQ5G4s=
-6,-57,h9jkG0kmbcu8MzJPrHk1tVqSdCk=,PO37EjV0EEs9UUabaHVlrOQuPuU=
-10,-55,h9jkG0kmbcu8MzJPrHk1tVqSdCk=,A2xCpJIdSa87+zV9KUm/VoQ5G4s=
-8,-57,h9jkG0kmbcu8MzJPrHk1tVqSdCk=,PO37EjV0EEs9UUabaHVlrOQuPuU=
-10,-53,h9jkG0kmbcu8MzJPrHk1tVqSdCk=,A2xCpJIdSa87+zV9KUm/VoQ5G4s=
-9,-55,h9jkG0kmbcu8MzJPrHk1tVqSdCk=,A2xCpJIdSa87+zV9KUm/VoQ5G4s=
-7,-57,h9jkG0kmbcu8MzJPrHk1tVqSdCk=,PO37EjV0EEs9UUabaHVlrOQuPuU=
-11,-53,h9jkG0kmbcu8MzJPrHk1tVqSdCk=,A2xCpJIdSa87+zV9KUm/VoQ5G4s=
-12,-53,h9jkG0kmbcu8MzJPrHk1tVqSdCk=,A2xCpJIdSa87+zV9KUm/VoQ5G4s=
-12,-54,h9jkG0kmbcu8MzJPrHk1tVqSdCk=,A2xCpJIdSa87+zV9KUm/VoQ5G4s=
-11,-54,h9jkG0kmbcu8MzJPrHk1tVqSdCk=,A2xCpJIdSa87+zV9KUm/VoQ5G4s=
-10,-54,h9jkG0kmbcu8MzJPrHk1tVqSdCk=,A2xCpJIdSa87+zV9KUm/VoQ5G4s=
-9,-54,h9jkG0kmbcu8MzJPrHk1tVqSdCk=,A2xCpJIdSa87+zV9KUm/VoQ5G4s=
-12,-56,h9jkG0kmbcu8MzJPrHk1tVqSdCk=,A2xCpJIdSa87+zV9KUm/VoQ5G4s=
-10,-56,h9jkG0kmbcu8MzJPrHk1tVqSdCk=,A2xCpJIdSa87+zV9KUm/VoQ5G4s=
-11,-56,h9jkG0kmbcu8MzJPrHk1tVqSdCk=,A2xCpJIdSa87+zV9KUm/VoQ5G4s=
-1,-64,h9jkG0kmbcu8MzJPrHk1tVqSdCk=,PO37EjV0EEs9UUabaHVlrOQuPuU=
-4,-56,h9jkG0kmbcu8MzJPrHk1tVqSdCk=,zN9wPtXW6yNqeZG5eA66lVd4V84=
-1,-58,h9jkG0kmbcu8MzJPrHk1tVqSdCk=,PO37EjV0EEs9UUabaHVlrOQuPuU=
-1,-57,h9jkG0kmbcu8MzJPrHk1tVqSdCk=,PO37EjV0EEs9UUabaHVlrOQuPuU=
-1,-56,h9jkG0kmbcu8MzJPrHk1tVqSdCk=,zN9wPtXW6yNqeZG5eA66lVd4V84=
-3,-56,h9jkG0kmbcu8MzJPrHk1tVqSdCk=,zN9wPtXW6yNqeZG5eA66lVd4V84=
-1,-59,h9jkG0kmbcu8MzJPrHk1tVqSdCk=,PO37EjV0EEs9UUabaHVlrOQuPuU=
-1,-61,h9jkG0kmbcu8MzJPrHk1tVqSdCk=,PO37EjV0EEs9UUabaHVlrOQuPuU=
-4,-53,h9jkG0kmbcu8MzJPrHk1tVqSdCk=,zN9wPtXW6yNqeZG5eA66lVd4V84=
-1,-60,h9jkG0kmbcu8MzJPrHk1tVqSdCk=,PO37EjV0EEs9UUabaHVlrOQuPuU=
-2,-56,h9jkG0kmbcu8MzJPrHk1tVqSdCk=,zN9wPtXW6yNqeZG5eA66lVd4V84=
-3,-53,h9jkG0kmbcu8MzJPrHk1tVqSdCk=,zN9wPtXW6yNqeZG5eA66lVd4V84=
-1,-62,h9jkG0kmbcu8MzJPrHk1tVqSdCk=,PO37EjV0EEs9UUabaHVlrOQuPuU=
-4,-55,h9jkG0kmbcu8MzJPrHk1tVqSdCk=,zN9wPtXW6yNqeZG5eA66lVd4V84=
-3,-54,h9jkG0kmbcu8MzJPrHk1tVqSdCk=,zN9wPtXW6yNqeZG5eA66lVd4V84=
-1,-54,h9jkG0kmbcu8MzJPrHk1tVqSdCk=,zN9wPtXW6yNqeZG5eA66lVd4V84=
-1,-63,h9jkG0kmbcu8MzJPrHk1tVqSdCk=,PO37EjV0EEs9UUabaHVlrOQuPuU=
-3,-55,h9jkG0kmbcu8MzJPrHk1tVqSdCk=,zN9wPtXW6yNqeZG5eA66lVd4V84=
-4,-54,h9jkG0kmbcu8MzJPrHk1tVqSdCk=,zN9wPtXW6yNqeZG5eA66lVd4V84=
-1,-53,h9jkG0kmbcu8MzJPrHk1tVqSdCk=,zN9wPtXW6yNqeZG5eA66lVd4V84=
-2,-53,h9jkG0kmbcu8MzJPrHk1tVqSdCk=,zN9wPtXW6yNqeZG5eA66lVd4V84=
-2,-64,h9jkG0kmbcu8MzJPrHk1tVqSdCk=,PO37EjV0EEs9UUabaHVlrOQuPuU=
-16,-57,h9jkG0kmbcu8MzJPrHk1tVqSdCk=,iiBL4eixOFUrl/Kww0ajcxkjugw=
-2,-55,h9jkG0kmbcu8MzJPrHk1tVqSdCk=,zN9wPtXW6yNqeZG5eA66lVd4V84=
-2,-54,h9jkG0kmbcu8MzJPrHk1tVqSdCk=,zN9wPtXW6yNqeZG5eA66lVd4V84=
-3,-64,h9jkG0kmbcu8MzJPrHk1tVqSdCk=,PO37EjV0EEs9UUabaHVlrOQuPuU=
-16,-58,h9jkG0kmbcu8MzJPrHk1tVqSdCk=,iiBL4eixOFUrl/Kww0ajcxkjugw=
-1,-55,h9jkG0kmbcu8MzJPrHk1tVqSdCk=,zN9wPtXW6yNqeZG5eA66lVd4V84=
-3,-63,h9jkG0kmbcu8MzJPrHk1tVqSdCk=,PO37EjV0EEs9UUabaHVlrOQuPuU=
-4,-64,h9jkG0kmbcu8MzJPrHk1tVqSdCk=,PO37EjV0EEs9UUabaHVlrOQuPuU=
-4,-63,h9jkG0kmbcu8MzJPrHk1tVqSdCk=,PO37EjV0EEs9UUabaHVlrOQuPuU=
-16,-59,h9jkG0kmbcu8MzJPrHk1tVqSdCk=,iiBL4eixOFUrl/Kww0ajcxkjugw=
-4,-62,h9jkG0kmbcu8MzJPrHk1tVqSdCk=,PO37EjV0EEs9UUabaHVlrOQuPuU=
-3,-62,h9jkG0kmbcu8MzJPrHk1tVqSdCk=,PO37EjV0EEs9UUabaHVlrOQuPuU=
-2,-63,h9jkG0kmbcu8MzJPrHk1tVqSdCk=,PO37EjV0EEs9UUabaHVlrOQuPuU=
-16,-60,h9jkG0kmbcu8MzJPrHk1tVqSdCk=,iiBL4eixOFUrl/Kww0ajcxkjugw=
-4,-60,h9jkG0kmbcu8MzJPrHk1tVqSdCk=,PO37EjV0EEs9UUabaHVlrOQuPuU=
-15,-55,h9jkG0kmbcu8MzJPrHk1tVqSdCk=,A2xCpJIdSa87+zV9KUm/VoQ5G4s=
-2,-62,h9jkG0kmbcu8MzJPrHk1tVqSdCk=,PO37EjV0EEs9UUabaHVlrOQuPuU=
-14,-55,h9jkG0kmbcu8MzJPrHk1tVqSdCk=,A2xCpJIdSa87+zV9KUm/VoQ5G4s=
-16,-56,h9jkG0kmbcu8MzJPrHk1tVqSdCk=,A2xCpJIdSa87+zV9KUm/VoQ5G4s=
-3,-60,h9jkG0kmbcu8MzJPrHk1tVqSdCk=,PO37EjV0EEs9UUabaHVlrOQuPuU=
-8,-64,h9jkG0kmbcu8MzJPrHk1tVqSdCk=,PO37EjV0EEs9UUabaHVlrOQuPuU=
-13,-55,h9jkG0kmbcu8MzJPrHk1tVqSdCk=,A2xCpJIdSa87+zV9KUm/VoQ5G4s=
-4,-61,h9jkG0kmbcu8MzJPrHk1tVqSdCk=,PO37EjV0EEs9UUabaHVlrOQuPuU=
-16,-53,h9jkG0kmbcu8MzJPrHk1tVqSdCk=,A2xCpJIdSa87+zV9KUm/VoQ5G4s=
-2,-60,h9jkG0kmbcu8MzJPrHk1tVqSdCk=,PO37EjV0EEs9UUabaHVlrOQuPuU=
-9,-61,h9jkG0kmbcu8MzJPrHk1tVqSdCk=,iiBL4eixOFUrl/Kww0ajcxkjugw=
-16,-54,h9jkG0kmbcu8MzJPrHk1tVqSdCk=,A2xCpJIdSa87+zV9KUm/VoQ5G4s=
-5,-64,h9jkG0kmbcu8MzJPrHk1tVqSdCk=,PO37EjV0EEs9UUabaHVlrOQuPuU=
-15,-54,h9jkG0kmbcu8MzJPrHk1tVqSdCk=,A2xCpJIdSa87+zV9KUm/VoQ5G4s=
-4,-59,h9jkG0kmbcu8MzJPrHk1tVqSdCk=,PO37EjV0EEs9UUabaHVlrOQuPuU=
-9,-62,h9jkG0kmbcu8MzJPrHk1tVqSdCk=,iiBL4eixOFUrl/Kww0ajcxkjugw=
-6,-64,h9jkG0kmbcu8MzJPrHk1tVqSdCk=,PO37EjV0EEs9UUabaHVlrOQuPuU=
-16,-55,h9jkG0kmbcu8MzJPrHk1tVqSdCk=,A2xCpJIdSa87+zV9KUm/VoQ5G4s=
-12,-63,h9jkG0kmbcu8MzJPrHk1tVqSdCk=,iiBL4eixOFUrl/Kww0ajcxkjugw=
-3,-59,h9jkG0kmbcu8MzJPrHk1tVqSdCk=,PO37EjV0EEs9UUabaHVlrOQuPuU=
-13,-57,h9jkG0kmbcu8MzJPrHk1tVqSdCk=,iiBL4eixOFUrl/Kww0ajcxkjugw=
-7,-64,h9jkG0kmbcu8MzJPrHk1tVqSdCk=,PO37EjV0EEs9UUabaHVlrOQuPuU=
-9,-63,h9jkG0kmbcu8MzJPrHk1tVqSdCk=,iiBL4eixOFUrl/Kww0ajcxkjugw=
-2,-59,h9jkG0kmbcu8MzJPrHk1tVqSdCk=,PO37EjV0EEs9UUabaHVlrOQuPuU=
-9,-64,h9jkG0kmbcu8MzJPrHk1tVqSdCk=,iiBL4eixOFUrl/Kww0ajcxkjugw=
-14,-57,h9jkG0kmbcu8MzJPrHk1tVqSdCk=,iiBL4eixOFUrl/Kww0ajcxkjugw=
-5,-61,h9jkG0kmbcu8MzJPrHk1tVqSdCk=,PO37EjV0EEs9UUabaHVlrOQuPuU=
-15,-57,h9jkG0kmbcu8MzJPrHk1tVqSdCk=,iiBL4eixOFUrl/Kww0ajcxkjugw=
-4,-58,h9jkG0kmbcu8MzJPrHk1tVqSdCk=,PO37EjV0EEs9UUabaHVlrOQuPuU=
-6,-61,h9jkG0kmbcu8MzJPrHk1tVqSdCk=,PO37EjV0EEs9UUabaHVlrOQuPuU=
-10,-61,h9jkG0kmbcu8MzJPrHk1tVqSdCk=,iiBL4eixOFUrl/Kww0ajcxkjugw=
-11,-61,h9jkG0kmbcu8MzJPrHk1tVqSdCk=,iiBL4eixOFUrl/Kww0ajcxkjugw=
-11,-63,h9jkG0kmbcu8MzJPrHk1tVqSdCk=,iiBL4eixOFUrl/Kww0ajcxkjugw=
-13,-58,h9jkG0kmbcu8MzJPrHk1tVqSdCk=,iiBL4eixOFUrl/Kww0ajcxkjugw=
-3,-58,h9jkG0kmbcu8MzJPrHk1tVqSdCk=,PO37EjV0EEs9UUabaHVlrOQuPuU=
-7,-61,h9jkG0kmbcu8MzJPrHk1tVqSdCk=,PO37EjV0EEs9UUabaHVlrOQuPuU=
-12,-61,h9jkG0kmbcu8MzJPrHk1tVqSdCk=,iiBL4eixOFUrl/Kww0ajcxkjugw=
-3,-61,h9jkG0kmbcu8MzJPrHk1tVqSdCk=,PO37EjV0EEs9UUabaHVlrOQuPuU=
-8,-61,h9jkG0kmbcu8MzJPrHk1tVqSdCk=,PO37EjV0EEs9UUabaHVlrOQuPuU=
-14,-58,h9jkG0kmbcu8MzJPrHk1tVqSdCk=,iiBL4eixOFUrl/Kww0ajcxkjugw=
-2,-58,h9jkG0kmbcu8MzJPrHk1tVqSdCk=,PO37EjV0EEs9UUabaHVlrOQuPuU=
-10,-62,h9jkG0kmbcu8MzJPrHk1tVqSdCk=,iiBL4eixOFUrl/Kww0ajcxkjugw=
-10,-63,h9jkG0kmbcu8MzJPrHk1tVqSdCk=,iiBL4eixOFUrl/Kww0ajcxkjugw=
-5,-62,h9jkG0kmbcu8MzJPrHk1tVqSdCk=,PO37EjV0EEs9UUabaHVlrOQuPuU=
-15,-58,h9jkG0kmbcu8MzJPrHk1tVqSdCk=,iiBL4eixOFUrl/Kww0ajcxkjugw=
-4,-57,h9jkG0kmbcu8MzJPrHk1tVqSdCk=,PO37EjV0EEs9UUabaHVlrOQuPuU=
-11,-62,h9jkG0kmbcu8MzJPrHk1tVqSdCk=,iiBL4eixOFUrl/Kww0ajcxkjugw=
-2,-61,h9jkG0kmbcu8MzJPrHk1tVqSdCk=,PO37EjV0EEs9UUabaHVlrOQuPuU=
-13,-59,h9jkG0kmbcu8MzJPrHk1tVqSdCk=,iiBL4eixOFUrl/Kww0ajcxkjugw=
-6,-62,h9jkG0kmbcu8MzJPrHk1tVqSdCk=,PO37EjV0EEs9UUabaHVlrOQuPuU=
-12,-62,h9jkG0kmbcu8MzJPrHk1tVqSdCk=,iiBL4eixOFUrl/Kww0ajcxkjugw=
-3,-57,h9jkG0kmbcu8MzJPrHk1tVqSdCk=,PO37EjV0EEs9UUabaHVlrOQuPuU=
-14,-59,h9jkG0kmbcu8MzJPrHk1tVqSdCk=,iiBL4eixOFUrl/Kww0ajcxkjugw=
-14,-54,h9jkG0kmbcu8MzJPrHk1tVqSdCk=,A2xCpJIdSa87+zV9KUm/VoQ5G4s=
-7,-62,h9jkG0kmbcu8MzJPrHk1tVqSdCk=,PO37EjV0EEs9UUabaHVlrOQuPuU=
-13,-54,h9jkG0kmbcu8MzJPrHk1tVqSdCk=,A2xCpJIdSa87+zV9KUm/VoQ5G4s=
-15,-59,h9jkG0kmbcu8MzJPrHk1tVqSdCk=,iiBL4eixOFUrl/Kww0ajcxkjugw=
-2,-57,h9jkG0kmbcu8MzJPrHk1tVqSdCk=,PO37EjV0EEs9UUabaHVlrOQuPuU=
-13,-60,h9jkG0kmbcu8MzJPrHk1tVqSdCk=,iiBL4eixOFUrl/Kww0ajcxkjugw=
-16,-64,h9jkG0kmbcu8MzJPrHk1tVqSdCk=,iiBL4eixOFUrl/Kww0ajcxkjugw=
-5,-63,h9jkG0kmbcu8MzJPrHk1tVqSdCk=,PO37EjV0EEs9UUabaHVlrOQuPuU=
-14,-60,h9jkG0kmbcu8MzJPrHk1tVqSdCk=,iiBL4eixOFUrl/Kww0ajcxkjugw=
-8,-62,h9jkG0kmbcu8MzJPrHk1tVqSdCk=,PO37EjV0EEs9UUabaHVlrOQuPuU=
-16,-63,h9jkG0kmbcu8MzJPrHk1tVqSdCk=,iiBL4eixOFUrl/Kww0ajcxkjugw=
-15,-60,h9jkG0kmbcu8MzJPrHk1tVqSdCk=,iiBL4eixOFUrl/Kww0ajcxkjugw=
-6,-63,h9jkG0kmbcu8MzJPrHk1tVqSdCk=,PO37EjV0EEs9UUabaHVlrOQuPuU=
-16,-61,h9jkG0kmbcu8MzJPrHk1tVqSdCk=,iiBL4eixOFUrl/Kww0ajcxkjugw=
-13,-56,h9jkG0kmbcu8MzJPrHk1tVqSdCk=,A2xCpJIdSa87+zV9KUm/VoQ5G4s=
-16,-62,h9jkG0kmbcu8MzJPrHk1tVqSdCk=,iiBL4eixOFUrl/Kww0ajcxkjugw=
-14,-56,h9jkG0kmbcu8MzJPrHk1tVqSdCk=,A2xCpJIdSa87+zV9KUm/VoQ5G4s=
-7,-63,h9jkG0kmbcu8MzJPrHk1tVqSdCk=,PO37EjV0EEs9UUabaHVlrOQuPuU=
-13,-63,h9jkG0kmbcu8MzJPrHk1tVqSdCk=,iiBL4eixOFUrl/Kww0ajcxkjugw=
-8,-63,h9jkG0kmbcu8MzJPrHk1tVqSdCk=,PO37EjV0EEs9UUabaHVlrOQuPuU=
-15,-53,h9jkG0kmbcu8MzJPrHk1tVqSdCk=,A2xCpJIdSa87+zV9KUm/VoQ5G4s=
-15,-56,h9jkG0kmbcu8MzJPrHk1tVqSdCk=,A2xCpJIdSa87+zV9KUm/VoQ5G4s=
-14,-63,h9jkG0kmbcu8MzJPrHk1tVqSdCk=,iiBL4eixOFUrl/Kww0ajcxkjugw=
-15,-64,h9jkG0kmbcu8MzJPrHk1tVqSdCk=,iiBL4eixOFUrl/Kww0ajcxkjugw=
-15,-63,h9jkG0kmbcu8MzJPrHk1tVqSdCk=,iiBL4eixOFUrl/Kww0ajcxkjugw=
-14,-53,h9jkG0kmbcu8MzJPrHk1tVqSdCk=,A2xCpJIdSa87+zV9KUm/VoQ5G4s=
-13,-53,h9jkG0kmbcu8MzJPrHk1tVqSdCk=,A2xCpJIdSa87+zV9KUm/VoQ5G4s=
-10,-64,h9jkG0kmbcu8MzJPrHk1tVqSdCk=,iiBL4eixOFUrl/Kww0ajcxkjugw=
-14,-64,h9jkG0kmbcu8MzJPrHk1tVqSdCk=,iiBL4eixOFUrl/Kww0ajcxkjugw=
-13,-61,h9jkG0kmbcu8MzJPrHk1tVqSdCk=,iiBL4eixOFUrl/Kww0ajcxkjugw=
-13,-64,h9jkG0kmbcu8MzJPrHk1tVqSdCk=,iiBL4eixOFUrl/Kww0ajcxkjugw=
-14,-61,h9jkG0kmbcu8MzJPrHk1tVqSdCk=,iiBL4eixOFUrl/Kww0ajcxkjugw=
-15,-61,h9jkG0kmbcu8MzJPrHk1tVqSdCk=,iiBL4eixOFUrl/Kww0ajcxkjugw=
-12,-64,h9jkG0kmbcu8MzJPrHk1tVqSdCk=,iiBL4eixOFUrl/Kww0ajcxkjugw=
-11,-64,h9jkG0kmbcu8MzJPrHk1tVqSdCk=,iiBL4eixOFUrl/Kww0ajcxkjugw=
-16,-49,h9jkG0kmbcu8MzJPrHk1tVqSdCk=,A2xCpJIdSa87+zV9KUm/VoQ5G4s=
-15,-62,h9jkG0kmbcu8MzJPrHk1tVqSdCk=,iiBL4eixOFUrl/Kww0ajcxkjugw=
-13,-62,h9jkG0kmbcu8MzJPrHk1tVqSdCk=,iiBL4eixOFUrl/Kww0ajcxkjugw=
-14,-62,h9jkG0kmbcu8MzJPrHk1tVqSdCk=,iiBL4eixOFUrl/Kww0ajcxkjugw=
-13,-50,h9jkG0kmbcu8MzJPrHk1tVqSdCk=,A2xCpJIdSa87+zV9KUm/VoQ5G4s=
-16,-50,h9jkG0kmbcu8MzJPrHk1tVqSdCk=,A2xCpJIdSa87+zV9KUm/VoQ5G4s=
-14,-50,h9jkG0kmbcu8MzJPrHk1tVqSdCk=,A2xCpJIdSa87+zV9KUm/VoQ5G4s=
-15,-49,h9jkG0kmbcu8MzJPrHk1tVqSdCk=,A2xCpJIdSa87+zV9KUm/VoQ5G4s=
-15,-50,h9jkG0kmbcu8MzJPrHk1tVqSdCk=,A2xCpJIdSa87+zV9KUm/VoQ5G4s=
-16,-51,h9jkG0kmbcu8MzJPrHk1tVqSdCk=,A2xCpJIdSa87+zV9KUm/VoQ5G4s=
-13,-51,h9jkG0kmbcu8MzJPrHk1tVqSdCk=,A2xCpJIdSa87+zV9KUm/VoQ5G4s=
-9,-49,h9jkG0kmbcu8MzJPrHk1tVqSdCk=,A2xCpJIdSa87+zV9KUm/VoQ5G4s=
-16,-52,h9jkG0kmbcu8MzJPrHk1tVqSdCk=,A2xCpJIdSa87+zV9KUm/VoQ5G4s=
-14,-49,h9jkG0kmbcu8MzJPrHk1tVqSdCk=,A2xCpJIdSa87+zV9KUm/VoQ5G4s=
-14,-51,h9jkG0kmbcu8MzJPrHk1tVqSdCk=,A2xCpJIdSa87+zV9KUm/VoQ5G4s=
-13,-49,h9jkG0kmbcu8MzJPrHk1tVqSdCk=,A2xCpJIdSa87+zV9KUm/VoQ5G4s=
-12,-52,h9jkG0kmbcu8MzJPrHk1tVqSdCk=,A2xCpJIdSa87+zV9KUm/VoQ5G4s=
-13,-52,h9jkG0kmbcu8MzJPrHk1tVqSdCk=,A2xCpJIdSa87+zV9KUm/VoQ5G4s=
-15,-52,h9jkG0kmbcu8MzJPrHk1tVqSdCk=,A2xCpJIdSa87+zV9KUm/VoQ5G4s=
-14,-52,h9jkG0kmbcu8MzJPrHk1tVqSdCk=,A2xCpJIdSa87+zV9KUm/VoQ5G4s=
-11,-52,h9jkG0kmbcu8MzJPrHk1tVqSdCk=,A2xCpJIdSa87+zV9KUm/VoQ5G4s=
-15,-51,h9jkG0kmbcu8MzJPrHk1tVqSdCk=,A2xCpJIdSa87+zV9KUm/VoQ5G4s=
-11,-50,h9jkG0kmbcu8MzJPrHk1tVqSdCk=,A2xCpJIdSa87+zV9KUm/VoQ5G4s=
-1,-49,h9jkG0kmbcu8MzJPrHk1tVqSdCk=,zN9wPtXW6yNqeZG5eA66lVd4V84=
-12,-50,h9jkG0kmbcu8MzJPrHk1tVqSdCk=,A2xCpJIdSa87+zV9KUm/VoQ5G4s=
-2,-49,h9jkG0kmbcu8MzJPrHk1tVqSdCk=,zN9wPtXW6yNqeZG5eA66lVd4V84=
-10,-52,h9jkG0kmbcu8MzJPrHk1tVqSdCk=,A2xCpJIdSa87+zV9KUm/VoQ5G4s=
-3,-49,h9jkG0kmbcu8MzJPrHk1tVqSdCk=,zN9wPtXW6yNqeZG5eA66lVd4V84=
-10,-49,h9jkG0kmbcu8MzJPrHk1tVqSdCk=,A2xCpJIdSa87+zV9KUm/VoQ5G4s=
-3,-52,h9jkG0kmbcu8MzJPrHk1tVqSdCk=,zN9wPtXW6yNqeZG5eA66lVd4V84=
-10,-50,h9jkG0kmbcu8MzJPrHk1tVqSdCk=,A2xCpJIdSa87+zV9KUm/VoQ5G4s=
-9,-51,h9jkG0kmbcu8MzJPrHk1tVqSdCk=,A2xCpJIdSa87+zV9KUm/VoQ5G4s=
-2,-52,h9jkG0kmbcu8MzJPrHk1tVqSdCk=,zN9wPtXW6yNqeZG5eA66lVd4V84=
-7,-50,h9jkG0kmbcu8MzJPrHk1tVqSdCk=,zN9wPtXW6yNqeZG5eA66lVd4V84=
-4,-52,h9jkG0kmbcu8MzJPrHk1tVqSdCk=,zN9wPtXW6yNqeZG5eA66lVd4V84=
-11,-49,h9jkG0kmbcu8MzJPrHk1tVqSdCk=,A2xCpJIdSa87+zV9KUm/VoQ5G4s=
-11,-51,h9jkG0kmbcu8MzJPrHk1tVqSdCk=,A2xCpJIdSa87+zV9KUm/VoQ5G4s=
-10,-51,h9jkG0kmbcu8MzJPrHk1tVqSdCk=,A2xCpJIdSa87+zV9KUm/VoQ5G4s=
-9,-50,h9jkG0kmbcu8MzJPrHk1tVqSdCk=,A2xCpJIdSa87+zV9KUm/VoQ5G4s=
-5,-52,h9jkG0kmbcu8MzJPrHk1tVqSdCk=,zN9wPtXW6yNqeZG5eA66lVd4V84=
-4,-49,h9jkG0kmbcu8MzJPrHk1tVqSdCk=,zN9wPtXW6yNqeZG5eA66lVd4V84=
-9,-52,h9jkG0kmbcu8MzJPrHk1tVqSdCk=,A2xCpJIdSa87+zV9KUm/VoQ5G4s=
-12,-49,h9jkG0kmbcu8MzJPrHk1tVqSdCk=,A2xCpJIdSa87+zV9KUm/VoQ5G4s=
-12,-51,h9jkG0kmbcu8MzJPrHk1tVqSdCk=,A2xCpJIdSa87+zV9KUm/VoQ5G4s=
-5,-49,h9jkG0kmbcu8MzJPrHk1tVqSdCk=,zN9wPtXW6yNqeZG5eA66lVd4V84=
-6,-51,h9jkG0kmbcu8MzJPrHk1tVqSdCk=,zN9wPtXW6yNqeZG5eA66lVd4V84=
-3,-51,h9jkG0kmbcu8MzJPrHk1tVqSdCk=,zN9wPtXW6yNqeZG5eA66lVd4V84=
-6,-50,h9jkG0kmbcu8MzJPrHk1tVqSdCk=,zN9wPtXW6yNqeZG5eA66lVd4V84=
-2,-51,h9jkG0kmbcu8MzJPrHk1tVqSdCk=,zN9wPtXW6yNqeZG5eA66lVd4V84=
-5,-51,h9jkG0kmbcu8MzJPrHk1tVqSdCk=,zN9wPtXW6yNqeZG5eA66lVd4V84=
-7,-51,h9jkG0kmbcu8MzJPrHk1tVqSdCk=,zN9wPtXW6yNqeZG5eA66lVd4V84=
-4,-50,h9jkG0kmbcu8MzJPrHk1tVqSdCk=,zN9wPtXW6yNqeZG5eA66lVd4V84=
-8,-50,h9jkG0kmbcu8MzJPrHk1tVqSdCk=,zN9wPtXW6yNqeZG5eA66lVd4V84=
-1,-51,h9jkG0kmbcu8MzJPrHk1tVqSdCk=,zN9wPtXW6yNqeZG5eA66lVd4V84=
-3,-50,h9jkG0kmbcu8MzJPrHk1tVqSdCk=,zN9wPtXW6yNqeZG5eA66lVd4V84=
-4,-51,h9jkG0kmbcu8MzJPrHk1tVqSdCk=,zN9wPtXW6yNqeZG5eA66lVd4V84=
-1,-52,h9jkG0kmbcu8MzJPrHk1tVqSdCk=,zN9wPtXW6yNqeZG5eA66lVd4V84=
-2,-50,h9jkG0kmbcu8MzJPrHk1tVqSdCk=,zN9wPtXW6yNqeZG5eA66lVd4V84=
-7,-52,h9jkG0kmbcu8MzJPrHk1tVqSdCk=,zN9wPtXW6yNqeZG5eA66lVd4V84=
-6,-52,h9jkG0kmbcu8MzJPrHk1tVqSdCk=,zN9wPtXW6yNqeZG5eA66lVd4V84=
-5,-50,h9jkG0kmbcu8MzJPrHk1tVqSdCk=,zN9wPtXW6yNqeZG5eA66lVd4V84=
-1,-50,h9jkG0kmbcu8MzJPrHk1tVqSdCk=,zN9wPtXW6yNqeZG5eA66lVd4V84=
-7,-49,h9jkG0kmbcu8MzJPrHk1tVqSdCk=,zN9wPtXW6yNqeZG5eA66lVd4V84=
-8,-52,h9jkG0kmbcu8MzJPrHk1tVqSdCk=,zN9wPtXW6yNqeZG5eA66lVd4V84=
-8,-51,h9jkG0kmbcu8MzJPrHk1tVqSdCk=,zN9wPtXW6yNqeZG5eA66lVd4V84=
-8,-49,h9jkG0kmbcu8MzJPrHk1tVqSdCk=,zN9wPtXW6yNqeZG5eA66lVd4V84=
-6,-49,h9jkG0kmbcu8MzJPrHk1tVqSdCk=,zN9wPtXW6yNqeZG5eA66lVd4V84=
-28,-50,xKgxCyJhb/7NlLmEHu5l2VDWerc=,UbLKJIE2/WUFEUoibIA0KrZqWMs=
-21,-49,xjpgdiN/e22fJhtyp0FDjaU5Np4=,iGtog/qYq0+wfp4fDgYvzUr1K/s=
-25,-49,xjpgdiN/e22fJhtyp0FDjaU5Np4=,UbLKJIE2/WUFEUoibIA0KrZqWMs=
-27,-50,O5P7E74U/RG66ABRsFI6soNOWIo=,UbLKJIE2/WUFEUoibIA0KrZqWMs=
-25,-51,O5P7E74U/RG66ABRsFI6soNOWIo=,UbLKJIE2/WUFEUoibIA0KrZqWMs=
-25,-50,+FTYOWN8CsylfQ95Hu+3a7uZYc4=,UbLKJIE2/WUFEUoibIA0KrZqWMs=
-25,-52,+FTYOWN8CsylfQ95Hu+3a7uZYc4=,UbLKJIE2/WUFEUoibIA0KrZqWMs=
-24,-56,+FTYOWN8CsylfQ95Hu+3a7uZYc4=,iGtog/qYq0+wfp4fDgYvzUr1K/s=
-22,-49,+FTYOWN8CsylfQ95Hu+3a7uZYc4=,iGtog/qYq0+wfp4fDgYvzUr1K/s=
-25,-56,+FTYOWN8CsylfQ95Hu+3a7uZYc4=,UbLKJIE2/WUFEUoibIA0KrZqWMs=
-22,-56,+FTYOWN8CsylfQ95Hu+3a7uZYc4=,iGtog/qYq0+wfp4fDgYvzUr1K/s=
-26,-50,+FTYOWN8CsylfQ95Hu+3a7uZYc4=,UbLKJIE2/WUFEUoibIA0KrZqWMs=
-26,-51,+FTYOWN8CsylfQ95Hu+3a7uZYc4=,UbLKJIE2/WUFEUoibIA0KrZqWMs=
-26,-56,+FTYOWN8CsylfQ95Hu+3a7uZYc4=,UbLKJIE2/WUFEUoibIA0KrZqWMs=
-21,-55,+FTYOWN8CsylfQ95Hu+3a7uZYc4=,iGtog/qYq0+wfp4fDgYvzUr1K/s=
-28,-49,1ejNW/++zIhrneC7l3NP+i8P48g=,UbLKJIE2/WUFEUoibIA0KrZqWMs=
-27,-51,1ejNW/++zIhrneC7l3NP+i8P48g=,UbLKJIE2/WUFEUoibIA0KrZqWMs=
-23,-49,1ejNW/++zIhrneC7l3NP+i8P48g=,iGtog/qYq0+wfp4fDgYvzUr1K/s=
-27,-56,1ejNW/++zIhrneC7l3NP+i8P48g=,UbLKJIE2/WUFEUoibIA0KrZqWMs=
-24,-49,gf4/rjSQB4kYFpDmPrwN0AFXz4M=,iGtog/qYq0+wfp4fDgYvzUr1K/s=
-24,-50,gf4/rjSQB4kYFpDmPrwN0AFXz4M=,iGtog/qYq0+wfp4fDgYvzUr1K/s=
-22,-55,gf4/rjSQB4kYFpDmPrwN0AFXz4M=,iGtog/qYq0+wfp4fDgYvzUr1K/s=
-28,-56,o9p5tY1bE2M9AMZL3RwXj9azfj8=,UbLKJIE2/WUFEUoibIA0KrZqWMs=
-22,-52,o9p5tY1bE2M9AMZL3RwXj9azfj8=,iGtog/qYq0+wfp4fDgYvzUr1K/s=
-23,-50,o9p5tY1bE2M9AMZL3RwXj9azfj8=,iGtog/qYq0+wfp4fDgYvzUr1K/s=
-28,-51,o9p5tY1bE2M9AMZL3RwXj9azfj8=,UbLKJIE2/WUFEUoibIA0KrZqWMs=
-26,-52,o9p5tY1bE2M9AMZL3RwXj9azfj8=,UbLKJIE2/WUFEUoibIA0KrZqWMs=
-23,-52,o9p5tY1bE2M9AMZL3RwXj9azfj8=,iGtog/qYq0+wfp4fDgYvzUr1K/s=
-21,-54,o9p5tY1bE2M9AMZL3RwXj9azfj8=,iGtog/qYq0+wfp4fDgYvzUr1K/s=
-27,-52,o9p5tY1bE2M9AMZL3RwXj9azfj8=,UbLKJIE2/WUFEUoibIA0KrZqWMs=
-25,-53,o9p5tY1bE2M9AMZL3RwXj9azfj8=,UbLKJIE2/WUFEUoibIA0KrZqWMs=
-22,-50,o9p5tY1bE2M9AMZL3RwXj9azfj8=,iGtog/qYq0+wfp4fDgYvzUr1K/s=
-25,-54,o9p5tY1bE2M9AMZL3RwXj9azfj8=,UbLKJIE2/WUFEUoibIA0KrZqWMs=
-22,-54,o9p5tY1bE2M9AMZL3RwXj9azfj8=,iGtog/qYq0+wfp4fDgYvzUr1K/s=
-21,-52,o9p5tY1bE2M9AMZL3RwXj9azfj8=,iGtog/qYq0+wfp4fDgYvzUr1K/s=
-24,-52,o9p5tY1bE2M9AMZL3RwXj9azfj8=,iGtog/qYq0+wfp4fDgYvzUr1K/s=
-28,-52,o9p5tY1bE2M9AMZL3RwXj9azfj8=,UbLKJIE2/WUFEUoibIA0KrZqWMs=
-25,-55,o9p5tY1bE2M9AMZL3RwXj9azfj8=,UbLKJIE2/WUFEUoibIA0KrZqWMs=
-21,-51,o9p5tY1bE2M9AMZL3RwXj9azfj8=,iGtog/qYq0+wfp4fDgYvzUr1K/s=
-27,-49,o9p5tY1bE2M9AMZL3RwXj9azfj8=,UbLKJIE2/WUFEUoibIA0KrZqWMs=
-23,-54,o9p5tY1bE2M9AMZL3RwXj9azfj8=,iGtog/qYq0+wfp4fDgYvzUr1K/s=
-26,-53,o9p5tY1bE2M9AMZL3RwXj9azfj8=,UbLKJIE2/WUFEUoibIA0KrZqWMs=
-26,-49,o9p5tY1bE2M9AMZL3RwXj9azfj8=,UbLKJIE2/WUFEUoibIA0KrZqWMs=
-21,-56,o9p5tY1bE2M9AMZL3RwXj9azfj8=,iGtog/qYq0+wfp4fDgYvzUr1K/s=
-24,-51,o9p5tY1bE2M9AMZL3RwXj9azfj8=,iGtog/qYq0+wfp4fDgYvzUr1K/s=
-27,-53,o9p5tY1bE2M9AMZL3RwXj9azfj8=,UbLKJIE2/WUFEUoibIA0KrZqWMs=
-28,-55,o9p5tY1bE2M9AMZL3RwXj9azfj8=,UbLKJIE2/WUFEUoibIA0KrZqWMs=
-23,-51,o9p5tY1bE2M9AMZL3RwXj9azfj8=,iGtog/qYq0+wfp4fDgYvzUr1K/s=
-22,-51,o9p5tY1bE2M9AMZL3RwXj9azfj8=,iGtog/qYq0+wfp4fDgYvzUr1K/s=
-23,-56,o9p5tY1bE2M9AMZL3RwXj9azfj8=,iGtog/qYq0+wfp4fDgYvzUr1K/s=
-26,-55,o9p5tY1bE2M9AMZL3RwXj9azfj8=,UbLKJIE2/WUFEUoibIA0KrZqWMs=
-28,-53,o9p5tY1bE2M9AMZL3RwXj9azfj8=,UbLKJIE2/WUFEUoibIA0KrZqWMs=
-21,-50,o9p5tY1bE2M9AMZL3RwXj9azfj8=,iGtog/qYq0+wfp4fDgYvzUr1K/s=
-28,-54,o9p5tY1bE2M9AMZL3RwXj9azfj8=,UbLKJIE2/WUFEUoibIA0KrZqWMs=
-21,-53,o9p5tY1bE2M9AMZL3RwXj9azfj8=,iGtog/qYq0+wfp4fDgYvzUr1K/s=
-26,-54,o9p5tY1bE2M9AMZL3RwXj9azfj8=,UbLKJIE2/WUFEUoibIA0KrZqWMs=
-27,-55,o9p5tY1bE2M9AMZL3RwXj9azfj8=,UbLKJIE2/WUFEUoibIA0KrZqWMs=
-23,-60,o9p5tY1bE2M9AMZL3RwXj9azfj8=,0APXKDAGUsn9acCdRChNgksxOXc=
-21,-60,o9p5tY1bE2M9AMZL3RwXj9azfj8=,0APXKDAGUsn9acCdRChNgksxOXc=
-27,-54,o9p5tY1bE2M9AMZL3RwXj9azfj8=,UbLKJIE2/WUFEUoibIA0KrZqWMs=
-23,-55,o9p5tY1bE2M9AMZL3RwXj9azfj8=,iGtog/qYq0+wfp4fDgYvzUr1K/s=
-25,-58,o9p5tY1bE2M9AMZL3RwXj9azfj8=,zvtgkWCvUmAUhsRP5MYJlzOtuJ4=
-28,-57,o9p5tY1bE2M9AMZL3RwXj9azfj8=,zvtgkWCvUmAUhsRP5MYJlzOtuJ4=
-22,-59,o9p5tY1bE2M9AMZL3RwXj9azfj8=,0APXKDAGUsn9acCdRChNgksxOXc=
-23,-58,o9p5tY1bE2M9AMZL3RwXj9azfj8=,0APXKDAGUsn9acCdRChNgksxOXc=
-21,-59,o9p5tY1bE2M9AMZL3RwXj9azfj8=,0APXKDAGUsn9acCdRChNgksxOXc=
-23,-59,o9p5tY1bE2M9AMZL3RwXj9azfj8=,0APXKDAGUsn9acCdRChNgksxOXc=
-22,-60,o9p5tY1bE2M9AMZL3RwXj9azfj8=,0APXKDAGUsn9acCdRChNgksxOXc=
-21,-58,o9p5tY1bE2M9AMZL3RwXj9azfj8=,0APXKDAGUsn9acCdRChNgksxOXc=
-23,-57,o9p5tY1bE2M9AMZL3RwXj9azfj8=,0APXKDAGUsn9acCdRChNgksxOXc=
-27,-57,o9p5tY1bE2M9AMZL3RwXj9azfj8=,zvtgkWCvUmAUhsRP5MYJlzOtuJ4=
-26,-58,o9p5tY1bE2M9AMZL3RwXj9azfj8=,zvtgkWCvUmAUhsRP5MYJlzOtuJ4=
-24,-59,o9p5tY1bE2M9AMZL3RwXj9azfj8=,0APXKDAGUsn9acCdRChNgksxOXc=
-22,-58,o9p5tY1bE2M9AMZL3RwXj9azfj8=,0APXKDAGUsn9acCdRChNgksxOXc=
-24,-55,o9p5tY1bE2M9AMZL3RwXj9azfj8=,iGtog/qYq0+wfp4fDgYvzUr1K/s=
-24,-60,o9p5tY1bE2M9AMZL3RwXj9azfj8=,0APXKDAGUsn9acCdRChNgksxOXc=
-26,-57,o9p5tY1bE2M9AMZL3RwXj9azfj8=,zvtgkWCvUmAUhsRP5MYJlzOtuJ4=
-28,-58,o9p5tY1bE2M9AMZL3RwXj9azfj8=,zvtgkWCvUmAUhsRP5MYJlzOtuJ4=
-25,-57,o9p5tY1bE2M9AMZL3RwXj9azfj8=,zvtgkWCvUmAUhsRP5MYJlzOtuJ4=
-24,-57,o9p5tY1bE2M9AMZL3RwXj9azfj8=,0APXKDAGUsn9acCdRChNgksxOXc=
-21,-57,o9p5tY1bE2M9AMZL3RwXj9azfj8=,0APXKDAGUsn9acCdRChNgksxOXc=
-26,-59,o9p5tY1bE2M9AMZL3RwXj9azfj8=,zvtgkWCvUmAUhsRP5MYJlzOtuJ4=
-24,-54,o9p5tY1bE2M9AMZL3RwXj9azfj8=,iGtog/qYq0+wfp4fDgYvzUr1K/s=
-22,-57,o9p5tY1bE2M9AMZL3RwXj9azfj8=,0APXKDAGUsn9acCdRChNgksxOXc=
-26,-60,o9p5tY1bE2M9AMZL3RwXj9azfj8=,zvtgkWCvUmAUhsRP5MYJlzOtuJ4=
-25,-60,o9p5tY1bE2M9AMZL3RwXj9azfj8=,zvtgkWCvUmAUhsRP5MYJlzOtuJ4=
-27,-60,o9p5tY1bE2M9AMZL3RwXj9azfj8=,zvtgkWCvUmAUhsRP5MYJlzOtuJ4=
-27,-58,o9p5tY1bE2M9AMZL3RwXj9azfj8=,zvtgkWCvUmAUhsRP5MYJlzOtuJ4=
-28,-60,o9p5tY1bE2M9AMZL3RwXj9azfj8=,zvtgkWCvUmAUhsRP5MYJlzOtuJ4=
-27,-59,o9p5tY1bE2M9AMZL3RwXj9azfj8=,zvtgkWCvUmAUhsRP5MYJlzOtuJ4=
-25,-59,o9p5tY1bE2M9AMZL3RwXj9azfj8=,zvtgkWCvUmAUhsRP5MYJlzOtuJ4=
-24,-53,o9p5tY1bE2M9AMZL3RwXj9azfj8=,iGtog/qYq0+wfp4fDgYvzUr1K/s=
-28,-59,o9p5tY1bE2M9AMZL3RwXj9azfj8=,zvtgkWCvUmAUhsRP5MYJlzOtuJ4=
-23,-53,o9p5tY1bE2M9AMZL3RwXj9azfj8=,iGtog/qYq0+wfp4fDgYvzUr1K/s=
-24,-58,o9p5tY1bE2M9AMZL3RwXj9azfj8=,0APXKDAGUsn9acCdRChNgksxOXc=
-22,-53,o9p5tY1bE2M9AMZL3RwXj9azfj8=,iGtog/qYq0+wfp4fDgYvzUr1K/s=
-32,-57,o9p5tY1bE2M9AMZL3RwXj9azfj8=,zvtgkWCvUmAUhsRP5MYJlzOtuJ4=
-32,-53,o9p5tY1bE2M9AMZL3RwXj9azfj8=,UbLKJIE2/WUFEUoibIA0KrZqWMs=
-32,-60,o9p5tY1bE2M9AMZL3RwXj9azfj8=,zvtgkWCvUmAUhsRP5MYJlzOtuJ4=
-32,-59,o9p5tY1bE2M9AMZL3RwXj9azfj8=,zvtgkWCvUmAUhsRP5MYJlzOtuJ4=
-32,-58,o9p5tY1bE2M9AMZL3RwXj9azfj8=,zvtgkWCvUmAUhsRP5MYJlzOtuJ4=
-31,-60,o9p5tY1bE2M9AMZL3RwXj9azfj8=,zvtgkWCvUmAUhsRP5MYJlzOtuJ4=
-32,-54,o9p5tY1bE2M9AMZL3RwXj9azfj8=,UbLKJIE2/WUFEUoibIA0KrZqWMs=
-30,-57,o9p5tY1bE2M9AMZL3RwXj9azfj8=,zvtgkWCvUmAUhsRP5MYJlzOtuJ4=
-29,-57,o9p5tY1bE2M9AMZL3RwXj9azfj8=,zvtgkWCvUmAUhsRP5MYJlzOtuJ4=
-31,-57,o9p5tY1bE2M9AMZL3RwXj9azfj8=,zvtgkWCvUmAUhsRP5MYJlzOtuJ4=
-30,-60,o9p5tY1bE2M9AMZL3RwXj9azfj8=,zvtgkWCvUmAUhsRP5MYJlzOtuJ4=
-32,-55,o9p5tY1bE2M9AMZL3RwXj9azfj8=,UbLKJIE2/WUFEUoibIA0KrZqWMs=
-30,-58,o9p5tY1bE2M9AMZL3RwXj9azfj8=,zvtgkWCvUmAUhsRP5MYJlzOtuJ4=
-29,-58,o9p5tY1bE2M9AMZL3RwXj9azfj8=,zvtgkWCvUmAUhsRP5MYJlzOtuJ4=
-31,-58,o9p5tY1bE2M9AMZL3RwXj9azfj8=,zvtgkWCvUmAUhsRP5MYJlzOtuJ4=
-32,-56,o9p5tY1bE2M9AMZL3RwXj9azfj8=,UbLKJIE2/WUFEUoibIA0KrZqWMs=
-29,-60,o9p5tY1bE2M9AMZL3RwXj9azfj8=,zvtgkWCvUmAUhsRP5MYJlzOtuJ4=
-29,-59,o9p5tY1bE2M9AMZL3RwXj9azfj8=,zvtgkWCvUmAUhsRP5MYJlzOtuJ4=
-31,-59,o9p5tY1bE2M9AMZL3RwXj9azfj8=,zvtgkWCvUmAUhsRP5MYJlzOtuJ4=
-30,-59,o9p5tY1bE2M9AMZL3RwXj9azfj8=,zvtgkWCvUmAUhsRP5MYJlzOtuJ4=
-29,-56,o9p5tY1bE2M9AMZL3RwXj9azfj8=,UbLKJIE2/WUFEUoibIA0KrZqWMs=
-30,-55,o9p5tY1bE2M9AMZL3RwXj9azfj8=,UbLKJIE2/WUFEUoibIA0KrZqWMs=
-31,-55,o9p5tY1bE2M9AMZL3RwXj9azfj8=,UbLKJIE2/WUFEUoibIA0KrZqWMs=
-29,-55,o9p5tY1bE2M9AMZL3RwXj9azfj8=,UbLKJIE2/WUFEUoibIA0KrZqWMs=
-26,-64,o9p5tY1bE2M9AMZL3RwXj9azfj8=,zvtgkWCvUmAUhsRP5MYJlzOtuJ4=
-30,-56,o9p5tY1bE2M9AMZL3RwXj9azfj8=,UbLKJIE2/WUFEUoibIA0KrZqWMs=
-25,-64,o9p5tY1bE2M9AMZL3RwXj9azfj8=,zvtgkWCvUmAUhsRP5MYJlzOtuJ4=
-31,-54,o9p5tY1bE2M9AMZL3RwXj9azfj8=,UbLKJIE2/WUFEUoibIA0KrZqWMs=
-31,-56,o9p5tY1bE2M9AMZL3RwXj9azfj8=,UbLKJIE2/WUFEUoibIA0KrZqWMs=
-21,-64,o9p5tY1bE2M9AMZL3RwXj9azfj8=,0APXKDAGUsn9acCdRChNgksxOXc=
-27,-64,o9p5tY1bE2M9AMZL3RwXj9azfj8=,zvtgkWCvUmAUhsRP5MYJlzOtuJ4=
-21,-63,o9p5tY1bE2M9AMZL3RwXj9azfj8=,0APXKDAGUsn9acCdRChNgksxOXc=
-23,-63,o9p5tY1bE2M9AMZL3RwXj9azfj8=,0APXKDAGUsn9acCdRChNgksxOXc=
-22,-63,o9p5tY1bE2M9AMZL3RwXj9azfj8=,0APXKDAGUsn9acCdRChNgksxOXc=
-23,-62,o9p5tY1bE2M9AMZL3RwXj9azfj8=,0APXKDAGUsn9acCdRChNgksxOXc=
-29,-53,o9p5tY1bE2M9AMZL3RwXj9azfj8=,UbLKJIE2/WUFEUoibIA0KrZqWMs=
-22,-64,o9p5tY1bE2M9AMZL3RwXj9azfj8=,0APXKDAGUsn9acCdRChNgksxOXc=
-28,-64,o9p5tY1bE2M9AMZL3RwXj9azfj8=,zvtgkWCvUmAUhsRP5MYJlzOtuJ4=
-30,-53,o9p5tY1bE2M9AMZL3RwXj9azfj8=,UbLKJIE2/WUFEUoibIA0KrZqWMs=
-23,-61,o9p5tY1bE2M9AMZL3RwXj9azfj8=,0APXKDAGUsn9acCdRChNgksxOXc=
-22,-61,o9p5tY1bE2M9AMZL3RwXj9azfj8=,0APXKDAGUsn9acCdRChNgksxOXc=
-25,-61,o9p5tY1bE2M9AMZL3RwXj9azfj8=,zvtgkWCvUmAUhsRP5MYJlzOtuJ4=
-21,-61,o9p5tY1bE2M9AMZL3RwXj9azfj8=,0APXKDAGUsn9acCdRChNgksxOXc=
-23,-64,o9p5tY1bE2M9AMZL3RwXj9azfj8=,0APXKDAGUsn9acCdRChNgksxOXc=
-21,-62,o9p5tY1bE2M9AMZL3RwXj9azfj8=,0APXKDAGUsn9acCdRChNgksxOXc=
-31,-53,o9p5tY1bE2M9AMZL3RwXj9azfj8=,UbLKJIE2/WUFEUoibIA0KrZqWMs=
-24,-63,o9p5tY1bE2M9AMZL3RwXj9azfj8=,0APXKDAGUsn9acCdRChNgksxOXc=
-28,-63,o9p5tY1bE2M9AMZL3RwXj9azfj8=,zvtgkWCvUmAUhsRP5MYJlzOtuJ4=
-24,-64,o9p5tY1bE2M9AMZL3RwXj9azfj8=,0APXKDAGUsn9acCdRChNgksxOXc=
-22,-62,o9p5tY1bE2M9AMZL3RwXj9azfj8=,0APXKDAGUsn9acCdRChNgksxOXc=
-26,-61,o9p5tY1bE2M9AMZL3RwXj9azfj8=,zvtgkWCvUmAUhsRP5MYJlzOtuJ4=
-29,-54,o9p5tY1bE2M9AMZL3RwXj9azfj8=,UbLKJIE2/WUFEUoibIA0KrZqWMs=
-24,-62,o9p5tY1bE2M9AMZL3RwXj9azfj8=,0APXKDAGUsn9acCdRChNgksxOXc=
-27,-63,o9p5tY1bE2M9AMZL3RwXj9azfj8=,zvtgkWCvUmAUhsRP5MYJlzOtuJ4=
-28,-62,o9p5tY1bE2M9AMZL3RwXj9azfj8=,zvtgkWCvUmAUhsRP5MYJlzOtuJ4=
-30,-54,o9p5tY1bE2M9AMZL3RwXj9azfj8=,UbLKJIE2/WUFEUoibIA0KrZqWMs=
-24,-61,o9p5tY1bE2M9AMZL3RwXj9azfj8=,0APXKDAGUsn9acCdRChNgksxOXc=
-27,-61,o9p5tY1bE2M9AMZL3RwXj9azfj8=,zvtgkWCvUmAUhsRP5MYJlzOtuJ4=
-27,-62,o9p5tY1bE2M9AMZL3RwXj9azfj8=,zvtgkWCvUmAUhsRP5MYJlzOtuJ4=
-26,-63,o9p5tY1bE2M9AMZL3RwXj9azfj8=,zvtgkWCvUmAUhsRP5MYJlzOtuJ4=
-25,-62,o9p5tY1bE2M9AMZL3RwXj9azfj8=,zvtgkWCvUmAUhsRP5MYJlzOtuJ4=
-28,-61,o9p5tY1bE2M9AMZL3RwXj9azfj8=,zvtgkWCvUmAUhsRP5MYJlzOtuJ4=
-25,-63,o9p5tY1bE2M9AMZL3RwXj9azfj8=,zvtgkWCvUmAUhsRP5MYJlzOtuJ4=
-26,-62,o9p5tY1bE2M9AMZL3RwXj9azfj8=,zvtgkWCvUmAUhsRP5MYJlzOtuJ4=
-32,-64,o9p5tY1bE2M9AMZL3RwXj9azfj8=,zvtgkWCvUmAUhsRP5MYJlzOtuJ4=
-17,-56,o9p5tY1bE2M9AMZL3RwXj9azfj8=,iGtog/qYq0+wfp4fDgYvzUr1K/s=
-18,-51,o9p5tY1bE2M9AMZL3RwXj9azfj8=,iGtog/qYq0+wfp4fDgYvzUr1K/s=
-20,-52,o9p5tY1bE2M9AMZL3RwXj9azfj8=,iGtog/qYq0+wfp4fDgYvzUr1K/s=
-19,-51,o9p5tY1bE2M9AMZL3RwXj9azfj8=,iGtog/qYq0+wfp4fDgYvzUr1K/s=
-17,-49,o9p5tY1bE2M9AMZL3RwXj9azfj8=,iGtog/qYq0+wfp4fDgYvzUr1K/s=
-17,-54,o9p5tY1bE2M9AMZL3RwXj9azfj8=,iGtog/qYq0+wfp4fDgYvzUr1K/s=
-29,-64,o9p5tY1bE2M9AMZL3RwXj9azfj8=,zvtgkWCvUmAUhsRP5MYJlzOtuJ4=
-20,-51,o9p5tY1bE2M9AMZL3RwXj9azfj8=,iGtog/qYq0+wfp4fDgYvzUr1K/s=
-31,-62,o9p5tY1bE2M9AMZL3RwXj9azfj8=,zvtgkWCvUmAUhsRP5MYJlzOtuJ4=
-17,-64,o9p5tY1bE2M9AMZL3RwXj9azfj8=,0APXKDAGUsn9acCdRChNgksxOXc=
-17,-57,o9p5tY1bE2M9AMZL3RwXj9azfj8=,0APXKDAGUsn9acCdRChNgksxOXc=
-17,-58,o9p5tY1bE2M9AMZL3RwXj9azfj8=,0APXKDAGUsn9acCdRChNgksxOXc=
-30,-64,o9p5tY1bE2M9AMZL3RwXj9azfj8=,zvtgkWCvUmAUhsRP5MYJlzOtuJ4=
-18,-50,o9p5tY1bE2M9AMZL3RwXj9azfj8=,iGtog/qYq0+wfp4fDgYvzUr1K/s=
-20,-62,o9p5tY1bE2M9AMZL3RwXj9azfj8=,0APXKDAGUsn9acCdRChNgksxOXc=
-18,-63,o9p5tY1bE2M9AMZL3RwXj9azfj8=,0APXKDAGUsn9acCdRChNgksxOXc=
-18,-55,o9p5tY1bE2M9AMZL3RwXj9azfj8=,iGtog/qYq0+wfp4fDgYvzUr1K/s=
-19,-62,o9p5tY1bE2M9AMZL3RwXj9azfj8=,0APXKDAGUsn9acCdRChNgksxOXc=
-31,-64,o9p5tY1bE2M9AMZL3RwXj9azfj8=,zvtgkWCvUmAUhsRP5MYJlzOtuJ4=
-18,-56,o9p5tY1bE2M9AMZL3RwXj9azfj8=,iGtog/qYq0+wfp4fDgYvzUr1K/s=
-19,-56,o9p5tY1bE2M9AMZL3RwXj9azfj8=,iGtog/qYq0+wfp4fDgYvzUr1K/s=
-19,-63,o9p5tY1bE2M9AMZL3RwXj9azfj8=,0APXKDAGUsn9acCdRChNgksxOXc=
-19,-53,o9p5tY1bE2M9AMZL3RwXj9azfj8=,iGtog/qYq0+wfp4fDgYvzUr1K/s=
-31,-63,o9p5tY1bE2M9AMZL3RwXj9azfj8=,zvtgkWCvUmAUhsRP5MYJlzOtuJ4=
-19,-49,o9p5tY1bE2M9AMZL3RwXj9azfj8=,iGtog/qYq0+wfp4fDgYvzUr1K/s=
-17,-53,o9p5tY1bE2M9AMZL3RwXj9azfj8=,iGtog/qYq0+wfp4fDgYvzUr1K/s=
-20,-54,o9p5tY1bE2M9AMZL3RwXj9azfj8=,iGtog/qYq0+wfp4fDgYvzUr1K/s=
-30,-63,o9p5tY1bE2M9AMZL3RwXj9azfj8=,zvtgkWCvUmAUhsRP5MYJlzOtuJ4=
-19,-50,o9p5tY1bE2M9AMZL3RwXj9azfj8=,iGtog/qYq0+wfp4fDgYvzUr1K/s=
-20,-61,o9p5tY1bE2M9AMZL3RwXj9azfj8=,0APXKDAGUsn9acCdRChNgksxOXc=
-20,-56,o9p5tY1bE2M9AMZL3RwXj9azfj8=,iGtog/qYq0+wfp4fDgYvzUr1K/s=
-19,-61,o9p5tY1bE2M9AMZL3RwXj9azfj8=,0APXKDAGUsn9acCdRChNgksxOXc=
-29,-63,o9p5tY1bE2M9AMZL3RwXj9azfj8=,zvtgkWCvUmAUhsRP5MYJlzOtuJ4=
-20,-53,o9p5tY1bE2M9AMZL3RwXj9azfj8=,iGtog/qYq0+wfp4fDgYvzUr1K/s=
-18,-62,o9p5tY1bE2M9AMZL3RwXj9azfj8=,0APXKDAGUsn9acCdRChNgksxOXc=
-18,-54,o9p5tY1bE2M9AMZL3RwXj9azfj8=,iGtog/qYq0+wfp4fDgYvzUr1K/s=
-30,-62,o9p5tY1bE2M9AMZL3RwXj9azfj8=,zvtgkWCvUmAUhsRP5MYJlzOtuJ4=
-32,-63,o9p5tY1bE2M9AMZL3RwXj9azfj8=,zvtgkWCvUmAUhsRP5MYJlzOtuJ4=
-20,-49,o9p5tY1bE2M9AMZL3RwXj9azfj8=,iGtog/qYq0+wfp4fDgYvzUr1K/s=
-29,-62,o9p5tY1bE2M9AMZL3RwXj9azfj8=,zvtgkWCvUmAUhsRP5MYJlzOtuJ4=
-17,-59,o9p5tY1bE2M9AMZL3RwXj9azfj8=,0APXKDAGUsn9acCdRChNgksxOXc=
-18,-53,o9p5tY1bE2M9AMZL3RwXj9azfj8=,iGtog/qYq0+wfp4fDgYvzUr1K/s=
-20,-60,o9p5tY1bE2M9AMZL3RwXj9azfj8=,0APXKDAGUsn9acCdRChNgksxOXc=
-19,-60,o9p5tY1bE2M9AMZL3RwXj9azfj8=,0APXKDAGUsn9acCdRChNgksxOXc=
-18,-61,o9p5tY1bE2M9AMZL3RwXj9azfj8=,0APXKDAGUsn9acCdRChNgksxOXc=
-19,-55,o9p5tY1bE2M9AMZL3RwXj9azfj8=,iGtog/qYq0+wfp4fDgYvzUr1K/s=
-18,-52,o9p5tY1bE2M9AMZL3RwXj9azfj8=,iGtog/qYq0+wfp4fDgYvzUr1K/s=
-19,-54,o9p5tY1bE2M9AMZL3RwXj9azfj8=,iGtog/qYq0+wfp4fDgYvzUr1K/s=
-18,-60,o9p5tY1bE2M9AMZL3RwXj9azfj8=,0APXKDAGUsn9acCdRChNgksxOXc=
-31,-61,o9p5tY1bE2M9AMZL3RwXj9azfj8=,zvtgkWCvUmAUhsRP5MYJlzOtuJ4=
-30,-61,o9p5tY1bE2M9AMZL3RwXj9azfj8=,zvtgkWCvUmAUhsRP5MYJlzOtuJ4=
-32,-49,o9p5tY1bE2M9AMZL3RwXj9azfj8=,UbLKJIE2/WUFEUoibIA0KrZqWMs=
-29,-61,o9p5tY1bE2M9AMZL3RwXj9azfj8=,zvtgkWCvUmAUhsRP5MYJlzOtuJ4=
-31,-49,o9p5tY1bE2M9AMZL3RwXj9azfj8=,UbLKJIE2/WUFEUoibIA0KrZqWMs=
-30,-49,o9p5tY1bE2M9AMZL3RwXj9azfj8=,UbLKJIE2/WUFEUoibIA0KrZqWMs=
-17,-55,o9p5tY1bE2M9AMZL3RwXj9azfj8=,iGtog/qYq0+wfp4fDgYvzUr1K/s=
-20,-59,o9p5tY1bE2M9AMZL3RwXj9azfj8=,0APXKDAGUsn9acCdRChNgksxOXc=
-32,-50,o9p5tY1bE2M9AMZL3RwXj9azfj8=,UbLKJIE2/WUFEUoibIA0KrZqWMs=
-32,-62,o9p5tY1bE2M9AMZL3RwXj9azfj8=,zvtgkWCvUmAUhsRP5MYJlzOtuJ4=
-20,-63,o9p5tY1bE2M9AMZL3RwXj9azfj8=,0APXKDAGUsn9acCdRChNgksxOXc=
-31,-52,o9p5tY1bE2M9AMZL3RwXj9azfj8=,UbLKJIE2/WUFEUoibIA0KrZqWMs=
-31,-51,o9p5tY1bE2M9AMZL3RwXj9azfj8=,UbLKJIE2/WUFEUoibIA0KrZqWMs=
-32,-61,o9p5tY1bE2M9AMZL3RwXj9azfj8=,zvtgkWCvUmAUhsRP5MYJlzOtuJ4=
-29,-51,o9p5tY1bE2M9AMZL3RwXj9azfj8=,UbLKJIE2/WUFEUoibIA0KrZqWMs=
-30,-51,o9p5tY1bE2M9AMZL3RwXj9azfj8=,UbLKJIE2/WUFEUoibIA0KrZqWMs=
-19,-52,o9p5tY1bE2M9AMZL3RwXj9azfj8=,iGtog/qYq0+wfp4fDgYvzUr1K/s=
-20,-55,o9p5tY1bE2M9AMZL3RwXj9azfj8=,iGtog/qYq0+wfp4fDgYvzUr1K/s=
-18,-49,o9p5tY1bE2M9AMZL3RwXj9azfj8=,iGtog/qYq0+wfp4fDgYvzUr1K/s=
-31,-50,o9p5tY1bE2M9AMZL3RwXj9azfj8=,UbLKJIE2/WUFEUoibIA0KrZqWMs=
-17,-60,o9p5tY1bE2M9AMZL3RwXj9azfj8=,0APXKDAGUsn9acCdRChNgksxOXc=
-19,-59,o9p5tY1bE2M9AMZL3RwXj9azfj8=,0APXKDAGUsn9acCdRChNgksxOXc=
-30,-52,o9p5tY1bE2M9AMZL3RwXj9azfj8=,UbLKJIE2/WUFEUoibIA0KrZqWMs=
-29,-52,o9p5tY1bE2M9AMZL3RwXj9azfj8=,UbLKJIE2/WUFEUoibIA0KrZqWMs=
-29,-49,o9p5tY1bE2M9AMZL3RwXj9azfj8=,UbLKJIE2/WUFEUoibIA0KrZqWMs=
-32,-51,o9p5tY1bE2M9AMZL3RwXj9azfj8=,UbLKJIE2/WUFEUoibIA0KrZqWMs=
-17,-61,o9p5tY1bE2M9AMZL3RwXj9azfj8=,0APXKDAGUsn9acCdRChNgksxOXc=
-17,-52,o9p5tY1bE2M9AMZL3RwXj9azfj8=,iGtog/qYq0+wfp4fDgYvzUr1K/s=
-17,-51,o9p5tY1bE2M9AMZL3RwXj9azfj8=,iGtog/qYq0+wfp4fDgYvzUr1K/s=
-17,-50,o9p5tY1bE2M9AMZL3RwXj9azfj8=,iGtog/qYq0+wfp4fDgYvzUr1K/s=
-17,-62,o9p5tY1bE2M9AMZL3RwXj9azfj8=,0APXKDAGUsn9acCdRChNgksxOXc=
-32,-52,o9p5tY1bE2M9AMZL3RwXj9azfj8=,UbLKJIE2/WUFEUoibIA0KrZqWMs=
-17,-63,o9p5tY1bE2M9AMZL3RwXj9azfj8=,0APXKDAGUsn9acCdRChNgksxOXc=
-20,-50,o9p5tY1bE2M9AMZL3RwXj9azfj8=,iGtog/qYq0+wfp4fDgYvzUr1K/s=
-30,-50,o9p5tY1bE2M9AMZL3RwXj9azfj8=,UbLKJIE2/WUFEUoibIA0KrZqWMs=
-29,-50,o9p5tY1bE2M9AMZL3RwXj9azfj8=,UbLKJIE2/WUFEUoibIA0KrZqWMs=
-18,-59,o9p5tY1bE2M9AMZL3RwXj9azfj8=,0APXKDAGUsn9acCdRChNgksxOXc=
-20,-64,o9p5tY1bE2M9AMZL3RwXj9azfj8=,0APXKDAGUsn9acCdRChNgksxOXc=
-19,-58,o9p5tY1bE2M9AMZL3RwXj9azfj8=,0APXKDAGUsn9acCdRChNgksxOXc=
-20,-58,o9p5tY1bE2M9AMZL3RwXj9azfj8=,0APXKDAGUsn9acCdRChNgksxOXc=
-18,-58,o9p5tY1bE2M9AMZL3RwXj9azfj8=,0APXKDAGUsn9acCdRChNgksxOXc=
-20,-57,o9p5tY1bE2M9AMZL3RwXj9azfj8=,0APXKDAGUsn9acCdRChNgksxOXc=
-19,-57,o9p5tY1bE2M9AMZL3RwXj9azfj8=,0APXKDAGUsn9acCdRChNgksxOXc=
-18,-57,o9p5tY1bE2M9AMZL3RwXj9azfj8=,0APXKDAGUsn9acCdRChNgksxOXc=
-19,-64,o9p5tY1bE2M9AMZL3RwXj9azfj8=,0APXKDAGUsn9acCdRChNgksxOXc=
-18,-64,o9p5tY1bE2M9AMZL3RwXj9azfj8=,0APXKDAGUsn9acCdRChNgksxOXc=
-24,-40,MxfXa/uaIAhoruBRBvebv8bqzUg=,UoqNix03XltOjYX7ZHIXmiUmRdY=
-25,-40,IKHQk3nkpXy8Ocf5soxGgZfOpFg=,GE1Mi/4nbzsCF2vOFb3dbwd9Iz4=
-28,-39,IKHQk3nkpXy8Ocf5soxGgZfOpFg=,GE1Mi/4nbzsCF2vOFb3dbwd9Iz4=
-27,-39,IKHQk3nkpXy8Ocf5soxGgZfOpFg=,GE1Mi/4nbzsCF2vOFb3dbwd9Iz4=
-26,-39,IKHQk3nkpXy8Ocf5soxGgZfOpFg=,GE1Mi/4nbzsCF2vOFb3dbwd9Iz4=
-28,-38,IKHQk3nkpXy8Ocf5soxGgZfOpFg=,GE1Mi/4nbzsCF2vOFb3dbwd9Iz4=
-23,-44,WaTN1gIC7Xh/2D06FaCMQNOv7rY=,shnPWAQKyKvDSLBH3Ldc7Mh1T+k=
-21,-44,WaTN1gIC7Xh/2D06FaCMQNOv7rY=,shnPWAQKyKvDSLBH3Ldc7Mh1T+k=
-26,-40,WaTN1gIC7Xh/2D06FaCMQNOv7rY=,GE1Mi/4nbzsCF2vOFb3dbwd9Iz4=
-27,-38,WrM1QrJCgbrfnGXwIvU/ZPc8xjc=,GE1Mi/4nbzsCF2vOFb3dbwd9Iz4=
-22,-43,AukiBVEQsz6aYUdbCaMlBFkPjE4=,shnPWAQKyKvDSLBH3Ldc7Mh1T+k=
-26,-42,AukiBVEQsz6aYUdbCaMlBFkPjE4=,iFd+2FvP6uw+gwUuu3HUyWzESQA=
-26,-38,AukiBVEQsz6aYUdbCaMlBFkPjE4=,GE1Mi/4nbzsCF2vOFb3dbwd9Iz4=
-23,-43,4KyTTMQ1wnK/GlL7wBXNDZOS7sM=,shnPWAQKyKvDSLBH3Ldc7Mh1T+k=
-27,-40,4KyTTMQ1wnK/GlL7wBXNDZOS7sM=,GE1Mi/4nbzsCF2vOFb3dbwd9Iz4=
-21,-43,4KyTTMQ1wnK/GlL7wBXNDZOS7sM=,shnPWAQKyKvDSLBH3Ldc7Mh1T+k=
-28,-37,4KyTTMQ1wnK/GlL7wBXNDZOS7sM=,GE1Mi/4nbzsCF2vOFb3dbwd9Iz4=
-25,-42,4KyTTMQ1wnK/GlL7wBXNDZOS7sM=,iFd+2FvP6uw+gwUuu3HUyWzESQA=
-22,-44,4KyTTMQ1wnK/GlL7wBXNDZOS7sM=,shnPWAQKyKvDSLBH3Ldc7Mh1T+k=
-28,-41,4KyTTMQ1wnK/GlL7wBXNDZOS7sM=,iFd+2FvP6uw+gwUuu3HUyWzESQA=
-27,-37,4KyTTMQ1wnK/GlL7wBXNDZOS7sM=,GE1Mi/4nbzsCF2vOFb3dbwd9Iz4=
-27,-42,4KyTTMQ1wnK/GlL7wBXNDZOS7sM=,iFd+2FvP6uw+gwUuu3HUyWzESQA=
-22,-42,4KyTTMQ1wnK/GlL7wBXNDZOS7sM=,shnPWAQKyKvDSLBH3Ldc7Mh1T+k=
-23,-41,4KyTTMQ1wnK/GlL7wBXNDZOS7sM=,shnPWAQKyKvDSLBH3Ldc7Mh1T+k=
-21,-42,4KyTTMQ1wnK/GlL7wBXNDZOS7sM=,shnPWAQKyKvDSLBH3Ldc7Mh1T+k=
-21,-41,4KyTTMQ1wnK/GlL7wBXNDZOS7sM=,shnPWAQKyKvDSLBH3Ldc7Mh1T+k=
-22,-41,4KyTTMQ1wnK/GlL7wBXNDZOS7sM=,shnPWAQKyKvDSLBH3Ldc7Mh1T+k=
-25,-41,4KyTTMQ1wnK/GlL7wBXNDZOS7sM=,iFd+2FvP6uw+gwUuu3HUyWzESQA=
-26,-37,4KyTTMQ1wnK/GlL7wBXNDZOS7sM=,GE1Mi/4nbzsCF2vOFb3dbwd9Iz4=
-24,-44,4KyTTMQ1wnK/GlL7wBXNDZOS7sM=,shnPWAQKyKvDSLBH3Ldc7Mh1T+k=
-27,-41,4KyTTMQ1wnK/GlL7wBXNDZOS7sM=,iFd+2FvP6uw+gwUuu3HUyWzESQA=
-23,-42,4KyTTMQ1wnK/GlL7wBXNDZOS7sM=,shnPWAQKyKvDSLBH3Ldc7Mh1T+k=
-24,-42,4KyTTMQ1wnK/GlL7wBXNDZOS7sM=,shnPWAQKyKvDSLBH3Ldc7Mh1T+k=
-25,-39,4KyTTMQ1wnK/GlL7wBXNDZOS7sM=,GE1Mi/4nbzsCF2vOFb3dbwd9Iz4=
-25,-43,4KyTTMQ1wnK/GlL7wBXNDZOS7sM=,iFd+2FvP6uw+gwUuu3HUyWzESQA=
-26,-41,4KyTTMQ1wnK/GlL7wBXNDZOS7sM=,iFd+2FvP6uw+gwUuu3HUyWzESQA=
-24,-41,4KyTTMQ1wnK/GlL7wBXNDZOS7sM=,shnPWAQKyKvDSLBH3Ldc7Mh1T+k=
-26,-43,4KyTTMQ1wnK/GlL7wBXNDZOS7sM=,iFd+2FvP6uw+gwUuu3HUyWzESQA=
-25,-37,4KyTTMQ1wnK/GlL7wBXNDZOS7sM=,GE1Mi/4nbzsCF2vOFb3dbwd9Iz4=
-28,-43,4KyTTMQ1wnK/GlL7wBXNDZOS7sM=,iFd+2FvP6uw+gwUuu3HUyWzESQA=
-25,-44,4KyTTMQ1wnK/GlL7wBXNDZOS7sM=,iFd+2FvP6uw+gwUuu3HUyWzESQA=
-27,-43,4KyTTMQ1wnK/GlL7wBXNDZOS7sM=,iFd+2FvP6uw+gwUuu3HUyWzESQA=
-24,-43,4KyTTMQ1wnK/GlL7wBXNDZOS7sM=,shnPWAQKyKvDSLBH3Ldc7Mh1T+k=
-26,-44,4KyTTMQ1wnK/GlL7wBXNDZOS7sM=,iFd+2FvP6uw+gwUuu3HUyWzESQA=
-28,-44,4KyTTMQ1wnK/GlL7wBXNDZOS7sM=,iFd+2FvP6uw+gwUuu3HUyWzESQA=
-27,-44,4KyTTMQ1wnK/GlL7wBXNDZOS7sM=,iFd+2FvP6uw+gwUuu3HUyWzESQA=
-24,-39,4KyTTMQ1wnK/GlL7wBXNDZOS7sM=,UoqNix03XltOjYX7ZHIXmiUmRdY=
-23,-39,4KyTTMQ1wnK/GlL7wBXNDZOS7sM=,UoqNix03XltOjYX7ZHIXmiUmRdY=
-22,-39,4KyTTMQ1wnK/GlL7wBXNDZOS7sM=,UoqNix03XltOjYX7ZHIXmiUmRdY=
-22,-38,4KyTTMQ1wnK/GlL7wBXNDZOS7sM=,UoqNix03XltOjYX7ZHIXmiUmRdY=
-21,-38,4KyTTMQ1wnK/GlL7wBXNDZOS7sM=,UoqNix03XltOjYX7ZHIXmiUmRdY=
-24,-37,4KyTTMQ1wnK/GlL7wBXNDZOS7sM=,UoqNix03XltOjYX7ZHIXmiUmRdY=
-23,-37,4KyTTMQ1wnK/GlL7wBXNDZOS7sM=,UoqNix03XltOjYX7ZHIXmiUmRdY=
-23,-38,4KyTTMQ1wnK/GlL7wBXNDZOS7sM=,UoqNix03XltOjYX7ZHIXmiUmRdY=
-22,-37,4KyTTMQ1wnK/GlL7wBXNDZOS7sM=,UoqNix03XltOjYX7ZHIXmiUmRdY=
-28,-42,4KyTTMQ1wnK/GlL7wBXNDZOS7sM=,iFd+2FvP6uw+gwUuu3HUyWzESQA=
-28,-40,4KyTTMQ1wnK/GlL7wBXNDZOS7sM=,GE1Mi/4nbzsCF2vOFb3dbwd9Iz4=
-25,-38,4KyTTMQ1wnK/GlL7wBXNDZOS7sM=,GE1Mi/4nbzsCF2vOFb3dbwd9Iz4=
-21,-37,4KyTTMQ1wnK/GlL7wBXNDZOS7sM=,UoqNix03XltOjYX7ZHIXmiUmRdY=
-24,-38,4KyTTMQ1wnK/GlL7wBXNDZOS7sM=,UoqNix03XltOjYX7ZHIXmiUmRdY=
-21,-39,4KyTTMQ1wnK/GlL7wBXNDZOS7sM=,UoqNix03XltOjYX7ZHIXmiUmRdY=
-23,-40,4KyTTMQ1wnK/GlL7wBXNDZOS7sM=,UoqNix03XltOjYX7ZHIXmiUmRdY=
-27,-48,4KyTTMQ1wnK/GlL7wBXNDZOS7sM=,iFd+2FvP6uw+gwUuu3HUyWzESQA=
-22,-40,4KyTTMQ1wnK/GlL7wBXNDZOS7sM=,UoqNix03XltOjYX7ZHIXmiUmRdY=
-28,-47,4KyTTMQ1wnK/GlL7wBXNDZOS7sM=,iFd+2FvP6uw+gwUuu3HUyWzESQA=
-21,-40,4KyTTMQ1wnK/GlL7wBXNDZOS7sM=,UoqNix03XltOjYX7ZHIXmiUmRdY=
-24,-48,4KyTTMQ1wnK/GlL7wBXNDZOS7sM=,shnPWAQKyKvDSLBH3Ldc7Mh1T+k=
-27,-47,4KyTTMQ1wnK/GlL7wBXNDZOS7sM=,iFd+2FvP6uw+gwUuu3HUyWzESQA=
-26,-48,4KyTTMQ1wnK/GlL7wBXNDZOS7sM=,iFd+2FvP6uw+gwUuu3HUyWzESQA=
-26,-47,4KyTTMQ1wnK/GlL7wBXNDZOS7sM=,iFd+2FvP6uw+gwUuu3HUyWzESQA=
-21,-48,4KyTTMQ1wnK/GlL7wBXNDZOS7sM=,shnPWAQKyKvDSLBH3Ldc7Mh1T+k=
-28,-46,4KyTTMQ1wnK/GlL7wBXNDZOS7sM=,iFd+2FvP6uw+gwUuu3HUyWzESQA=
-25,-47,4KyTTMQ1wnK/GlL7wBXNDZOS7sM=,iFd+2FvP6uw+gwUuu3HUyWzESQA=
-25,-48,4KyTTMQ1wnK/GlL7wBXNDZOS7sM=,iFd+2FvP6uw+gwUuu3HUyWzESQA=
-22,-48,4KyTTMQ1wnK/GlL7wBXNDZOS7sM=,shnPWAQKyKvDSLBH3Ldc7Mh1T+k=
-27,-46,4KyTTMQ1wnK/GlL7wBXNDZOS7sM=,iFd+2FvP6uw+gwUuu3HUyWzESQA=
-28,-48,4KyTTMQ1wnK/GlL7wBXNDZOS7sM=,iFd+2FvP6uw+gwUuu3HUyWzESQA=
-26,-46,4KyTTMQ1wnK/GlL7wBXNDZOS7sM=,iFd+2FvP6uw+gwUuu3HUyWzESQA=
-25,-45,4KyTTMQ1wnK/GlL7wBXNDZOS7sM=,iFd+2FvP6uw+gwUuu3HUyWzESQA=
-23,-48,4KyTTMQ1wnK/GlL7wBXNDZOS7sM=,shnPWAQKyKvDSLBH3Ldc7Mh1T+k=
-28,-45,4KyTTMQ1wnK/GlL7wBXNDZOS7sM=,iFd+2FvP6uw+gwUuu3HUyWzESQA=
-25,-46,4KyTTMQ1wnK/GlL7wBXNDZOS7sM=,iFd+2FvP6uw+gwUuu3HUyWzESQA=
-26,-45,4KyTTMQ1wnK/GlL7wBXNDZOS7sM=,iFd+2FvP6uw+gwUuu3HUyWzESQA=
-27,-45,4KyTTMQ1wnK/GlL7wBXNDZOS7sM=,iFd+2FvP6uw+gwUuu3HUyWzESQA=
-24,-45,4KyTTMQ1wnK/GlL7wBXNDZOS7sM=,shnPWAQKyKvDSLBH3Ldc7Mh1T+k=
-23,-47,4KyTTMQ1wnK/GlL7wBXNDZOS7sM=,shnPWAQKyKvDSLBH3Ldc7Mh1T+k=
-21,-47,4KyTTMQ1wnK/GlL7wBXNDZOS7sM=,shnPWAQKyKvDSLBH3Ldc7Mh1T+k=
-22,-47,4KyTTMQ1wnK/GlL7wBXNDZOS7sM=,shnPWAQKyKvDSLBH3Ldc7Mh1T+k=
-23,-46,4KyTTMQ1wnK/GlL7wBXNDZOS7sM=,shnPWAQKyKvDSLBH3Ldc7Mh1T+k=
-22,-46,4KyTTMQ1wnK/GlL7wBXNDZOS7sM=,shnPWAQKyKvDSLBH3Ldc7Mh1T+k=
-24,-46,4KyTTMQ1wnK/GlL7wBXNDZOS7sM=,shnPWAQKyKvDSLBH3Ldc7Mh1T+k=
-21,-46,4KyTTMQ1wnK/GlL7wBXNDZOS7sM=,shnPWAQKyKvDSLBH3Ldc7Mh1T+k=
-22,-45,4KyTTMQ1wnK/GlL7wBXNDZOS7sM=,shnPWAQKyKvDSLBH3Ldc7Mh1T+k=
-23,-45,4KyTTMQ1wnK/GlL7wBXNDZOS7sM=,shnPWAQKyKvDSLBH3Ldc7Mh1T+k=
-24,-47,4KyTTMQ1wnK/GlL7wBXNDZOS7sM=,shnPWAQKyKvDSLBH3Ldc7Mh1T+k=
-32,-48,4KyTTMQ1wnK/GlL7wBXNDZOS7sM=,iFd+2FvP6uw+gwUuu3HUyWzESQA=
-21,-45,4KyTTMQ1wnK/GlL7wBXNDZOS7sM=,shnPWAQKyKvDSLBH3Ldc7Mh1T+k=
-31,-39,4KyTTMQ1wnK/GlL7wBXNDZOS7sM=,GE1Mi/4nbzsCF2vOFb3dbwd9Iz4=
-32,-41,4KyTTMQ1wnK/GlL7wBXNDZOS7sM=,iFd+2FvP6uw+gwUuu3HUyWzESQA=
-32,-42,4KyTTMQ1wnK/GlL7wBXNDZOS7sM=,iFd+2FvP6uw+gwUuu3HUyWzESQA=
-32,-47,4KyTTMQ1wnK/GlL7wBXNDZOS7sM=,iFd+2FvP6uw+gwUuu3HUyWzESQA=
-31,-38,4KyTTMQ1wnK/GlL7wBXNDZOS7sM=,GE1Mi/4nbzsCF2vOFb3dbwd9Iz4=
-30,-39,4KyTTMQ1wnK/GlL7wBXNDZOS7sM=,GE1Mi/4nbzsCF2vOFb3dbwd9Iz4=
-29,-39,4KyTTMQ1wnK/GlL7wBXNDZOS7sM=,GE1Mi/4nbzsCF2vOFb3dbwd9Iz4=
-32,-44,4KyTTMQ1wnK/GlL7wBXNDZOS7sM=,iFd+2FvP6uw+gwUuu3HUyWzESQA=
-32,-43,4KyTTMQ1wnK/GlL7wBXNDZOS7sM=,iFd+2FvP6uw+gwUuu3HUyWzESQA=
-30,-38,4KyTTMQ1wnK/GlL7wBXNDZOS7sM=,GE1Mi/4nbzsCF2vOFb3dbwd9Iz4=
-29,-38,4KyTTMQ1wnK/GlL7wBXNDZOS7sM=,GE1Mi/4nbzsCF2vOFb3dbwd9Iz4=
-31,-37,4KyTTMQ1wnK/GlL7wBXNDZOS7sM=,GE1Mi/4nbzsCF2vOFb3dbwd9Iz4=
-30,-37,4KyTTMQ1wnK/GlL7wBXNDZOS7sM=,GE1Mi/4nbzsCF2vOFb3dbwd9Iz4=
-29,-37,4KyTTMQ1wnK/GlL7wBXNDZOS7sM=,GE1Mi/4nbzsCF2vOFb3dbwd9Iz4=
-32,-45,4KyTTMQ1wnK/GlL7wBXNDZOS7sM=,iFd+2FvP6uw+gwUuu3HUyWzESQA=
-31,-46,4KyTTMQ1wnK/GlL7wBXNDZOS7sM=,iFd+2FvP6uw+gwUuu3HUyWzESQA=
-31,-40,4KyTTMQ1wnK/GlL7wBXNDZOS7sM=,GE1Mi/4nbzsCF2vOFb3dbwd9Iz4=
-32,-46,4KyTTMQ1wnK/GlL7wBXNDZOS7sM=,iFd+2FvP6uw+gwUuu3HUyWzESQA=
-30,-40,4KyTTMQ1wnK/GlL7wBXNDZOS7sM=,GE1Mi/4nbzsCF2vOFb3dbwd9Iz4=
-30,-46,4KyTTMQ1wnK/GlL7wBXNDZOS7sM=,iFd+2FvP6uw+gwUuu3HUyWzESQA=
-17,-42,4KyTTMQ1wnK/GlL7wBXNDZOS7sM=,shnPWAQKyKvDSLBH3Ldc7Mh1T+k=
-32,-40,4KyTTMQ1wnK/GlL7wBXNDZOS7sM=,GE1Mi/4nbzsCF2vOFb3dbwd9Iz4=
-29,-40,4KyTTMQ1wnK/GlL7wBXNDZOS7sM=,GE1Mi/4nbzsCF2vOFb3dbwd9Iz4=
-31,-45,4KyTTMQ1wnK/GlL7wBXNDZOS7sM=,iFd+2FvP6uw+gwUuu3HUyWzESQA=
-31,-48,4KyTTMQ1wnK/GlL7wBXNDZOS7sM=,iFd+2FvP6uw+gwUuu3HUyWzESQA=
-17,-43,4KyTTMQ1wnK/GlL7wBXNDZOS7sM=,shnPWAQKyKvDSLBH3Ldc7Mh1T+k=
-30,-45,4KyTTMQ1wnK/GlL7wBXNDZOS7sM=,iFd+2FvP6uw+gwUuu3HUyWzESQA=
-30,-48,4KyTTMQ1wnK/GlL7wBXNDZOS7sM=,iFd+2FvP6uw+gwUuu3HUyWzESQA=
-31,-44,4KyTTMQ1wnK/GlL7wBXNDZOS7sM=,iFd+2FvP6uw+gwUuu3HUyWzESQA=
-17,-44,4KyTTMQ1wnK/GlL7wBXNDZOS7sM=,shnPWAQKyKvDSLBH3Ldc7Mh1T+k=
-29,-48,4KyTTMQ1wnK/GlL7wBXNDZOS7sM=,iFd+2FvP6uw+gwUuu3HUyWzESQA=
-17,-41,4KyTTMQ1wnK/GlL7wBXNDZOS7sM=,shnPWAQKyKvDSLBH3Ldc7Mh1T+k=
-25,-33,4KyTTMQ1wnK/GlL7wBXNDZOS7sM=,GE1Mi/4nbzsCF2vOFb3dbwd9Iz4=
-29,-46,4KyTTMQ1wnK/GlL7wBXNDZOS7sM=,iFd+2FvP6uw+gwUuu3HUyWzESQA=
-30,-44,4KyTTMQ1wnK/GlL7wBXNDZOS7sM=,iFd+2FvP6uw+gwUuu3HUyWzESQA=
-29,-45,4KyTTMQ1wnK/GlL7wBXNDZOS7sM=,iFd+2FvP6uw+gwUuu3HUyWzESQA=
-18,-41,4KyTTMQ1wnK/GlL7wBXNDZOS7sM=,shnPWAQKyKvDSLBH3Ldc7Mh1T+k=
-17,-38,4KyTTMQ1wnK/GlL7wBXNDZOS7sM=,UoqNix03XltOjYX7ZHIXmiUmRdY=
-29,-44,4KyTTMQ1wnK/GlL7wBXNDZOS7sM=,iFd+2FvP6uw+gwUuu3HUyWzESQA=
-29,-47,4KyTTMQ1wnK/GlL7wBXNDZOS7sM=,iFd+2FvP6uw+gwUuu3HUyWzESQA=
-20,-37,4KyTTMQ1wnK/GlL7wBXNDZOS7sM=,UoqNix03XltOjYX7ZHIXmiUmRdY=
-30,-47,4KyTTMQ1wnK/GlL7wBXNDZOS7sM=,iFd+2FvP6uw+gwUuu3HUyWzESQA=
-31,-43,4KyTTMQ1wnK/GlL7wBXNDZOS7sM=,iFd+2FvP6uw+gwUuu3HUyWzESQA=
-19,-41,4KyTTMQ1wnK/GlL7wBXNDZOS7sM=,shnPWAQKyKvDSLBH3Ldc7Mh1T+k=
-17,-39,4KyTTMQ1wnK/GlL7wBXNDZOS7sM=,UoqNix03XltOjYX7ZHIXmiUmRdY=
-19,-37,4KyTTMQ1wnK/GlL7wBXNDZOS7sM=,UoqNix03XltOjYX7ZHIXmiUmRdY=
-17,-37,4KyTTMQ1wnK/GlL7wBXNDZOS7sM=,UoqNix03XltOjYX7ZHIXmiUmRdY=
-32,-39,4KyTTMQ1wnK/GlL7wBXNDZOS7sM=,GE1Mi/4nbzsCF2vOFb3dbwd9Iz4=
-32,-38,4KyTTMQ1wnK/GlL7wBXNDZOS7sM=,GE1Mi/4nbzsCF2vOFb3dbwd9Iz4=
-18,-37,4KyTTMQ1wnK/GlL7wBXNDZOS7sM=,UoqNix03XltOjYX7ZHIXmiUmRdY=
-32,-37,4KyTTMQ1wnK/GlL7wBXNDZOS7sM=,GE1Mi/4nbzsCF2vOFb3dbwd9Iz4=
-20,-41,4KyTTMQ1wnK/GlL7wBXNDZOS7sM=,shnPWAQKyKvDSLBH3Ldc7Mh1T+k=
-30,-43,4KyTTMQ1wnK/GlL7wBXNDZOS7sM=,iFd+2FvP6uw+gwUuu3HUyWzESQA=
-30,-41,4KyTTMQ1wnK/GlL7wBXNDZOS7sM=,iFd+2FvP6uw+gwUuu3HUyWzESQA=
-20,-44,4KyTTMQ1wnK/GlL7wBXNDZOS7sM=,shnPWAQKyKvDSLBH3Ldc7Mh1T+k=
-25,-35,4KyTTMQ1wnK/GlL7wBXNDZOS7sM=,GE1Mi/4nbzsCF2vOFb3dbwd9Iz4=
-29,-43,4KyTTMQ1wnK/GlL7wBXNDZOS7sM=,iFd+2FvP6uw+gwUuu3HUyWzESQA=
-31,-47,4KyTTMQ1wnK/GlL7wBXNDZOS7sM=,iFd+2FvP6uw+gwUuu3HUyWzESQA=
-29,-42,4KyTTMQ1wnK/GlL7wBXNDZOS7sM=,iFd+2FvP6uw+gwUuu3HUyWzESQA=
-18,-42,4KyTTMQ1wnK/GlL7wBXNDZOS7sM=,shnPWAQKyKvDSLBH3Ldc7Mh1T+k=
-25,-36,4KyTTMQ1wnK/GlL7wBXNDZOS7sM=,GE1Mi/4nbzsCF2vOFb3dbwd9Iz4=
-29,-41,4KyTTMQ1wnK/GlL7wBXNDZOS7sM=,iFd+2FvP6uw+gwUuu3HUyWzESQA=
-17,-40,4KyTTMQ1wnK/GlL7wBXNDZOS7sM=,UoqNix03XltOjYX7ZHIXmiUmRdY=
-31,-42,4KyTTMQ1wnK/GlL7wBXNDZOS7sM=,iFd+2FvP6uw+gwUuu3HUyWzESQA=
-20,-38,4KyTTMQ1wnK/GlL7wBXNDZOS7sM=,UoqNix03XltOjYX7ZHIXmiUmRdY=
-30,-42,4KyTTMQ1wnK/GlL7wBXNDZOS7sM=,iFd+2FvP6uw+gwUuu3HUyWzESQA=
-19,-40,4KyTTMQ1wnK/GlL7wBXNDZOS7sM=,UoqNix03XltOjYX7ZHIXmiUmRdY=
-31,-41,4KyTTMQ1wnK/GlL7wBXNDZOS7sM=,iFd+2FvP6uw+gwUuu3HUyWzESQA=
-31,-33,4KyTTMQ1wnK/GlL7wBXNDZOS7sM=,GE1Mi/4nbzsCF2vOFb3dbwd9Iz4=
-19,-38,4KyTTMQ1wnK/GlL7wBXNDZOS7sM=,UoqNix03XltOjYX7ZHIXmiUmRdY=
-18,-38,4KyTTMQ1wnK/GlL7wBXNDZOS7sM=,UoqNix03XltOjYX7ZHIXmiUmRdY=
-30,-33,4KyTTMQ1wnK/GlL7wBXNDZOS7sM=,GE1Mi/4nbzsCF2vOFb3dbwd9Iz4=
-18,-39,4KyTTMQ1wnK/GlL7wBXNDZOS7sM=,UoqNix03XltOjYX7ZHIXmiUmRdY=
-29,-33,4KyTTMQ1wnK/GlL7wBXNDZOS7sM=,GE1Mi/4nbzsCF2vOFb3dbwd9Iz4=
-18,-48,4KyTTMQ1wnK/GlL7wBXNDZOS7sM=,shnPWAQKyKvDSLBH3Ldc7Mh1T+k=
-32,-33,4KyTTMQ1wnK/GlL7wBXNDZOS7sM=,GE1Mi/4nbzsCF2vOFb3dbwd9Iz4=
-19,-39,4KyTTMQ1wnK/GlL7wBXNDZOS7sM=,UoqNix03XltOjYX7ZHIXmiUmRdY=
-20,-39,4KyTTMQ1wnK/GlL7wBXNDZOS7sM=,UoqNix03XltOjYX7ZHIXmiUmRdY=
-30,-36,4KyTTMQ1wnK/GlL7wBXNDZOS7sM=,GE1Mi/4nbzsCF2vOFb3dbwd9Iz4=
-19,-44,4KyTTMQ1wnK/GlL7wBXNDZOS7sM=,shnPWAQKyKvDSLBH3Ldc7Mh1T+k=
-19,-42,4KyTTMQ1wnK/GlL7wBXNDZOS7sM=,shnPWAQKyKvDSLBH3Ldc7Mh1T+k=
-18,-40,4KyTTMQ1wnK/GlL7wBXNDZOS7sM=,UoqNix03XltOjYX7ZHIXmiUmRdY=
-29,-36,4KyTTMQ1wnK/GlL7wBXNDZOS7sM=,GE1Mi/4nbzsCF2vOFb3dbwd9Iz4=
-19,-48,4KyTTMQ1wnK/GlL7wBXNDZOS7sM=,shnPWAQKyKvDSLBH3Ldc7Mh1T+k=
-31,-35,4KyTTMQ1wnK/GlL7wBXNDZOS7sM=,GE1Mi/4nbzsCF2vOFb3dbwd9Iz4=
-20,-40,4KyTTMQ1wnK/GlL7wBXNDZOS7sM=,UoqNix03XltOjYX7ZHIXmiUmRdY=
-32,-34,4KyTTMQ1wnK/GlL7wBXNDZOS7sM=,GE1Mi/4nbzsCF2vOFb3dbwd9Iz4=
-25,-34,4KyTTMQ1wnK/GlL7wBXNDZOS7sM=,GE1Mi/4nbzsCF2vOFb3dbwd9Iz4=
-32,-35,4KyTTMQ1wnK/GlL7wBXNDZOS7sM=,GE1Mi/4nbzsCF2vOFb3dbwd9Iz4=
-29,-34,4KyTTMQ1wnK/GlL7wBXNDZOS7sM=,GE1Mi/4nbzsCF2vOFb3dbwd9Iz4=
-31,-36,4KyTTMQ1wnK/GlL7wBXNDZOS7sM=,GE1Mi/4nbzsCF2vOFb3dbwd9Iz4=
-20,-48,4KyTTMQ1wnK/GlL7wBXNDZOS7sM=,shnPWAQKyKvDSLBH3Ldc7Mh1T+k=
-30,-34,4KyTTMQ1wnK/GlL7wBXNDZOS7sM=,GE1Mi/4nbzsCF2vOFb3dbwd9Iz4=
-26,-35,4KyTTMQ1wnK/GlL7wBXNDZOS7sM=,GE1Mi/4nbzsCF2vOFb3dbwd9Iz4=
-32,-36,4KyTTMQ1wnK/GlL7wBXNDZOS7sM=,GE1Mi/4nbzsCF2vOFb3dbwd9Iz4=
-17,-45,4KyTTMQ1wnK/GlL7wBXNDZOS7sM=,shnPWAQKyKvDSLBH3Ldc7Mh1T+k=
-31,-34,4KyTTMQ1wnK/GlL7wBXNDZOS7sM=,GE1Mi/4nbzsCF2vOFb3dbwd9Iz4=
-29,-35,4KyTTMQ1wnK/GlL7wBXNDZOS7sM=,GE1Mi/4nbzsCF2vOFb3dbwd9Iz4=
-30,-35,4KyTTMQ1wnK/GlL7wBXNDZOS7sM=,GE1Mi/4nbzsCF2vOFb3dbwd9Iz4=
-27,-35,4KyTTMQ1wnK/GlL7wBXNDZOS7sM=,GE1Mi/4nbzsCF2vOFb3dbwd9Iz4=
-28,-35,4KyTTMQ1wnK/GlL7wBXNDZOS7sM=,GE1Mi/4nbzsCF2vOFb3dbwd9Iz4=
-17,-46,4KyTTMQ1wnK/GlL7wBXNDZOS7sM=,shnPWAQKyKvDSLBH3Ldc7Mh1T+k=
-20,-42,4KyTTMQ1wnK/GlL7wBXNDZOS7sM=,shnPWAQKyKvDSLBH3Ldc7Mh1T+k=
-19,-43,4KyTTMQ1wnK/GlL7wBXNDZOS7sM=,shnPWAQKyKvDSLBH3Ldc7Mh1T+k=
-18,-43,4KyTTMQ1wnK/GlL7wBXNDZOS7sM=,shnPWAQKyKvDSLBH3Ldc7Mh1T+k=
-26,-36,4KyTTMQ1wnK/GlL7wBXNDZOS7sM=,GE1Mi/4nbzsCF2vOFb3dbwd9Iz4=
-17,-47,4KyTTMQ1wnK/GlL7wBXNDZOS7sM=,shnPWAQKyKvDSLBH3Ldc7Mh1T+k=
-18,-44,4KyTTMQ1wnK/GlL7wBXNDZOS7sM=,shnPWAQKyKvDSLBH3Ldc7Mh1T+k=
-20,-43,4KyTTMQ1wnK/GlL7wBXNDZOS7sM=,shnPWAQKyKvDSLBH3Ldc7Mh1T+k=
-17,-48,4KyTTMQ1wnK/GlL7wBXNDZOS7sM=,shnPWAQKyKvDSLBH3Ldc7Mh1T+k=
-27,-36,4KyTTMQ1wnK/GlL7wBXNDZOS7sM=,GE1Mi/4nbzsCF2vOFb3dbwd9Iz4=
-18,-45,4KyTTMQ1wnK/GlL7wBXNDZOS7sM=,shnPWAQKyKvDSLBH3Ldc7Mh1T+k=
-20,-47,4KyTTMQ1wnK/GlL7wBXNDZOS7sM=,shnPWAQKyKvDSLBH3Ldc7Mh1T+k=
-28,-36,4KyTTMQ1wnK/GlL7wBXNDZOS7sM=,GE1Mi/4nbzsCF2vOFb3dbwd9Iz4=
-18,-47,4KyTTMQ1wnK/GlL7wBXNDZOS7sM=,shnPWAQKyKvDSLBH3Ldc7Mh1T+k=
-19,-47,4KyTTMQ1wnK/GlL7wBXNDZOS7sM=,shnPWAQKyKvDSLBH3Ldc7Mh1T+k=
-23,-33,4KyTTMQ1wnK/GlL7wBXNDZOS7sM=,UoqNix03XltOjYX7ZHIXmiUmRdY=
-20,-46,4KyTTMQ1wnK/GlL7wBXNDZOS7sM=,shnPWAQKyKvDSLBH3Ldc7Mh1T+k=
-26,-33,4KyTTMQ1wnK/GlL7wBXNDZOS7sM=,GE1Mi/4nbzsCF2vOFb3dbwd9Iz4=
-22,-33,4KyTTMQ1wnK/GlL7wBXNDZOS7sM=,UoqNix03XltOjYX7ZHIXmiUmRdY=
-28,-34,4KyTTMQ1wnK/GlL7wBXNDZOS7sM=,GE1Mi/4nbzsCF2vOFb3dbwd9Iz4=
-19,-45,4KyTTMQ1wnK/GlL7wBXNDZOS7sM=,shnPWAQKyKvDSLBH3Ldc7Mh1T+k=
-19,-46,4KyTTMQ1wnK/GlL7wBXNDZOS7sM=,shnPWAQKyKvDSLBH3Ldc7Mh1T+k=
-27,-33,4KyTTMQ1wnK/GlL7wBXNDZOS7sM=,GE1Mi/4nbzsCF2vOFb3dbwd9Iz4=
-18,-35,4KyTTMQ1wnK/GlL7wBXNDZOS7sM=,UoqNix03XltOjYX7ZHIXmiUmRdY=
-21,-33,4KyTTMQ1wnK/GlL7wBXNDZOS7sM=,UoqNix03XltOjYX7ZHIXmiUmRdY=
-20,-45,4KyTTMQ1wnK/GlL7wBXNDZOS7sM=,shnPWAQKyKvDSLBH3Ldc7Mh1T+k=
-27,-34,4KyTTMQ1wnK/GlL7wBXNDZOS7sM=,GE1Mi/4nbzsCF2vOFb3dbwd9Iz4=
-28,-33,4KyTTMQ1wnK/GlL7wBXNDZOS7sM=,GE1Mi/4nbzsCF2vOFb3dbwd9Iz4=
-18,-34,4KyTTMQ1wnK/GlL7wBXNDZOS7sM=,UoqNix03XltOjYX7ZHIXmiUmRdY=
-20,-33,4KyTTMQ1wnK/GlL7wBXNDZOS7sM=,UoqNix03XltOjYX7ZHIXmiUmRdY=
-24,-34,4KyTTMQ1wnK/GlL7wBXNDZOS7sM=,UoqNix03XltOjYX7ZHIXmiUmRdY=
-26,-34,4KyTTMQ1wnK/GlL7wBXNDZOS7sM=,GE1Mi/4nbzsCF2vOFb3dbwd9Iz4=
-23,-34,4KyTTMQ1wnK/GlL7wBXNDZOS7sM=,UoqNix03XltOjYX7ZHIXmiUmRdY=
-18,-46,4KyTTMQ1wnK/GlL7wBXNDZOS7sM=,shnPWAQKyKvDSLBH3Ldc7Mh1T+k=
-19,-33,4KyTTMQ1wnK/GlL7wBXNDZOS7sM=,UoqNix03XltOjYX7ZHIXmiUmRdY=
-24,-36,4KyTTMQ1wnK/GlL7wBXNDZOS7sM=,UoqNix03XltOjYX7ZHIXmiUmRdY=
-18,-33,4KyTTMQ1wnK/GlL7wBXNDZOS7sM=,UoqNix03XltOjYX7ZHIXmiUmRdY=
-23,-36,4KyTTMQ1wnK/GlL7wBXNDZOS7sM=,UoqNix03XltOjYX7ZHIXmiUmRdY=
-22,-34,4KyTTMQ1wnK/GlL7wBXNDZOS7sM=,UoqNix03XltOjYX7ZHIXmiUmRdY=
-22,-36,4KyTTMQ1wnK/GlL7wBXNDZOS7sM=,UoqNix03XltOjYX7ZHIXmiUmRdY=
-18,-36,4KyTTMQ1wnK/GlL7wBXNDZOS7sM=,UoqNix03XltOjYX7ZHIXmiUmRdY=
-17,-33,4KyTTMQ1wnK/GlL7wBXNDZOS7sM=,UoqNix03XltOjYX7ZHIXmiUmRdY=
-24,-35,4KyTTMQ1wnK/GlL7wBXNDZOS7sM=,UoqNix03XltOjYX7ZHIXmiUmRdY=
-21,-36,4KyTTMQ1wnK/GlL7wBXNDZOS7sM=,UoqNix03XltOjYX7ZHIXmiUmRdY=
-23,-35,4KyTTMQ1wnK/GlL7wBXNDZOS7sM=,UoqNix03XltOjYX7ZHIXmiUmRdY=
-21,-34,4KyTTMQ1wnK/GlL7wBXNDZOS7sM=,UoqNix03XltOjYX7ZHIXmiUmRdY=
-22,-35,4KyTTMQ1wnK/GlL7wBXNDZOS7sM=,UoqNix03XltOjYX7ZHIXmiUmRdY=
-20,-34,4KyTTMQ1wnK/GlL7wBXNDZOS7sM=,UoqNix03XltOjYX7ZHIXmiUmRdY=
-24,-33,4KyTTMQ1wnK/GlL7wBXNDZOS7sM=,UoqNix03XltOjYX7ZHIXmiUmRdY=
-21,-35,4KyTTMQ1wnK/GlL7wBXNDZOS7sM=,UoqNix03XltOjYX7ZHIXmiUmRdY=
-20,-35,4KyTTMQ1wnK/GlL7wBXNDZOS7sM=,UoqNix03XltOjYX7ZHIXmiUmRdY=
-19,-35,4KyTTMQ1wnK/GlL7wBXNDZOS7sM=,UoqNix03XltOjYX7ZHIXmiUmRdY=
-20,-36,4KyTTMQ1wnK/GlL7wBXNDZOS7sM=,UoqNix03XltOjYX7ZHIXmiUmRdY=
-19,-34,4KyTTMQ1wnK/GlL7wBXNDZOS7sM=,UoqNix03XltOjYX7ZHIXmiUmRdY=
-17,-36,4KyTTMQ1wnK/GlL7wBXNDZOS7sM=,UoqNix03XltOjYX7ZHIXmiUmRdY=
-19,-36,4KyTTMQ1wnK/GlL7wBXNDZOS7sM=,UoqNix03XltOjYX7ZHIXmiUmRdY=
-17,-35,4KyTTMQ1wnK/GlL7wBXNDZOS7sM=,UoqNix03XltOjYX7ZHIXmiUmRdY=
-17,-34,4KyTTMQ1wnK/GlL7wBXNDZOS7sM=,UoqNix03XltOjYX7ZHIXmiUmRdY=
