-33,90,80j6aCuaVs2Kk8eCLI/wwlfe+xI=,Yi1ANsK2Djn5Tj2YtvgVRbzocxg=
-34,84,rRYNXvc9wNL5lucMrCWLXf7uAN4=,CPNP2okzzF1IB08Hvo7BPLHNJg8=
-36,91,rRYNXvc9wNL5lucMrCWLXf7uAN4=,Yi1ANsK2Djn5Tj2YtvgVRbzocxg=
-36,90,rRYNXvc9wNL5lucMrCWLXf7uAN4=,Yi1ANsK2Djn5Tj2YtvgVRbzocxg=
-35,84,rRYNXvc9wNL5lucMrCWLXf7uAN4=,CPNP2okzzF1IB08Hvo7BPLHNJg8=
-36,84,rRYNXvc9wNL5lucMrCWLXf7uAN4=,CPNP2okzzF1IB08Hvo7BPLHNJg8=
-33,89,yWh+8V0CB2r/YBoAmZkgRZWx7OQ=,Yi1ANsK2Djn5Tj2YtvgVRbzocxg=
-34,90,yWh+8V0CB2r/YBoAmZkgRZWx7OQ=,Yi1ANsK2Djn5Tj2YtvgVRbzocxg=
-36,87,yWh+8V0CB2r/YBoAmZkgRZWx7OQ=,CPNP2okzzF1IB08Hvo7BPLHNJg8=
-35,90,yWh+8V0CB2r/YBoAmZkgRZWx7OQ=,Yi1ANsK2Djn5Tj2YtvgVRbzocxg=
-33,84,yWh+8V0CB2r/YBoAmZkgRZWx7OQ=,CPNP2okzzF1IB08Hvo7BPLHNJg8=
-34,88,90MVnpTD45wxgMFi1dnhcJ08dy4=,Yi1ANsK2Djn5Tj2YtvgVRbzocxg=
-35,91,90MVnpTD45wxgMFi1dnhcJ08dy4=,Yi1ANsK2Djn5Tj2YtvgVRbzocxg=
-35,87,90MVnpTD45wxgMFi1dnhcJ08dy4=,CPNP2okzzF1IB08Hvo7BPLHNJg8=
-36,85,90MVnpTD45wxgMFi1dnhcJ08dy4=,CPNP2okzzF1IB08Hvo7BPLHNJg8=
-33,91,90MVnpTD45wxgMFi1dnhcJ08dy4=,Yi1ANsK2Djn5Tj2YtvgVRbzocxg=
-35,88,90MVnpTD45wxgMFi1dnhcJ08dy4=,Yi1ANsK2Djn5Tj2YtvgVRbzocxg=
-35,85,90MVnpTD45wxgMFi1dnhcJ08dy4=,CPNP2okzzF1IB08Hvo7BPLHNJg8=
-33,88,90MVnpTD45wxgMFi1dnhcJ08dy4=,Yi1ANsK2Djn5Tj2YtvgVRbzocxg=
-36,88,90MVnpTD45wxgMFi1dnhcJ08dy4=,Yi1ANsK2Djn5Tj2YtvgVRbzocxg=
-34,91,90MVnpTD45wxgMFi1dnhcJ08dy4=,Yi1ANsK2Djn5Tj2YtvgVRbzocxg=
-36,89,90MVnpTD45wxgMFi1dnhcJ08dy4=,Yi1ANsK2Djn5Tj2YtvgVRbzocxg=
-34,89,90MVnpTD45wxgMFi1dnhcJ08dy4=,Yi1ANsK2Djn5Tj2YtvgVRbzocxg=
-34,87,90MVnpTD45wxgMFi1dnhcJ08dy4=,CPNP2okzzF1IB08Hvo7BPLHNJg8=
-33,86,90MVnpTD45wxgMFi1dnhcJ08dy4=,CPNP2okzzF1IB08Hvo7BPLHNJg8=
-35,89,90MVnpTD45wxgMFi1dnhcJ08dy4=,Yi1ANsK2Djn5Tj2YtvgVRbzocxg=
-35,86,90MVnpTD45wxgMFi1dnhcJ08dy4=,CPNP2okzzF1IB08Hvo7BPLHNJg8=
-34,86,90MVnpTD45wxgMFi1dnhcJ08dy4=,CPNP2okzzF1IB08Hvo7BPLHNJg8=
-36,86,90MVnpTD45wxgMFi1dnhcJ08dy4=,CPNP2okzzF1IB08Hvo7BPLHNJg8=
-33,87,90MVnpTD45wxgMFi1dnhcJ08dy4=,CPNP2okzzF1IB08Hvo7BPLHNJg8=
-34,85,90MVnpTD45wxgMFi1dnhcJ08dy4=,CPNP2okzzF1IB08Hvo7BPLHNJg8=
-33,85,90MVnpTD45wxgMFi1dnhcJ08dy4=,CPNP2okzzF1IB08Hvo7BPLHNJg8=
-33,80,90MVnpTD45wxgMFi1dnhcJ08dy4=,CPNP2okzzF1IB08Hvo7BPLHNJg8=
-34,83,90MVnpTD45wxgMFi1dnhcJ08dy4=,CPNP2okzzF1IB08Hvo7BPLHNJg8=
-33,83,90MVnpTD45wxgMFi1dnhcJ08dy4=,CPNP2okzzF1IB08Hvo7BPLHNJg8=
-36,81,90MVnpTD45wxgMFi1dnhcJ08dy4=,CPNP2okzzF1IB08Hvo7BPLHNJg8=
-35,83,90MVnpTD45wxgMFi1dnhcJ08dy4=,CPNP2okzzF1IB08Hvo7BPLHNJg8=
-36,80,90MVnpTD45wxgMFi1dnhcJ08dy4=,CPNP2okzzF1IB08Hvo7BPLHNJg8=
-35,81,90MVnpTD45wxgMFi1dnhcJ08dy4=,CPNP2okzzF1IB08Hvo7BPLHNJg8=
-33,82,90MVnpTD45wxgMFi1dnhcJ08dy4=,CPNP2okzzF1IB08Hvo7BPLHNJg8=
-35,80,90MVnpTD45wxgMFi1dnhcJ08dy4=,CPNP2okzzF1IB08Hvo7BPLHNJg8=
-36,83,90MVnpTD45wxgMFi1dnhcJ08dy4=,CPNP2okzzF1IB08Hvo7BPLHNJg8=
-33,81,90MVnpTD45wxgMFi1dnhcJ08dy4=,CPNP2okzzF1IB08Hvo7BPLHNJg8=
-34,80,90MVnpTD45wxgMFi1dnhcJ08dy4=,CPNP2okzzF1IB08Hvo7BPLHNJg8=
-35,82,90MVnpTD45wxgMFi1dnhcJ08dy4=,CPNP2okzzF1IB08Hvo7BPLHNJg8=
-36,82,90MVnpTD45wxgMFi1dnhcJ08dy4=,CPNP2okzzF1IB08Hvo7BPLHNJg8=
-34,81,90MVnpTD45wxgMFi1dnhcJ08dy4=,CPNP2okzzF1IB08Hvo7BPLHNJg8=
-34,82,90MVnpTD45wxgMFi1dnhcJ08dy4=,CPNP2okzzF1IB08Hvo7BPLHNJg8=
-35,92,90MVnpTD45wxgMFi1dnhcJ08dy4=,Yi1ANsK2Djn5Tj2YtvgVRbzocxg=
-33,95,90MVnpTD45wxgMFi1dnhcJ08dy4=,Yi1ANsK2Djn5Tj2YtvgVRbzocxg=
-36,92,90MVnpTD45wxgMFi1dnhcJ08dy4=,Yi1ANsK2Djn5Tj2YtvgVRbzocxg=
-33,92,90MVnpTD45wxgMFi1dnhcJ08dy4=,Yi1ANsK2Djn5Tj2YtvgVRbzocxg=
-35,95,90MVnpTD45wxgMFi1dnhcJ08dy4=,Yi1ANsK2Djn5Tj2YtvgVRbzocxg=
-34,95,90MVnpTD45wxgMFi1dnhcJ08dy4=,Yi1ANsK2Djn5Tj2YtvgVRbzocxg=
-34,92,90MVnpTD45wxgMFi1dnhcJ08dy4=,Yi1ANsK2Djn5Tj2YtvgVRbzocxg=
-36,94,90MVnpTD45wxgMFi1dnhcJ08dy4=,Yi1ANsK2Djn5Tj2YtvgVRbzocxg=
-36,95,90MVnpTD45wxgMFi1dnhcJ08dy4=,Yi1ANsK2Djn5Tj2YtvgVRbzocxg=
-36,93,90MVnpTD45wxgMFi1dnhcJ08dy4=,Yi1ANsK2Djn5Tj2YtvgVRbzocxg=
-34,93,90MVnpTD45wxgMFi1dnhcJ08dy4=,Yi1ANsK2Djn5Tj2YtvgVRbzocxg=
-35,94,90MVnpTD45wxgMFi1dnhcJ08dy4=,Yi1ANsK2Djn5Tj2YtvgVRbzocxg=
-35,93,90MVnpTD45wxgMFi1dnhcJ08dy4=,Yi1ANsK2Djn5Tj2YtvgVRbzocxg=
-33,93,90MVnpTD45wxgMFi1dnhcJ08dy4=,Yi1ANsK2Djn5Tj2YtvgVRbzocxg=
-33,94,90MVnpTD45wxgMFi1dnhcJ08dy4=,Yi1ANsK2Djn5Tj2YtvgVRbzocxg=
-34,94,90MVnpTD45wxgMFi1dnhcJ08dy4=,Yi1ANsK2Djn5Tj2YtvgVRbzocxg=
-39,83,90MVnpTD45wxgMFi1dnhcJ08dy4=,CPNP2okzzF1IB08Hvo7BPLHNJg8=
-37,81,90MVnpTD45wxgMFi1dnhcJ08dy4=,CPNP2okzzF1IB08Hvo7BPLHNJg8=
-40,80,90MVnpTD45wxgMFi1dnhcJ08dy4=,CPNP2okzzF1IB08Hvo7BPLHNJg8=
-39,80,90MVnpTD45wxgMFi1dnhcJ08dy4=,CPNP2okzzF1IB08Hvo7BPLHNJg8=
-37,83,90MVnpTD45wxgMFi1dnhcJ08dy4=,CPNP2okzzF1IB08Hvo7BPLHNJg8=
-40,83,90MVnpTD45wxgMFi1dnhcJ08dy4=,CPNP2okzzF1IB08Hvo7BPLHNJg8=
-40,81,90MVnpTD45wxgMFi1dnhcJ08dy4=,CPNP2okzzF1IB08Hvo7BPLHNJg8=
-38,80,90MVnpTD45wxgMFi1dnhcJ08dy4=,CPNP2okzzF1IB08Hvo7BPLHNJg8=
-38,81,90MVnpTD45wxgMFi1dnhcJ08dy4=,CPNP2okzzF1IB08Hvo7BPLHNJg8=
-39,81,90MVnpTD45wxgMFi1dnhcJ08dy4=,CPNP2okzzF1IB08Hvo7BPLHNJg8=
-40,82,90MVnpTD45wxgMFi1dnhcJ08dy4=,CPNP2okzzF1IB08Hvo7BPLHNJg8=
-38,83,90MVnpTD45wxgMFi1dnhcJ08dy4=,CPNP2okzzF1IB08Hvo7BPLHNJg8=
-37,80,90MVnpTD45wxgMFi1dnhcJ08dy4=,CPNP2okzzF1IB08Hvo7BPLHNJg8=
-37,82,90MVnpTD45wxgMFi1dnhcJ08dy4=,CPNP2okzzF1IB08Hvo7BPLHNJg8=
-39,82,90MVnpTD45wxgMFi1dnhcJ08dy4=,CPNP2okzzF1IB08Hvo7BPLHNJg8=
-38,82,90MVnpTD45wxgMFi1dnhcJ08dy4=,CPNP2okzzF1IB08Hvo7BPLHNJg8=
-40,84,90MVnpTD45wxgMFi1dnhcJ08dy4=,CPNP2okzzF1IB08Hvo7BPLHNJg8=
-38,88,90MVnpTD45wxgMFi1dnhcJ08dy4=,Yi1ANsK2Djn5Tj2YtvgVRbzocxg=
-40,85,90MVnpTD45wxgMFi1dnhcJ08dy4=,CPNP2okzzF1IB08Hvo7BPLHNJg8=
-38,84,90MVnpTD45wxgMFi1dnhcJ08dy4=,CPNP2okzzF1IB08Hvo7BPLHNJg8=
-39,84,90MVnpTD45wxgMFi1dnhcJ08dy4=,CPNP2okzzF1IB08Hvo7BPLHNJg8=
-37,84,90MVnpTD45wxgMFi1dnhcJ08dy4=,CPNP2okzzF1IB08Hvo7BPLHNJg8=
-39,85,90MVnpTD45wxgMFi1dnhcJ08dy4=,CPNP2okzzF1IB08Hvo7BPLHNJg8=
-37,88,90MVnpTD45wxgMFi1dnhcJ08dy4=,Yi1ANsK2Djn5Tj2YtvgVRbzocxg=
-40,95,90MVnpTD45wxgMFi1dnhcJ08dy4=,Yi1ANsK2Djn5Tj2YtvgVRbzocxg=
-37,85,90MVnpTD45wxgMFi1dnhcJ08dy4=,CPNP2okzzF1IB08Hvo7BPLHNJg8=
-37,86,90MVnpTD45wxgMFi1dnhcJ08dy4=,CPNP2okzzF1IB08Hvo7BPLHNJg8=
-38,85,90MVnpTD45wxgMFi1dnhcJ08dy4=,CPNP2okzzF1IB08Hvo7BPLHNJg8=
-40,86,90MVnpTD45wxgMFi1dnhcJ08dy4=,CPNP2okzzF1IB08Hvo7BPLHNJg8=
-40,88,90MVnpTD45wxgMFi1dnhcJ08dy4=,Yi1ANsK2Djn5Tj2YtvgVRbzocxg=
-38,86,90MVnpTD45wxgMFi1dnhcJ08dy4=,CPNP2okzzF1IB08Hvo7BPLHNJg8=
-39,95,90MVnpTD45wxgMFi1dnhcJ08dy4=,Yi1ANsK2Djn5Tj2YtvgVRbzocxg=
-39,86,90MVnpTD45wxgMFi1dnhcJ08dy4=,CPNP2okzzF1IB08Hvo7BPLHNJg8=
-38,87,90MVnpTD45wxgMFi1dnhcJ08dy4=,CPNP2okzzF1IB08Hvo7BPLHNJg8=
-38,90,90MVnpTD45wxgMFi1dnhcJ08dy4=,Yi1ANsK2Djn5Tj2YtvgVRbzocxg=
-40,87,90MVnpTD45wxgMFi1dnhcJ08dy4=,CPNP2okzzF1IB08Hvo7BPLHNJg8=
-37,87,90MVnpTD45wxgMFi1dnhcJ08dy4=,CPNP2okzzF1IB08Hvo7BPLHNJg8=
-40,93,90MVnpTD45wxgMFi1dnhcJ08dy4=,Yi1ANsK2Djn5Tj2YtvgVRbzocxg=
-37,89,90MVnpTD45wxgMFi1dnhcJ08dy4=,Yi1ANsK2Djn5Tj2YtvgVRbzocxg=
-39,88,90MVnpTD45wxgMFi1dnhcJ08dy4=,Yi1ANsK2Djn5Tj2YtvgVRbzocxg=
-39,90,90MVnpTD45wxgMFi1dnhcJ08dy4=,Yi1ANsK2Djn5Tj2YtvgVRbzocxg=
-39,87,90MVnpTD45wxgMFi1dnhcJ08dy4=,CPNP2okzzF1IB08Hvo7BPLHNJg8=
-37,94,90MVnpTD45wxgMFi1dnhcJ08dy4=,Yi1ANsK2Djn5Tj2YtvgVRbzocxg=
-39,93,90MVnpTD45wxgMFi1dnhcJ08dy4=,Yi1ANsK2Djn5Tj2YtvgVRbzocxg=
-37,92,90MVnpTD45wxgMFi1dnhcJ08dy4=,Yi1ANsK2Djn5Tj2YtvgVRbzocxg=
-38,93,90MVnpTD45wxgMFi1dnhcJ08dy4=,Yi1ANsK2Djn5Tj2YtvgVRbzocxg=
-37,90,90MVnpTD45wxgMFi1dnhcJ08dy4=,Yi1ANsK2Djn5Tj2YtvgVRbzocxg=
-38,95,90MVnpTD45wxgMFi1dnhcJ08dy4=,Yi1ANsK2Djn5Tj2YtvgVRbzocxg=
-37,93,90MVnpTD45wxgMFi1dnhcJ08dy4=,Yi1ANsK2Djn5Tj2YtvgVRbzocxg=
-38,92,90MVnpTD45wxgMFi1dnhcJ08dy4=,Yi1ANsK2Djn5Tj2YtvgVRbzocxg=
-40,90,90MVnpTD45wxgMFi1dnhcJ08dy4=,Yi1ANsK2Djn5Tj2YtvgVRbzocxg=
-38,89,90MVnpTD45wxgMFi1dnhcJ08dy4=,Yi1ANsK2Djn5Tj2YtvgVRbzocxg=
-39,92,90MVnpTD45wxgMFi1dnhcJ08dy4=,Yi1ANsK2Djn5Tj2YtvgVRbzocxg=
-40,92,90MVnpTD45wxgMFi1dnhcJ08dy4=,Yi1ANsK2Djn5Tj2YtvgVRbzocxg=
-40,91,90MVnpTD45wxgMFi1dnhcJ08dy4=,Yi1ANsK2Djn5Tj2YtvgVRbzocxg=
-38,94,90MVnpTD45wxgMFi1dnhcJ08dy4=,Yi1ANsK2Djn5Tj2YtvgVRbzocxg=
-37,91,90MVnpTD45wxgMFi1dnhcJ08dy4=,Yi1ANsK2Djn5Tj2YtvgVRbzocxg=
-38,91,90MVnpTD45wxgMFi1dnhcJ08dy4=,Yi1ANsK2Djn5Tj2YtvgVRbzocxg=
-40,89,90MVnpTD45wxgMFi1dnhcJ08dy4=,Yi1ANsK2Djn5Tj2YtvgVRbzocxg=
-40,94,90MVnpTD45wxgMFi1dnhcJ08dy4=,Yi1ANsK2Djn5Tj2YtvgVRbzocxg=
-39,91,90MVnpTD45wxgMFi1dnhcJ08dy4=,Yi1ANsK2Djn5Tj2YtvgVRbzocxg=
-39,94,90MVnpTD45wxgMFi1dnhcJ08dy4=,Yi1ANsK2Djn5Tj2YtvgVRbzocxg=
-39,89,90MVnpTD45wxgMFi1dnhcJ08dy4=,Yi1ANsK2Djn5Tj2YtvgVRbzocxg=
-37,95,90MVnpTD45wxgMFi1dnhcJ08dy4=,Yi1ANsK2Djn5Tj2YtvgVRbzocxg=
-34,71,eUh3Xr+WWsbKr2DAfx0wQTVfMS0=,iNBy5GTeh4p1Saxzmj/jy2aLaLk=
-33,71,NU7eoQVK76QG/guCO4XYRBQ+f+w=,iNBy5GTeh4p1Saxzmj/jy2aLaLk=
-33,68,NU7eoQVK76QG/guCO4XYRBQ+f+w=,iNBy5GTeh4p1Saxzmj/jy2aLaLk=
-35,75,W/FUjfnijTYptb0rNTLYj7Dp9UE=,sI4+YTcGHpi1i1ZNrFKCJGLz3WU=
-36,75,W/FUjfnijTYptb0rNTLYj7Dp9UE=,sI4+YTcGHpi1i1ZNrFKCJGLz3WU=
-36,69,W/FUjfnijTYptb0rNTLYj7Dp9UE=,iNBy5GTeh4p1Saxzmj/jy2aLaLk=
-33,75,W/FUjfnijTYptb0rNTLYj7Dp9UE=,sI4+YTcGHpi1i1ZNrFKCJGLz3WU=
-35,69,cwZ7/6AGvW7oUaqrsm+aIl6woYE=,iNBy5GTeh4p1Saxzmj/jy2aLaLk=
-34,68,cwZ7/6AGvW7oUaqrsm+aIl6woYE=,iNBy5GTeh4p1Saxzmj/jy2aLaLk=
-34,75,cwZ7/6AGvW7oUaqrsm+aIl6woYE=,sI4+YTcGHpi1i1ZNrFKCJGLz3WU=
-33,74,cwZ7/6AGvW7oUaqrsm+aIl6woYE=,sI4+YTcGHpi1i1ZNrFKCJGLz3WU=
-34,69,cwZ7/6AGvW7oUaqrsm+aIl6woYE=,iNBy5GTeh4p1Saxzmj/jy2aLaLk=
-36,71,cwZ7/6AGvW7oUaqrsm+aIl6woYE=,iNBy5GTeh4p1Saxzmj/jy2aLaLk=
-33,73,cwZ7/6AGvW7oUaqrsm+aIl6woYE=,sI4+YTcGHpi1i1ZNrFKCJGLz3WU=
-33,69,cwZ7/6AGvW7oUaqrsm+aIl6woYE=,iNBy5GTeh4p1Saxzmj/jy2aLaLk=
-35,73,cwZ7/6AGvW7oUaqrsm+aIl6woYE=,sI4+YTcGHpi1i1ZNrFKCJGLz3WU=
-35,71,cwZ7/6AGvW7oUaqrsm+aIl6woYE=,iNBy5GTeh4p1Saxzmj/jy2aLaLk=
-34,73,cwZ7/6AGvW7oUaqrsm+aIl6woYE=,sI4+YTcGHpi1i1ZNrFKCJGLz3WU=
-34,74,cwZ7/6AGvW7oUaqrsm+aIl6woYE=,sI4+YTcGHpi1i1ZNrFKCJGLz3WU=
-36,68,cwZ7/6AGvW7oUaqrsm+aIl6woYE=,iNBy5GTeh4p1Saxzmj/jy2aLaLk=
-36,73,cwZ7/6AGvW7oUaqrsm+aIl6woYE=,sI4+YTcGHpi1i1ZNrFKCJGLz3WU=
-36,70,cwZ7/6AGvW7oUaqrsm+aIl6woYE=,iNBy5GTeh4p1Saxzmj/jy2aLaLk=
-35,74,cwZ7/6AGvW7oUaqrsm+aIl6woYE=,sI4+YTcGHpi1i1ZNrFKCJGLz3WU=
-36,72,cwZ7/6AGvW7oUaqrsm+aIl6woYE=,sI4+YTcGHpi1i1ZNrFKCJGLz3WU=
-35,68,cwZ7/6AGvW7oUaqrsm+aIl6woYE=,iNBy5GTeh4p1Saxzmj/jy2aLaLk=
-36,74,cwZ7/6AGvW7oUaqrsm+aIl6woYE=,sI4+YTcGHpi1i1ZNrFKCJGLz3WU=
-34,72,cwZ7/6AGvW7oUaqrsm+aIl6woYE=,sI4+YTcGHpi1i1ZNrFKCJGLz3WU=
-34,70,cwZ7/6AGvW7oUaqrsm+aIl6woYE=,iNBy5GTeh4p1Saxzmj/jy2aLaLk=
-35,72,cwZ7/6AGvW7oUaqrsm+aIl6woYE=,sI4+YTcGHpi1i1ZNrFKCJGLz3WU=
-33,70,cwZ7/6AGvW7oUaqrsm+aIl6woYE=,iNBy5GTeh4p1Saxzmj/jy2aLaLk=
-33,72,cwZ7/6AGvW7oUaqrsm+aIl6woYE=,sI4+YTcGHpi1i1ZNrFKCJGLz3WU=
-35,70,cwZ7/6AGvW7oUaqrsm+aIl6woYE=,iNBy5GTeh4p1Saxzmj/jy2aLaLk=
-35,76,cwZ7/6AGvW7oUaqrsm+aIl6woYE=,sI4+YTcGHpi1i1ZNrFKCJGLz3WU=
-34,76,cwZ7/6AGvW7oUaqrsm+aIl6woYE=,sI4+YTcGHpi1i1ZNrFKCJGLz3WU=
-36,76,cwZ7/6AGvW7oUaqrsm+aIl6woYE=,sI4+YTcGHpi1i1ZNrFKCJGLz3WU=
-36,77,cwZ7/6AGvW7oUaqrsm+aIl6woYE=,sI4+YTcGHpi1i1ZNrFKCJGLz3WU=
-33,76,cwZ7/6AGvW7oUaqrsm+aIl6woYE=,sI4+YTcGHpi1i1ZNrFKCJGLz3WU=
-35,77,cwZ7/6AGvW7oUaqrsm+aIl6woYE=,sI4+YTcGHpi1i1ZNrFKCJGLz3WU=
-33,79,cwZ7/6AGvW7oUaqrsm+aIl6woYE=,sI4+YTcGHpi1i1ZNrFKCJGLz3WU=
-34,77,cwZ7/6AGvW7oUaqrsm+aIl6woYE=,sI4+YTcGHpi1i1ZNrFKCJGLz3WU=
-35,78,cwZ7/6AGvW7oUaqrsm+aIl6woYE=,sI4+YTcGHpi1i1ZNrFKCJGLz3WU=
-36,78,cwZ7/6AGvW7oUaqrsm+aIl6woYE=,sI4+YTcGHpi1i1ZNrFKCJGLz3WU=
-35,79,cwZ7/6AGvW7oUaqrsm+aIl6woYE=,sI4+YTcGHpi1i1ZNrFKCJGLz3WU=
-33,77,cwZ7/6AGvW7oUaqrsm+aIl6woYE=,sI4+YTcGHpi1i1ZNrFKCJGLz3WU=
-36,79,cwZ7/6AGvW7oUaqrsm+aIl6woYE=,sI4+YTcGHpi1i1ZNrFKCJGLz3WU=
-34,78,cwZ7/6AGvW7oUaqrsm+aIl6woYE=,sI4+YTcGHpi1i1ZNrFKCJGLz3WU=
-33,78,cwZ7/6AGvW7oUaqrsm+aIl6woYE=,sI4+YTcGHpi1i1ZNrFKCJGLz3WU=
-34,79,cwZ7/6AGvW7oUaqrsm+aIl6woYE=,sI4+YTcGHpi1i1ZNrFKCJGLz3WU=
-33,64,cwZ7/6AGvW7oUaqrsm+aIl6woYE=,iNBy5GTeh4p1Saxzmj/jy2aLaLk=
-33,67,cwZ7/6AGvW7oUaqrsm+aIl6woYE=,iNBy5GTeh4p1Saxzmj/jy2aLaLk=
-34,67,cwZ7/6AGvW7oUaqrsm+aIl6woYE=,iNBy5GTeh4p1Saxzmj/jy2aLaLk=
-36,67,cwZ7/6AGvW7oUaqrsm+aIl6woYE=,iNBy5GTeh4p1Saxzmj/jy2aLaLk=
-34,65,cwZ7/6AGvW7oUaqrsm+aIl6woYE=,iNBy5GTeh4p1Saxzmj/jy2aLaLk=
-35,67,cwZ7/6AGvW7oUaqrsm+aIl6woYE=,iNBy5GTeh4p1Saxzmj/jy2aLaLk=
-35,64,cwZ7/6AGvW7oUaqrsm+aIl6woYE=,iNBy5GTeh4p1Saxzmj/jy2aLaLk=
-34,64,cwZ7/6AGvW7oUaqrsm+aIl6woYE=,iNBy5GTeh4p1Saxzmj/jy2aLaLk=
-36,64,cwZ7/6AGvW7oUaqrsm+aIl6woYE=,iNBy5GTeh4p1Saxzmj/jy2aLaLk=
-33,66,cwZ7/6AGvW7oUaqrsm+aIl6woYE=,iNBy5GTeh4p1Saxzmj/jy2aLaLk=
-33,65,cwZ7/6AGvW7oUaqrsm+aIl6woYE=,iNBy5GTeh4p1Saxzmj/jy2aLaLk=
-35,66,cwZ7/6AGvW7oUaqrsm+aIl6woYE=,iNBy5GTeh4p1Saxzmj/jy2aLaLk=
-36,65,cwZ7/6AGvW7oUaqrsm+aIl6woYE=,iNBy5GTeh4p1Saxzmj/jy2aLaLk=
-34,66,cwZ7/6AGvW7oUaqrsm+aIl6woYE=,iNBy5GTeh4p1Saxzmj/jy2aLaLk=
-36,66,cwZ7/6AGvW7oUaqrsm+aIl6woYE=,iNBy5GTeh4p1Saxzmj/jy2aLaLk=
-35,65,cwZ7/6AGvW7oUaqrsm+aIl6woYE=,iNBy5GTeh4p1Saxzmj/jy2aLaLk=
-40,64,cwZ7/6AGvW7oUaqrsm+aIl6woYE=,iNBy5GTeh4p1Saxzmj/jy2aLaLk=
-40,66,cwZ7/6AGvW7oUaqrsm+aIl6woYE=,iNBy5GTeh4p1Saxzmj/jy2aLaLk=
-37,67,cwZ7/6AGvW7oUaqrsm+aIl6woYE=,iNBy5GTeh4p1Saxzmj/jy2aLaLk=
-39,64,cwZ7/6AGvW7oUaqrsm+aIl6woYE=,iNBy5GTeh4p1Saxzmj/jy2aLaLk=
-39,66,cwZ7/6AGvW7oUaqrsm+aIl6woYE=,iNBy5GTeh4p1Saxzmj/jy2aLaLk=
-38,67,cwZ7/6AGvW7oUaqrsm+aIl6woYE=,iNBy5GTeh4p1Saxzmj/jy2aLaLk=
-38,64,cwZ7/6AGvW7oUaqrsm+aIl6woYE=,iNBy5GTeh4p1Saxzmj/jy2aLaLk=
-39,65,cwZ7/6AGvW7oUaqrsm+aIl6woYE=,iNBy5GTeh4p1Saxzmj/jy2aLaLk=
-40,65,cwZ7/6AGvW7oUaqrsm+aIl6woYE=,iNBy5GTeh4p1Saxzmj/jy2aLaLk=
-37,65,cwZ7/6AGvW7oUaqrsm+aIl6woYE=,iNBy5GTeh4p1Saxzmj/jy2aLaLk=
-38,66,cwZ7/6AGvW7oUaqrsm+aIl6woYE=,iNBy5GTeh4p1Saxzmj/jy2aLaLk=
-38,65,cwZ7/6AGvW7oUaqrsm+aIl6woYE=,iNBy5GTeh4p1Saxzmj/jy2aLaLk=
-37,64,cwZ7/6AGvW7oUaqrsm+aIl6woYE=,iNBy5GTeh4p1Saxzmj/jy2aLaLk=
-40,67,cwZ7/6AGvW7oUaqrsm+aIl6woYE=,iNBy5GTeh4p1Saxzmj/jy2aLaLk=
-40,71,cwZ7/6AGvW7oUaqrsm+aIl6woYE=,iNBy5GTeh4p1Saxzmj/jy2aLaLk=
-39,67,cwZ7/6AGvW7oUaqrsm+aIl6woYE=,iNBy5GTeh4p1Saxzmj/jy2aLaLk=
-38,72,cwZ7/6AGvW7oUaqrsm+aIl6woYE=,sI4+YTcGHpi1i1ZNrFKCJGLz3WU=
-37,66,cwZ7/6AGvW7oUaqrsm+aIl6woYE=,iNBy5GTeh4p1Saxzmj/jy2aLaLk=
-38,73,cwZ7/6AGvW7oUaqrsm+aIl6woYE=,sI4+YTcGHpi1i1ZNrFKCJGLz3WU=
-40,77,cwZ7/6AGvW7oUaqrsm+aIl6woYE=,sI4+YTcGHpi1i1ZNrFKCJGLz3WU=
-37,75,cwZ7/6AGvW7oUaqrsm+aIl6woYE=,sI4+YTcGHpi1i1ZNrFKCJGLz3WU=
-39,71,cwZ7/6AGvW7oUaqrsm+aIl6woYE=,iNBy5GTeh4p1Saxzmj/jy2aLaLk=
-37,72,cwZ7/6AGvW7oUaqrsm+aIl6woYE=,sI4+YTcGHpi1i1ZNrFKCJGLz3WU=
-37,77,cwZ7/6AGvW7oUaqrsm+aIl6woYE=,sI4+YTcGHpi1i1ZNrFKCJGLz3WU=
-40,76,cwZ7/6AGvW7oUaqrsm+aIl6woYE=,sI4+YTcGHpi1i1ZNrFKCJGLz3WU=
-38,75,cwZ7/6AGvW7oUaqrsm+aIl6woYE=,sI4+YTcGHpi1i1ZNrFKCJGLz3WU=
-37,70,cwZ7/6AGvW7oUaqrsm+aIl6woYE=,iNBy5GTeh4p1Saxzmj/jy2aLaLk=
-39,73,cwZ7/6AGvW7oUaqrsm+aIl6woYE=,sI4+YTcGHpi1i1ZNrFKCJGLz3WU=
-38,70,cwZ7/6AGvW7oUaqrsm+aIl6woYE=,iNBy5GTeh4p1Saxzmj/jy2aLaLk=
-39,76,cwZ7/6AGvW7oUaqrsm+aIl6woYE=,sI4+YTcGHpi1i1ZNrFKCJGLz3WU=
-39,72,cwZ7/6AGvW7oUaqrsm+aIl6woYE=,sI4+YTcGHpi1i1ZNrFKCJGLz3WU=
-40,72,cwZ7/6AGvW7oUaqrsm+aIl6woYE=,sI4+YTcGHpi1i1ZNrFKCJGLz3WU=
-38,74,cwZ7/6AGvW7oUaqrsm+aIl6woYE=,sI4+YTcGHpi1i1ZNrFKCJGLz3WU=
-39,74,cwZ7/6AGvW7oUaqrsm+aIl6woYE=,sI4+YTcGHpi1i1ZNrFKCJGLz3WU=
-40,73,cwZ7/6AGvW7oUaqrsm+aIl6woYE=,sI4+YTcGHpi1i1ZNrFKCJGLz3WU=
-37,79,cwZ7/6AGvW7oUaqrsm+aIl6woYE=,sI4+YTcGHpi1i1ZNrFKCJGLz3WU=
-39,70,cwZ7/6AGvW7oUaqrsm+aIl6woYE=,iNBy5GTeh4p1Saxzmj/jy2aLaLk=
-40,75,cwZ7/6AGvW7oUaqrsm+aIl6woYE=,sI4+YTcGHpi1i1ZNrFKCJGLz3WU=
-40,70,cwZ7/6AGvW7oUaqrsm+aIl6woYE=,iNBy5GTeh4p1Saxzmj/jy2aLaLk=
-40,78,cwZ7/6AGvW7oUaqrsm+aIl6woYE=,sI4+YTcGHpi1i1ZNrFKCJGLz3WU=
-39,75,cwZ7/6AGvW7oUaqrsm+aIl6woYE=,sI4+YTcGHpi1i1ZNrFKCJGLz3WU=
-38,71,cwZ7/6AGvW7oUaqrsm+aIl6woYE=,iNBy5GTeh4p1Saxzmj/jy2aLaLk=
-37,73,cwZ7/6AGvW7oUaqrsm+aIl6woYE=,sI4+YTcGHpi1i1ZNrFKCJGLz3WU=
-37,71,cwZ7/6AGvW7oUaqrsm+aIl6woYE=,iNBy5GTeh4p1Saxzmj/jy2aLaLk=
-39,78,cwZ7/6AGvW7oUaqrsm+aIl6woYE=,sI4+YTcGHpi1i1ZNrFKCJGLz3WU=
-38,78,cwZ7/6AGvW7oUaqrsm+aIl6woYE=,sI4+YTcGHpi1i1ZNrFKCJGLz3WU=
-38,77,cwZ7/6AGvW7oUaqrsm+aIl6woYE=,sI4+YTcGHpi1i1ZNrFKCJGLz3WU=
-40,68,cwZ7/6AGvW7oUaqrsm+aIl6woYE=,iNBy5GTeh4p1Saxzmj/jy2aLaLk=
-37,76,cwZ7/6AGvW7oUaqrsm+aIl6woYE=,sI4+YTcGHpi1i1ZNrFKCJGLz3WU=
-37,69,cwZ7/6AGvW7oUaqrsm+aIl6woYE=,iNBy5GTeh4p1Saxzmj/jy2aLaLk=
-37,74,cwZ7/6AGvW7oUaqrsm+aIl6woYE=,sI4+YTcGHpi1i1ZNrFKCJGLz3WU=
-37,78,cwZ7/6AGvW7oUaqrsm+aIl6woYE=,sI4+YTcGHpi1i1ZNrFKCJGLz3WU=
-40,79,cwZ7/6AGvW7oUaqrsm+aIl6woYE=,sI4+YTcGHpi1i1ZNrFKCJGLz3WU=
-40,74,cwZ7/6AGvW7oUaqrsm+aIl6woYE=,sI4+YTcGHpi1i1ZNrFKCJGLz3WU=
-38,76,cwZ7/6AGvW7oUaqrsm+aIl6woYE=,sI4+YTcGHpi1i1ZNrFKCJGLz3WU=
-38,79,cwZ7/6AGvW7oUaqrsm+aIl6woYE=,sI4+YTcGHpi1i1ZNrFKCJGLz3WU=
-38,69,cwZ7/6AGvW7oUaqrsm+aIl6woYE=,iNBy5GTeh4p1Saxzmj/jy2aLaLk=
-39,77,cwZ7/6AGvW7oUaqrsm+aIl6woYE=,sI4+YTcGHpi1i1ZNrFKCJGLz3WU=
-39,68,cwZ7/6AGvW7oUaqrsm+aIl6woYE=,iNBy5GTeh4p1Saxzmj/jy2aLaLk=
-38,68,cwZ7/6AGvW7oUaqrsm+aIl6woYE=,iNBy5GTeh4p1Saxzmj/jy2aLaLk=
-40,69,cwZ7/6AGvW7oUaqrsm+aIl6woYE=,iNBy5GTeh4p1Saxzmj/jy2aLaLk=
-39,79,cwZ7/6AGvW7oUaqrsm+aIl6woYE=,sI4+YTcGHpi1i1ZNrFKCJGLz3WU=
-37,68,cwZ7/6AGvW7oUaqrsm+aIl6woYE=,iNBy5GTeh4p1Saxzmj/jy2aLaLk=
-39,69,cwZ7/6AGvW7oUaqrsm+aIl6woYE=,iNBy5GTeh4p1Saxzmj/jy2aLaLk=
