107,-56,D/Qt/auREp0JxabHXTauCCCcvUs=,rIZvev7emCUvOO6OtC7oAL+BzwA=
101,-55,ByKAoqfr9hbXRs2DFa9zJyRGW5E=,cFX2XoQS8FByhXZbEMAxHO/qK6A=
102,-53,ByKAoqfr9hbXRs2DFa9zJyRGW5E=,cFX2XoQS8FByhXZbEMAxHO/qK6A=
100,-55,ByKAoqfr9hbXRs2DFa9zJyRGW5E=,cFX2XoQS8FByhXZbEMAxHO/qK6A=
108,-56,Tjb6BLVIN4ir2r48DftwmDelLYc=,rIZvev7emCUvOO6OtC7oAL+BzwA=
102,-55,Tjb6BLVIN4ir2r48DftwmDelLYc=,cFX2XoQS8FByhXZbEMAxHO/qK6A=
102,-54,Tjb6BLVIN4ir2r48DftwmDelLYc=,cFX2XoQS8FByhXZbEMAxHO/qK6A=
101,-54,Tjb6BLVIN4ir2r48DftwmDelLYc=,cFX2XoQS8FByhXZbEMAxHO/qK6A=
101,-53,Tjb6BLVIN4ir2r48DftwmDelLYc=,cFX2XoQS8FByhXZbEMAxHO/qK6A=
100,-54,Tjb6BLVIN4ir2r48DftwmDelLYc=,cFX2XoQS8FByhXZbEMAxHO/qK6A=
109,-56,rcGSCRjCBKO+W+SAH3pAwvLcKW0=,rIZvev7emCUvOO6OtC7oAL+BzwA=
104,-56,rcGSCRjCBKO+W+SAH3pAwvLcKW0=,rIZvev7emCUvOO6OtC7oAL+BzwA=
100,-53,rcGSCRjCBKO+W+SAH3pAwvLcKW0=,cFX2XoQS8FByhXZbEMAxHO/qK6A=
106,-56,rcGSCRjCBKO+W+SAH3pAwvLcKW0=,rIZvev7emCUvOO6OtC7oAL+BzwA=
105,-56,a0S4a1IBksbC336jW8qhRUZ9caU=,rIZvev7emCUvOO6OtC7oAL+BzwA=
110,-56,a0S4a1IBksbC336jW8qhRUZ9caU=,rIZvev7emCUvOO6OtC7oAL+BzwA=
110,-58,a0S4a1IBksbC336jW8qhRUZ9caU=,amc+sGspoNSLsCiX0/c63DCEDlI=
108,-58,a0S4a1IBksbC336jW8qhRUZ9caU=,amc+sGspoNSLsCiX0/c63DCEDlI=
111,-58,a0S4a1IBksbC336jW8qhRUZ9caU=,amc+sGspoNSLsCiX0/c63DCEDlI=
109,-58,a0S4a1IBksbC336jW8qhRUZ9caU=,amc+sGspoNSLsCiX0/c63DCEDlI=
111,-56,BtelSB69yvJmjj4ucthlzbFx1b8=,rIZvev7emCUvOO6OtC7oAL+BzwA=
107,-60,BtelSB69yvJmjj4ucthlzbFx1b8=,amc+sGspoNSLsCiX0/c63DCEDlI=
106,-60,BtelSB69yvJmjj4ucthlzbFx1b8=,amc+sGspoNSLsCiX0/c63DCEDlI=
105,-60,BtelSB69yvJmjj4ucthlzbFx1b8=,amc+sGspoNSLsCiX0/c63DCEDlI=
108,-60,BtelSB69yvJmjj4ucthlzbFx1b8=,amc+sGspoNSLsCiX0/c63DCEDlI=
110,-60,BtelSB69yvJmjj4ucthlzbFx1b8=,amc+sGspoNSLsCiX0/c63DCEDlI=
109,-60,BtelSB69yvJmjj4ucthlzbFx1b8=,amc+sGspoNSLsCiX0/c63DCEDlI=
104,-55,BtelSB69yvJmjj4ucthlzbFx1b8=,rIZvev7emCUvOO6OtC7oAL+BzwA=
111,-60,BtelSB69yvJmjj4ucthlzbFx1b8=,amc+sGspoNSLsCiX0/c63DCEDlI=
111,-53,BtelSB69yvJmjj4ucthlzbFx1b8=,rIZvev7emCUvOO6OtC7oAL+BzwA=
105,-59,BtelSB69yvJmjj4ucthlzbFx1b8=,amc+sGspoNSLsCiX0/c63DCEDlI=
110,-53,BtelSB69yvJmjj4ucthlzbFx1b8=,rIZvev7emCUvOO6OtC7oAL+BzwA=
106,-59,BtelSB69yvJmjj4ucthlzbFx1b8=,amc+sGspoNSLsCiX0/c63DCEDlI=
108,-59,BtelSB69yvJmjj4ucthlzbFx1b8=,amc+sGspoNSLsCiX0/c63DCEDlI=
107,-59,BtelSB69yvJmjj4ucthlzbFx1b8=,amc+sGspoNSLsCiX0/c63DCEDlI=
105,-55,BtelSB69yvJmjj4ucthlzbFx1b8=,rIZvev7emCUvOO6OtC7oAL+BzwA=
105,-58,BtelSB69yvJmjj4ucthlzbFx1b8=,amc+sGspoNSLsCiX0/c63DCEDlI=
110,-59,BtelSB69yvJmjj4ucthlzbFx1b8=,amc+sGspoNSLsCiX0/c63DCEDlI=
111,-59,BtelSB69yvJmjj4ucthlzbFx1b8=,amc+sGspoNSLsCiX0/c63DCEDlI=
109,-59,BtelSB69yvJmjj4ucthlzbFx1b8=,amc+sGspoNSLsCiX0/c63DCEDlI=
111,-57,BtelSB69yvJmjj4ucthlzbFx1b8=,amc+sGspoNSLsCiX0/c63DCEDlI=
102,-59,BtelSB69yvJmjj4ucthlzbFx1b8=,v5gDwLOgteFS+F4+cKO70boiBJQ=
106,-58,BtelSB69yvJmjj4ucthlzbFx1b8=,amc+sGspoNSLsCiX0/c63DCEDlI=
103,-59,BtelSB69yvJmjj4ucthlzbFx1b8=,v5gDwLOgteFS+F4+cKO70boiBJQ=
107,-58,BtelSB69yvJmjj4ucthlzbFx1b8=,amc+sGspoNSLsCiX0/c63DCEDlI=
100,-56,BtelSB69yvJmjj4ucthlzbFx1b8=,cFX2XoQS8FByhXZbEMAxHO/qK6A=
101,-56,BtelSB69yvJmjj4ucthlzbFx1b8=,cFX2XoQS8FByhXZbEMAxHO/qK6A=
104,-60,BtelSB69yvJmjj4ucthlzbFx1b8=,amc+sGspoNSLsCiX0/c63DCEDlI=
102,-56,BtelSB69yvJmjj4ucthlzbFx1b8=,cFX2XoQS8FByhXZbEMAxHO/qK6A=
109,-53,BtelSB69yvJmjj4ucthlzbFx1b8=,rIZvev7emCUvOO6OtC7oAL+BzwA=
100,-58,BtelSB69yvJmjj4ucthlzbFx1b8=,v5gDwLOgteFS+F4+cKO70boiBJQ=
104,-59,BtelSB69yvJmjj4ucthlzbFx1b8=,amc+sGspoNSLsCiX0/c63DCEDlI=
100,-60,BtelSB69yvJmjj4ucthlzbFx1b8=,v5gDwLOgteFS+F4+cKO70boiBJQ=
108,-53,BtelSB69yvJmjj4ucthlzbFx1b8=,rIZvev7emCUvOO6OtC7oAL+BzwA=
101,-60,BtelSB69yvJmjj4ucthlzbFx1b8=,v5gDwLOgteFS+F4+cKO70boiBJQ=
100,-57,BtelSB69yvJmjj4ucthlzbFx1b8=,v5gDwLOgteFS+F4+cKO70boiBJQ=
107,-53,BtelSB69yvJmjj4ucthlzbFx1b8=,rIZvev7emCUvOO6OtC7oAL+BzwA=
102,-60,BtelSB69yvJmjj4ucthlzbFx1b8=,v5gDwLOgteFS+F4+cKO70boiBJQ=
101,-57,BtelSB69yvJmjj4ucthlzbFx1b8=,v5gDwLOgteFS+F4+cKO70boiBJQ=
103,-60,BtelSB69yvJmjj4ucthlzbFx1b8=,v5gDwLOgteFS+F4+cKO70boiBJQ=
102,-57,BtelSB69yvJmjj4ucthlzbFx1b8=,v5gDwLOgteFS+F4+cKO70boiBJQ=
106,-53,BtelSB69yvJmjj4ucthlzbFx1b8=,rIZvev7emCUvOO6OtC7oAL+BzwA=
101,-59,BtelSB69yvJmjj4ucthlzbFx1b8=,v5gDwLOgteFS+F4+cKO70boiBJQ=
100,-59,BtelSB69yvJmjj4ucthlzbFx1b8=,v5gDwLOgteFS+F4+cKO70boiBJQ=
101,-58,BtelSB69yvJmjj4ucthlzbFx1b8=,v5gDwLOgteFS+F4+cKO70boiBJQ=
102,-58,BtelSB69yvJmjj4ucthlzbFx1b8=,v5gDwLOgteFS+F4+cKO70boiBJQ=
105,-53,BtelSB69yvJmjj4ucthlzbFx1b8=,rIZvev7emCUvOO6OtC7oAL+BzwA=
103,-58,BtelSB69yvJmjj4ucthlzbFx1b8=,v5gDwLOgteFS+F4+cKO70boiBJQ=
108,-55,BtelSB69yvJmjj4ucthlzbFx1b8=,rIZvev7emCUvOO6OtC7oAL+BzwA=
109,-55,BtelSB69yvJmjj4ucthlzbFx1b8=,rIZvev7emCUvOO6OtC7oAL+BzwA=
104,-58,BtelSB69yvJmjj4ucthlzbFx1b8=,amc+sGspoNSLsCiX0/c63DCEDlI=
103,-55,BtelSB69yvJmjj4ucthlzbFx1b8=,cFX2XoQS8FByhXZbEMAxHO/qK6A=
104,-54,BtelSB69yvJmjj4ucthlzbFx1b8=,rIZvev7emCUvOO6OtC7oAL+BzwA=
111,-55,BtelSB69yvJmjj4ucthlzbFx1b8=,rIZvev7emCUvOO6OtC7oAL+BzwA=
110,-55,BtelSB69yvJmjj4ucthlzbFx1b8=,rIZvev7emCUvOO6OtC7oAL+BzwA=
110,-57,BtelSB69yvJmjj4ucthlzbFx1b8=,amc+sGspoNSLsCiX0/c63DCEDlI=
105,-54,BtelSB69yvJmjj4ucthlzbFx1b8=,rIZvev7emCUvOO6OtC7oAL+BzwA=
103,-54,BtelSB69yvJmjj4ucthlzbFx1b8=,cFX2XoQS8FByhXZbEMAxHO/qK6A=
108,-54,BtelSB69yvJmjj4ucthlzbFx1b8=,rIZvev7emCUvOO6OtC7oAL+BzwA=
106,-54,BtelSB69yvJmjj4ucthlzbFx1b8=,rIZvev7emCUvOO6OtC7oAL+BzwA=
104,-57,BtelSB69yvJmjj4ucthlzbFx1b8=,amc+sGspoNSLsCiX0/c63DCEDlI=
103,-56,BtelSB69yvJmjj4ucthlzbFx1b8=,cFX2XoQS8FByhXZbEMAxHO/qK6A=
107,-54,BtelSB69yvJmjj4ucthlzbFx1b8=,rIZvev7emCUvOO6OtC7oAL+BzwA=
109,-54,BtelSB69yvJmjj4ucthlzbFx1b8=,rIZvev7emCUvOO6OtC7oAL+BzwA=
109,-57,BtelSB69yvJmjj4ucthlzbFx1b8=,amc+sGspoNSLsCiX0/c63DCEDlI=
110,-54,BtelSB69yvJmjj4ucthlzbFx1b8=,rIZvev7emCUvOO6OtC7oAL+BzwA=
103,-57,BtelSB69yvJmjj4ucthlzbFx1b8=,v5gDwLOgteFS+F4+cKO70boiBJQ=
107,-55,BtelSB69yvJmjj4ucthlzbFx1b8=,rIZvev7emCUvOO6OtC7oAL+BzwA=
111,-54,BtelSB69yvJmjj4ucthlzbFx1b8=,rIZvev7emCUvOO6OtC7oAL+BzwA=
105,-57,BtelSB69yvJmjj4ucthlzbFx1b8=,amc+sGspoNSLsCiX0/c63DCEDlI=
108,-57,BtelSB69yvJmjj4ucthlzbFx1b8=,amc+sGspoNSLsCiX0/c63DCEDlI=
106,-57,BtelSB69yvJmjj4ucthlzbFx1b8=,amc+sGspoNSLsCiX0/c63DCEDlI=
106,-55,BtelSB69yvJmjj4ucthlzbFx1b8=,rIZvev7emCUvOO6OtC7oAL+BzwA=
103,-53,BtelSB69yvJmjj4ucthlzbFx1b8=,cFX2XoQS8FByhXZbEMAxHO/qK6A=
107,-57,BtelSB69yvJmjj4ucthlzbFx1b8=,amc+sGspoNSLsCiX0/c63DCEDlI=
104,-53,BtelSB69yvJmjj4ucthlzbFx1b8=,rIZvev7emCUvOO6OtC7oAL+BzwA=
108,-51,BtelSB69yvJmjj4ucthlzbFx1b8=,rIZvev7emCUvOO6OtC7oAL+BzwA=
109,-49,BtelSB69yvJmjj4ucthlzbFx1b8=,rIZvev7emCUvOO6OtC7oAL+BzwA=
111,-49,BtelSB69yvJmjj4ucthlzbFx1b8=,rIZvev7emCUvOO6OtC7oAL+BzwA=
110,-49,BtelSB69yvJmjj4ucthlzbFx1b8=,rIZvev7emCUvOO6OtC7oAL+BzwA=
108,-49,BtelSB69yvJmjj4ucthlzbFx1b8=,rIZvev7emCUvOO6OtC7oAL+BzwA=
109,-51,BtelSB69yvJmjj4ucthlzbFx1b8=,rIZvev7emCUvOO6OtC7oAL+BzwA=
111,-50,BtelSB69yvJmjj4ucthlzbFx1b8=,rIZvev7emCUvOO6OtC7oAL+BzwA=
110,-50,BtelSB69yvJmjj4ucthlzbFx1b8=,rIZvev7emCUvOO6OtC7oAL+BzwA=
109,-50,BtelSB69yvJmjj4ucthlzbFx1b8=,rIZvev7emCUvOO6OtC7oAL+BzwA=
108,-52,BtelSB69yvJmjj4ucthlzbFx1b8=,rIZvev7emCUvOO6OtC7oAL+BzwA=
110,-51,BtelSB69yvJmjj4ucthlzbFx1b8=,rIZvev7emCUvOO6OtC7oAL+BzwA=
109,-52,BtelSB69yvJmjj4ucthlzbFx1b8=,rIZvev7emCUvOO6OtC7oAL+BzwA=
110,-52,BtelSB69yvJmjj4ucthlzbFx1b8=,rIZvev7emCUvOO6OtC7oAL+BzwA=
111,-52,BtelSB69yvJmjj4ucthlzbFx1b8=,rIZvev7emCUvOO6OtC7oAL+BzwA=
108,-50,BtelSB69yvJmjj4ucthlzbFx1b8=,rIZvev7emCUvOO6OtC7oAL+BzwA=
111,-51,BtelSB69yvJmjj4ucthlzbFx1b8=,rIZvev7emCUvOO6OtC7oAL+BzwA=
104,-49,BtelSB69yvJmjj4ucthlzbFx1b8=,rIZvev7emCUvOO6OtC7oAL+BzwA=
103,-49,BtelSB69yvJmjj4ucthlzbFx1b8=,cFX2XoQS8FByhXZbEMAxHO/qK6A=
100,-52,BtelSB69yvJmjj4ucthlzbFx1b8=,cFX2XoQS8FByhXZbEMAxHO/qK6A=
101,-52,BtelSB69yvJmjj4ucthlzbFx1b8=,cFX2XoQS8FByhXZbEMAxHO/qK6A=
101,-51,BtelSB69yvJmjj4ucthlzbFx1b8=,cFX2XoQS8FByhXZbEMAxHO/qK6A=
102,-52,BtelSB69yvJmjj4ucthlzbFx1b8=,cFX2XoQS8FByhXZbEMAxHO/qK6A=
106,-49,BtelSB69yvJmjj4ucthlzbFx1b8=,rIZvev7emCUvOO6OtC7oAL+BzwA=
102,-51,BtelSB69yvJmjj4ucthlzbFx1b8=,cFX2XoQS8FByhXZbEMAxHO/qK6A=
100,-50,BtelSB69yvJmjj4ucthlzbFx1b8=,cFX2XoQS8FByhXZbEMAxHO/qK6A=
105,-49,BtelSB69yvJmjj4ucthlzbFx1b8=,rIZvev7emCUvOO6OtC7oAL+BzwA=
102,-49,BtelSB69yvJmjj4ucthlzbFx1b8=,cFX2XoQS8FByhXZbEMAxHO/qK6A=
105,-52,BtelSB69yvJmjj4ucthlzbFx1b8=,rIZvev7emCUvOO6OtC7oAL+BzwA=
101,-50,BtelSB69yvJmjj4ucthlzbFx1b8=,cFX2XoQS8FByhXZbEMAxHO/qK6A=
104,-51,BtelSB69yvJmjj4ucthlzbFx1b8=,rIZvev7emCUvOO6OtC7oAL+BzwA=
106,-52,BtelSB69yvJmjj4ucthlzbFx1b8=,rIZvev7emCUvOO6OtC7oAL+BzwA=
107,-52,BtelSB69yvJmjj4ucthlzbFx1b8=,rIZvev7emCUvOO6OtC7oAL+BzwA=
100,-51,BtelSB69yvJmjj4ucthlzbFx1b8=,cFX2XoQS8FByhXZbEMAxHO/qK6A=
107,-50,BtelSB69yvJmjj4ucthlzbFx1b8=,rIZvev7emCUvOO6OtC7oAL+BzwA=
102,-50,BtelSB69yvJmjj4ucthlzbFx1b8=,cFX2XoQS8FByhXZbEMAxHO/qK6A=
106,-51,BtelSB69yvJmjj4ucthlzbFx1b8=,rIZvev7emCUvOO6OtC7oAL+BzwA=
103,-52,BtelSB69yvJmjj4ucthlzbFx1b8=,cFX2XoQS8FByhXZbEMAxHO/qK6A=
101,-49,BtelSB69yvJmjj4ucthlzbFx1b8=,cFX2XoQS8FByhXZbEMAxHO/qK6A=
107,-51,BtelSB69yvJmjj4ucthlzbFx1b8=,rIZvev7emCUvOO6OtC7oAL+BzwA=
107,-49,BtelSB69yvJmjj4ucthlzbFx1b8=,rIZvev7emCUvOO6OtC7oAL+BzwA=
104,-50,BtelSB69yvJmjj4ucthlzbFx1b8=,rIZvev7emCUvOO6OtC7oAL+BzwA=
103,-50,BtelSB69yvJmjj4ucthlzbFx1b8=,cFX2XoQS8FByhXZbEMAxHO/qK6A=
105,-50,BtelSB69yvJmjj4ucthlzbFx1b8=,rIZvev7emCUvOO6OtC7oAL+BzwA=
104,-52,BtelSB69yvJmjj4ucthlzbFx1b8=,rIZvev7emCUvOO6OtC7oAL+BzwA=
100,-49,BtelSB69yvJmjj4ucthlzbFx1b8=,cFX2XoQS8FByhXZbEMAxHO/qK6A=
105,-51,BtelSB69yvJmjj4ucthlzbFx1b8=,rIZvev7emCUvOO6OtC7oAL+BzwA=
99,-52,BtelSB69yvJmjj4ucthlzbFx1b8=,cFX2XoQS8FByhXZbEMAxHO/qK6A=
97,-51,BtelSB69yvJmjj4ucthlzbFx1b8=,cFX2XoQS8FByhXZbEMAxHO/qK6A=
103,-51,BtelSB69yvJmjj4ucthlzbFx1b8=,cFX2XoQS8FByhXZbEMAxHO/qK6A=
106,-50,BtelSB69yvJmjj4ucthlzbFx1b8=,rIZvev7emCUvOO6OtC7oAL+BzwA=
97,-50,BtelSB69yvJmjj4ucthlzbFx1b8=,cFX2XoQS8FByhXZbEMAxHO/qK6A=
99,-50,BtelSB69yvJmjj4ucthlzbFx1b8=,cFX2XoQS8FByhXZbEMAxHO/qK6A=
97,-49,BtelSB69yvJmjj4ucthlzbFx1b8=,cFX2XoQS8FByhXZbEMAxHO/qK6A=
98,-49,BtelSB69yvJmjj4ucthlzbFx1b8=,cFX2XoQS8FByhXZbEMAxHO/qK6A=
96,-52,BtelSB69yvJmjj4ucthlzbFx1b8=,cFX2XoQS8FByhXZbEMAxHO/qK6A=
96,-51,BtelSB69yvJmjj4ucthlzbFx1b8=,cFX2XoQS8FByhXZbEMAxHO/qK6A=
98,-51,BtelSB69yvJmjj4ucthlzbFx1b8=,cFX2XoQS8FByhXZbEMAxHO/qK6A=
97,-52,BtelSB69yvJmjj4ucthlzbFx1b8=,cFX2XoQS8FByhXZbEMAxHO/qK6A=
99,-51,BtelSB69yvJmjj4ucthlzbFx1b8=,cFX2XoQS8FByhXZbEMAxHO/qK6A=
96,-49,BtelSB69yvJmjj4ucthlzbFx1b8=,cFX2XoQS8FByhXZbEMAxHO/qK6A=
98,-50,BtelSB69yvJmjj4ucthlzbFx1b8=,cFX2XoQS8FByhXZbEMAxHO/qK6A=
99,-49,BtelSB69yvJmjj4ucthlzbFx1b8=,cFX2XoQS8FByhXZbEMAxHO/qK6A=
96,-50,BtelSB69yvJmjj4ucthlzbFx1b8=,cFX2XoQS8FByhXZbEMAxHO/qK6A=
98,-52,BtelSB69yvJmjj4ucthlzbFx1b8=,cFX2XoQS8FByhXZbEMAxHO/qK6A=
97,-55,BtelSB69yvJmjj4ucthlzbFx1b8=,cFX2XoQS8FByhXZbEMAxHO/qK6A=
98,-55,BtelSB69yvJmjj4ucthlzbFx1b8=,cFX2XoQS8FByhXZbEMAxHO/qK6A=
96,-57,BtelSB69yvJmjj4ucthlzbFx1b8=,v5gDwLOgteFS+F4+cKO70boiBJQ=
96,-59,BtelSB69yvJmjj4ucthlzbFx1b8=,v5gDwLOgteFS+F4+cKO70boiBJQ=
103,-64,BtelSB69yvJmjj4ucthlzbFx1b8=,v5gDwLOgteFS+F4+cKO70boiBJQ=
99,-55,BtelSB69yvJmjj4ucthlzbFx1b8=,cFX2XoQS8FByhXZbEMAxHO/qK6A=
97,-54,BtelSB69yvJmjj4ucthlzbFx1b8=,cFX2XoQS8FByhXZbEMAxHO/qK6A=
98,-54,BtelSB69yvJmjj4ucthlzbFx1b8=,cFX2XoQS8FByhXZbEMAxHO/qK6A=
96,-64,BtelSB69yvJmjj4ucthlzbFx1b8=,v5gDwLOgteFS+F4+cKO70boiBJQ=
96,-60,BtelSB69yvJmjj4ucthlzbFx1b8=,v5gDwLOgteFS+F4+cKO70boiBJQ=
97,-64,BtelSB69yvJmjj4ucthlzbFx1b8=,v5gDwLOgteFS+F4+cKO70boiBJQ=
102,-64,BtelSB69yvJmjj4ucthlzbFx1b8=,v5gDwLOgteFS+F4+cKO70boiBJQ=
96,-58,BtelSB69yvJmjj4ucthlzbFx1b8=,v5gDwLOgteFS+F4+cKO70boiBJQ=
96,-61,BtelSB69yvJmjj4ucthlzbFx1b8=,v5gDwLOgteFS+F4+cKO70boiBJQ=
97,-62,BtelSB69yvJmjj4ucthlzbFx1b8=,v5gDwLOgteFS+F4+cKO70boiBJQ=
98,-62,BtelSB69yvJmjj4ucthlzbFx1b8=,v5gDwLOgteFS+F4+cKO70boiBJQ=
99,-61,BtelSB69yvJmjj4ucthlzbFx1b8=,v5gDwLOgteFS+F4+cKO70boiBJQ=
96,-63,BtelSB69yvJmjj4ucthlzbFx1b8=,v5gDwLOgteFS+F4+cKO70boiBJQ=
99,-62,BtelSB69yvJmjj4ucthlzbFx1b8=,v5gDwLOgteFS+F4+cKO70boiBJQ=
97,-63,BtelSB69yvJmjj4ucthlzbFx1b8=,v5gDwLOgteFS+F4+cKO70boiBJQ=
98,-63,BtelSB69yvJmjj4ucthlzbFx1b8=,v5gDwLOgteFS+F4+cKO70boiBJQ=
98,-61,BtelSB69yvJmjj4ucthlzbFx1b8=,v5gDwLOgteFS+F4+cKO70boiBJQ=
104,-64,BtelSB69yvJmjj4ucthlzbFx1b8=,amc+sGspoNSLsCiX0/c63DCEDlI=
99,-63,BtelSB69yvJmjj4ucthlzbFx1b8=,v5gDwLOgteFS+F4+cKO70boiBJQ=
96,-62,BtelSB69yvJmjj4ucthlzbFx1b8=,v5gDwLOgteFS+F4+cKO70boiBJQ=
96,-56,BtelSB69yvJmjj4ucthlzbFx1b8=,cFX2XoQS8FByhXZbEMAxHO/qK6A=
107,-64,BtelSB69yvJmjj4ucthlzbFx1b8=,amc+sGspoNSLsCiX0/c63DCEDlI=
98,-64,BtelSB69yvJmjj4ucthlzbFx1b8=,v5gDwLOgteFS+F4+cKO70boiBJQ=
99,-64,BtelSB69yvJmjj4ucthlzbFx1b8=,v5gDwLOgteFS+F4+cKO70boiBJQ=
96,-53,BtelSB69yvJmjj4ucthlzbFx1b8=,cFX2XoQS8FByhXZbEMAxHO/qK6A=
100,-64,BtelSB69yvJmjj4ucthlzbFx1b8=,v5gDwLOgteFS+F4+cKO70boiBJQ=
99,-54,BtelSB69yvJmjj4ucthlzbFx1b8=,cFX2XoQS8FByhXZbEMAxHO/qK6A=
97,-53,BtelSB69yvJmjj4ucthlzbFx1b8=,cFX2XoQS8FByhXZbEMAxHO/qK6A=
98,-53,BtelSB69yvJmjj4ucthlzbFx1b8=,cFX2XoQS8FByhXZbEMAxHO/qK6A=
96,-54,BtelSB69yvJmjj4ucthlzbFx1b8=,cFX2XoQS8FByhXZbEMAxHO/qK6A=
99,-53,BtelSB69yvJmjj4ucthlzbFx1b8=,cFX2XoQS8FByhXZbEMAxHO/qK6A=
111,-64,BtelSB69yvJmjj4ucthlzbFx1b8=,amc+sGspoNSLsCiX0/c63DCEDlI=
96,-55,BtelSB69yvJmjj4ucthlzbFx1b8=,cFX2XoQS8FByhXZbEMAxHO/qK6A=
108,-63,BtelSB69yvJmjj4ucthlzbFx1b8=,amc+sGspoNSLsCiX0/c63DCEDlI=
97,-56,BtelSB69yvJmjj4ucthlzbFx1b8=,cFX2XoQS8FByhXZbEMAxHO/qK6A=
109,-63,BtelSB69yvJmjj4ucthlzbFx1b8=,amc+sGspoNSLsCiX0/c63DCEDlI=
110,-63,BtelSB69yvJmjj4ucthlzbFx1b8=,amc+sGspoNSLsCiX0/c63DCEDlI=
110,-64,BtelSB69yvJmjj4ucthlzbFx1b8=,amc+sGspoNSLsCiX0/c63DCEDlI=
101,-64,BtelSB69yvJmjj4ucthlzbFx1b8=,v5gDwLOgteFS+F4+cKO70boiBJQ=
111,-63,BtelSB69yvJmjj4ucthlzbFx1b8=,amc+sGspoNSLsCiX0/c63DCEDlI=
109,-62,BtelSB69yvJmjj4ucthlzbFx1b8=,amc+sGspoNSLsCiX0/c63DCEDlI=
108,-62,BtelSB69yvJmjj4ucthlzbFx1b8=,amc+sGspoNSLsCiX0/c63DCEDlI=
97,-61,BtelSB69yvJmjj4ucthlzbFx1b8=,v5gDwLOgteFS+F4+cKO70boiBJQ=
105,-63,BtelSB69yvJmjj4ucthlzbFx1b8=,amc+sGspoNSLsCiX0/c63DCEDlI=
111,-62,BtelSB69yvJmjj4ucthlzbFx1b8=,amc+sGspoNSLsCiX0/c63DCEDlI=
110,-62,BtelSB69yvJmjj4ucthlzbFx1b8=,amc+sGspoNSLsCiX0/c63DCEDlI=
108,-61,BtelSB69yvJmjj4ucthlzbFx1b8=,amc+sGspoNSLsCiX0/c63DCEDlI=
110,-61,BtelSB69yvJmjj4ucthlzbFx1b8=,amc+sGspoNSLsCiX0/c63DCEDlI=
98,-56,BtelSB69yvJmjj4ucthlzbFx1b8=,cFX2XoQS8FByhXZbEMAxHO/qK6A=
109,-61,BtelSB69yvJmjj4ucthlzbFx1b8=,amc+sGspoNSLsCiX0/c63DCEDlI=
106,-63,BtelSB69yvJmjj4ucthlzbFx1b8=,amc+sGspoNSLsCiX0/c63DCEDlI=
99,-56,BtelSB69yvJmjj4ucthlzbFx1b8=,cFX2XoQS8FByhXZbEMAxHO/qK6A=
111,-61,BtelSB69yvJmjj4ucthlzbFx1b8=,amc+sGspoNSLsCiX0/c63DCEDlI=
108,-64,BtelSB69yvJmjj4ucthlzbFx1b8=,amc+sGspoNSLsCiX0/c63DCEDlI=
98,-58,BtelSB69yvJmjj4ucthlzbFx1b8=,v5gDwLOgteFS+F4+cKO70boiBJQ=
98,-60,BtelSB69yvJmjj4ucthlzbFx1b8=,v5gDwLOgteFS+F4+cKO70boiBJQ=
97,-57,BtelSB69yvJmjj4ucthlzbFx1b8=,v5gDwLOgteFS+F4+cKO70boiBJQ=
105,-62,BtelSB69yvJmjj4ucthlzbFx1b8=,amc+sGspoNSLsCiX0/c63DCEDlI=
106,-64,BtelSB69yvJmjj4ucthlzbFx1b8=,amc+sGspoNSLsCiX0/c63DCEDlI=
98,-57,BtelSB69yvJmjj4ucthlzbFx1b8=,v5gDwLOgteFS+F4+cKO70boiBJQ=
99,-57,BtelSB69yvJmjj4ucthlzbFx1b8=,v5gDwLOgteFS+F4+cKO70boiBJQ=
97,-59,BtelSB69yvJmjj4ucthlzbFx1b8=,v5gDwLOgteFS+F4+cKO70boiBJQ=
98,-59,BtelSB69yvJmjj4ucthlzbFx1b8=,v5gDwLOgteFS+F4+cKO70boiBJQ=
99,-60,BtelSB69yvJmjj4ucthlzbFx1b8=,v5gDwLOgteFS+F4+cKO70boiBJQ=
105,-64,BtelSB69yvJmjj4ucthlzbFx1b8=,amc+sGspoNSLsCiX0/c63DCEDlI=
106,-62,BtelSB69yvJmjj4ucthlzbFx1b8=,amc+sGspoNSLsCiX0/c63DCEDlI=
99,-59,BtelSB69yvJmjj4ucthlzbFx1b8=,v5gDwLOgteFS+F4+cKO70boiBJQ=
107,-62,BtelSB69yvJmjj4ucthlzbFx1b8=,amc+sGspoNSLsCiX0/c63DCEDlI=
105,-61,BtelSB69yvJmjj4ucthlzbFx1b8=,amc+sGspoNSLsCiX0/c63DCEDlI=
106,-61,BtelSB69yvJmjj4ucthlzbFx1b8=,amc+sGspoNSLsCiX0/c63DCEDlI=
107,-63,BtelSB69yvJmjj4ucthlzbFx1b8=,amc+sGspoNSLsCiX0/c63DCEDlI=
100,-61,BtelSB69yvJmjj4ucthlzbFx1b8=,v5gDwLOgteFS+F4+cKO70boiBJQ=
101,-61,BtelSB69yvJmjj4ucthlzbFx1b8=,v5gDwLOgteFS+F4+cKO70boiBJQ=
104,-63,BtelSB69yvJmjj4ucthlzbFx1b8=,amc+sGspoNSLsCiX0/c63DCEDlI=
104,-62,BtelSB69yvJmjj4ucthlzbFx1b8=,amc+sGspoNSLsCiX0/c63DCEDlI=
102,-61,BtelSB69yvJmjj4ucthlzbFx1b8=,v5gDwLOgteFS+F4+cKO70boiBJQ=
103,-61,BtelSB69yvJmjj4ucthlzbFx1b8=,v5gDwLOgteFS+F4+cKO70boiBJQ=
104,-61,BtelSB69yvJmjj4ucthlzbFx1b8=,amc+sGspoNSLsCiX0/c63DCEDlI=
109,-64,BtelSB69yvJmjj4ucthlzbFx1b8=,amc+sGspoNSLsCiX0/c63DCEDlI=
101,-63,BtelSB69yvJmjj4ucthlzbFx1b8=,v5gDwLOgteFS+F4+cKO70boiBJQ=
102,-63,BtelSB69yvJmjj4ucthlzbFx1b8=,v5gDwLOgteFS+F4+cKO70boiBJQ=
97,-58,BtelSB69yvJmjj4ucthlzbFx1b8=,v5gDwLOgteFS+F4+cKO70boiBJQ=
97,-60,BtelSB69yvJmjj4ucthlzbFx1b8=,v5gDwLOgteFS+F4+cKO70boiBJQ=
99,-58,BtelSB69yvJmjj4ucthlzbFx1b8=,v5gDwLOgteFS+F4+cKO70boiBJQ=
107,-61,BtelSB69yvJmjj4ucthlzbFx1b8=,amc+sGspoNSLsCiX0/c63DCEDlI=
103,-62,BtelSB69yvJmjj4ucthlzbFx1b8=,v5gDwLOgteFS+F4+cKO70boiBJQ=
103,-63,BtelSB69yvJmjj4ucthlzbFx1b8=,v5gDwLOgteFS+F4+cKO70boiBJQ=
100,-62,BtelSB69yvJmjj4ucthlzbFx1b8=,v5gDwLOgteFS+F4+cKO70boiBJQ=
101,-62,BtelSB69yvJmjj4ucthlzbFx1b8=,v5gDwLOgteFS+F4+cKO70boiBJQ=
100,-63,BtelSB69yvJmjj4ucthlzbFx1b8=,v5gDwLOgteFS+F4+cKO70boiBJQ=
102,-62,BtelSB69yvJmjj4ucthlzbFx1b8=,v5gDwLOgteFS+F4+cKO70boiBJQ=
102,-41,WqZo5eu/VM3XMbICAJACoAdPzi4=,PdD3pTDiUpaoI4cDOROzMuxPQJg=
103,-41,AyFxzlB5K74uNp45Hidbr3mgxFw=,PdD3pTDiUpaoI4cDOROzMuxPQJg=
110,-42,AyFxzlB5K74uNp45Hidbr3mgxFw=,6OkjBEVoJpx1LqztFvZVA9Inq00=
111,-41,AyFxzlB5K74uNp45Hidbr3mgxFw=,6OkjBEVoJpx1LqztFvZVA9Inq00=
108,-42,AyFxzlB5K74uNp45Hidbr3mgxFw=,6OkjBEVoJpx1LqztFvZVA9Inq00=
109,-42,YN2yGa/fNR3T6RAyk8IpSJn4QV8=,6OkjBEVoJpx1LqztFvZVA9Inq00=
108,-40,O52qTUNSgUBInAFygGo5HaLu0c4=,25pJeuVXBv19ReZmjaeDHrwKJfQ=
110,-41,O52qTUNSgUBInAFygGo5HaLu0c4=,6OkjBEVoJpx1LqztFvZVA9Inq00=
104,-34,O52qTUNSgUBInAFygGo5HaLu0c4=,25pJeuVXBv19ReZmjaeDHrwKJfQ=
109,-41,O52qTUNSgUBInAFygGo5HaLu0c4=,6OkjBEVoJpx1LqztFvZVA9Inq00=
105,-34,QlmNZf5IWVh0LyKTlIa6DT7iFa0=,25pJeuVXBv19ReZmjaeDHrwKJfQ=
108,-41,QlmNZf5IWVh0LyKTlIa6DT7iFa0=,6OkjBEVoJpx1LqztFvZVA9Inq00=
106,-34,QlmNZf5IWVh0LyKTlIa6DT7iFa0=,25pJeuVXBv19ReZmjaeDHrwKJfQ=
107,-41,ZFdEmkEIFRNix3Snjw2V8HPVx/I=,6OkjBEVoJpx1LqztFvZVA9Inq00=
111,-42,ZFdEmkEIFRNix3Snjw2V8HPVx/I=,6OkjBEVoJpx1LqztFvZVA9Inq00=
106,-41,b5mUlwFJuBkulmCjrU21ZhhoP2A=,6OkjBEVoJpx1LqztFvZVA9Inq00=
107,-34,b5mUlwFJuBkulmCjrU21ZhhoP2A=,25pJeuVXBv19ReZmjaeDHrwKJfQ=
108,-34,b5mUlwFJuBkulmCjrU21ZhhoP2A=,25pJeuVXBv19ReZmjaeDHrwKJfQ=
110,-35,b5mUlwFJuBkulmCjrU21ZhhoP2A=,25pJeuVXBv19ReZmjaeDHrwKJfQ=
109,-40,b5mUlwFJuBkulmCjrU21ZhhoP2A=,25pJeuVXBv19ReZmjaeDHrwKJfQ=
109,-34,b5mUlwFJuBkulmCjrU21ZhhoP2A=,25pJeuVXBv19ReZmjaeDHrwKJfQ=
105,-41,b5mUlwFJuBkulmCjrU21ZhhoP2A=,6OkjBEVoJpx1LqztFvZVA9Inq00=
104,-41,b5mUlwFJuBkulmCjrU21ZhhoP2A=,6OkjBEVoJpx1LqztFvZVA9Inq00=
110,-40,b5mUlwFJuBkulmCjrU21ZhhoP2A=,25pJeuVXBv19ReZmjaeDHrwKJfQ=
107,-42,b5mUlwFJuBkulmCjrU21ZhhoP2A=,6OkjBEVoJpx1LqztFvZVA9Inq00=
110,-34,Lw5++CNBeRmkNujJLdRjPphWR0A=,25pJeuVXBv19ReZmjaeDHrwKJfQ=
104,-39,Lw5++CNBeRmkNujJLdRjPphWR0A=,25pJeuVXBv19ReZmjaeDHrwKJfQ=
106,-42,Lw5++CNBeRmkNujJLdRjPphWR0A=,6OkjBEVoJpx1LqztFvZVA9Inq00=
103,-48,Lw5++CNBeRmkNujJLdRjPphWR0A=,PdD3pTDiUpaoI4cDOROzMuxPQJg=
105,-39,Lw5++CNBeRmkNujJLdRjPphWR0A=,25pJeuVXBv19ReZmjaeDHrwKJfQ=
105,-42,Lw5++CNBeRmkNujJLdRjPphWR0A=,6OkjBEVoJpx1LqztFvZVA9Inq00=
110,-33,Lw5++CNBeRmkNujJLdRjPphWR0A=,25pJeuVXBv19ReZmjaeDHrwKJfQ=
106,-39,Lw5++CNBeRmkNujJLdRjPphWR0A=,25pJeuVXBv19ReZmjaeDHrwKJfQ=
107,-40,Lw5++CNBeRmkNujJLdRjPphWR0A=,25pJeuVXBv19ReZmjaeDHrwKJfQ=
104,-42,Lw5++CNBeRmkNujJLdRjPphWR0A=,6OkjBEVoJpx1LqztFvZVA9Inq00=
101,-48,Lw5++CNBeRmkNujJLdRjPphWR0A=,PdD3pTDiUpaoI4cDOROzMuxPQJg=
107,-33,Lw5++CNBeRmkNujJLdRjPphWR0A=,25pJeuVXBv19ReZmjaeDHrwKJfQ=
109,-33,Lw5++CNBeRmkNujJLdRjPphWR0A=,25pJeuVXBv19ReZmjaeDHrwKJfQ=
106,-40,Lw5++CNBeRmkNujJLdRjPphWR0A=,25pJeuVXBv19ReZmjaeDHrwKJfQ=
106,-33,Lw5++CNBeRmkNujJLdRjPphWR0A=,25pJeuVXBv19ReZmjaeDHrwKJfQ=
100,-40,Lw5++CNBeRmkNujJLdRjPphWR0A=,WmueEIVOBtnBSCktSMRA6OtwF78=
109,-35,Lw5++CNBeRmkNujJLdRjPphWR0A=,25pJeuVXBv19ReZmjaeDHrwKJfQ=
105,-40,Lw5++CNBeRmkNujJLdRjPphWR0A=,25pJeuVXBv19ReZmjaeDHrwKJfQ=
100,-48,Lw5++CNBeRmkNujJLdRjPphWR0A=,PdD3pTDiUpaoI4cDOROzMuxPQJg=
111,-43,Lw5++CNBeRmkNujJLdRjPphWR0A=,6OkjBEVoJpx1LqztFvZVA9Inq00=
105,-33,Lw5++CNBeRmkNujJLdRjPphWR0A=,25pJeuVXBv19ReZmjaeDHrwKJfQ=
104,-40,Lw5++CNBeRmkNujJLdRjPphWR0A=,25pJeuVXBv19ReZmjaeDHrwKJfQ=
110,-43,Lw5++CNBeRmkNujJLdRjPphWR0A=,6OkjBEVoJpx1LqztFvZVA9Inq00=
108,-33,Lw5++CNBeRmkNujJLdRjPphWR0A=,25pJeuVXBv19ReZmjaeDHrwKJfQ=
105,-44,Lw5++CNBeRmkNujJLdRjPphWR0A=,6OkjBEVoJpx1LqztFvZVA9Inq00=
104,-44,Lw5++CNBeRmkNujJLdRjPphWR0A=,6OkjBEVoJpx1LqztFvZVA9Inq00=
102,-48,Lw5++CNBeRmkNujJLdRjPphWR0A=,PdD3pTDiUpaoI4cDOROzMuxPQJg=
104,-33,Lw5++CNBeRmkNujJLdRjPphWR0A=,25pJeuVXBv19ReZmjaeDHrwKJfQ=
103,-33,Lw5++CNBeRmkNujJLdRjPphWR0A=,WmueEIVOBtnBSCktSMRA6OtwF78=
106,-35,Lw5++CNBeRmkNujJLdRjPphWR0A=,25pJeuVXBv19ReZmjaeDHrwKJfQ=
107,-35,Lw5++CNBeRmkNujJLdRjPphWR0A=,25pJeuVXBv19ReZmjaeDHrwKJfQ=
107,-39,Lw5++CNBeRmkNujJLdRjPphWR0A=,25pJeuVXBv19ReZmjaeDHrwKJfQ=
104,-35,Lw5++CNBeRmkNujJLdRjPphWR0A=,25pJeuVXBv19ReZmjaeDHrwKJfQ=
105,-35,Lw5++CNBeRmkNujJLdRjPphWR0A=,25pJeuVXBv19ReZmjaeDHrwKJfQ=
103,-46,Lw5++CNBeRmkNujJLdRjPphWR0A=,PdD3pTDiUpaoI4cDOROzMuxPQJg=
102,-33,Lw5++CNBeRmkNujJLdRjPphWR0A=,WmueEIVOBtnBSCktSMRA6OtwF78=
108,-35,Lw5++CNBeRmkNujJLdRjPphWR0A=,25pJeuVXBv19ReZmjaeDHrwKJfQ=
111,-48,Lw5++CNBeRmkNujJLdRjPphWR0A=,6OkjBEVoJpx1LqztFvZVA9Inq00=
101,-33,Lw5++CNBeRmkNujJLdRjPphWR0A=,WmueEIVOBtnBSCktSMRA6OtwF78=
110,-36,Lw5++CNBeRmkNujJLdRjPphWR0A=,25pJeuVXBv19ReZmjaeDHrwKJfQ=
111,-33,Lw5++CNBeRmkNujJLdRjPphWR0A=,25pJeuVXBv19ReZmjaeDHrwKJfQ=
110,-48,Lw5++CNBeRmkNujJLdRjPphWR0A=,6OkjBEVoJpx1LqztFvZVA9Inq00=
100,-33,Lw5++CNBeRmkNujJLdRjPphWR0A=,WmueEIVOBtnBSCktSMRA6OtwF78=
109,-43,Lw5++CNBeRmkNujJLdRjPphWR0A=,6OkjBEVoJpx1LqztFvZVA9Inq00=
101,-40,Lw5++CNBeRmkNujJLdRjPphWR0A=,WmueEIVOBtnBSCktSMRA6OtwF78=
108,-43,Lw5++CNBeRmkNujJLdRjPphWR0A=,6OkjBEVoJpx1LqztFvZVA9Inq00=
109,-36,Lw5++CNBeRmkNujJLdRjPphWR0A=,25pJeuVXBv19ReZmjaeDHrwKJfQ=
102,-43,Lw5++CNBeRmkNujJLdRjPphWR0A=,PdD3pTDiUpaoI4cDOROzMuxPQJg=
103,-47,Lw5++CNBeRmkNujJLdRjPphWR0A=,PdD3pTDiUpaoI4cDOROzMuxPQJg=
107,-43,Lw5++CNBeRmkNujJLdRjPphWR0A=,6OkjBEVoJpx1LqztFvZVA9Inq00=
103,-40,Lw5++CNBeRmkNujJLdRjPphWR0A=,WmueEIVOBtnBSCktSMRA6OtwF78=
111,-34,Lw5++CNBeRmkNujJLdRjPphWR0A=,25pJeuVXBv19ReZmjaeDHrwKJfQ=
109,-48,Lw5++CNBeRmkNujJLdRjPphWR0A=,6OkjBEVoJpx1LqztFvZVA9Inq00=
100,-44,Lw5++CNBeRmkNujJLdRjPphWR0A=,PdD3pTDiUpaoI4cDOROzMuxPQJg=
108,-36,Lw5++CNBeRmkNujJLdRjPphWR0A=,25pJeuVXBv19ReZmjaeDHrwKJfQ=
111,-40,Lw5++CNBeRmkNujJLdRjPphWR0A=,25pJeuVXBv19ReZmjaeDHrwKJfQ=
100,-42,Lw5++CNBeRmkNujJLdRjPphWR0A=,PdD3pTDiUpaoI4cDOROzMuxPQJg=
103,-45,Lw5++CNBeRmkNujJLdRjPphWR0A=,PdD3pTDiUpaoI4cDOROzMuxPQJg=
111,-35,Lw5++CNBeRmkNujJLdRjPphWR0A=,25pJeuVXBv19ReZmjaeDHrwKJfQ=
102,-46,Lw5++CNBeRmkNujJLdRjPphWR0A=,PdD3pTDiUpaoI4cDOROzMuxPQJg=
101,-46,Lw5++CNBeRmkNujJLdRjPphWR0A=,PdD3pTDiUpaoI4cDOROzMuxPQJg=
111,-37,Lw5++CNBeRmkNujJLdRjPphWR0A=,25pJeuVXBv19ReZmjaeDHrwKJfQ=
102,-47,Lw5++CNBeRmkNujJLdRjPphWR0A=,PdD3pTDiUpaoI4cDOROzMuxPQJg=
111,-36,Lw5++CNBeRmkNujJLdRjPphWR0A=,25pJeuVXBv19ReZmjaeDHrwKJfQ=
111,-38,Lw5++CNBeRmkNujJLdRjPphWR0A=,25pJeuVXBv19ReZmjaeDHrwKJfQ=
101,-47,Lw5++CNBeRmkNujJLdRjPphWR0A=,PdD3pTDiUpaoI4cDOROzMuxPQJg=
100,-46,Lw5++CNBeRmkNujJLdRjPphWR0A=,PdD3pTDiUpaoI4cDOROzMuxPQJg=
102,-45,Lw5++CNBeRmkNujJLdRjPphWR0A=,PdD3pTDiUpaoI4cDOROzMuxPQJg=
100,-47,Lw5++CNBeRmkNujJLdRjPphWR0A=,PdD3pTDiUpaoI4cDOROzMuxPQJg=
111,-39,Lw5++CNBeRmkNujJLdRjPphWR0A=,25pJeuVXBv19ReZmjaeDHrwKJfQ=
106,-43,Lw5++CNBeRmkNujJLdRjPphWR0A=,6OkjBEVoJpx1LqztFvZVA9Inq00=
101,-45,Lw5++CNBeRmkNujJLdRjPphWR0A=,PdD3pTDiUpaoI4cDOROzMuxPQJg=
105,-43,Lw5++CNBeRmkNujJLdRjPphWR0A=,6OkjBEVoJpx1LqztFvZVA9Inq00=
107,-36,Lw5++CNBeRmkNujJLdRjPphWR0A=,25pJeuVXBv19ReZmjaeDHrwKJfQ=
104,-43,Lw5++CNBeRmkNujJLdRjPphWR0A=,6OkjBEVoJpx1LqztFvZVA9Inq00=
100,-45,Lw5++CNBeRmkNujJLdRjPphWR0A=,PdD3pTDiUpaoI4cDOROzMuxPQJg=
110,-44,Lw5++CNBeRmkNujJLdRjPphWR0A=,6OkjBEVoJpx1LqztFvZVA9Inq00=
103,-34,Lw5++CNBeRmkNujJLdRjPphWR0A=,WmueEIVOBtnBSCktSMRA6OtwF78=
111,-44,Lw5++CNBeRmkNujJLdRjPphWR0A=,6OkjBEVoJpx1LqztFvZVA9Inq00=
109,-44,Lw5++CNBeRmkNujJLdRjPphWR0A=,6OkjBEVoJpx1LqztFvZVA9Inq00=
108,-44,Lw5++CNBeRmkNujJLdRjPphWR0A=,6OkjBEVoJpx1LqztFvZVA9Inq00=
107,-44,Lw5++CNBeRmkNujJLdRjPphWR0A=,6OkjBEVoJpx1LqztFvZVA9Inq00=
106,-36,Lw5++CNBeRmkNujJLdRjPphWR0A=,25pJeuVXBv19ReZmjaeDHrwKJfQ=
106,-44,Lw5++CNBeRmkNujJLdRjPphWR0A=,6OkjBEVoJpx1LqztFvZVA9Inq00=
108,-48,Lw5++CNBeRmkNujJLdRjPphWR0A=,6OkjBEVoJpx1LqztFvZVA9Inq00=
107,-48,Lw5++CNBeRmkNujJLdRjPphWR0A=,6OkjBEVoJpx1LqztFvZVA9Inq00=
106,-48,Lw5++CNBeRmkNujJLdRjPphWR0A=,6OkjBEVoJpx1LqztFvZVA9Inq00=
104,-48,Lw5++CNBeRmkNujJLdRjPphWR0A=,6OkjBEVoJpx1LqztFvZVA9Inq00=
105,-36,Lw5++CNBeRmkNujJLdRjPphWR0A=,25pJeuVXBv19ReZmjaeDHrwKJfQ=
105,-48,Lw5++CNBeRmkNujJLdRjPphWR0A=,6OkjBEVoJpx1LqztFvZVA9Inq00=
111,-45,Lw5++CNBeRmkNujJLdRjPphWR0A=,6OkjBEVoJpx1LqztFvZVA9Inq00=
110,-45,Lw5++CNBeRmkNujJLdRjPphWR0A=,6OkjBEVoJpx1LqztFvZVA9Inq00=
109,-45,Lw5++CNBeRmkNujJLdRjPphWR0A=,6OkjBEVoJpx1LqztFvZVA9Inq00=
103,-35,Lw5++CNBeRmkNujJLdRjPphWR0A=,WmueEIVOBtnBSCktSMRA6OtwF78=
107,-45,Lw5++CNBeRmkNujJLdRjPphWR0A=,6OkjBEVoJpx1LqztFvZVA9Inq00=
106,-45,Lw5++CNBeRmkNujJLdRjPphWR0A=,6OkjBEVoJpx1LqztFvZVA9Inq00=
105,-45,Lw5++CNBeRmkNujJLdRjPphWR0A=,6OkjBEVoJpx1LqztFvZVA9Inq00=
108,-45,Lw5++CNBeRmkNujJLdRjPphWR0A=,6OkjBEVoJpx1LqztFvZVA9Inq00=
104,-45,Lw5++CNBeRmkNujJLdRjPphWR0A=,6OkjBEVoJpx1LqztFvZVA9Inq00=
104,-36,Lw5++CNBeRmkNujJLdRjPphWR0A=,25pJeuVXBv19ReZmjaeDHrwKJfQ=
111,-46,Lw5++CNBeRmkNujJLdRjPphWR0A=,6OkjBEVoJpx1LqztFvZVA9Inq00=
110,-46,Lw5++CNBeRmkNujJLdRjPphWR0A=,6OkjBEVoJpx1LqztFvZVA9Inq00=
108,-46,Lw5++CNBeRmkNujJLdRjPphWR0A=,6OkjBEVoJpx1LqztFvZVA9Inq00=
109,-46,Lw5++CNBeRmkNujJLdRjPphWR0A=,6OkjBEVoJpx1LqztFvZVA9Inq00=
107,-46,Lw5++CNBeRmkNujJLdRjPphWR0A=,6OkjBEVoJpx1LqztFvZVA9Inq00=
105,-46,Lw5++CNBeRmkNujJLdRjPphWR0A=,6OkjBEVoJpx1LqztFvZVA9Inq00=
106,-46,Lw5++CNBeRmkNujJLdRjPphWR0A=,6OkjBEVoJpx1LqztFvZVA9Inq00=
104,-46,Lw5++CNBeRmkNujJLdRjPphWR0A=,6OkjBEVoJpx1LqztFvZVA9Inq00=
110,-37,Lw5++CNBeRmkNujJLdRjPphWR0A=,25pJeuVXBv19ReZmjaeDHrwKJfQ=
111,-47,Lw5++CNBeRmkNujJLdRjPphWR0A=,6OkjBEVoJpx1LqztFvZVA9Inq00=
109,-47,Lw5++CNBeRmkNujJLdRjPphWR0A=,6OkjBEVoJpx1LqztFvZVA9Inq00=
110,-47,Lw5++CNBeRmkNujJLdRjPphWR0A=,6OkjBEVoJpx1LqztFvZVA9Inq00=
108,-47,Lw5++CNBeRmkNujJLdRjPphWR0A=,6OkjBEVoJpx1LqztFvZVA9Inq00=
107,-47,Lw5++CNBeRmkNujJLdRjPphWR0A=,6OkjBEVoJpx1LqztFvZVA9Inq00=
105,-47,Lw5++CNBeRmkNujJLdRjPphWR0A=,6OkjBEVoJpx1LqztFvZVA9Inq00=
104,-47,Lw5++CNBeRmkNujJLdRjPphWR0A=,6OkjBEVoJpx1LqztFvZVA9Inq00=
106,-47,Lw5++CNBeRmkNujJLdRjPphWR0A=,6OkjBEVoJpx1LqztFvZVA9Inq00=
109,-37,Lw5++CNBeRmkNujJLdRjPphWR0A=,25pJeuVXBv19ReZmjaeDHrwKJfQ=
102,-44,Lw5++CNBeRmkNujJLdRjPphWR0A=,PdD3pTDiUpaoI4cDOROzMuxPQJg=
100,-43,Lw5++CNBeRmkNujJLdRjPphWR0A=,PdD3pTDiUpaoI4cDOROzMuxPQJg=
101,-44,Lw5++CNBeRmkNujJLdRjPphWR0A=,PdD3pTDiUpaoI4cDOROzMuxPQJg=
101,-43,Lw5++CNBeRmkNujJLdRjPphWR0A=,PdD3pTDiUpaoI4cDOROzMuxPQJg=
108,-37,Lw5++CNBeRmkNujJLdRjPphWR0A=,25pJeuVXBv19ReZmjaeDHrwKJfQ=
100,-39,Lw5++CNBeRmkNujJLdRjPphWR0A=,WmueEIVOBtnBSCktSMRA6OtwF78=
107,-37,Lw5++CNBeRmkNujJLdRjPphWR0A=,25pJeuVXBv19ReZmjaeDHrwKJfQ=
101,-39,Lw5++CNBeRmkNujJLdRjPphWR0A=,WmueEIVOBtnBSCktSMRA6OtwF78=
101,-42,Lw5++CNBeRmkNujJLdRjPphWR0A=,PdD3pTDiUpaoI4cDOROzMuxPQJg=
102,-42,Lw5++CNBeRmkNujJLdRjPphWR0A=,PdD3pTDiUpaoI4cDOROzMuxPQJg=
103,-43,Lw5++CNBeRmkNujJLdRjPphWR0A=,PdD3pTDiUpaoI4cDOROzMuxPQJg=
102,-39,Lw5++CNBeRmkNujJLdRjPphWR0A=,WmueEIVOBtnBSCktSMRA6OtwF78=
106,-37,Lw5++CNBeRmkNujJLdRjPphWR0A=,25pJeuVXBv19ReZmjaeDHrwKJfQ=
103,-44,Lw5++CNBeRmkNujJLdRjPphWR0A=,PdD3pTDiUpaoI4cDOROzMuxPQJg=
103,-36,Lw5++CNBeRmkNujJLdRjPphWR0A=,WmueEIVOBtnBSCktSMRA6OtwF78=
103,-37,Lw5++CNBeRmkNujJLdRjPphWR0A=,WmueEIVOBtnBSCktSMRA6OtwF78=
100,-38,Lw5++CNBeRmkNujJLdRjPphWR0A=,WmueEIVOBtnBSCktSMRA6OtwF78=
103,-42,Lw5++CNBeRmkNujJLdRjPphWR0A=,PdD3pTDiUpaoI4cDOROzMuxPQJg=
105,-37,Lw5++CNBeRmkNujJLdRjPphWR0A=,25pJeuVXBv19ReZmjaeDHrwKJfQ=
101,-38,Lw5++CNBeRmkNujJLdRjPphWR0A=,WmueEIVOBtnBSCktSMRA6OtwF78=
101,-41,Lw5++CNBeRmkNujJLdRjPphWR0A=,PdD3pTDiUpaoI4cDOROzMuxPQJg=
100,-41,Lw5++CNBeRmkNujJLdRjPphWR0A=,PdD3pTDiUpaoI4cDOROzMuxPQJg=
104,-37,Lw5++CNBeRmkNujJLdRjPphWR0A=,25pJeuVXBv19ReZmjaeDHrwKJfQ=
100,-37,Lw5++CNBeRmkNujJLdRjPphWR0A=,WmueEIVOBtnBSCktSMRA6OtwF78=
101,-37,Lw5++CNBeRmkNujJLdRjPphWR0A=,WmueEIVOBtnBSCktSMRA6OtwF78=
102,-37,Lw5++CNBeRmkNujJLdRjPphWR0A=,WmueEIVOBtnBSCktSMRA6OtwF78=
102,-38,Lw5++CNBeRmkNujJLdRjPphWR0A=,WmueEIVOBtnBSCktSMRA6OtwF78=
102,-40,Lw5++CNBeRmkNujJLdRjPphWR0A=,WmueEIVOBtnBSCktSMRA6OtwF78=
100,-36,Lw5++CNBeRmkNujJLdRjPphWR0A=,WmueEIVOBtnBSCktSMRA6OtwF78=
110,-38,Lw5++CNBeRmkNujJLdRjPphWR0A=,25pJeuVXBv19ReZmjaeDHrwKJfQ=
101,-36,Lw5++CNBeRmkNujJLdRjPphWR0A=,WmueEIVOBtnBSCktSMRA6OtwF78=
102,-36,Lw5++CNBeRmkNujJLdRjPphWR0A=,WmueEIVOBtnBSCktSMRA6OtwF78=
100,-35,Lw5++CNBeRmkNujJLdRjPphWR0A=,WmueEIVOBtnBSCktSMRA6OtwF78=
101,-35,Lw5++CNBeRmkNujJLdRjPphWR0A=,WmueEIVOBtnBSCktSMRA6OtwF78=
102,-35,Lw5++CNBeRmkNujJLdRjPphWR0A=,WmueEIVOBtnBSCktSMRA6OtwF78=
109,-38,Lw5++CNBeRmkNujJLdRjPphWR0A=,25pJeuVXBv19ReZmjaeDHrwKJfQ=
101,-34,Lw5++CNBeRmkNujJLdRjPphWR0A=,WmueEIVOBtnBSCktSMRA6OtwF78=
100,-34,Lw5++CNBeRmkNujJLdRjPphWR0A=,WmueEIVOBtnBSCktSMRA6OtwF78=
102,-34,Lw5++CNBeRmkNujJLdRjPphWR0A=,WmueEIVOBtnBSCktSMRA6OtwF78=
103,-39,Lw5++CNBeRmkNujJLdRjPphWR0A=,WmueEIVOBtnBSCktSMRA6OtwF78=
103,-38,Lw5++CNBeRmkNujJLdRjPphWR0A=,WmueEIVOBtnBSCktSMRA6OtwF78=
109,-39,Lw5++CNBeRmkNujJLdRjPphWR0A=,25pJeuVXBv19ReZmjaeDHrwKJfQ=
110,-39,Lw5++CNBeRmkNujJLdRjPphWR0A=,25pJeuVXBv19ReZmjaeDHrwKJfQ=
108,-39,Lw5++CNBeRmkNujJLdRjPphWR0A=,25pJeuVXBv19ReZmjaeDHrwKJfQ=
104,-38,Lw5++CNBeRmkNujJLdRjPphWR0A=,25pJeuVXBv19ReZmjaeDHrwKJfQ=
105,-38,Lw5++CNBeRmkNujJLdRjPphWR0A=,25pJeuVXBv19ReZmjaeDHrwKJfQ=
106,-38,Lw5++CNBeRmkNujJLdRjPphWR0A=,25pJeuVXBv19ReZmjaeDHrwKJfQ=
107,-38,Lw5++CNBeRmkNujJLdRjPphWR0A=,25pJeuVXBv19ReZmjaeDHrwKJfQ=
108,-38,Lw5++CNBeRmkNujJLdRjPphWR0A=,25pJeuVXBv19ReZmjaeDHrwKJfQ=
96,-34,Lw5++CNBeRmkNujJLdRjPphWR0A=,WmueEIVOBtnBSCktSMRA6OtwF78=
96,-41,Lw5++CNBeRmkNujJLdRjPphWR0A=,PdD3pTDiUpaoI4cDOROzMuxPQJg=
96,-35,Lw5++CNBeRmkNujJLdRjPphWR0A=,WmueEIVOBtnBSCktSMRA6OtwF78=
96,-47,Lw5++CNBeRmkNujJLdRjPphWR0A=,PdD3pTDiUpaoI4cDOROzMuxPQJg=
96,-45,Lw5++CNBeRmkNujJLdRjPphWR0A=,PdD3pTDiUpaoI4cDOROzMuxPQJg=
97,-40,Lw5++CNBeRmkNujJLdRjPphWR0A=,WmueEIVOBtnBSCktSMRA6OtwF78=
96,-36,Lw5++CNBeRmkNujJLdRjPphWR0A=,WmueEIVOBtnBSCktSMRA6OtwF78=
96,-44,Lw5++CNBeRmkNujJLdRjPphWR0A=,PdD3pTDiUpaoI4cDOROzMuxPQJg=
96,-48,Lw5++CNBeRmkNujJLdRjPphWR0A=,PdD3pTDiUpaoI4cDOROzMuxPQJg=
96,-37,Lw5++CNBeRmkNujJLdRjPphWR0A=,WmueEIVOBtnBSCktSMRA6OtwF78=
96,-43,Lw5++CNBeRmkNujJLdRjPphWR0A=,PdD3pTDiUpaoI4cDOROzMuxPQJg=
96,-38,Lw5++CNBeRmkNujJLdRjPphWR0A=,WmueEIVOBtnBSCktSMRA6OtwF78=
96,-33,Lw5++CNBeRmkNujJLdRjPphWR0A=,WmueEIVOBtnBSCktSMRA6OtwF78=
98,-45,Lw5++CNBeRmkNujJLdRjPphWR0A=,PdD3pTDiUpaoI4cDOROzMuxPQJg=
96,-42,Lw5++CNBeRmkNujJLdRjPphWR0A=,PdD3pTDiUpaoI4cDOROzMuxPQJg=
96,-39,Lw5++CNBeRmkNujJLdRjPphWR0A=,WmueEIVOBtnBSCktSMRA6OtwF78=
98,-40,Lw5++CNBeRmkNujJLdRjPphWR0A=,WmueEIVOBtnBSCktSMRA6OtwF78=
96,-46,Lw5++CNBeRmkNujJLdRjPphWR0A=,PdD3pTDiUpaoI4cDOROzMuxPQJg=
96,-40,Lw5++CNBeRmkNujJLdRjPphWR0A=,WmueEIVOBtnBSCktSMRA6OtwF78=
99,-45,Lw5++CNBeRmkNujJLdRjPphWR0A=,PdD3pTDiUpaoI4cDOROzMuxPQJg=
99,-33,Lw5++CNBeRmkNujJLdRjPphWR0A=,WmueEIVOBtnBSCktSMRA6OtwF78=
99,-41,Lw5++CNBeRmkNujJLdRjPphWR0A=,PdD3pTDiUpaoI4cDOROzMuxPQJg=
99,-40,Lw5++CNBeRmkNujJLdRjPphWR0A=,WmueEIVOBtnBSCktSMRA6OtwF78=
98,-33,Lw5++CNBeRmkNujJLdRjPphWR0A=,WmueEIVOBtnBSCktSMRA6OtwF78=
97,-48,Lw5++CNBeRmkNujJLdRjPphWR0A=,PdD3pTDiUpaoI4cDOROzMuxPQJg=
97,-33,Lw5++CNBeRmkNujJLdRjPphWR0A=,WmueEIVOBtnBSCktSMRA6OtwF78=
97,-46,Lw5++CNBeRmkNujJLdRjPphWR0A=,PdD3pTDiUpaoI4cDOROzMuxPQJg=
98,-46,Lw5++CNBeRmkNujJLdRjPphWR0A=,PdD3pTDiUpaoI4cDOROzMuxPQJg=
99,-34,Lw5++CNBeRmkNujJLdRjPphWR0A=,WmueEIVOBtnBSCktSMRA6OtwF78=
98,-34,Lw5++CNBeRmkNujJLdRjPphWR0A=,WmueEIVOBtnBSCktSMRA6OtwF78=
98,-39,Lw5++CNBeRmkNujJLdRjPphWR0A=,WmueEIVOBtnBSCktSMRA6OtwF78=
97,-39,Lw5++CNBeRmkNujJLdRjPphWR0A=,WmueEIVOBtnBSCktSMRA6OtwF78=
98,-41,Lw5++CNBeRmkNujJLdRjPphWR0A=,PdD3pTDiUpaoI4cDOROzMuxPQJg=
99,-48,Lw5++CNBeRmkNujJLdRjPphWR0A=,PdD3pTDiUpaoI4cDOROzMuxPQJg=
97,-34,Lw5++CNBeRmkNujJLdRjPphWR0A=,WmueEIVOBtnBSCktSMRA6OtwF78=
99,-39,Lw5++CNBeRmkNujJLdRjPphWR0A=,WmueEIVOBtnBSCktSMRA6OtwF78=
99,-35,Lw5++CNBeRmkNujJLdRjPphWR0A=,WmueEIVOBtnBSCktSMRA6OtwF78=
98,-35,Lw5++CNBeRmkNujJLdRjPphWR0A=,WmueEIVOBtnBSCktSMRA6OtwF78=
97,-41,Lw5++CNBeRmkNujJLdRjPphWR0A=,PdD3pTDiUpaoI4cDOROzMuxPQJg=
98,-48,Lw5++CNBeRmkNujJLdRjPphWR0A=,PdD3pTDiUpaoI4cDOROzMuxPQJg=
97,-35,Lw5++CNBeRmkNujJLdRjPphWR0A=,WmueEIVOBtnBSCktSMRA6OtwF78=
99,-46,Lw5++CNBeRmkNujJLdRjPphWR0A=,PdD3pTDiUpaoI4cDOROzMuxPQJg=
97,-38,Lw5++CNBeRmkNujJLdRjPphWR0A=,WmueEIVOBtnBSCktSMRA6OtwF78=
99,-36,Lw5++CNBeRmkNujJLdRjPphWR0A=,WmueEIVOBtnBSCktSMRA6OtwF78=
97,-44,Lw5++CNBeRmkNujJLdRjPphWR0A=,PdD3pTDiUpaoI4cDOROzMuxPQJg=
98,-36,Lw5++CNBeRmkNujJLdRjPphWR0A=,WmueEIVOBtnBSCktSMRA6OtwF78=
97,-45,Lw5++CNBeRmkNujJLdRjPphWR0A=,PdD3pTDiUpaoI4cDOROzMuxPQJg=
99,-44,Lw5++CNBeRmkNujJLdRjPphWR0A=,PdD3pTDiUpaoI4cDOROzMuxPQJg=
97,-36,Lw5++CNBeRmkNujJLdRjPphWR0A=,WmueEIVOBtnBSCktSMRA6OtwF78=
99,-37,Lw5++CNBeRmkNujJLdRjPphWR0A=,WmueEIVOBtnBSCktSMRA6OtwF78=
97,-42,Lw5++CNBeRmkNujJLdRjPphWR0A=,PdD3pTDiUpaoI4cDOROzMuxPQJg=
98,-38,Lw5++CNBeRmkNujJLdRjPphWR0A=,WmueEIVOBtnBSCktSMRA6OtwF78=
99,-47,Lw5++CNBeRmkNujJLdRjPphWR0A=,PdD3pTDiUpaoI4cDOROzMuxPQJg=
97,-47,Lw5++CNBeRmkNujJLdRjPphWR0A=,PdD3pTDiUpaoI4cDOROzMuxPQJg=
98,-37,Lw5++CNBeRmkNujJLdRjPphWR0A=,WmueEIVOBtnBSCktSMRA6OtwF78=
99,-43,Lw5++CNBeRmkNujJLdRjPphWR0A=,PdD3pTDiUpaoI4cDOROzMuxPQJg=
99,-38,Lw5++CNBeRmkNujJLdRjPphWR0A=,WmueEIVOBtnBSCktSMRA6OtwF78=
97,-37,Lw5++CNBeRmkNujJLdRjPphWR0A=,WmueEIVOBtnBSCktSMRA6OtwF78=
98,-47,Lw5++CNBeRmkNujJLdRjPphWR0A=,PdD3pTDiUpaoI4cDOROzMuxPQJg=
98,-43,Lw5++CNBeRmkNujJLdRjPphWR0A=,PdD3pTDiUpaoI4cDOROzMuxPQJg=
99,-42,Lw5++CNBeRmkNujJLdRjPphWR0A=,PdD3pTDiUpaoI4cDOROzMuxPQJg=
98,-42,Lw5++CNBeRmkNujJLdRjPphWR0A=,PdD3pTDiUpaoI4cDOROzMuxPQJg=
98,-44,Lw5++CNBeRmkNujJLdRjPphWR0A=,PdD3pTDiUpaoI4cDOROzMuxPQJg=
97,-43,Lw5++CNBeRmkNujJLdRjPphWR0A=,PdD3pTDiUpaoI4cDOROzMuxPQJg=
120,-40,GreSOvSlL481q9hjnLfv2T9VO2A=,32FEB4wlYpy0kDCUzuYmwoazRJs=
116,-39,GreSOvSlL481q9hjnLfv2T9VO2A=,fcT9qDfeJbkK6iOOkjmQ5CstPn0=
119,-37,GreSOvSlL481q9hjnLfv2T9VO2A=,fcT9qDfeJbkK6iOOkjmQ5CstPn0=
117,-39,vszFiHs5S2dTRigouIC57Rs4rmk=,fcT9qDfeJbkK6iOOkjmQ5CstPn0=
118,-39,vszFiHs5S2dTRigouIC57Rs4rmk=,fcT9qDfeJbkK6iOOkjmQ5CstPn0=
119,-39,vszFiHs5S2dTRigouIC57Rs4rmk=,fcT9qDfeJbkK6iOOkjmQ5CstPn0=
122,-40,vszFiHs5S2dTRigouIC57Rs4rmk=,32FEB4wlYpy0kDCUzuYmwoazRJs=
121,-40,rHkPTtqV3dTYppJe7/q+r9S8KGY=,32FEB4wlYpy0kDCUzuYmwoazRJs=
123,-40,rHkPTtqV3dTYppJe7/q+r9S8KGY=,32FEB4wlYpy0kDCUzuYmwoazRJs=
116,-38,rHkPTtqV3dTYppJe7/q+r9S8KGY=,fcT9qDfeJbkK6iOOkjmQ5CstPn0=
117,-38,rHkPTtqV3dTYppJe7/q+r9S8KGY=,fcT9qDfeJbkK6iOOkjmQ5CstPn0=
118,-38,rHkPTtqV3dTYppJe7/q+r9S8KGY=,fcT9qDfeJbkK6iOOkjmQ5CstPn0=
120,-38,rHkPTtqV3dTYppJe7/q+r9S8KGY=,32FEB4wlYpy0kDCUzuYmwoazRJs=
118,-37,rHkPTtqV3dTYppJe7/q+r9S8KGY=,fcT9qDfeJbkK6iOOkjmQ5CstPn0=
120,-37,rHkPTtqV3dTYppJe7/q+r9S8KGY=,32FEB4wlYpy0kDCUzuYmwoazRJs=
120,-43,rHkPTtqV3dTYppJe7/q+r9S8KGY=,nlob0l9u6qtADItumjHx/TZ40b8=
120,-39,rHkPTtqV3dTYppJe7/q+r9S8KGY=,32FEB4wlYpy0kDCUzuYmwoazRJs=
121,-38,rHkPTtqV3dTYppJe7/q+r9S8KGY=,32FEB4wlYpy0kDCUzuYmwoazRJs=
119,-38,rHkPTtqV3dTYppJe7/q+r9S8KGY=,fcT9qDfeJbkK6iOOkjmQ5CstPn0=
117,-37,rHkPTtqV3dTYppJe7/q+r9S8KGY=,fcT9qDfeJbkK6iOOkjmQ5CstPn0=
116,-37,FARJ8sISo4mnNHExIKf3huqiox8=,fcT9qDfeJbkK6iOOkjmQ5CstPn0=
116,-44,FARJ8sISo4mnNHExIKf3huqiox8=,zt/CKnMqbJNUeLG7eOq22oH5DfI=
123,-39,FARJ8sISo4mnNHExIKf3huqiox8=,32FEB4wlYpy0kDCUzuYmwoazRJs=
123,-41,FARJ8sISo4mnNHExIKf3huqiox8=,nlob0l9u6qtADItumjHx/TZ40b8=
117,-44,LUiZXNJ+Aq8wFsRH15xbvBu7XPs=,zt/CKnMqbJNUeLG7eOq22oH5DfI=
122,-39,LUiZXNJ+Aq8wFsRH15xbvBu7XPs=,32FEB4wlYpy0kDCUzuYmwoazRJs=
122,-41,LUiZXNJ+Aq8wFsRH15xbvBu7XPs=,nlob0l9u6qtADItumjHx/TZ40b8=
121,-41,LUiZXNJ+Aq8wFsRH15xbvBu7XPs=,nlob0l9u6qtADItumjHx/TZ40b8=
121,-39,LUiZXNJ+Aq8wFsRH15xbvBu7XPs=,32FEB4wlYpy0kDCUzuYmwoazRJs=
118,-44,LUiZXNJ+Aq8wFsRH15xbvBu7XPs=,zt/CKnMqbJNUeLG7eOq22oH5DfI=
123,-42,dlMDQmxJNJjslsZNcgRE9yP2P8Q=,nlob0l9u6qtADItumjHx/TZ40b8=
122,-42,dlMDQmxJNJjslsZNcgRE9yP2P8Q=,nlob0l9u6qtADItumjHx/TZ40b8=
121,-42,dlMDQmxJNJjslsZNcgRE9yP2P8Q=,nlob0l9u6qtADItumjHx/TZ40b8=
121,-37,GAAlb7ZZ359tzi3NpsbL1cXI+xA=,32FEB4wlYpy0kDCUzuYmwoazRJs=
121,-43,GAAlb7ZZ359tzi3NpsbL1cXI+xA=,nlob0l9u6qtADItumjHx/TZ40b8=
119,-44,GAAlb7ZZ359tzi3NpsbL1cXI+xA=,zt/CKnMqbJNUeLG7eOq22oH5DfI=
123,-43,GAAlb7ZZ359tzi3NpsbL1cXI+xA=,nlob0l9u6qtADItumjHx/TZ40b8=
122,-43,GAAlb7ZZ359tzi3NpsbL1cXI+xA=,nlob0l9u6qtADItumjHx/TZ40b8=
120,-42,GAAlb7ZZ359tzi3NpsbL1cXI+xA=,nlob0l9u6qtADItumjHx/TZ40b8=
122,-37,GAAlb7ZZ359tzi3NpsbL1cXI+xA=,32FEB4wlYpy0kDCUzuYmwoazRJs=
123,-44,GAAlb7ZZ359tzi3NpsbL1cXI+xA=,nlob0l9u6qtADItumjHx/TZ40b8=
122,-44,GAAlb7ZZ359tzi3NpsbL1cXI+xA=,nlob0l9u6qtADItumjHx/TZ40b8=
121,-44,GAAlb7ZZ359tzi3NpsbL1cXI+xA=,nlob0l9u6qtADItumjHx/TZ40b8=
116,-43,GAAlb7ZZ359tzi3NpsbL1cXI+xA=,zt/CKnMqbJNUeLG7eOq22oH5DfI=
123,-37,GAAlb7ZZ359tzi3NpsbL1cXI+xA=,32FEB4wlYpy0kDCUzuYmwoazRJs=
118,-41,GAAlb7ZZ359tzi3NpsbL1cXI+xA=,zt/CKnMqbJNUeLG7eOq22oH5DfI=
119,-41,GAAlb7ZZ359tzi3NpsbL1cXI+xA=,zt/CKnMqbJNUeLG7eOq22oH5DfI=
117,-41,GAAlb7ZZ359tzi3NpsbL1cXI+xA=,zt/CKnMqbJNUeLG7eOq22oH5DfI=
117,-43,GAAlb7ZZ359tzi3NpsbL1cXI+xA=,zt/CKnMqbJNUeLG7eOq22oH5DfI=
123,-38,GAAlb7ZZ359tzi3NpsbL1cXI+xA=,32FEB4wlYpy0kDCUzuYmwoazRJs=
122,-38,GAAlb7ZZ359tzi3NpsbL1cXI+xA=,32FEB4wlYpy0kDCUzuYmwoazRJs=
116,-41,GAAlb7ZZ359tzi3NpsbL1cXI+xA=,zt/CKnMqbJNUeLG7eOq22oH5DfI=
119,-42,GAAlb7ZZ359tzi3NpsbL1cXI+xA=,zt/CKnMqbJNUeLG7eOq22oH5DfI=
118,-42,GAAlb7ZZ359tzi3NpsbL1cXI+xA=,zt/CKnMqbJNUeLG7eOq22oH5DfI=
120,-41,GAAlb7ZZ359tzi3NpsbL1cXI+xA=,nlob0l9u6qtADItumjHx/TZ40b8=
118,-43,GAAlb7ZZ359tzi3NpsbL1cXI+xA=,zt/CKnMqbJNUeLG7eOq22oH5DfI=
116,-42,GAAlb7ZZ359tzi3NpsbL1cXI+xA=,zt/CKnMqbJNUeLG7eOq22oH5DfI=
117,-42,GAAlb7ZZ359tzi3NpsbL1cXI+xA=,zt/CKnMqbJNUeLG7eOq22oH5DfI=
119,-43,GAAlb7ZZ359tzi3NpsbL1cXI+xA=,zt/CKnMqbJNUeLG7eOq22oH5DfI=
116,-40,GAAlb7ZZ359tzi3NpsbL1cXI+xA=,fcT9qDfeJbkK6iOOkjmQ5CstPn0=
120,-44,GAAlb7ZZ359tzi3NpsbL1cXI+xA=,nlob0l9u6qtADItumjHx/TZ40b8=
119,-40,GAAlb7ZZ359tzi3NpsbL1cXI+xA=,fcT9qDfeJbkK6iOOkjmQ5CstPn0=
118,-40,GAAlb7ZZ359tzi3NpsbL1cXI+xA=,fcT9qDfeJbkK6iOOkjmQ5CstPn0=
117,-40,GAAlb7ZZ359tzi3NpsbL1cXI+xA=,fcT9qDfeJbkK6iOOkjmQ5CstPn0=
112,-41,GAAlb7ZZ359tzi3NpsbL1cXI+xA=,zt/CKnMqbJNUeLG7eOq22oH5DfI=
112,-42,GAAlb7ZZ359tzi3NpsbL1cXI+xA=,zt/CKnMqbJNUeLG7eOq22oH5DfI=
112,-43,GAAlb7ZZ359tzi3NpsbL1cXI+xA=,zt/CKnMqbJNUeLG7eOq22oH5DfI=
113,-39,GAAlb7ZZ359tzi3NpsbL1cXI+xA=,fcT9qDfeJbkK6iOOkjmQ5CstPn0=
112,-44,GAAlb7ZZ359tzi3NpsbL1cXI+xA=,zt/CKnMqbJNUeLG7eOq22oH5DfI=
113,-38,GAAlb7ZZ359tzi3NpsbL1cXI+xA=,fcT9qDfeJbkK6iOOkjmQ5CstPn0=
114,-39,GAAlb7ZZ359tzi3NpsbL1cXI+xA=,fcT9qDfeJbkK6iOOkjmQ5CstPn0=
115,-39,GAAlb7ZZ359tzi3NpsbL1cXI+xA=,fcT9qDfeJbkK6iOOkjmQ5CstPn0=
112,-40,GAAlb7ZZ359tzi3NpsbL1cXI+xA=,fcT9qDfeJbkK6iOOkjmQ5CstPn0=
114,-38,GAAlb7ZZ359tzi3NpsbL1cXI+xA=,fcT9qDfeJbkK6iOOkjmQ5CstPn0=
115,-38,GAAlb7ZZ359tzi3NpsbL1cXI+xA=,fcT9qDfeJbkK6iOOkjmQ5CstPn0=
114,-37,GAAlb7ZZ359tzi3NpsbL1cXI+xA=,fcT9qDfeJbkK6iOOkjmQ5CstPn0=
115,-37,GAAlb7ZZ359tzi3NpsbL1cXI+xA=,fcT9qDfeJbkK6iOOkjmQ5CstPn0=
113,-37,GAAlb7ZZ359tzi3NpsbL1cXI+xA=,fcT9qDfeJbkK6iOOkjmQ5CstPn0=
112,-37,GAAlb7ZZ359tzi3NpsbL1cXI+xA=,fcT9qDfeJbkK6iOOkjmQ5CstPn0=
113,-40,GAAlb7ZZ359tzi3NpsbL1cXI+xA=,fcT9qDfeJbkK6iOOkjmQ5CstPn0=
114,-40,GAAlb7ZZ359tzi3NpsbL1cXI+xA=,fcT9qDfeJbkK6iOOkjmQ5CstPn0=
115,-41,GAAlb7ZZ359tzi3NpsbL1cXI+xA=,zt/CKnMqbJNUeLG7eOq22oH5DfI=
114,-41,GAAlb7ZZ359tzi3NpsbL1cXI+xA=,zt/CKnMqbJNUeLG7eOq22oH5DfI=
113,-41,GAAlb7ZZ359tzi3NpsbL1cXI+xA=,zt/CKnMqbJNUeLG7eOq22oH5DfI=
115,-42,GAAlb7ZZ359tzi3NpsbL1cXI+xA=,zt/CKnMqbJNUeLG7eOq22oH5DfI=
115,-40,GAAlb7ZZ359tzi3NpsbL1cXI+xA=,fcT9qDfeJbkK6iOOkjmQ5CstPn0=
114,-42,GAAlb7ZZ359tzi3NpsbL1cXI+xA=,zt/CKnMqbJNUeLG7eOq22oH5DfI=
113,-42,GAAlb7ZZ359tzi3NpsbL1cXI+xA=,zt/CKnMqbJNUeLG7eOq22oH5DfI=
115,-43,GAAlb7ZZ359tzi3NpsbL1cXI+xA=,zt/CKnMqbJNUeLG7eOq22oH5DfI=
114,-43,GAAlb7ZZ359tzi3NpsbL1cXI+xA=,zt/CKnMqbJNUeLG7eOq22oH5DfI=
113,-43,GAAlb7ZZ359tzi3NpsbL1cXI+xA=,zt/CKnMqbJNUeLG7eOq22oH5DfI=
115,-44,GAAlb7ZZ359tzi3NpsbL1cXI+xA=,zt/CKnMqbJNUeLG7eOq22oH5DfI=
114,-44,GAAlb7ZZ359tzi3NpsbL1cXI+xA=,zt/CKnMqbJNUeLG7eOq22oH5DfI=
112,-38,GAAlb7ZZ359tzi3NpsbL1cXI+xA=,fcT9qDfeJbkK6iOOkjmQ5CstPn0=
113,-44,GAAlb7ZZ359tzi3NpsbL1cXI+xA=,zt/CKnMqbJNUeLG7eOq22oH5DfI=
112,-39,GAAlb7ZZ359tzi3NpsbL1cXI+xA=,fcT9qDfeJbkK6iOOkjmQ5CstPn0=
127,-37,GAAlb7ZZ359tzi3NpsbL1cXI+xA=,32FEB4wlYpy0kDCUzuYmwoazRJs=
126,-41,GAAlb7ZZ359tzi3NpsbL1cXI+xA=,nlob0l9u6qtADItumjHx/TZ40b8=
127,-41,GAAlb7ZZ359tzi3NpsbL1cXI+xA=,nlob0l9u6qtADItumjHx/TZ40b8=
127,-42,GAAlb7ZZ359tzi3NpsbL1cXI+xA=,nlob0l9u6qtADItumjHx/TZ40b8=
124,-37,GAAlb7ZZ359tzi3NpsbL1cXI+xA=,32FEB4wlYpy0kDCUzuYmwoazRJs=
127,-38,GAAlb7ZZ359tzi3NpsbL1cXI+xA=,32FEB4wlYpy0kDCUzuYmwoazRJs=
124,-38,GAAlb7ZZ359tzi3NpsbL1cXI+xA=,32FEB4wlYpy0kDCUzuYmwoazRJs=
125,-38,GAAlb7ZZ359tzi3NpsbL1cXI+xA=,32FEB4wlYpy0kDCUzuYmwoazRJs=
124,-41,GAAlb7ZZ359tzi3NpsbL1cXI+xA=,nlob0l9u6qtADItumjHx/TZ40b8=
127,-43,GAAlb7ZZ359tzi3NpsbL1cXI+xA=,nlob0l9u6qtADItumjHx/TZ40b8=
125,-41,GAAlb7ZZ359tzi3NpsbL1cXI+xA=,nlob0l9u6qtADItumjHx/TZ40b8=
127,-39,GAAlb7ZZ359tzi3NpsbL1cXI+xA=,32FEB4wlYpy0kDCUzuYmwoazRJs=
126,-42,GAAlb7ZZ359tzi3NpsbL1cXI+xA=,nlob0l9u6qtADItumjHx/TZ40b8=
124,-42,GAAlb7ZZ359tzi3NpsbL1cXI+xA=,nlob0l9u6qtADItumjHx/TZ40b8=
125,-42,GAAlb7ZZ359tzi3NpsbL1cXI+xA=,nlob0l9u6qtADItumjHx/TZ40b8=
127,-44,GAAlb7ZZ359tzi3NpsbL1cXI+xA=,nlob0l9u6qtADItumjHx/TZ40b8=
127,-40,GAAlb7ZZ359tzi3NpsbL1cXI+xA=,32FEB4wlYpy0kDCUzuYmwoazRJs=
126,-43,GAAlb7ZZ359tzi3NpsbL1cXI+xA=,nlob0l9u6qtADItumjHx/TZ40b8=
125,-43,GAAlb7ZZ359tzi3NpsbL1cXI+xA=,nlob0l9u6qtADItumjHx/TZ40b8=
126,-38,GAAlb7ZZ359tzi3NpsbL1cXI+xA=,32FEB4wlYpy0kDCUzuYmwoazRJs=
124,-43,GAAlb7ZZ359tzi3NpsbL1cXI+xA=,nlob0l9u6qtADItumjHx/TZ40b8=
124,-44,GAAlb7ZZ359tzi3NpsbL1cXI+xA=,nlob0l9u6qtADItumjHx/TZ40b8=
126,-40,GAAlb7ZZ359tzi3NpsbL1cXI+xA=,32FEB4wlYpy0kDCUzuYmwoazRJs=
126,-44,GAAlb7ZZ359tzi3NpsbL1cXI+xA=,nlob0l9u6qtADItumjHx/TZ40b8=
125,-37,GAAlb7ZZ359tzi3NpsbL1cXI+xA=,32FEB4wlYpy0kDCUzuYmwoazRJs=
125,-44,GAAlb7ZZ359tzi3NpsbL1cXI+xA=,nlob0l9u6qtADItumjHx/TZ40b8=
126,-37,GAAlb7ZZ359tzi3NpsbL1cXI+xA=,32FEB4wlYpy0kDCUzuYmwoazRJs=
124,-39,GAAlb7ZZ359tzi3NpsbL1cXI+xA=,32FEB4wlYpy0kDCUzuYmwoazRJs=
124,-40,GAAlb7ZZ359tzi3NpsbL1cXI+xA=,32FEB4wlYpy0kDCUzuYmwoazRJs=
125,-39,GAAlb7ZZ359tzi3NpsbL1cXI+xA=,32FEB4wlYpy0kDCUzuYmwoazRJs=
126,-39,GAAlb7ZZ359tzi3NpsbL1cXI+xA=,32FEB4wlYpy0kDCUzuYmwoazRJs=
125,-40,GAAlb7ZZ359tzi3NpsbL1cXI+xA=,32FEB4wlYpy0kDCUzuYmwoazRJs=
127,-48,GAAlb7ZZ359tzi3NpsbL1cXI+xA=,nlob0l9u6qtADItumjHx/TZ40b8=
127,-45,GAAlb7ZZ359tzi3NpsbL1cXI+xA=,nlob0l9u6qtADItumjHx/TZ40b8=
126,-48,GAAlb7ZZ359tzi3NpsbL1cXI+xA=,nlob0l9u6qtADItumjHx/TZ40b8=
124,-48,GAAlb7ZZ359tzi3NpsbL1cXI+xA=,nlob0l9u6qtADItumjHx/TZ40b8=
125,-48,GAAlb7ZZ359tzi3NpsbL1cXI+xA=,nlob0l9u6qtADItumjHx/TZ40b8=
124,-47,GAAlb7ZZ359tzi3NpsbL1cXI+xA=,nlob0l9u6qtADItumjHx/TZ40b8=
126,-47,GAAlb7ZZ359tzi3NpsbL1cXI+xA=,nlob0l9u6qtADItumjHx/TZ40b8=
127,-46,GAAlb7ZZ359tzi3NpsbL1cXI+xA=,nlob0l9u6qtADItumjHx/TZ40b8=
125,-47,GAAlb7ZZ359tzi3NpsbL1cXI+xA=,nlob0l9u6qtADItumjHx/TZ40b8=
124,-46,GAAlb7ZZ359tzi3NpsbL1cXI+xA=,nlob0l9u6qtADItumjHx/TZ40b8=
125,-46,GAAlb7ZZ359tzi3NpsbL1cXI+xA=,nlob0l9u6qtADItumjHx/TZ40b8=
126,-46,GAAlb7ZZ359tzi3NpsbL1cXI+xA=,nlob0l9u6qtADItumjHx/TZ40b8=
124,-45,GAAlb7ZZ359tzi3NpsbL1cXI+xA=,nlob0l9u6qtADItumjHx/TZ40b8=
127,-47,GAAlb7ZZ359tzi3NpsbL1cXI+xA=,nlob0l9u6qtADItumjHx/TZ40b8=
126,-45,GAAlb7ZZ359tzi3NpsbL1cXI+xA=,nlob0l9u6qtADItumjHx/TZ40b8=
125,-45,GAAlb7ZZ359tzi3NpsbL1cXI+xA=,nlob0l9u6qtADItumjHx/TZ40b8=
116,-48,GAAlb7ZZ359tzi3NpsbL1cXI+xA=,zt/CKnMqbJNUeLG7eOq22oH5DfI=
120,-48,GAAlb7ZZ359tzi3NpsbL1cXI+xA=,nlob0l9u6qtADItumjHx/TZ40b8=
116,-47,GAAlb7ZZ359tzi3NpsbL1cXI+xA=,zt/CKnMqbJNUeLG7eOq22oH5DfI=
121,-47,GAAlb7ZZ359tzi3NpsbL1cXI+xA=,nlob0l9u6qtADItumjHx/TZ40b8=
117,-47,GAAlb7ZZ359tzi3NpsbL1cXI+xA=,zt/CKnMqbJNUeLG7eOq22oH5DfI=
117,-48,GAAlb7ZZ359tzi3NpsbL1cXI+xA=,zt/CKnMqbJNUeLG7eOq22oH5DfI=
122,-48,GAAlb7ZZ359tzi3NpsbL1cXI+xA=,nlob0l9u6qtADItumjHx/TZ40b8=
118,-47,GAAlb7ZZ359tzi3NpsbL1cXI+xA=,zt/CKnMqbJNUeLG7eOq22oH5DfI=
122,-47,GAAlb7ZZ359tzi3NpsbL1cXI+xA=,nlob0l9u6qtADItumjHx/TZ40b8=
119,-47,GAAlb7ZZ359tzi3NpsbL1cXI+xA=,zt/CKnMqbJNUeLG7eOq22oH5DfI=
119,-48,GAAlb7ZZ359tzi3NpsbL1cXI+xA=,zt/CKnMqbJNUeLG7eOq22oH5DfI=
123,-48,GAAlb7ZZ359tzi3NpsbL1cXI+xA=,nlob0l9u6qtADItumjHx/TZ40b8=
119,-45,GAAlb7ZZ359tzi3NpsbL1cXI+xA=,zt/CKnMqbJNUeLG7eOq22oH5DfI=
118,-45,GAAlb7ZZ359tzi3NpsbL1cXI+xA=,zt/CKnMqbJNUeLG7eOq22oH5DfI=
123,-47,GAAlb7ZZ359tzi3NpsbL1cXI+xA=,nlob0l9u6qtADItumjHx/TZ40b8=
121,-48,GAAlb7ZZ359tzi3NpsbL1cXI+xA=,nlob0l9u6qtADItumjHx/TZ40b8=
118,-48,GAAlb7ZZ359tzi3NpsbL1cXI+xA=,zt/CKnMqbJNUeLG7eOq22oH5DfI=
116,-45,GAAlb7ZZ359tzi3NpsbL1cXI+xA=,zt/CKnMqbJNUeLG7eOq22oH5DfI=
117,-45,GAAlb7ZZ359tzi3NpsbL1cXI+xA=,zt/CKnMqbJNUeLG7eOq22oH5DfI=
119,-46,GAAlb7ZZ359tzi3NpsbL1cXI+xA=,zt/CKnMqbJNUeLG7eOq22oH5DfI=
120,-45,GAAlb7ZZ359tzi3NpsbL1cXI+xA=,nlob0l9u6qtADItumjHx/TZ40b8=
117,-46,GAAlb7ZZ359tzi3NpsbL1cXI+xA=,zt/CKnMqbJNUeLG7eOq22oH5DfI=
116,-46,GAAlb7ZZ359tzi3NpsbL1cXI+xA=,zt/CKnMqbJNUeLG7eOq22oH5DfI=
118,-46,GAAlb7ZZ359tzi3NpsbL1cXI+xA=,zt/CKnMqbJNUeLG7eOq22oH5DfI=
121,-46,GAAlb7ZZ359tzi3NpsbL1cXI+xA=,nlob0l9u6qtADItumjHx/TZ40b8=
120,-46,GAAlb7ZZ359tzi3NpsbL1cXI+xA=,nlob0l9u6qtADItumjHx/TZ40b8=
122,-46,GAAlb7ZZ359tzi3NpsbL1cXI+xA=,nlob0l9u6qtADItumjHx/TZ40b8=
123,-46,GAAlb7ZZ359tzi3NpsbL1cXI+xA=,nlob0l9u6qtADItumjHx/TZ40b8=
121,-45,GAAlb7ZZ359tzi3NpsbL1cXI+xA=,nlob0l9u6qtADItumjHx/TZ40b8=
122,-45,GAAlb7ZZ359tzi3NpsbL1cXI+xA=,nlob0l9u6qtADItumjHx/TZ40b8=
120,-47,GAAlb7ZZ359tzi3NpsbL1cXI+xA=,nlob0l9u6qtADItumjHx/TZ40b8=
123,-45,GAAlb7ZZ359tzi3NpsbL1cXI+xA=,nlob0l9u6qtADItumjHx/TZ40b8=
121,-33,GAAlb7ZZ359tzi3NpsbL1cXI+xA=,32FEB4wlYpy0kDCUzuYmwoazRJs=
122,-33,GAAlb7ZZ359tzi3NpsbL1cXI+xA=,32FEB4wlYpy0kDCUzuYmwoazRJs=
124,-33,GAAlb7ZZ359tzi3NpsbL1cXI+xA=,32FEB4wlYpy0kDCUzuYmwoazRJs=
123,-33,GAAlb7ZZ359tzi3NpsbL1cXI+xA=,32FEB4wlYpy0kDCUzuYmwoazRJs=
116,-34,GAAlb7ZZ359tzi3NpsbL1cXI+xA=,fcT9qDfeJbkK6iOOkjmQ5CstPn0=
125,-33,GAAlb7ZZ359tzi3NpsbL1cXI+xA=,32FEB4wlYpy0kDCUzuYmwoazRJs=
118,-34,GAAlb7ZZ359tzi3NpsbL1cXI+xA=,fcT9qDfeJbkK6iOOkjmQ5CstPn0=
126,-33,GAAlb7ZZ359tzi3NpsbL1cXI+xA=,32FEB4wlYpy0kDCUzuYmwoazRJs=
117,-34,GAAlb7ZZ359tzi3NpsbL1cXI+xA=,fcT9qDfeJbkK6iOOkjmQ5CstPn0=
119,-33,GAAlb7ZZ359tzi3NpsbL1cXI+xA=,fcT9qDfeJbkK6iOOkjmQ5CstPn0=
127,-33,GAAlb7ZZ359tzi3NpsbL1cXI+xA=,32FEB4wlYpy0kDCUzuYmwoazRJs=
120,-33,GAAlb7ZZ359tzi3NpsbL1cXI+xA=,32FEB4wlYpy0kDCUzuYmwoazRJs=
127,-36,GAAlb7ZZ359tzi3NpsbL1cXI+xA=,32FEB4wlYpy0kDCUzuYmwoazRJs=
127,-35,GAAlb7ZZ359tzi3NpsbL1cXI+xA=,32FEB4wlYpy0kDCUzuYmwoazRJs=
127,-34,GAAlb7ZZ359tzi3NpsbL1cXI+xA=,32FEB4wlYpy0kDCUzuYmwoazRJs=
120,-35,GAAlb7ZZ359tzi3NpsbL1cXI+xA=,32FEB4wlYpy0kDCUzuYmwoazRJs=
119,-34,GAAlb7ZZ359tzi3NpsbL1cXI+xA=,fcT9qDfeJbkK6iOOkjmQ5CstPn0=
116,-33,GAAlb7ZZ359tzi3NpsbL1cXI+xA=,fcT9qDfeJbkK6iOOkjmQ5CstPn0=
119,-35,GAAlb7ZZ359tzi3NpsbL1cXI+xA=,fcT9qDfeJbkK6iOOkjmQ5CstPn0=
120,-36,GAAlb7ZZ359tzi3NpsbL1cXI+xA=,32FEB4wlYpy0kDCUzuYmwoazRJs=
117,-33,GAAlb7ZZ359tzi3NpsbL1cXI+xA=,fcT9qDfeJbkK6iOOkjmQ5CstPn0=
120,-34,GAAlb7ZZ359tzi3NpsbL1cXI+xA=,32FEB4wlYpy0kDCUzuYmwoazRJs=
125,-34,GAAlb7ZZ359tzi3NpsbL1cXI+xA=,32FEB4wlYpy0kDCUzuYmwoazRJs=
124,-34,GAAlb7ZZ359tzi3NpsbL1cXI+xA=,32FEB4wlYpy0kDCUzuYmwoazRJs=
121,-36,GAAlb7ZZ359tzi3NpsbL1cXI+xA=,32FEB4wlYpy0kDCUzuYmwoazRJs=
116,-36,GAAlb7ZZ359tzi3NpsbL1cXI+xA=,fcT9qDfeJbkK6iOOkjmQ5CstPn0=
118,-33,GAAlb7ZZ359tzi3NpsbL1cXI+xA=,fcT9qDfeJbkK6iOOkjmQ5CstPn0=
126,-34,GAAlb7ZZ359tzi3NpsbL1cXI+xA=,32FEB4wlYpy0kDCUzuYmwoazRJs=
118,-35,GAAlb7ZZ359tzi3NpsbL1cXI+xA=,fcT9qDfeJbkK6iOOkjmQ5CstPn0=
125,-36,GAAlb7ZZ359tzi3NpsbL1cXI+xA=,32FEB4wlYpy0kDCUzuYmwoazRJs=
117,-36,GAAlb7ZZ359tzi3NpsbL1cXI+xA=,fcT9qDfeJbkK6iOOkjmQ5CstPn0=
121,-35,GAAlb7ZZ359tzi3NpsbL1cXI+xA=,32FEB4wlYpy0kDCUzuYmwoazRJs=
123,-34,GAAlb7ZZ359tzi3NpsbL1cXI+xA=,32FEB4wlYpy0kDCUzuYmwoazRJs=
122,-34,GAAlb7ZZ359tzi3NpsbL1cXI+xA=,32FEB4wlYpy0kDCUzuYmwoazRJs=
118,-36,GAAlb7ZZ359tzi3NpsbL1cXI+xA=,fcT9qDfeJbkK6iOOkjmQ5CstPn0=
122,-35,GAAlb7ZZ359tzi3NpsbL1cXI+xA=,32FEB4wlYpy0kDCUzuYmwoazRJs=
117,-35,GAAlb7ZZ359tzi3NpsbL1cXI+xA=,fcT9qDfeJbkK6iOOkjmQ5CstPn0=
126,-36,GAAlb7ZZ359tzi3NpsbL1cXI+xA=,32FEB4wlYpy0kDCUzuYmwoazRJs=
119,-36,GAAlb7ZZ359tzi3NpsbL1cXI+xA=,fcT9qDfeJbkK6iOOkjmQ5CstPn0=
124,-36,GAAlb7ZZ359tzi3NpsbL1cXI+xA=,32FEB4wlYpy0kDCUzuYmwoazRJs=
122,-36,GAAlb7ZZ359tzi3NpsbL1cXI+xA=,32FEB4wlYpy0kDCUzuYmwoazRJs=
121,-34,GAAlb7ZZ359tzi3NpsbL1cXI+xA=,32FEB4wlYpy0kDCUzuYmwoazRJs=
123,-35,GAAlb7ZZ359tzi3NpsbL1cXI+xA=,32FEB4wlYpy0kDCUzuYmwoazRJs=
116,-35,GAAlb7ZZ359tzi3NpsbL1cXI+xA=,fcT9qDfeJbkK6iOOkjmQ5CstPn0=
123,-36,GAAlb7ZZ359tzi3NpsbL1cXI+xA=,32FEB4wlYpy0kDCUzuYmwoazRJs=
124,-35,GAAlb7ZZ359tzi3NpsbL1cXI+xA=,32FEB4wlYpy0kDCUzuYmwoazRJs=
126,-35,GAAlb7ZZ359tzi3NpsbL1cXI+xA=,32FEB4wlYpy0kDCUzuYmwoazRJs=
125,-35,GAAlb7ZZ359tzi3NpsbL1cXI+xA=,32FEB4wlYpy0kDCUzuYmwoazRJs=
112,-33,GAAlb7ZZ359tzi3NpsbL1cXI+xA=,fcT9qDfeJbkK6iOOkjmQ5CstPn0=
114,-33,GAAlb7ZZ359tzi3NpsbL1cXI+xA=,fcT9qDfeJbkK6iOOkjmQ5CstPn0=
113,-33,GAAlb7ZZ359tzi3NpsbL1cXI+xA=,fcT9qDfeJbkK6iOOkjmQ5CstPn0=
115,-33,GAAlb7ZZ359tzi3NpsbL1cXI+xA=,fcT9qDfeJbkK6iOOkjmQ5CstPn0=
113,-48,GAAlb7ZZ359tzi3NpsbL1cXI+xA=,zt/CKnMqbJNUeLG7eOq22oH5DfI=
112,-34,GAAlb7ZZ359tzi3NpsbL1cXI+xA=,fcT9qDfeJbkK6iOOkjmQ5CstPn0=
113,-36,GAAlb7ZZ359tzi3NpsbL1cXI+xA=,fcT9qDfeJbkK6iOOkjmQ5CstPn0=
113,-35,GAAlb7ZZ359tzi3NpsbL1cXI+xA=,fcT9qDfeJbkK6iOOkjmQ5CstPn0=
114,-48,GAAlb7ZZ359tzi3NpsbL1cXI+xA=,zt/CKnMqbJNUeLG7eOq22oH5DfI=
114,-36,GAAlb7ZZ359tzi3NpsbL1cXI+xA=,fcT9qDfeJbkK6iOOkjmQ5CstPn0=
115,-36,GAAlb7ZZ359tzi3NpsbL1cXI+xA=,fcT9qDfeJbkK6iOOkjmQ5CstPn0=
115,-48,GAAlb7ZZ359tzi3NpsbL1cXI+xA=,zt/CKnMqbJNUeLG7eOq22oH5DfI=
112,-35,GAAlb7ZZ359tzi3NpsbL1cXI+xA=,fcT9qDfeJbkK6iOOkjmQ5CstPn0=
112,-47,GAAlb7ZZ359tzi3NpsbL1cXI+xA=,zt/CKnMqbJNUeLG7eOq22oH5DfI=
112,-48,GAAlb7ZZ359tzi3NpsbL1cXI+xA=,zt/CKnMqbJNUeLG7eOq22oH5DfI=
114,-35,GAAlb7ZZ359tzi3NpsbL1cXI+xA=,fcT9qDfeJbkK6iOOkjmQ5CstPn0=
115,-35,GAAlb7ZZ359tzi3NpsbL1cXI+xA=,fcT9qDfeJbkK6iOOkjmQ5CstPn0=
115,-47,GAAlb7ZZ359tzi3NpsbL1cXI+xA=,zt/CKnMqbJNUeLG7eOq22oH5DfI=
114,-47,GAAlb7ZZ359tzi3NpsbL1cXI+xA=,zt/CKnMqbJNUeLG7eOq22oH5DfI=
113,-34,GAAlb7ZZ359tzi3NpsbL1cXI+xA=,fcT9qDfeJbkK6iOOkjmQ5CstPn0=
112,-45,GAAlb7ZZ359tzi3NpsbL1cXI+xA=,zt/CKnMqbJNUeLG7eOq22oH5DfI=
113,-47,GAAlb7ZZ359tzi3NpsbL1cXI+xA=,zt/CKnMqbJNUeLG7eOq22oH5DfI=
115,-45,GAAlb7ZZ359tzi3NpsbL1cXI+xA=,zt/CKnMqbJNUeLG7eOq22oH5DfI=
112,-36,GAAlb7ZZ359tzi3NpsbL1cXI+xA=,fcT9qDfeJbkK6iOOkjmQ5CstPn0=
112,-46,GAAlb7ZZ359tzi3NpsbL1cXI+xA=,zt/CKnMqbJNUeLG7eOq22oH5DfI=
113,-45,GAAlb7ZZ359tzi3NpsbL1cXI+xA=,zt/CKnMqbJNUeLG7eOq22oH5DfI=
113,-46,GAAlb7ZZ359tzi3NpsbL1cXI+xA=,zt/CKnMqbJNUeLG7eOq22oH5DfI=
115,-46,GAAlb7ZZ359tzi3NpsbL1cXI+xA=,zt/CKnMqbJNUeLG7eOq22oH5DfI=
115,-34,GAAlb7ZZ359tzi3NpsbL1cXI+xA=,fcT9qDfeJbkK6iOOkjmQ5CstPn0=
114,-45,GAAlb7ZZ359tzi3NpsbL1cXI+xA=,zt/CKnMqbJNUeLG7eOq22oH5DfI=
114,-46,GAAlb7ZZ359tzi3NpsbL1cXI+xA=,zt/CKnMqbJNUeLG7eOq22oH5DfI=
114,-34,GAAlb7ZZ359tzi3NpsbL1cXI+xA=,fcT9qDfeJbkK6iOOkjmQ5CstPn0=
120,-57,Sf6Q6MIg6u0rMN/zRiW3FeL0hMM=,fjTAQmFOEg6IumLwd83HepLlxLs=
119,-57,Sf6Q6MIg6u0rMN/zRiW3FeL0hMM=,fdbpZ6FlPAxOTmWgEQF5UQvmndU=
121,-60,Sf6Q6MIg6u0rMN/zRiW3FeL0hMM=,fjTAQmFOEg6IumLwd83HepLlxLs=
118,-57,4qC+n2S7uJ7ByTCy68cFHSlxZWI=,fdbpZ6FlPAxOTmWgEQF5UQvmndU=
122,-60,4qC+n2S7uJ7ByTCy68cFHSlxZWI=,fjTAQmFOEg6IumLwd83HepLlxLs=
120,-54,4qC+n2S7uJ7ByTCy68cFHSlxZWI=,Mk4ZYgQmFoPjapj2FFfZUsQamhE=
117,-55,4qC+n2S7uJ7ByTCy68cFHSlxZWI=,lM0r0yD7iC0L2UBm7A3hGfqFBv0=
116,-55,4qC+n2S7uJ7ByTCy68cFHSlxZWI=,lM0r0yD7iC0L2UBm7A3hGfqFBv0=
117,-57,4qC+n2S7uJ7ByTCy68cFHSlxZWI=,fdbpZ6FlPAxOTmWgEQF5UQvmndU=
118,-55,4qC+n2S7uJ7ByTCy68cFHSlxZWI=,lM0r0yD7iC0L2UBm7A3hGfqFBv0=
119,-54,4qC+n2S7uJ7ByTCy68cFHSlxZWI=,lM0r0yD7iC0L2UBm7A3hGfqFBv0=
123,-60,4qC+n2S7uJ7ByTCy68cFHSlxZWI=,fjTAQmFOEg6IumLwd83HepLlxLs=
116,-57,FB2H/CAcZE0lDNcYo3R7c/ME9X4=,fdbpZ6FlPAxOTmWgEQF5UQvmndU=
122,-56,FB2H/CAcZE0lDNcYo3R7c/ME9X4=,Mk4ZYgQmFoPjapj2FFfZUsQamhE=
116,-54,jUqqTLyScRT7jLQGeqFffF7GLI8=,lM0r0yD7iC0L2UBm7A3hGfqFBv0=
117,-54,jUqqTLyScRT7jLQGeqFffF7GLI8=,lM0r0yD7iC0L2UBm7A3hGfqFBv0=
120,-53,jUqqTLyScRT7jLQGeqFffF7GLI8=,Mk4ZYgQmFoPjapj2FFfZUsQamhE=
118,-54,jUqqTLyScRT7jLQGeqFffF7GLI8=,lM0r0yD7iC0L2UBm7A3hGfqFBv0=
116,-53,jUqqTLyScRT7jLQGeqFffF7GLI8=,lM0r0yD7iC0L2UBm7A3hGfqFBv0=
117,-53,l+ucS2odzRyhiT+FOvH/W3WQrec=,lM0r0yD7iC0L2UBm7A3hGfqFBv0=
119,-58,l+ucS2odzRyhiT+FOvH/W3WQrec=,fdbpZ6FlPAxOTmWgEQF5UQvmndU=
123,-58,l+ucS2odzRyhiT+FOvH/W3WQrec=,fjTAQmFOEg6IumLwd83HepLlxLs=
116,-56,l+ucS2odzRyhiT+FOvH/W3WQrec=,lM0r0yD7iC0L2UBm7A3hGfqFBv0=
118,-53,l+ucS2odzRyhiT+FOvH/W3WQrec=,lM0r0yD7iC0L2UBm7A3hGfqFBv0=
118,-58,aIt/Co8JT8CVuV72U2n+SsQcOR8=,fdbpZ6FlPAxOTmWgEQF5UQvmndU=
119,-53,aIt/Co8JT8CVuV72U2n+SsQcOR8=,lM0r0yD7iC0L2UBm7A3hGfqFBv0=
121,-59,aIt/Co8JT8CVuV72U2n+SsQcOR8=,fjTAQmFOEg6IumLwd83HepLlxLs=
122,-58,aIt/Co8JT8CVuV72U2n+SsQcOR8=,fjTAQmFOEg6IumLwd83HepLlxLs=
123,-56,aIt/Co8JT8CVuV72U2n+SsQcOR8=,Mk4ZYgQmFoPjapj2FFfZUsQamhE=
117,-58,aIt/Co8JT8CVuV72U2n+SsQcOR8=,fdbpZ6FlPAxOTmWgEQF5UQvmndU=
121,-58,SoljGmpS/6UUwoEvfTp7ii1CWE0=,fjTAQmFOEg6IumLwd83HepLlxLs=
121,-53,SoljGmpS/6UUwoEvfTp7ii1CWE0=,Mk4ZYgQmFoPjapj2FFfZUsQamhE=
123,-55,SoljGmpS/6UUwoEvfTp7ii1CWE0=,Mk4ZYgQmFoPjapj2FFfZUsQamhE=
117,-56,SoljGmpS/6UUwoEvfTp7ii1CWE0=,lM0r0yD7iC0L2UBm7A3hGfqFBv0=
122,-59,SoljGmpS/6UUwoEvfTp7ii1CWE0=,fjTAQmFOEg6IumLwd83HepLlxLs=
116,-58,SoljGmpS/6UUwoEvfTp7ii1CWE0=,fdbpZ6FlPAxOTmWgEQF5UQvmndU=
122,-53,SoljGmpS/6UUwoEvfTp7ii1CWE0=,Mk4ZYgQmFoPjapj2FFfZUsQamhE=
123,-59,SoljGmpS/6UUwoEvfTp7ii1CWE0=,fjTAQmFOEg6IumLwd83HepLlxLs=
118,-56,SoljGmpS/6UUwoEvfTp7ii1CWE0=,lM0r0yD7iC0L2UBm7A3hGfqFBv0=
119,-59,SoljGmpS/6UUwoEvfTp7ii1CWE0=,fdbpZ6FlPAxOTmWgEQF5UQvmndU=
120,-60,SoljGmpS/6UUwoEvfTp7ii1CWE0=,fjTAQmFOEg6IumLwd83HepLlxLs=
121,-54,SoljGmpS/6UUwoEvfTp7ii1CWE0=,Mk4ZYgQmFoPjapj2FFfZUsQamhE=
120,-59,SoljGmpS/6UUwoEvfTp7ii1CWE0=,fjTAQmFOEg6IumLwd83HepLlxLs=
120,-56,SoljGmpS/6UUwoEvfTp7ii1CWE0=,Mk4ZYgQmFoPjapj2FFfZUsQamhE=
121,-56,SoljGmpS/6UUwoEvfTp7ii1CWE0=,Mk4ZYgQmFoPjapj2FFfZUsQamhE=
123,-53,SoljGmpS/6UUwoEvfTp7ii1CWE0=,Mk4ZYgQmFoPjapj2FFfZUsQamhE=
118,-59,SoljGmpS/6UUwoEvfTp7ii1CWE0=,fdbpZ6FlPAxOTmWgEQF5UQvmndU=
119,-56,SoljGmpS/6UUwoEvfTp7ii1CWE0=,lM0r0yD7iC0L2UBm7A3hGfqFBv0=
122,-54,SoljGmpS/6UUwoEvfTp7ii1CWE0=,Mk4ZYgQmFoPjapj2FFfZUsQamhE=
123,-54,SoljGmpS/6UUwoEvfTp7ii1CWE0=,Mk4ZYgQmFoPjapj2FFfZUsQamhE=
120,-55,SoljGmpS/6UUwoEvfTp7ii1CWE0=,Mk4ZYgQmFoPjapj2FFfZUsQamhE=
119,-55,SoljGmpS/6UUwoEvfTp7ii1CWE0=,lM0r0yD7iC0L2UBm7A3hGfqFBv0=
117,-59,SoljGmpS/6UUwoEvfTp7ii1CWE0=,fdbpZ6FlPAxOTmWgEQF5UQvmndU=
121,-55,SoljGmpS/6UUwoEvfTp7ii1CWE0=,Mk4ZYgQmFoPjapj2FFfZUsQamhE=
120,-58,SoljGmpS/6UUwoEvfTp7ii1CWE0=,fjTAQmFOEg6IumLwd83HepLlxLs=
123,-57,SoljGmpS/6UUwoEvfTp7ii1CWE0=,fjTAQmFOEg6IumLwd83HepLlxLs=
122,-57,SoljGmpS/6UUwoEvfTp7ii1CWE0=,fjTAQmFOEg6IumLwd83HepLlxLs=
121,-57,SoljGmpS/6UUwoEvfTp7ii1CWE0=,fjTAQmFOEg6IumLwd83HepLlxLs=
116,-59,SoljGmpS/6UUwoEvfTp7ii1CWE0=,fdbpZ6FlPAxOTmWgEQF5UQvmndU=
122,-55,SoljGmpS/6UUwoEvfTp7ii1CWE0=,Mk4ZYgQmFoPjapj2FFfZUsQamhE=
117,-60,SoljGmpS/6UUwoEvfTp7ii1CWE0=,fdbpZ6FlPAxOTmWgEQF5UQvmndU=
116,-60,SoljGmpS/6UUwoEvfTp7ii1CWE0=,fdbpZ6FlPAxOTmWgEQF5UQvmndU=
118,-60,SoljGmpS/6UUwoEvfTp7ii1CWE0=,fdbpZ6FlPAxOTmWgEQF5UQvmndU=
119,-60,SoljGmpS/6UUwoEvfTp7ii1CWE0=,fdbpZ6FlPAxOTmWgEQF5UQvmndU=
127,-53,SoljGmpS/6UUwoEvfTp7ii1CWE0=,Mk4ZYgQmFoPjapj2FFfZUsQamhE=
124,-58,SoljGmpS/6UUwoEvfTp7ii1CWE0=,fjTAQmFOEg6IumLwd83HepLlxLs=
126,-58,SoljGmpS/6UUwoEvfTp7ii1CWE0=,fjTAQmFOEg6IumLwd83HepLlxLs=
125,-58,SoljGmpS/6UUwoEvfTp7ii1CWE0=,fjTAQmFOEg6IumLwd83HepLlxLs=
124,-60,SoljGmpS/6UUwoEvfTp7ii1CWE0=,fjTAQmFOEg6IumLwd83HepLlxLs=
127,-56,SoljGmpS/6UUwoEvfTp7ii1CWE0=,Mk4ZYgQmFoPjapj2FFfZUsQamhE=
125,-60,SoljGmpS/6UUwoEvfTp7ii1CWE0=,fjTAQmFOEg6IumLwd83HepLlxLs=
126,-60,SoljGmpS/6UUwoEvfTp7ii1CWE0=,fjTAQmFOEg6IumLwd83HepLlxLs=
126,-59,SoljGmpS/6UUwoEvfTp7ii1CWE0=,fjTAQmFOEg6IumLwd83HepLlxLs=
125,-59,SoljGmpS/6UUwoEvfTp7ii1CWE0=,fjTAQmFOEg6IumLwd83HepLlxLs=
124,-59,SoljGmpS/6UUwoEvfTp7ii1CWE0=,fjTAQmFOEg6IumLwd83HepLlxLs=
127,-54,SoljGmpS/6UUwoEvfTp7ii1CWE0=,Mk4ZYgQmFoPjapj2FFfZUsQamhE=
126,-56,SoljGmpS/6UUwoEvfTp7ii1CWE0=,Mk4ZYgQmFoPjapj2FFfZUsQamhE=
124,-56,SoljGmpS/6UUwoEvfTp7ii1CWE0=,Mk4ZYgQmFoPjapj2FFfZUsQamhE=
124,-53,SoljGmpS/6UUwoEvfTp7ii1CWE0=,Mk4ZYgQmFoPjapj2FFfZUsQamhE=
125,-56,SoljGmpS/6UUwoEvfTp7ii1CWE0=,Mk4ZYgQmFoPjapj2FFfZUsQamhE=
125,-57,SoljGmpS/6UUwoEvfTp7ii1CWE0=,fjTAQmFOEg6IumLwd83HepLlxLs=
124,-57,SoljGmpS/6UUwoEvfTp7ii1CWE0=,fjTAQmFOEg6IumLwd83HepLlxLs=
126,-57,SoljGmpS/6UUwoEvfTp7ii1CWE0=,fjTAQmFOEg6IumLwd83HepLlxLs=
127,-57,SoljGmpS/6UUwoEvfTp7ii1CWE0=,fjTAQmFOEg6IumLwd83HepLlxLs=
126,-55,SoljGmpS/6UUwoEvfTp7ii1CWE0=,Mk4ZYgQmFoPjapj2FFfZUsQamhE=
126,-54,SoljGmpS/6UUwoEvfTp7ii1CWE0=,Mk4ZYgQmFoPjapj2FFfZUsQamhE=
125,-54,SoljGmpS/6UUwoEvfTp7ii1CWE0=,Mk4ZYgQmFoPjapj2FFfZUsQamhE=
125,-55,SoljGmpS/6UUwoEvfTp7ii1CWE0=,Mk4ZYgQmFoPjapj2FFfZUsQamhE=
127,-55,SoljGmpS/6UUwoEvfTp7ii1CWE0=,Mk4ZYgQmFoPjapj2FFfZUsQamhE=
124,-55,SoljGmpS/6UUwoEvfTp7ii1CWE0=,Mk4ZYgQmFoPjapj2FFfZUsQamhE=
126,-53,SoljGmpS/6UUwoEvfTp7ii1CWE0=,Mk4ZYgQmFoPjapj2FFfZUsQamhE=
124,-54,SoljGmpS/6UUwoEvfTp7ii1CWE0=,Mk4ZYgQmFoPjapj2FFfZUsQamhE=
125,-53,SoljGmpS/6UUwoEvfTp7ii1CWE0=,Mk4ZYgQmFoPjapj2FFfZUsQamhE=
127,-58,SoljGmpS/6UUwoEvfTp7ii1CWE0=,fjTAQmFOEg6IumLwd83HepLlxLs=
127,-60,SoljGmpS/6UUwoEvfTp7ii1CWE0=,fjTAQmFOEg6IumLwd83HepLlxLs=
127,-59,SoljGmpS/6UUwoEvfTp7ii1CWE0=,fjTAQmFOEg6IumLwd83HepLlxLs=
112,-55,SoljGmpS/6UUwoEvfTp7ii1CWE0=,lM0r0yD7iC0L2UBm7A3hGfqFBv0=
112,-53,SoljGmpS/6UUwoEvfTp7ii1CWE0=,lM0r0yD7iC0L2UBm7A3hGfqFBv0=
112,-56,SoljGmpS/6UUwoEvfTp7ii1CWE0=,lM0r0yD7iC0L2UBm7A3hGfqFBv0=
112,-57,SoljGmpS/6UUwoEvfTp7ii1CWE0=,fdbpZ6FlPAxOTmWgEQF5UQvmndU=
112,-54,SoljGmpS/6UUwoEvfTp7ii1CWE0=,lM0r0yD7iC0L2UBm7A3hGfqFBv0=
112,-58,SoljGmpS/6UUwoEvfTp7ii1CWE0=,fdbpZ6FlPAxOTmWgEQF5UQvmndU=
115,-55,SoljGmpS/6UUwoEvfTp7ii1CWE0=,lM0r0yD7iC0L2UBm7A3hGfqFBv0=
114,-55,SoljGmpS/6UUwoEvfTp7ii1CWE0=,lM0r0yD7iC0L2UBm7A3hGfqFBv0=
113,-54,SoljGmpS/6UUwoEvfTp7ii1CWE0=,lM0r0yD7iC0L2UBm7A3hGfqFBv0=
113,-55,SoljGmpS/6UUwoEvfTp7ii1CWE0=,lM0r0yD7iC0L2UBm7A3hGfqFBv0=
112,-59,SoljGmpS/6UUwoEvfTp7ii1CWE0=,fdbpZ6FlPAxOTmWgEQF5UQvmndU=
115,-54,SoljGmpS/6UUwoEvfTp7ii1CWE0=,lM0r0yD7iC0L2UBm7A3hGfqFBv0=
113,-53,SoljGmpS/6UUwoEvfTp7ii1CWE0=,lM0r0yD7iC0L2UBm7A3hGfqFBv0=
114,-53,SoljGmpS/6UUwoEvfTp7ii1CWE0=,lM0r0yD7iC0L2UBm7A3hGfqFBv0=
115,-53,SoljGmpS/6UUwoEvfTp7ii1CWE0=,lM0r0yD7iC0L2UBm7A3hGfqFBv0=
112,-60,SoljGmpS/6UUwoEvfTp7ii1CWE0=,fdbpZ6FlPAxOTmWgEQF5UQvmndU=
113,-56,SoljGmpS/6UUwoEvfTp7ii1CWE0=,lM0r0yD7iC0L2UBm7A3hGfqFBv0=
115,-56,SoljGmpS/6UUwoEvfTp7ii1CWE0=,lM0r0yD7iC0L2UBm7A3hGfqFBv0=
114,-56,SoljGmpS/6UUwoEvfTp7ii1CWE0=,lM0r0yD7iC0L2UBm7A3hGfqFBv0=
114,-60,SoljGmpS/6UUwoEvfTp7ii1CWE0=,fdbpZ6FlPAxOTmWgEQF5UQvmndU=
115,-60,SoljGmpS/6UUwoEvfTp7ii1CWE0=,fdbpZ6FlPAxOTmWgEQF5UQvmndU=
115,-57,SoljGmpS/6UUwoEvfTp7ii1CWE0=,fdbpZ6FlPAxOTmWgEQF5UQvmndU=
114,-57,SoljGmpS/6UUwoEvfTp7ii1CWE0=,fdbpZ6FlPAxOTmWgEQF5UQvmndU=
115,-58,SoljGmpS/6UUwoEvfTp7ii1CWE0=,fdbpZ6FlPAxOTmWgEQF5UQvmndU=
113,-57,SoljGmpS/6UUwoEvfTp7ii1CWE0=,fdbpZ6FlPAxOTmWgEQF5UQvmndU=
114,-58,SoljGmpS/6UUwoEvfTp7ii1CWE0=,fdbpZ6FlPAxOTmWgEQF5UQvmndU=
115,-59,SoljGmpS/6UUwoEvfTp7ii1CWE0=,fdbpZ6FlPAxOTmWgEQF5UQvmndU=
113,-58,SoljGmpS/6UUwoEvfTp7ii1CWE0=,fdbpZ6FlPAxOTmWgEQF5UQvmndU=
114,-59,SoljGmpS/6UUwoEvfTp7ii1CWE0=,fdbpZ6FlPAxOTmWgEQF5UQvmndU=
113,-59,SoljGmpS/6UUwoEvfTp7ii1CWE0=,fdbpZ6FlPAxOTmWgEQF5UQvmndU=
119,-61,SoljGmpS/6UUwoEvfTp7ii1CWE0=,fdbpZ6FlPAxOTmWgEQF5UQvmndU=
119,-49,SoljGmpS/6UUwoEvfTp7ii1CWE0=,lM0r0yD7iC0L2UBm7A3hGfqFBv0=
116,-63,SoljGmpS/6UUwoEvfTp7ii1CWE0=,fdbpZ6FlPAxOTmWgEQF5UQvmndU=
113,-60,SoljGmpS/6UUwoEvfTp7ii1CWE0=,fdbpZ6FlPAxOTmWgEQF5UQvmndU=
120,-64,SoljGmpS/6UUwoEvfTp7ii1CWE0=,fjTAQmFOEg6IumLwd83HepLlxLs=
117,-63,SoljGmpS/6UUwoEvfTp7ii1CWE0=,fdbpZ6FlPAxOTmWgEQF5UQvmndU=
119,-52,SoljGmpS/6UUwoEvfTp7ii1CWE0=,lM0r0yD7iC0L2UBm7A3hGfqFBv0=
118,-61,SoljGmpS/6UUwoEvfTp7ii1CWE0=,fdbpZ6FlPAxOTmWgEQF5UQvmndU=
123,-64,SoljGmpS/6UUwoEvfTp7ii1CWE0=,fjTAQmFOEg6IumLwd83HepLlxLs=
119,-63,SoljGmpS/6UUwoEvfTp7ii1CWE0=,fdbpZ6FlPAxOTmWgEQF5UQvmndU=
119,-51,SoljGmpS/6UUwoEvfTp7ii1CWE0=,lM0r0yD7iC0L2UBm7A3hGfqFBv0=
118,-63,SoljGmpS/6UUwoEvfTp7ii1CWE0=,fdbpZ6FlPAxOTmWgEQF5UQvmndU=
122,-64,SoljGmpS/6UUwoEvfTp7ii1CWE0=,fjTAQmFOEg6IumLwd83HepLlxLs=
117,-61,SoljGmpS/6UUwoEvfTp7ii1CWE0=,fdbpZ6FlPAxOTmWgEQF5UQvmndU=
119,-50,SoljGmpS/6UUwoEvfTp7ii1CWE0=,lM0r0yD7iC0L2UBm7A3hGfqFBv0=
116,-62,SoljGmpS/6UUwoEvfTp7ii1CWE0=,fdbpZ6FlPAxOTmWgEQF5UQvmndU=
116,-61,SoljGmpS/6UUwoEvfTp7ii1CWE0=,fdbpZ6FlPAxOTmWgEQF5UQvmndU=
123,-49,SoljGmpS/6UUwoEvfTp7ii1CWE0=,Mk4ZYgQmFoPjapj2FFfZUsQamhE=
118,-51,SoljGmpS/6UUwoEvfTp7ii1CWE0=,lM0r0yD7iC0L2UBm7A3hGfqFBv0=
121,-64,SoljGmpS/6UUwoEvfTp7ii1CWE0=,fjTAQmFOEg6IumLwd83HepLlxLs=
122,-49,SoljGmpS/6UUwoEvfTp7ii1CWE0=,Mk4ZYgQmFoPjapj2FFfZUsQamhE=
120,-50,SoljGmpS/6UUwoEvfTp7ii1CWE0=,Mk4ZYgQmFoPjapj2FFfZUsQamhE=
117,-51,SoljGmpS/6UUwoEvfTp7ii1CWE0=,lM0r0yD7iC0L2UBm7A3hGfqFBv0=
114,-54,SoljGmpS/6UUwoEvfTp7ii1CWE0=,lM0r0yD7iC0L2UBm7A3hGfqFBv0=
119,-62,SoljGmpS/6UUwoEvfTp7ii1CWE0=,fdbpZ6FlPAxOTmWgEQF5UQvmndU=
120,-61,SoljGmpS/6UUwoEvfTp7ii1CWE0=,fjTAQmFOEg6IumLwd83HepLlxLs=
121,-49,SoljGmpS/6UUwoEvfTp7ii1CWE0=,Mk4ZYgQmFoPjapj2FFfZUsQamhE=
116,-51,SoljGmpS/6UUwoEvfTp7ii1CWE0=,lM0r0yD7iC0L2UBm7A3hGfqFBv0=
120,-62,SoljGmpS/6UUwoEvfTp7ii1CWE0=,fjTAQmFOEg6IumLwd83HepLlxLs=
118,-62,SoljGmpS/6UUwoEvfTp7ii1CWE0=,fdbpZ6FlPAxOTmWgEQF5UQvmndU=
119,-64,SoljGmpS/6UUwoEvfTp7ii1CWE0=,fdbpZ6FlPAxOTmWgEQF5UQvmndU=
120,-49,SoljGmpS/6UUwoEvfTp7ii1CWE0=,Mk4ZYgQmFoPjapj2FFfZUsQamhE=
118,-52,SoljGmpS/6UUwoEvfTp7ii1CWE0=,lM0r0yD7iC0L2UBm7A3hGfqFBv0=
122,-50,SoljGmpS/6UUwoEvfTp7ii1CWE0=,Mk4ZYgQmFoPjapj2FFfZUsQamhE=
117,-62,SoljGmpS/6UUwoEvfTp7ii1CWE0=,fdbpZ6FlPAxOTmWgEQF5UQvmndU=
117,-52,SoljGmpS/6UUwoEvfTp7ii1CWE0=,lM0r0yD7iC0L2UBm7A3hGfqFBv0=
118,-64,SoljGmpS/6UUwoEvfTp7ii1CWE0=,fdbpZ6FlPAxOTmWgEQF5UQvmndU=
121,-50,SoljGmpS/6UUwoEvfTp7ii1CWE0=,Mk4ZYgQmFoPjapj2FFfZUsQamhE=
120,-63,SoljGmpS/6UUwoEvfTp7ii1CWE0=,fjTAQmFOEg6IumLwd83HepLlxLs=
116,-52,SoljGmpS/6UUwoEvfTp7ii1CWE0=,lM0r0yD7iC0L2UBm7A3hGfqFBv0=
120,-52,SoljGmpS/6UUwoEvfTp7ii1CWE0=,Mk4ZYgQmFoPjapj2FFfZUsQamhE=
123,-61,SoljGmpS/6UUwoEvfTp7ii1CWE0=,fjTAQmFOEg6IumLwd83HepLlxLs=
117,-64,SoljGmpS/6UUwoEvfTp7ii1CWE0=,fdbpZ6FlPAxOTmWgEQF5UQvmndU=
118,-49,SoljGmpS/6UUwoEvfTp7ii1CWE0=,lM0r0yD7iC0L2UBm7A3hGfqFBv0=
125,-49,SoljGmpS/6UUwoEvfTp7ii1CWE0=,Mk4ZYgQmFoPjapj2FFfZUsQamhE=
121,-52,SoljGmpS/6UUwoEvfTp7ii1CWE0=,Mk4ZYgQmFoPjapj2FFfZUsQamhE=
122,-61,SoljGmpS/6UUwoEvfTp7ii1CWE0=,fjTAQmFOEg6IumLwd83HepLlxLs=
117,-49,SoljGmpS/6UUwoEvfTp7ii1CWE0=,lM0r0yD7iC0L2UBm7A3hGfqFBv0=
123,-50,SoljGmpS/6UUwoEvfTp7ii1CWE0=,Mk4ZYgQmFoPjapj2FFfZUsQamhE=
127,-49,SoljGmpS/6UUwoEvfTp7ii1CWE0=,Mk4ZYgQmFoPjapj2FFfZUsQamhE=
116,-49,SoljGmpS/6UUwoEvfTp7ii1CWE0=,lM0r0yD7iC0L2UBm7A3hGfqFBv0=
126,-49,SoljGmpS/6UUwoEvfTp7ii1CWE0=,Mk4ZYgQmFoPjapj2FFfZUsQamhE=
121,-61,SoljGmpS/6UUwoEvfTp7ii1CWE0=,fjTAQmFOEg6IumLwd83HepLlxLs=
122,-52,SoljGmpS/6UUwoEvfTp7ii1CWE0=,Mk4ZYgQmFoPjapj2FFfZUsQamhE=
118,-50,SoljGmpS/6UUwoEvfTp7ii1CWE0=,lM0r0yD7iC0L2UBm7A3hGfqFBv0=
127,-52,SoljGmpS/6UUwoEvfTp7ii1CWE0=,Mk4ZYgQmFoPjapj2FFfZUsQamhE=
123,-51,SoljGmpS/6UUwoEvfTp7ii1CWE0=,Mk4ZYgQmFoPjapj2FFfZUsQamhE=
123,-52,SoljGmpS/6UUwoEvfTp7ii1CWE0=,Mk4ZYgQmFoPjapj2FFfZUsQamhE=
123,-62,SoljGmpS/6UUwoEvfTp7ii1CWE0=,fjTAQmFOEg6IumLwd83HepLlxLs=
127,-51,SoljGmpS/6UUwoEvfTp7ii1CWE0=,Mk4ZYgQmFoPjapj2FFfZUsQamhE=
117,-50,SoljGmpS/6UUwoEvfTp7ii1CWE0=,lM0r0yD7iC0L2UBm7A3hGfqFBv0=
120,-51,SoljGmpS/6UUwoEvfTp7ii1CWE0=,Mk4ZYgQmFoPjapj2FFfZUsQamhE=
122,-51,SoljGmpS/6UUwoEvfTp7ii1CWE0=,Mk4ZYgQmFoPjapj2FFfZUsQamhE=
122,-62,SoljGmpS/6UUwoEvfTp7ii1CWE0=,fjTAQmFOEg6IumLwd83HepLlxLs=
116,-50,SoljGmpS/6UUwoEvfTp7ii1CWE0=,lM0r0yD7iC0L2UBm7A3hGfqFBv0=
127,-50,SoljGmpS/6UUwoEvfTp7ii1CWE0=,Mk4ZYgQmFoPjapj2FFfZUsQamhE=
121,-51,SoljGmpS/6UUwoEvfTp7ii1CWE0=,Mk4ZYgQmFoPjapj2FFfZUsQamhE=
124,-49,SoljGmpS/6UUwoEvfTp7ii1CWE0=,Mk4ZYgQmFoPjapj2FFfZUsQamhE=
126,-50,SoljGmpS/6UUwoEvfTp7ii1CWE0=,Mk4ZYgQmFoPjapj2FFfZUsQamhE=
121,-62,SoljGmpS/6UUwoEvfTp7ii1CWE0=,fjTAQmFOEg6IumLwd83HepLlxLs=
126,-52,SoljGmpS/6UUwoEvfTp7ii1CWE0=,Mk4ZYgQmFoPjapj2FFfZUsQamhE=
126,-51,SoljGmpS/6UUwoEvfTp7ii1CWE0=,Mk4ZYgQmFoPjapj2FFfZUsQamhE=
125,-52,SoljGmpS/6UUwoEvfTp7ii1CWE0=,Mk4ZYgQmFoPjapj2FFfZUsQamhE=
124,-52,SoljGmpS/6UUwoEvfTp7ii1CWE0=,Mk4ZYgQmFoPjapj2FFfZUsQamhE=
125,-51,SoljGmpS/6UUwoEvfTp7ii1CWE0=,Mk4ZYgQmFoPjapj2FFfZUsQamhE=
124,-50,SoljGmpS/6UUwoEvfTp7ii1CWE0=,Mk4ZYgQmFoPjapj2FFfZUsQamhE=
124,-51,SoljGmpS/6UUwoEvfTp7ii1CWE0=,Mk4ZYgQmFoPjapj2FFfZUsQamhE=
123,-63,SoljGmpS/6UUwoEvfTp7ii1CWE0=,fjTAQmFOEg6IumLwd83HepLlxLs=
125,-50,SoljGmpS/6UUwoEvfTp7ii1CWE0=,Mk4ZYgQmFoPjapj2FFfZUsQamhE=
122,-63,SoljGmpS/6UUwoEvfTp7ii1CWE0=,fjTAQmFOEg6IumLwd83HepLlxLs=
116,-64,SoljGmpS/6UUwoEvfTp7ii1CWE0=,fdbpZ6FlPAxOTmWgEQF5UQvmndU=
121,-63,SoljGmpS/6UUwoEvfTp7ii1CWE0=,fjTAQmFOEg6IumLwd83HepLlxLs=
126,-64,SoljGmpS/6UUwoEvfTp7ii1CWE0=,fjTAQmFOEg6IumLwd83HepLlxLs=
112,-64,SoljGmpS/6UUwoEvfTp7ii1CWE0=,fdbpZ6FlPAxOTmWgEQF5UQvmndU=
113,-62,SoljGmpS/6UUwoEvfTp7ii1CWE0=,fdbpZ6FlPAxOTmWgEQF5UQvmndU=
112,-49,SoljGmpS/6UUwoEvfTp7ii1CWE0=,lM0r0yD7iC0L2UBm7A3hGfqFBv0=
114,-62,SoljGmpS/6UUwoEvfTp7ii1CWE0=,fdbpZ6FlPAxOTmWgEQF5UQvmndU=
125,-64,SoljGmpS/6UUwoEvfTp7ii1CWE0=,fjTAQmFOEg6IumLwd83HepLlxLs=
113,-64,SoljGmpS/6UUwoEvfTp7ii1CWE0=,fdbpZ6FlPAxOTmWgEQF5UQvmndU=
115,-62,SoljGmpS/6UUwoEvfTp7ii1CWE0=,fdbpZ6FlPAxOTmWgEQF5UQvmndU=
112,-52,SoljGmpS/6UUwoEvfTp7ii1CWE0=,lM0r0yD7iC0L2UBm7A3hGfqFBv0=
115,-63,SoljGmpS/6UUwoEvfTp7ii1CWE0=,fdbpZ6FlPAxOTmWgEQF5UQvmndU=
124,-64,SoljGmpS/6UUwoEvfTp7ii1CWE0=,fjTAQmFOEg6IumLwd83HepLlxLs=
114,-64,SoljGmpS/6UUwoEvfTp7ii1CWE0=,fdbpZ6FlPAxOTmWgEQF5UQvmndU=
127,-64,SoljGmpS/6UUwoEvfTp7ii1CWE0=,fjTAQmFOEg6IumLwd83HepLlxLs=
112,-51,SoljGmpS/6UUwoEvfTp7ii1CWE0=,lM0r0yD7iC0L2UBm7A3hGfqFBv0=
124,-63,SoljGmpS/6UUwoEvfTp7ii1CWE0=,fjTAQmFOEg6IumLwd83HepLlxLs=
115,-64,SoljGmpS/6UUwoEvfTp7ii1CWE0=,fdbpZ6FlPAxOTmWgEQF5UQvmndU=
112,-50,SoljGmpS/6UUwoEvfTp7ii1CWE0=,lM0r0yD7iC0L2UBm7A3hGfqFBv0=
127,-61,SoljGmpS/6UUwoEvfTp7ii1CWE0=,fjTAQmFOEg6IumLwd83HepLlxLs=
125,-63,SoljGmpS/6UUwoEvfTp7ii1CWE0=,fjTAQmFOEg6IumLwd83HepLlxLs=
112,-61,SoljGmpS/6UUwoEvfTp7ii1CWE0=,fdbpZ6FlPAxOTmWgEQF5UQvmndU=
126,-63,SoljGmpS/6UUwoEvfTp7ii1CWE0=,fjTAQmFOEg6IumLwd83HepLlxLs=
115,-50,SoljGmpS/6UUwoEvfTp7ii1CWE0=,lM0r0yD7iC0L2UBm7A3hGfqFBv0=
127,-62,SoljGmpS/6UUwoEvfTp7ii1CWE0=,fjTAQmFOEg6IumLwd83HepLlxLs=
124,-62,SoljGmpS/6UUwoEvfTp7ii1CWE0=,fjTAQmFOEg6IumLwd83HepLlxLs=
113,-49,SoljGmpS/6UUwoEvfTp7ii1CWE0=,lM0r0yD7iC0L2UBm7A3hGfqFBv0=
112,-63,SoljGmpS/6UUwoEvfTp7ii1CWE0=,fdbpZ6FlPAxOTmWgEQF5UQvmndU=
127,-63,SoljGmpS/6UUwoEvfTp7ii1CWE0=,fjTAQmFOEg6IumLwd83HepLlxLs=
114,-63,SoljGmpS/6UUwoEvfTp7ii1CWE0=,fdbpZ6FlPAxOTmWgEQF5UQvmndU=
113,-63,SoljGmpS/6UUwoEvfTp7ii1CWE0=,fdbpZ6FlPAxOTmWgEQF5UQvmndU=
113,-50,SoljGmpS/6UUwoEvfTp7ii1CWE0=,lM0r0yD7iC0L2UBm7A3hGfqFBv0=
114,-50,SoljGmpS/6UUwoEvfTp7ii1CWE0=,lM0r0yD7iC0L2UBm7A3hGfqFBv0=
112,-62,SoljGmpS/6UUwoEvfTp7ii1CWE0=,fdbpZ6FlPAxOTmWgEQF5UQvmndU=
125,-62,SoljGmpS/6UUwoEvfTp7ii1CWE0=,fjTAQmFOEg6IumLwd83HepLlxLs=
115,-51,SoljGmpS/6UUwoEvfTp7ii1CWE0=,lM0r0yD7iC0L2UBm7A3hGfqFBv0=
113,-61,SoljGmpS/6UUwoEvfTp7ii1CWE0=,fdbpZ6FlPAxOTmWgEQF5UQvmndU=
126,-61,SoljGmpS/6UUwoEvfTp7ii1CWE0=,fjTAQmFOEg6IumLwd83HepLlxLs=
115,-61,SoljGmpS/6UUwoEvfTp7ii1CWE0=,fdbpZ6FlPAxOTmWgEQF5UQvmndU=
114,-61,SoljGmpS/6UUwoEvfTp7ii1CWE0=,fdbpZ6FlPAxOTmWgEQF5UQvmndU=
114,-51,SoljGmpS/6UUwoEvfTp7ii1CWE0=,lM0r0yD7iC0L2UBm7A3hGfqFBv0=
114,-49,SoljGmpS/6UUwoEvfTp7ii1CWE0=,lM0r0yD7iC0L2UBm7A3hGfqFBv0=
125,-61,SoljGmpS/6UUwoEvfTp7ii1CWE0=,fjTAQmFOEg6IumLwd83HepLlxLs=
115,-49,SoljGmpS/6UUwoEvfTp7ii1CWE0=,lM0r0yD7iC0L2UBm7A3hGfqFBv0=
113,-52,SoljGmpS/6UUwoEvfTp7ii1CWE0=,lM0r0yD7iC0L2UBm7A3hGfqFBv0=
113,-51,SoljGmpS/6UUwoEvfTp7ii1CWE0=,lM0r0yD7iC0L2UBm7A3hGfqFBv0=
126,-62,SoljGmpS/6UUwoEvfTp7ii1CWE0=,fjTAQmFOEg6IumLwd83HepLlxLs=
124,-61,SoljGmpS/6UUwoEvfTp7ii1CWE0=,fjTAQmFOEg6IumLwd83HepLlxLs=
114,-52,SoljGmpS/6UUwoEvfTp7ii1CWE0=,lM0r0yD7iC0L2UBm7A3hGfqFBv0=
115,-52,SoljGmpS/6UUwoEvfTp7ii1CWE0=,lM0r0yD7iC0L2UBm7A3hGfqFBv0=
