167,103,1J5YbcTefIsGSUVOUqRgPWSe8cw=,OSPG8m9rVAv7Z6JJtvGWGggZXO8=
168,103,DQZI8G2aIMC+V7tXi3WiiOGS9No=,fAmp4XDb4hy2/yKSf+ODJ+zCQKo=
164,104,DQZI8G2aIMC+V7tXi3WiiOGS9No=,Vq9zL250vopaTRO675/sNCJ9vxo=
171,107,DQZI8G2aIMC+V7tXi3WiiOGS9No=,NbCjEjmrs5oLiSNJg9RWQ4MXRys=
170,107,DQZI8G2aIMC+V7tXi3WiiOGS9No=,NbCjEjmrs5oLiSNJg9RWQ4MXRys=
169,107,DQZI8G2aIMC+V7tXi3WiiOGS9No=,NbCjEjmrs5oLiSNJg9RWQ4MXRys=
170,106,DQZI8G2aIMC+V7tXi3WiiOGS9No=,NbCjEjmrs5oLiSNJg9RWQ4MXRys=
169,106,DQZI8G2aIMC+V7tXi3WiiOGS9No=,NbCjEjmrs5oLiSNJg9RWQ4MXRys=
171,105,DQZI8G2aIMC+V7tXi3WiiOGS9No=,NbCjEjmrs5oLiSNJg9RWQ4MXRys=
165,104,DQZI8G2aIMC+V7tXi3WiiOGS9No=,Vq9zL250vopaTRO675/sNCJ9vxo=
171,106,DQZI8G2aIMC+V7tXi3WiiOGS9No=,NbCjEjmrs5oLiSNJg9RWQ4MXRys=
169,105,A+JXuErQHek9adB9j3KosctMitU=,NbCjEjmrs5oLiSNJg9RWQ4MXRys=
170,105,A+JXuErQHek9adB9j3KosctMitU=,NbCjEjmrs5oLiSNJg9RWQ4MXRys=
169,100,A+JXuErQHek9adB9j3KosctMitU=,fAmp4XDb4hy2/yKSf+ODJ+zCQKo=
166,104,A+JXuErQHek9adB9j3KosctMitU=,Vq9zL250vopaTRO675/sNCJ9vxo=
169,104,UOAWRx+4LbHXM8Wpc3QQ8I/4fis=,NbCjEjmrs5oLiSNJg9RWQ4MXRys=
170,104,UOAWRx+4LbHXM8Wpc3QQ8I/4fis=,NbCjEjmrs5oLiSNJg9RWQ4MXRys=
170,100,UOAWRx+4LbHXM8Wpc3QQ8I/4fis=,fAmp4XDb4hy2/yKSf+ODJ+zCQKo=
168,104,CEyHJZdy5vFu9fTUMmErRFMDkC0=,NbCjEjmrs5oLiSNJg9RWQ4MXRys=
171,104,CEyHJZdy5vFu9fTUMmErRFMDkC0=,NbCjEjmrs5oLiSNJg9RWQ4MXRys=
167,107,CEyHJZdy5vFu9fTUMmErRFMDkC0=,Vq9zL250vopaTRO675/sNCJ9vxo=
167,104,CEyHJZdy5vFu9fTUMmErRFMDkC0=,Vq9zL250vopaTRO675/sNCJ9vxo=
166,107,CEyHJZdy5vFu9fTUMmErRFMDkC0=,Vq9zL250vopaTRO675/sNCJ9vxo=
164,107,CEyHJZdy5vFu9fTUMmErRFMDkC0=,Vq9zL250vopaTRO675/sNCJ9vxo=
165,107,CEyHJZdy5vFu9fTUMmErRFMDkC0=,Vq9zL250vopaTRO675/sNCJ9vxo=
171,100,CEyHJZdy5vFu9fTUMmErRFMDkC0=,fAmp4XDb4hy2/yKSf+ODJ+zCQKo=
168,105,CEyHJZdy5vFu9fTUMmErRFMDkC0=,NbCjEjmrs5oLiSNJg9RWQ4MXRys=
167,106,CEyHJZdy5vFu9fTUMmErRFMDkC0=,Vq9zL250vopaTRO675/sNCJ9vxo=
166,106,CEyHJZdy5vFu9fTUMmErRFMDkC0=,Vq9zL250vopaTRO675/sNCJ9vxo=
165,106,CEyHJZdy5vFu9fTUMmErRFMDkC0=,Vq9zL250vopaTRO675/sNCJ9vxo=
164,105,CEyHJZdy5vFu9fTUMmErRFMDkC0=,Vq9zL250vopaTRO675/sNCJ9vxo=
164,106,CEyHJZdy5vFu9fTUMmErRFMDkC0=,Vq9zL250vopaTRO675/sNCJ9vxo=
169,101,CEyHJZdy5vFu9fTUMmErRFMDkC0=,fAmp4XDb4hy2/yKSf+ODJ+zCQKo=
170,101,CEyHJZdy5vFu9fTUMmErRFMDkC0=,fAmp4XDb4hy2/yKSf+ODJ+zCQKo=
167,105,CEyHJZdy5vFu9fTUMmErRFMDkC0=,Vq9zL250vopaTRO675/sNCJ9vxo=
165,105,CEyHJZdy5vFu9fTUMmErRFMDkC0=,Vq9zL250vopaTRO675/sNCJ9vxo=
168,106,CEyHJZdy5vFu9fTUMmErRFMDkC0=,NbCjEjmrs5oLiSNJg9RWQ4MXRys=
166,105,CEyHJZdy5vFu9fTUMmErRFMDkC0=,Vq9zL250vopaTRO675/sNCJ9vxo=
171,101,CEyHJZdy5vFu9fTUMmErRFMDkC0=,fAmp4XDb4hy2/yKSf+ODJ+zCQKo=
169,102,CEyHJZdy5vFu9fTUMmErRFMDkC0=,fAmp4XDb4hy2/yKSf+ODJ+zCQKo=
168,107,CEyHJZdy5vFu9fTUMmErRFMDkC0=,NbCjEjmrs5oLiSNJg9RWQ4MXRys=
169,103,CEyHJZdy5vFu9fTUMmErRFMDkC0=,fAmp4XDb4hy2/yKSf+ODJ+zCQKo=
170,102,CEyHJZdy5vFu9fTUMmErRFMDkC0=,fAmp4XDb4hy2/yKSf+ODJ+zCQKo=
171,103,CEyHJZdy5vFu9fTUMmErRFMDkC0=,fAmp4XDb4hy2/yKSf+ODJ+zCQKo=
170,103,CEyHJZdy5vFu9fTUMmErRFMDkC0=,fAmp4XDb4hy2/yKSf+ODJ+zCQKo=
171,102,CEyHJZdy5vFu9fTUMmErRFMDkC0=,fAmp4XDb4hy2/yKSf+ODJ+zCQKo=
165,102,CEyHJZdy5vFu9fTUMmErRFMDkC0=,OSPG8m9rVAv7Z6JJtvGWGggZXO8=
164,102,CEyHJZdy5vFu9fTUMmErRFMDkC0=,OSPG8m9rVAv7Z6JJtvGWGggZXO8=
164,101,CEyHJZdy5vFu9fTUMmErRFMDkC0=,OSPG8m9rVAv7Z6JJtvGWGggZXO8=
166,102,CEyHJZdy5vFu9fTUMmErRFMDkC0=,OSPG8m9rVAv7Z6JJtvGWGggZXO8=
167,102,CEyHJZdy5vFu9fTUMmErRFMDkC0=,OSPG8m9rVAv7Z6JJtvGWGggZXO8=
165,101,CEyHJZdy5vFu9fTUMmErRFMDkC0=,OSPG8m9rVAv7Z6JJtvGWGggZXO8=
166,101,CEyHJZdy5vFu9fTUMmErRFMDkC0=,OSPG8m9rVAv7Z6JJtvGWGggZXO8=
164,100,CEyHJZdy5vFu9fTUMmErRFMDkC0=,OSPG8m9rVAv7Z6JJtvGWGggZXO8=
167,101,CEyHJZdy5vFu9fTUMmErRFMDkC0=,OSPG8m9rVAv7Z6JJtvGWGggZXO8=
165,100,CEyHJZdy5vFu9fTUMmErRFMDkC0=,OSPG8m9rVAv7Z6JJtvGWGggZXO8=
166,100,CEyHJZdy5vFu9fTUMmErRFMDkC0=,OSPG8m9rVAv7Z6JJtvGWGggZXO8=
168,100,CEyHJZdy5vFu9fTUMmErRFMDkC0=,fAmp4XDb4hy2/yKSf+ODJ+zCQKo=
167,100,CEyHJZdy5vFu9fTUMmErRFMDkC0=,OSPG8m9rVAv7Z6JJtvGWGggZXO8=
168,102,CEyHJZdy5vFu9fTUMmErRFMDkC0=,fAmp4XDb4hy2/yKSf+ODJ+zCQKo=
165,103,CEyHJZdy5vFu9fTUMmErRFMDkC0=,OSPG8m9rVAv7Z6JJtvGWGggZXO8=
164,103,CEyHJZdy5vFu9fTUMmErRFMDkC0=,OSPG8m9rVAv7Z6JJtvGWGggZXO8=
166,103,CEyHJZdy5vFu9fTUMmErRFMDkC0=,OSPG8m9rVAv7Z6JJtvGWGggZXO8=
168,101,CEyHJZdy5vFu9fTUMmErRFMDkC0=,fAmp4XDb4hy2/yKSf+ODJ+zCQKo=
160,103,CEyHJZdy5vFu9fTUMmErRFMDkC0=,OSPG8m9rVAv7Z6JJtvGWGggZXO8=
160,104,CEyHJZdy5vFu9fTUMmErRFMDkC0=,Vq9zL250vopaTRO675/sNCJ9vxo=
160,106,CEyHJZdy5vFu9fTUMmErRFMDkC0=,Vq9zL250vopaTRO675/sNCJ9vxo=
160,105,CEyHJZdy5vFu9fTUMmErRFMDkC0=,Vq9zL250vopaTRO675/sNCJ9vxo=
160,101,CEyHJZdy5vFu9fTUMmErRFMDkC0=,OSPG8m9rVAv7Z6JJtvGWGggZXO8=
162,100,CEyHJZdy5vFu9fTUMmErRFMDkC0=,OSPG8m9rVAv7Z6JJtvGWGggZXO8=
161,102,CEyHJZdy5vFu9fTUMmErRFMDkC0=,OSPG8m9rVAv7Z6JJtvGWGggZXO8=
161,101,CEyHJZdy5vFu9fTUMmErRFMDkC0=,OSPG8m9rVAv7Z6JJtvGWGggZXO8=
160,107,CEyHJZdy5vFu9fTUMmErRFMDkC0=,Vq9zL250vopaTRO675/sNCJ9vxo=
160,102,CEyHJZdy5vFu9fTUMmErRFMDkC0=,OSPG8m9rVAv7Z6JJtvGWGggZXO8=
163,100,CEyHJZdy5vFu9fTUMmErRFMDkC0=,OSPG8m9rVAv7Z6JJtvGWGggZXO8=
163,101,CEyHJZdy5vFu9fTUMmErRFMDkC0=,OSPG8m9rVAv7Z6JJtvGWGggZXO8=
162,101,CEyHJZdy5vFu9fTUMmErRFMDkC0=,OSPG8m9rVAv7Z6JJtvGWGggZXO8=
160,100,CEyHJZdy5vFu9fTUMmErRFMDkC0=,OSPG8m9rVAv7Z6JJtvGWGggZXO8=
163,102,CEyHJZdy5vFu9fTUMmErRFMDkC0=,OSPG8m9rVAv7Z6JJtvGWGggZXO8=
161,103,CEyHJZdy5vFu9fTUMmErRFMDkC0=,OSPG8m9rVAv7Z6JJtvGWGggZXO8=
163,103,CEyHJZdy5vFu9fTUMmErRFMDkC0=,OSPG8m9rVAv7Z6JJtvGWGggZXO8=
162,103,CEyHJZdy5vFu9fTUMmErRFMDkC0=,OSPG8m9rVAv7Z6JJtvGWGggZXO8=
161,104,CEyHJZdy5vFu9fTUMmErRFMDkC0=,Vq9zL250vopaTRO675/sNCJ9vxo=
163,107,CEyHJZdy5vFu9fTUMmErRFMDkC0=,Vq9zL250vopaTRO675/sNCJ9vxo=
162,102,CEyHJZdy5vFu9fTUMmErRFMDkC0=,OSPG8m9rVAv7Z6JJtvGWGggZXO8=
162,107,CEyHJZdy5vFu9fTUMmErRFMDkC0=,Vq9zL250vopaTRO675/sNCJ9vxo=
161,107,CEyHJZdy5vFu9fTUMmErRFMDkC0=,Vq9zL250vopaTRO675/sNCJ9vxo=
163,106,CEyHJZdy5vFu9fTUMmErRFMDkC0=,Vq9zL250vopaTRO675/sNCJ9vxo=
162,106,CEyHJZdy5vFu9fTUMmErRFMDkC0=,Vq9zL250vopaTRO675/sNCJ9vxo=
161,100,CEyHJZdy5vFu9fTUMmErRFMDkC0=,OSPG8m9rVAv7Z6JJtvGWGggZXO8=
161,106,CEyHJZdy5vFu9fTUMmErRFMDkC0=,Vq9zL250vopaTRO675/sNCJ9vxo=
162,104,CEyHJZdy5vFu9fTUMmErRFMDkC0=,Vq9zL250vopaTRO675/sNCJ9vxo=
163,105,CEyHJZdy5vFu9fTUMmErRFMDkC0=,Vq9zL250vopaTRO675/sNCJ9vxo=
161,105,CEyHJZdy5vFu9fTUMmErRFMDkC0=,Vq9zL250vopaTRO675/sNCJ9vxo=
163,104,CEyHJZdy5vFu9fTUMmErRFMDkC0=,Vq9zL250vopaTRO675/sNCJ9vxo=
162,105,CEyHJZdy5vFu9fTUMmErRFMDkC0=,Vq9zL250vopaTRO675/sNCJ9vxo=
163,108,CEyHJZdy5vFu9fTUMmErRFMDkC0=,Vq9zL250vopaTRO675/sNCJ9vxo=
163,111,CEyHJZdy5vFu9fTUMmErRFMDkC0=,Vq9zL250vopaTRO675/sNCJ9vxo=
161,108,CEyHJZdy5vFu9fTUMmErRFMDkC0=,Vq9zL250vopaTRO675/sNCJ9vxo=
162,108,CEyHJZdy5vFu9fTUMmErRFMDkC0=,Vq9zL250vopaTRO675/sNCJ9vxo=
160,111,CEyHJZdy5vFu9fTUMmErRFMDkC0=,Vq9zL250vopaTRO675/sNCJ9vxo=
162,111,CEyHJZdy5vFu9fTUMmErRFMDkC0=,Vq9zL250vopaTRO675/sNCJ9vxo=
161,109,CEyHJZdy5vFu9fTUMmErRFMDkC0=,Vq9zL250vopaTRO675/sNCJ9vxo=
163,109,CEyHJZdy5vFu9fTUMmErRFMDkC0=,Vq9zL250vopaTRO675/sNCJ9vxo=
161,110,CEyHJZdy5vFu9fTUMmErRFMDkC0=,Vq9zL250vopaTRO675/sNCJ9vxo=
162,109,CEyHJZdy5vFu9fTUMmErRFMDkC0=,Vq9zL250vopaTRO675/sNCJ9vxo=
161,111,CEyHJZdy5vFu9fTUMmErRFMDkC0=,Vq9zL250vopaTRO675/sNCJ9vxo=
162,110,CEyHJZdy5vFu9fTUMmErRFMDkC0=,Vq9zL250vopaTRO675/sNCJ9vxo=
163,110,CEyHJZdy5vFu9fTUMmErRFMDkC0=,Vq9zL250vopaTRO675/sNCJ9vxo=
160,108,CEyHJZdy5vFu9fTUMmErRFMDkC0=,Vq9zL250vopaTRO675/sNCJ9vxo=
166,96,CEyHJZdy5vFu9fTUMmErRFMDkC0=,OSPG8m9rVAv7Z6JJtvGWGggZXO8=
167,96,CEyHJZdy5vFu9fTUMmErRFMDkC0=,OSPG8m9rVAv7Z6JJtvGWGggZXO8=
160,110,CEyHJZdy5vFu9fTUMmErRFMDkC0=,Vq9zL250vopaTRO675/sNCJ9vxo=
160,109,CEyHJZdy5vFu9fTUMmErRFMDkC0=,Vq9zL250vopaTRO675/sNCJ9vxo=
171,96,CEyHJZdy5vFu9fTUMmErRFMDkC0=,fAmp4XDb4hy2/yKSf+ODJ+zCQKo=
164,99,CEyHJZdy5vFu9fTUMmErRFMDkC0=,OSPG8m9rVAv7Z6JJtvGWGggZXO8=
165,96,CEyHJZdy5vFu9fTUMmErRFMDkC0=,OSPG8m9rVAv7Z6JJtvGWGggZXO8=
164,98,CEyHJZdy5vFu9fTUMmErRFMDkC0=,OSPG8m9rVAv7Z6JJtvGWGggZXO8=
165,99,CEyHJZdy5vFu9fTUMmErRFMDkC0=,OSPG8m9rVAv7Z6JJtvGWGggZXO8=
170,96,CEyHJZdy5vFu9fTUMmErRFMDkC0=,fAmp4XDb4hy2/yKSf+ODJ+zCQKo=
164,96,CEyHJZdy5vFu9fTUMmErRFMDkC0=,OSPG8m9rVAv7Z6JJtvGWGggZXO8=
165,98,CEyHJZdy5vFu9fTUMmErRFMDkC0=,OSPG8m9rVAv7Z6JJtvGWGggZXO8=
169,96,CEyHJZdy5vFu9fTUMmErRFMDkC0=,fAmp4XDb4hy2/yKSf+ODJ+zCQKo=
167,98,CEyHJZdy5vFu9fTUMmErRFMDkC0=,OSPG8m9rVAv7Z6JJtvGWGggZXO8=
166,98,CEyHJZdy5vFu9fTUMmErRFMDkC0=,OSPG8m9rVAv7Z6JJtvGWGggZXO8=
167,99,CEyHJZdy5vFu9fTUMmErRFMDkC0=,OSPG8m9rVAv7Z6JJtvGWGggZXO8=
168,96,CEyHJZdy5vFu9fTUMmErRFMDkC0=,fAmp4XDb4hy2/yKSf+ODJ+zCQKo=
166,99,CEyHJZdy5vFu9fTUMmErRFMDkC0=,OSPG8m9rVAv7Z6JJtvGWGggZXO8=
167,97,CEyHJZdy5vFu9fTUMmErRFMDkC0=,OSPG8m9rVAv7Z6JJtvGWGggZXO8=
164,97,CEyHJZdy5vFu9fTUMmErRFMDkC0=,OSPG8m9rVAv7Z6JJtvGWGggZXO8=
166,97,CEyHJZdy5vFu9fTUMmErRFMDkC0=,OSPG8m9rVAv7Z6JJtvGWGggZXO8=
168,99,CEyHJZdy5vFu9fTUMmErRFMDkC0=,fAmp4XDb4hy2/yKSf+ODJ+zCQKo=
165,97,CEyHJZdy5vFu9fTUMmErRFMDkC0=,OSPG8m9rVAv7Z6JJtvGWGggZXO8=
169,97,CEyHJZdy5vFu9fTUMmErRFMDkC0=,fAmp4XDb4hy2/yKSf+ODJ+zCQKo=
170,97,CEyHJZdy5vFu9fTUMmErRFMDkC0=,fAmp4XDb4hy2/yKSf+ODJ+zCQKo=
171,97,CEyHJZdy5vFu9fTUMmErRFMDkC0=,fAmp4XDb4hy2/yKSf+ODJ+zCQKo=
169,98,CEyHJZdy5vFu9fTUMmErRFMDkC0=,fAmp4XDb4hy2/yKSf+ODJ+zCQKo=
170,98,CEyHJZdy5vFu9fTUMmErRFMDkC0=,fAmp4XDb4hy2/yKSf+ODJ+zCQKo=
168,98,CEyHJZdy5vFu9fTUMmErRFMDkC0=,fAmp4XDb4hy2/yKSf+ODJ+zCQKo=
168,97,CEyHJZdy5vFu9fTUMmErRFMDkC0=,fAmp4XDb4hy2/yKSf+ODJ+zCQKo=
171,98,CEyHJZdy5vFu9fTUMmErRFMDkC0=,fAmp4XDb4hy2/yKSf+ODJ+zCQKo=
169,99,CEyHJZdy5vFu9fTUMmErRFMDkC0=,fAmp4XDb4hy2/yKSf+ODJ+zCQKo=
171,99,CEyHJZdy5vFu9fTUMmErRFMDkC0=,fAmp4XDb4hy2/yKSf+ODJ+zCQKo=
170,99,CEyHJZdy5vFu9fTUMmErRFMDkC0=,fAmp4XDb4hy2/yKSf+ODJ+zCQKo=
162,99,CEyHJZdy5vFu9fTUMmErRFMDkC0=,OSPG8m9rVAv7Z6JJtvGWGggZXO8=
160,96,CEyHJZdy5vFu9fTUMmErRFMDkC0=,OSPG8m9rVAv7Z6JJtvGWGggZXO8=
163,99,CEyHJZdy5vFu9fTUMmErRFMDkC0=,OSPG8m9rVAv7Z6JJtvGWGggZXO8=
161,98,CEyHJZdy5vFu9fTUMmErRFMDkC0=,OSPG8m9rVAv7Z6JJtvGWGggZXO8=
161,97,CEyHJZdy5vFu9fTUMmErRFMDkC0=,OSPG8m9rVAv7Z6JJtvGWGggZXO8=
162,97,CEyHJZdy5vFu9fTUMmErRFMDkC0=,OSPG8m9rVAv7Z6JJtvGWGggZXO8=
163,98,CEyHJZdy5vFu9fTUMmErRFMDkC0=,OSPG8m9rVAv7Z6JJtvGWGggZXO8=
163,97,CEyHJZdy5vFu9fTUMmErRFMDkC0=,OSPG8m9rVAv7Z6JJtvGWGggZXO8=
161,96,CEyHJZdy5vFu9fTUMmErRFMDkC0=,OSPG8m9rVAv7Z6JJtvGWGggZXO8=
161,99,CEyHJZdy5vFu9fTUMmErRFMDkC0=,OSPG8m9rVAv7Z6JJtvGWGggZXO8=
162,98,CEyHJZdy5vFu9fTUMmErRFMDkC0=,OSPG8m9rVAv7Z6JJtvGWGggZXO8=
160,99,CEyHJZdy5vFu9fTUMmErRFMDkC0=,OSPG8m9rVAv7Z6JJtvGWGggZXO8=
160,98,CEyHJZdy5vFu9fTUMmErRFMDkC0=,OSPG8m9rVAv7Z6JJtvGWGggZXO8=
163,96,CEyHJZdy5vFu9fTUMmErRFMDkC0=,OSPG8m9rVAv7Z6JJtvGWGggZXO8=
160,97,CEyHJZdy5vFu9fTUMmErRFMDkC0=,OSPG8m9rVAv7Z6JJtvGWGggZXO8=
171,111,CEyHJZdy5vFu9fTUMmErRFMDkC0=,NbCjEjmrs5oLiSNJg9RWQ4MXRys=
171,108,CEyHJZdy5vFu9fTUMmErRFMDkC0=,NbCjEjmrs5oLiSNJg9RWQ4MXRys=
170,111,CEyHJZdy5vFu9fTUMmErRFMDkC0=,NbCjEjmrs5oLiSNJg9RWQ4MXRys=
162,96,CEyHJZdy5vFu9fTUMmErRFMDkC0=,OSPG8m9rVAv7Z6JJtvGWGggZXO8=
169,111,CEyHJZdy5vFu9fTUMmErRFMDkC0=,NbCjEjmrs5oLiSNJg9RWQ4MXRys=
167,111,CEyHJZdy5vFu9fTUMmErRFMDkC0=,Vq9zL250vopaTRO675/sNCJ9vxo=
169,108,CEyHJZdy5vFu9fTUMmErRFMDkC0=,NbCjEjmrs5oLiSNJg9RWQ4MXRys=
169,109,CEyHJZdy5vFu9fTUMmErRFMDkC0=,NbCjEjmrs5oLiSNJg9RWQ4MXRys=
168,111,CEyHJZdy5vFu9fTUMmErRFMDkC0=,NbCjEjmrs5oLiSNJg9RWQ4MXRys=
170,108,CEyHJZdy5vFu9fTUMmErRFMDkC0=,NbCjEjmrs5oLiSNJg9RWQ4MXRys=
171,110,CEyHJZdy5vFu9fTUMmErRFMDkC0=,NbCjEjmrs5oLiSNJg9RWQ4MXRys=
171,109,CEyHJZdy5vFu9fTUMmErRFMDkC0=,NbCjEjmrs5oLiSNJg9RWQ4MXRys=
166,111,CEyHJZdy5vFu9fTUMmErRFMDkC0=,Vq9zL250vopaTRO675/sNCJ9vxo=
170,109,CEyHJZdy5vFu9fTUMmErRFMDkC0=,NbCjEjmrs5oLiSNJg9RWQ4MXRys=
169,110,CEyHJZdy5vFu9fTUMmErRFMDkC0=,NbCjEjmrs5oLiSNJg9RWQ4MXRys=
168,109,CEyHJZdy5vFu9fTUMmErRFMDkC0=,NbCjEjmrs5oLiSNJg9RWQ4MXRys=
168,110,CEyHJZdy5vFu9fTUMmErRFMDkC0=,NbCjEjmrs5oLiSNJg9RWQ4MXRys=
164,108,CEyHJZdy5vFu9fTUMmErRFMDkC0=,Vq9zL250vopaTRO675/sNCJ9vxo=
165,111,CEyHJZdy5vFu9fTUMmErRFMDkC0=,Vq9zL250vopaTRO675/sNCJ9vxo=
166,108,CEyHJZdy5vFu9fTUMmErRFMDkC0=,Vq9zL250vopaTRO675/sNCJ9vxo=
165,108,CEyHJZdy5vFu9fTUMmErRFMDkC0=,Vq9zL250vopaTRO675/sNCJ9vxo=
164,109,CEyHJZdy5vFu9fTUMmErRFMDkC0=,Vq9zL250vopaTRO675/sNCJ9vxo=
167,108,CEyHJZdy5vFu9fTUMmErRFMDkC0=,Vq9zL250vopaTRO675/sNCJ9vxo=
164,111,CEyHJZdy5vFu9fTUMmErRFMDkC0=,Vq9zL250vopaTRO675/sNCJ9vxo=
165,109,CEyHJZdy5vFu9fTUMmErRFMDkC0=,Vq9zL250vopaTRO675/sNCJ9vxo=
166,109,CEyHJZdy5vFu9fTUMmErRFMDkC0=,Vq9zL250vopaTRO675/sNCJ9vxo=
167,109,CEyHJZdy5vFu9fTUMmErRFMDkC0=,Vq9zL250vopaTRO675/sNCJ9vxo=
168,108,CEyHJZdy5vFu9fTUMmErRFMDkC0=,NbCjEjmrs5oLiSNJg9RWQ4MXRys=
170,110,CEyHJZdy5vFu9fTUMmErRFMDkC0=,NbCjEjmrs5oLiSNJg9RWQ4MXRys=
164,110,CEyHJZdy5vFu9fTUMmErRFMDkC0=,Vq9zL250vopaTRO675/sNCJ9vxo=
165,110,CEyHJZdy5vFu9fTUMmErRFMDkC0=,Vq9zL250vopaTRO675/sNCJ9vxo=
167,110,CEyHJZdy5vFu9fTUMmErRFMDkC0=,Vq9zL250vopaTRO675/sNCJ9vxo=
166,110,CEyHJZdy5vFu9fTUMmErRFMDkC0=,Vq9zL250vopaTRO675/sNCJ9vxo=
167,119,wmPUSEyktjnIY+iS9yMZv8SeRCM=,kvZYW1iES3/WwzYE2klzkza9XYk=
166,119,wmPUSEyktjnIY+iS9yMZv8SeRCM=,kvZYW1iES3/WwzYE2klzkza9XYk=
168,119,wmPUSEyktjnIY+iS9yMZv8SeRCM=,w3yEvOpjzLEHn+kXB9Ml0/SvLr0=
168,120,wmPUSEyktjnIY+iS9yMZv8SeRCM=,x0lwNs1xJgDh2iaX3sGyAOEVdtg=
168,121,wmPUSEyktjnIY+iS9yMZv8SeRCM=,x0lwNs1xJgDh2iaX3sGyAOEVdtg=
160,119,gorO+JQpWEd8DdoSmLvnMgRqySg=,kvZYW1iES3/WwzYE2klzkza9XYk=
164,120,gorO+JQpWEd8DdoSmLvnMgRqySg=,5UL67YMxLIEZthHHrV8irgSe/Vo=
169,116,gorO+JQpWEd8DdoSmLvnMgRqySg=,w3yEvOpjzLEHn+kXB9Ml0/SvLr0=
168,122,gorO+JQpWEd8DdoSmLvnMgRqySg=,x0lwNs1xJgDh2iaX3sGyAOEVdtg=
170,116,gorO+JQpWEd8DdoSmLvnMgRqySg=,w3yEvOpjzLEHn+kXB9Ml0/SvLr0=
160,117,ccgtf7mlLZN0o4Bshd0qUdMNxpA=,kvZYW1iES3/WwzYE2klzkza9XYk=
171,116,ccgtf7mlLZN0o4Bshd0qUdMNxpA=,w3yEvOpjzLEHn+kXB9Ml0/SvLr0=
165,120,ccgtf7mlLZN0o4Bshd0qUdMNxpA=,5UL67YMxLIEZthHHrV8irgSe/Vo=
168,123,ccgtf7mlLZN0o4Bshd0qUdMNxpA=,x0lwNs1xJgDh2iaX3sGyAOEVdtg=
160,118,ccgtf7mlLZN0o4Bshd0qUdMNxpA=,kvZYW1iES3/WwzYE2klzkza9XYk=
169,117,ccgtf7mlLZN0o4Bshd0qUdMNxpA=,w3yEvOpjzLEHn+kXB9Ml0/SvLr0=
170,117,5XzLWhtKEPUGk6m0/nUSL+6Ut/w=,w3yEvOpjzLEHn+kXB9Ml0/SvLr0=
171,120,5XzLWhtKEPUGk6m0/nUSL+6Ut/w=,x0lwNs1xJgDh2iaX3sGyAOEVdtg=
171,117,5XzLWhtKEPUGk6m0/nUSL+6Ut/w=,w3yEvOpjzLEHn+kXB9Ml0/SvLr0=
166,120,5XzLWhtKEPUGk6m0/nUSL+6Ut/w=,5UL67YMxLIEZthHHrV8irgSe/Vo=
169,121,5XzLWhtKEPUGk6m0/nUSL+6Ut/w=,x0lwNs1xJgDh2iaX3sGyAOEVdtg=
170,120,5XzLWhtKEPUGk6m0/nUSL+6Ut/w=,x0lwNs1xJgDh2iaX3sGyAOEVdtg=
160,116,arGZ/I2pGMccki7KPlXdgVMIFhc=,kvZYW1iES3/WwzYE2klzkza9XYk=
170,121,arGZ/I2pGMccki7KPlXdgVMIFhc=,x0lwNs1xJgDh2iaX3sGyAOEVdtg=
169,118,arGZ/I2pGMccki7KPlXdgVMIFhc=,w3yEvOpjzLEHn+kXB9Ml0/SvLr0=
169,120,arGZ/I2pGMccki7KPlXdgVMIFhc=,x0lwNs1xJgDh2iaX3sGyAOEVdtg=
170,118,bMyYSrDE9vrp9yzF6nRXwF6PO8o=,w3yEvOpjzLEHn+kXB9Ml0/SvLr0=
167,120,bMyYSrDE9vrp9yzF6nRXwF6PO8o=,5UL67YMxLIEZthHHrV8irgSe/Vo=
171,118,bMyYSrDE9vrp9yzF6nRXwF6PO8o=,w3yEvOpjzLEHn+kXB9Ml0/SvLr0=
171,123,bMyYSrDE9vrp9yzF6nRXwF6PO8o=,x0lwNs1xJgDh2iaX3sGyAOEVdtg=
163,119,bMyYSrDE9vrp9yzF6nRXwF6PO8o=,kvZYW1iES3/WwzYE2klzkza9XYk=
164,121,bMyYSrDE9vrp9yzF6nRXwF6PO8o=,5UL67YMxLIEZthHHrV8irgSe/Vo=
162,119,bMyYSrDE9vrp9yzF6nRXwF6PO8o=,kvZYW1iES3/WwzYE2klzkza9XYk=
169,119,bMyYSrDE9vrp9yzF6nRXwF6PO8o=,w3yEvOpjzLEHn+kXB9Ml0/SvLr0=
170,123,bMyYSrDE9vrp9yzF6nRXwF6PO8o=,x0lwNs1xJgDh2iaX3sGyAOEVdtg=
171,121,bMyYSrDE9vrp9yzF6nRXwF6PO8o=,x0lwNs1xJgDh2iaX3sGyAOEVdtg=
167,123,bMyYSrDE9vrp9yzF6nRXwF6PO8o=,5UL67YMxLIEZthHHrV8irgSe/Vo=
169,123,bMyYSrDE9vrp9yzF6nRXwF6PO8o=,x0lwNs1xJgDh2iaX3sGyAOEVdtg=
161,119,bMyYSrDE9vrp9yzF6nRXwF6PO8o=,kvZYW1iES3/WwzYE2klzkza9XYk=
165,121,bMyYSrDE9vrp9yzF6nRXwF6PO8o=,5UL67YMxLIEZthHHrV8irgSe/Vo=
160,121,bMyYSrDE9vrp9yzF6nRXwF6PO8o=,5UL67YMxLIEZthHHrV8irgSe/Vo=
170,119,bMyYSrDE9vrp9yzF6nRXwF6PO8o=,w3yEvOpjzLEHn+kXB9Ml0/SvLr0=
171,122,bMyYSrDE9vrp9yzF6nRXwF6PO8o=,x0lwNs1xJgDh2iaX3sGyAOEVdtg=
163,118,bMyYSrDE9vrp9yzF6nRXwF6PO8o=,kvZYW1iES3/WwzYE2klzkza9XYk=
160,122,bMyYSrDE9vrp9yzF6nRXwF6PO8o=,5UL67YMxLIEZthHHrV8irgSe/Vo=
170,122,bMyYSrDE9vrp9yzF6nRXwF6PO8o=,x0lwNs1xJgDh2iaX3sGyAOEVdtg=
162,118,bMyYSrDE9vrp9yzF6nRXwF6PO8o=,kvZYW1iES3/WwzYE2klzkza9XYk=
166,121,bMyYSrDE9vrp9yzF6nRXwF6PO8o=,5UL67YMxLIEZthHHrV8irgSe/Vo=
169,122,bMyYSrDE9vrp9yzF6nRXwF6PO8o=,x0lwNs1xJgDh2iaX3sGyAOEVdtg=
160,123,bMyYSrDE9vrp9yzF6nRXwF6PO8o=,5UL67YMxLIEZthHHrV8irgSe/Vo=
163,117,bMyYSrDE9vrp9yzF6nRXwF6PO8o=,kvZYW1iES3/WwzYE2klzkza9XYk=
171,119,bMyYSrDE9vrp9yzF6nRXwF6PO8o=,w3yEvOpjzLEHn+kXB9Ml0/SvLr0=
161,120,bMyYSrDE9vrp9yzF6nRXwF6PO8o=,5UL67YMxLIEZthHHrV8irgSe/Vo=
167,121,bMyYSrDE9vrp9yzF6nRXwF6PO8o=,5UL67YMxLIEZthHHrV8irgSe/Vo=
163,123,bMyYSrDE9vrp9yzF6nRXwF6PO8o=,5UL67YMxLIEZthHHrV8irgSe/Vo=
164,122,bMyYSrDE9vrp9yzF6nRXwF6PO8o=,5UL67YMxLIEZthHHrV8irgSe/Vo=
163,116,bMyYSrDE9vrp9yzF6nRXwF6PO8o=,kvZYW1iES3/WwzYE2klzkza9XYk=
162,117,bMyYSrDE9vrp9yzF6nRXwF6PO8o=,kvZYW1iES3/WwzYE2klzkza9XYk=
166,123,bMyYSrDE9vrp9yzF6nRXwF6PO8o=,5UL67YMxLIEZthHHrV8irgSe/Vo=
165,123,bMyYSrDE9vrp9yzF6nRXwF6PO8o=,5UL67YMxLIEZthHHrV8irgSe/Vo=
163,120,bMyYSrDE9vrp9yzF6nRXwF6PO8o=,5UL67YMxLIEZthHHrV8irgSe/Vo=
164,118,bMyYSrDE9vrp9yzF6nRXwF6PO8o=,kvZYW1iES3/WwzYE2klzkza9XYk=
165,122,bMyYSrDE9vrp9yzF6nRXwF6PO8o=,5UL67YMxLIEZthHHrV8irgSe/Vo=
162,116,bMyYSrDE9vrp9yzF6nRXwF6PO8o=,kvZYW1iES3/WwzYE2klzkza9XYk=
162,120,bMyYSrDE9vrp9yzF6nRXwF6PO8o=,5UL67YMxLIEZthHHrV8irgSe/Vo=
160,120,bMyYSrDE9vrp9yzF6nRXwF6PO8o=,5UL67YMxLIEZthHHrV8irgSe/Vo=
161,121,bMyYSrDE9vrp9yzF6nRXwF6PO8o=,5UL67YMxLIEZthHHrV8irgSe/Vo=
161,117,bMyYSrDE9vrp9yzF6nRXwF6PO8o=,kvZYW1iES3/WwzYE2klzkza9XYk=
162,123,bMyYSrDE9vrp9yzF6nRXwF6PO8o=,5UL67YMxLIEZthHHrV8irgSe/Vo=
166,122,bMyYSrDE9vrp9yzF6nRXwF6PO8o=,5UL67YMxLIEZthHHrV8irgSe/Vo=
162,121,bMyYSrDE9vrp9yzF6nRXwF6PO8o=,5UL67YMxLIEZthHHrV8irgSe/Vo=
161,116,bMyYSrDE9vrp9yzF6nRXwF6PO8o=,kvZYW1iES3/WwzYE2klzkza9XYk=
161,123,bMyYSrDE9vrp9yzF6nRXwF6PO8o=,5UL67YMxLIEZthHHrV8irgSe/Vo=
167,122,bMyYSrDE9vrp9yzF6nRXwF6PO8o=,5UL67YMxLIEZthHHrV8irgSe/Vo=
164,123,bMyYSrDE9vrp9yzF6nRXwF6PO8o=,5UL67YMxLIEZthHHrV8irgSe/Vo=
163,121,bMyYSrDE9vrp9yzF6nRXwF6PO8o=,5UL67YMxLIEZthHHrV8irgSe/Vo=
161,122,bMyYSrDE9vrp9yzF6nRXwF6PO8o=,5UL67YMxLIEZthHHrV8irgSe/Vo=
165,118,bMyYSrDE9vrp9yzF6nRXwF6PO8o=,kvZYW1iES3/WwzYE2klzkza9XYk=
162,122,bMyYSrDE9vrp9yzF6nRXwF6PO8o=,5UL67YMxLIEZthHHrV8irgSe/Vo=
161,118,bMyYSrDE9vrp9yzF6nRXwF6PO8o=,kvZYW1iES3/WwzYE2klzkza9XYk=
163,122,bMyYSrDE9vrp9yzF6nRXwF6PO8o=,5UL67YMxLIEZthHHrV8irgSe/Vo=
166,118,bMyYSrDE9vrp9yzF6nRXwF6PO8o=,kvZYW1iES3/WwzYE2klzkza9XYk=
165,117,bMyYSrDE9vrp9yzF6nRXwF6PO8o=,kvZYW1iES3/WwzYE2klzkza9XYk=
164,117,bMyYSrDE9vrp9yzF6nRXwF6PO8o=,kvZYW1iES3/WwzYE2klzkza9XYk=
167,118,bMyYSrDE9vrp9yzF6nRXwF6PO8o=,kvZYW1iES3/WwzYE2klzkza9XYk=
166,117,bMyYSrDE9vrp9yzF6nRXwF6PO8o=,kvZYW1iES3/WwzYE2klzkza9XYk=
164,116,bMyYSrDE9vrp9yzF6nRXwF6PO8o=,kvZYW1iES3/WwzYE2klzkza9XYk=
167,117,bMyYSrDE9vrp9yzF6nRXwF6PO8o=,kvZYW1iES3/WwzYE2klzkza9XYk=
165,116,bMyYSrDE9vrp9yzF6nRXwF6PO8o=,kvZYW1iES3/WwzYE2klzkza9XYk=
168,116,bMyYSrDE9vrp9yzF6nRXwF6PO8o=,w3yEvOpjzLEHn+kXB9Ml0/SvLr0=
168,117,bMyYSrDE9vrp9yzF6nRXwF6PO8o=,w3yEvOpjzLEHn+kXB9Ml0/SvLr0=
167,116,bMyYSrDE9vrp9yzF6nRXwF6PO8o=,kvZYW1iES3/WwzYE2klzkza9XYk=
168,118,bMyYSrDE9vrp9yzF6nRXwF6PO8o=,w3yEvOpjzLEHn+kXB9Ml0/SvLr0=
167,127,bMyYSrDE9vrp9yzF6nRXwF6PO8o=,5UL67YMxLIEZthHHrV8irgSe/Vo=
166,116,bMyYSrDE9vrp9yzF6nRXwF6PO8o=,kvZYW1iES3/WwzYE2klzkza9XYk=
165,119,bMyYSrDE9vrp9yzF6nRXwF6PO8o=,kvZYW1iES3/WwzYE2klzkza9XYk=
164,119,bMyYSrDE9vrp9yzF6nRXwF6PO8o=,kvZYW1iES3/WwzYE2klzkza9XYk=
160,127,bMyYSrDE9vrp9yzF6nRXwF6PO8o=,5UL67YMxLIEZthHHrV8irgSe/Vo=
166,127,bMyYSrDE9vrp9yzF6nRXwF6PO8o=,5UL67YMxLIEZthHHrV8irgSe/Vo=
160,112,bMyYSrDE9vrp9yzF6nRXwF6PO8o=,kvZYW1iES3/WwzYE2klzkza9XYk=
161,124,bMyYSrDE9vrp9yzF6nRXwF6PO8o=,5UL67YMxLIEZthHHrV8irgSe/Vo=
167,112,bMyYSrDE9vrp9yzF6nRXwF6PO8o=,kvZYW1iES3/WwzYE2klzkza9XYk=
163,127,bMyYSrDE9vrp9yzF6nRXwF6PO8o=,5UL67YMxLIEZthHHrV8irgSe/Vo=
165,127,bMyYSrDE9vrp9yzF6nRXwF6PO8o=,5UL67YMxLIEZthHHrV8irgSe/Vo=
161,112,bMyYSrDE9vrp9yzF6nRXwF6PO8o=,kvZYW1iES3/WwzYE2klzkza9XYk=
166,112,bMyYSrDE9vrp9yzF6nRXwF6PO8o=,kvZYW1iES3/WwzYE2klzkza9XYk=
163,112,bMyYSrDE9vrp9yzF6nRXwF6PO8o=,kvZYW1iES3/WwzYE2klzkza9XYk=
162,124,bMyYSrDE9vrp9yzF6nRXwF6PO8o=,5UL67YMxLIEZthHHrV8irgSe/Vo=
164,127,bMyYSrDE9vrp9yzF6nRXwF6PO8o=,5UL67YMxLIEZthHHrV8irgSe/Vo=
165,112,bMyYSrDE9vrp9yzF6nRXwF6PO8o=,kvZYW1iES3/WwzYE2klzkza9XYk=
162,127,bMyYSrDE9vrp9yzF6nRXwF6PO8o=,5UL67YMxLIEZthHHrV8irgSe/Vo=
162,112,bMyYSrDE9vrp9yzF6nRXwF6PO8o=,kvZYW1iES3/WwzYE2klzkza9XYk=
162,115,bMyYSrDE9vrp9yzF6nRXwF6PO8o=,kvZYW1iES3/WwzYE2klzkza9XYk=
164,112,bMyYSrDE9vrp9yzF6nRXwF6PO8o=,kvZYW1iES3/WwzYE2klzkza9XYk=
168,127,bMyYSrDE9vrp9yzF6nRXwF6PO8o=,x0lwNs1xJgDh2iaX3sGyAOEVdtg=
163,115,bMyYSrDE9vrp9yzF6nRXwF6PO8o=,kvZYW1iES3/WwzYE2klzkza9XYk=
160,113,bMyYSrDE9vrp9yzF6nRXwF6PO8o=,kvZYW1iES3/WwzYE2klzkza9XYk=
160,115,bMyYSrDE9vrp9yzF6nRXwF6PO8o=,kvZYW1iES3/WwzYE2klzkza9XYk=
161,127,bMyYSrDE9vrp9yzF6nRXwF6PO8o=,5UL67YMxLIEZthHHrV8irgSe/Vo=
170,127,bMyYSrDE9vrp9yzF6nRXwF6PO8o=,x0lwNs1xJgDh2iaX3sGyAOEVdtg=
167,114,bMyYSrDE9vrp9yzF6nRXwF6PO8o=,kvZYW1iES3/WwzYE2klzkza9XYk=
171,127,bMyYSrDE9vrp9yzF6nRXwF6PO8o=,x0lwNs1xJgDh2iaX3sGyAOEVdtg=
160,114,bMyYSrDE9vrp9yzF6nRXwF6PO8o=,kvZYW1iES3/WwzYE2klzkza9XYk=
163,124,bMyYSrDE9vrp9yzF6nRXwF6PO8o=,5UL67YMxLIEZthHHrV8irgSe/Vo=
166,114,bMyYSrDE9vrp9yzF6nRXwF6PO8o=,kvZYW1iES3/WwzYE2klzkza9XYk=
169,127,bMyYSrDE9vrp9yzF6nRXwF6PO8o=,x0lwNs1xJgDh2iaX3sGyAOEVdtg=
161,114,bMyYSrDE9vrp9yzF6nRXwF6PO8o=,kvZYW1iES3/WwzYE2klzkza9XYk=
163,113,bMyYSrDE9vrp9yzF6nRXwF6PO8o=,kvZYW1iES3/WwzYE2klzkza9XYk=
165,114,bMyYSrDE9vrp9yzF6nRXwF6PO8o=,kvZYW1iES3/WwzYE2klzkza9XYk=
160,126,bMyYSrDE9vrp9yzF6nRXwF6PO8o=,5UL67YMxLIEZthHHrV8irgSe/Vo=
162,113,bMyYSrDE9vrp9yzF6nRXwF6PO8o=,kvZYW1iES3/WwzYE2klzkza9XYk=
162,114,bMyYSrDE9vrp9yzF6nRXwF6PO8o=,kvZYW1iES3/WwzYE2klzkza9XYk=
164,114,bMyYSrDE9vrp9yzF6nRXwF6PO8o=,kvZYW1iES3/WwzYE2klzkza9XYk=
168,124,bMyYSrDE9vrp9yzF6nRXwF6PO8o=,x0lwNs1xJgDh2iaX3sGyAOEVdtg=
167,126,bMyYSrDE9vrp9yzF6nRXwF6PO8o=,5UL67YMxLIEZthHHrV8irgSe/Vo=
161,113,bMyYSrDE9vrp9yzF6nRXwF6PO8o=,kvZYW1iES3/WwzYE2klzkza9XYk=
163,114,bMyYSrDE9vrp9yzF6nRXwF6PO8o=,kvZYW1iES3/WwzYE2klzkza9XYk=
167,115,bMyYSrDE9vrp9yzF6nRXwF6PO8o=,kvZYW1iES3/WwzYE2klzkza9XYk=
166,115,bMyYSrDE9vrp9yzF6nRXwF6PO8o=,kvZYW1iES3/WwzYE2klzkza9XYk=
161,115,bMyYSrDE9vrp9yzF6nRXwF6PO8o=,kvZYW1iES3/WwzYE2klzkza9XYk=
166,126,bMyYSrDE9vrp9yzF6nRXwF6PO8o=,5UL67YMxLIEZthHHrV8irgSe/Vo=
160,125,bMyYSrDE9vrp9yzF6nRXwF6PO8o=,5UL67YMxLIEZthHHrV8irgSe/Vo=
161,125,bMyYSrDE9vrp9yzF6nRXwF6PO8o=,5UL67YMxLIEZthHHrV8irgSe/Vo=
162,125,bMyYSrDE9vrp9yzF6nRXwF6PO8o=,5UL67YMxLIEZthHHrV8irgSe/Vo=
165,126,bMyYSrDE9vrp9yzF6nRXwF6PO8o=,5UL67YMxLIEZthHHrV8irgSe/Vo=
163,125,bMyYSrDE9vrp9yzF6nRXwF6PO8o=,5UL67YMxLIEZthHHrV8irgSe/Vo=
167,113,bMyYSrDE9vrp9yzF6nRXwF6PO8o=,kvZYW1iES3/WwzYE2klzkza9XYk=
161,126,bMyYSrDE9vrp9yzF6nRXwF6PO8o=,5UL67YMxLIEZthHHrV8irgSe/Vo=
166,113,bMyYSrDE9vrp9yzF6nRXwF6PO8o=,kvZYW1iES3/WwzYE2klzkza9XYk=
160,124,bMyYSrDE9vrp9yzF6nRXwF6PO8o=,5UL67YMxLIEZthHHrV8irgSe/Vo=
164,126,bMyYSrDE9vrp9yzF6nRXwF6PO8o=,5UL67YMxLIEZthHHrV8irgSe/Vo=
162,126,bMyYSrDE9vrp9yzF6nRXwF6PO8o=,5UL67YMxLIEZthHHrV8irgSe/Vo=
163,126,bMyYSrDE9vrp9yzF6nRXwF6PO8o=,5UL67YMxLIEZthHHrV8irgSe/Vo=
165,113,bMyYSrDE9vrp9yzF6nRXwF6PO8o=,kvZYW1iES3/WwzYE2klzkza9XYk=
169,125,bMyYSrDE9vrp9yzF6nRXwF6PO8o=,x0lwNs1xJgDh2iaX3sGyAOEVdtg=
171,124,bMyYSrDE9vrp9yzF6nRXwF6PO8o=,x0lwNs1xJgDh2iaX3sGyAOEVdtg=
170,124,bMyYSrDE9vrp9yzF6nRXwF6PO8o=,x0lwNs1xJgDh2iaX3sGyAOEVdtg=
167,125,bMyYSrDE9vrp9yzF6nRXwF6PO8o=,5UL67YMxLIEZthHHrV8irgSe/Vo=
164,113,bMyYSrDE9vrp9yzF6nRXwF6PO8o=,kvZYW1iES3/WwzYE2klzkza9XYk=
169,126,bMyYSrDE9vrp9yzF6nRXwF6PO8o=,x0lwNs1xJgDh2iaX3sGyAOEVdtg=
170,125,bMyYSrDE9vrp9yzF6nRXwF6PO8o=,x0lwNs1xJgDh2iaX3sGyAOEVdtg=
171,125,bMyYSrDE9vrp9yzF6nRXwF6PO8o=,x0lwNs1xJgDh2iaX3sGyAOEVdtg=
170,126,bMyYSrDE9vrp9yzF6nRXwF6PO8o=,x0lwNs1xJgDh2iaX3sGyAOEVdtg=
165,115,bMyYSrDE9vrp9yzF6nRXwF6PO8o=,kvZYW1iES3/WwzYE2klzkza9XYk=
171,126,bMyYSrDE9vrp9yzF6nRXwF6PO8o=,x0lwNs1xJgDh2iaX3sGyAOEVdtg=
166,125,bMyYSrDE9vrp9yzF6nRXwF6PO8o=,5UL67YMxLIEZthHHrV8irgSe/Vo=
168,125,bMyYSrDE9vrp9yzF6nRXwF6PO8o=,x0lwNs1xJgDh2iaX3sGyAOEVdtg=
168,126,bMyYSrDE9vrp9yzF6nRXwF6PO8o=,x0lwNs1xJgDh2iaX3sGyAOEVdtg=
169,124,bMyYSrDE9vrp9yzF6nRXwF6PO8o=,x0lwNs1xJgDh2iaX3sGyAOEVdtg=
164,115,bMyYSrDE9vrp9yzF6nRXwF6PO8o=,kvZYW1iES3/WwzYE2klzkza9XYk=
165,124,bMyYSrDE9vrp9yzF6nRXwF6PO8o=,5UL67YMxLIEZthHHrV8irgSe/Vo=
164,124,bMyYSrDE9vrp9yzF6nRXwF6PO8o=,5UL67YMxLIEZthHHrV8irgSe/Vo=
171,112,bMyYSrDE9vrp9yzF6nRXwF6PO8o=,w3yEvOpjzLEHn+kXB9Ml0/SvLr0=
165,125,bMyYSrDE9vrp9yzF6nRXwF6PO8o=,5UL67YMxLIEZthHHrV8irgSe/Vo=
169,113,bMyYSrDE9vrp9yzF6nRXwF6PO8o=,w3yEvOpjzLEHn+kXB9Ml0/SvLr0=
166,124,bMyYSrDE9vrp9yzF6nRXwF6PO8o=,5UL67YMxLIEZthHHrV8irgSe/Vo=
170,112,bMyYSrDE9vrp9yzF6nRXwF6PO8o=,w3yEvOpjzLEHn+kXB9Ml0/SvLr0=
167,124,bMyYSrDE9vrp9yzF6nRXwF6PO8o=,5UL67YMxLIEZthHHrV8irgSe/Vo=
170,113,bMyYSrDE9vrp9yzF6nRXwF6PO8o=,w3yEvOpjzLEHn+kXB9Ml0/SvLr0=
164,125,bMyYSrDE9vrp9yzF6nRXwF6PO8o=,5UL67YMxLIEZthHHrV8irgSe/Vo=
169,112,bMyYSrDE9vrp9yzF6nRXwF6PO8o=,w3yEvOpjzLEHn+kXB9Ml0/SvLr0=
171,113,bMyYSrDE9vrp9yzF6nRXwF6PO8o=,w3yEvOpjzLEHn+kXB9Ml0/SvLr0=
169,114,bMyYSrDE9vrp9yzF6nRXwF6PO8o=,w3yEvOpjzLEHn+kXB9Ml0/SvLr0=
170,114,bMyYSrDE9vrp9yzF6nRXwF6PO8o=,w3yEvOpjzLEHn+kXB9Ml0/SvLr0=
171,114,bMyYSrDE9vrp9yzF6nRXwF6PO8o=,w3yEvOpjzLEHn+kXB9Ml0/SvLr0=
168,112,bMyYSrDE9vrp9yzF6nRXwF6PO8o=,w3yEvOpjzLEHn+kXB9Ml0/SvLr0=
170,115,bMyYSrDE9vrp9yzF6nRXwF6PO8o=,w3yEvOpjzLEHn+kXB9Ml0/SvLr0=
169,115,bMyYSrDE9vrp9yzF6nRXwF6PO8o=,w3yEvOpjzLEHn+kXB9Ml0/SvLr0=
171,115,bMyYSrDE9vrp9yzF6nRXwF6PO8o=,w3yEvOpjzLEHn+kXB9Ml0/SvLr0=
168,115,bMyYSrDE9vrp9yzF6nRXwF6PO8o=,w3yEvOpjzLEHn+kXB9Ml0/SvLr0=
168,113,bMyYSrDE9vrp9yzF6nRXwF6PO8o=,w3yEvOpjzLEHn+kXB9Ml0/SvLr0=
168,114,bMyYSrDE9vrp9yzF6nRXwF6PO8o=,w3yEvOpjzLEHn+kXB9Ml0/SvLr0=
