7,-4,Yt1O/zQ45CDM7akP2UDtWwdGEIs=,qT85iMcOwU1SshnaA8iVlZFXOJo=
7,-8,Yt1O/zQ45CDM7akP2UDtWwdGEIs=,qT85iMcOwU1SshnaA8iVlZFXOJo=
0,-8,Yt1O/zQ45CDM7akP2UDtWwdGEIs=,qT85iMcOwU1SshnaA8iVlZFXOJo=
7,-5,Yt1O/zQ45CDM7akP2UDtWwdGEIs=,qT85iMcOwU1SshnaA8iVlZFXOJo=
3,-3,Yt1O/zQ45CDM7akP2UDtWwdGEIs=,qT85iMcOwU1SshnaA8iVlZFXOJo=
7,-6,Yt1O/zQ45CDM7akP2UDtWwdGEIs=,qT85iMcOwU1SshnaA8iVlZFXOJo=
4,-3,Yt1O/zQ45CDM7akP2UDtWwdGEIs=,qT85iMcOwU1SshnaA8iVlZFXOJo=
6,-6,Yt1O/zQ45CDM7akP2UDtWwdGEIs=,qT85iMcOwU1SshnaA8iVlZFXOJo=
5,-3,Yt1O/zQ45CDM7akP2UDtWwdGEIs=,qT85iMcOwU1SshnaA8iVlZFXOJo=
5,-8,Yt1O/zQ45CDM7akP2UDtWwdGEIs=,qT85iMcOwU1SshnaA8iVlZFXOJo=
6,-3,Yt1O/zQ45CDM7akP2UDtWwdGEIs=,qT85iMcOwU1SshnaA8iVlZFXOJo=
6,-5,Yt1O/zQ45CDM7akP2UDtWwdGEIs=,qT85iMcOwU1SshnaA8iVlZFXOJo=
7,-3,Yt1O/zQ45CDM7akP2UDtWwdGEIs=,qT85iMcOwU1SshnaA8iVlZFXOJo=
0,-4,Yt1O/zQ45CDM7akP2UDtWwdGEIs=,qT85iMcOwU1SshnaA8iVlZFXOJo=
5,-5,Yt1O/zQ45CDM7akP2UDtWwdGEIs=,qT85iMcOwU1SshnaA8iVlZFXOJo=
3,-8,Yt1O/zQ45CDM7akP2UDtWwdGEIs=,qT85iMcOwU1SshnaA8iVlZFXOJo=
0,-7,Yt1O/zQ45CDM7akP2UDtWwdGEIs=,qT85iMcOwU1SshnaA8iVlZFXOJo=
2,-8,Yt1O/zQ45CDM7akP2UDtWwdGEIs=,qT85iMcOwU1SshnaA8iVlZFXOJo=
1,-7,Yt1O/zQ45CDM7akP2UDtWwdGEIs=,qT85iMcOwU1SshnaA8iVlZFXOJo=
0,-5,Yt1O/zQ45CDM7akP2UDtWwdGEIs=,qT85iMcOwU1SshnaA8iVlZFXOJo=
6,-4,Yt1O/zQ45CDM7akP2UDtWwdGEIs=,qT85iMcOwU1SshnaA8iVlZFXOJo=
2,-3,Yt1O/zQ45CDM7akP2UDtWwdGEIs=,qT85iMcOwU1SshnaA8iVlZFXOJo=
2,-2,Yt1O/zQ45CDM7akP2UDtWwdGEIs=,qT85iMcOwU1SshnaA8iVlZFXOJo=
3,-2,Yt1O/zQ45CDM7akP2UDtWwdGEIs=,qT85iMcOwU1SshnaA8iVlZFXOJo=
2,-7,Yt1O/zQ45CDM7akP2UDtWwdGEIs=,qT85iMcOwU1SshnaA8iVlZFXOJo=
3,-7,Yt1O/zQ45CDM7akP2UDtWwdGEIs=,qT85iMcOwU1SshnaA8iVlZFXOJo=
1,-4,Yt1O/zQ45CDM7akP2UDtWwdGEIs=,qT85iMcOwU1SshnaA8iVlZFXOJo=
4,-2,Yt1O/zQ45CDM7akP2UDtWwdGEIs=,qT85iMcOwU1SshnaA8iVlZFXOJo=
5,-2,Yt1O/zQ45CDM7akP2UDtWwdGEIs=,qT85iMcOwU1SshnaA8iVlZFXOJo=
6,-2,Yt1O/zQ45CDM7akP2UDtWwdGEIs=,qT85iMcOwU1SshnaA8iVlZFXOJo=
7,-2,Yt1O/zQ45CDM7akP2UDtWwdGEIs=,qT85iMcOwU1SshnaA8iVlZFXOJo=
0,-3,Yt1O/zQ45CDM7akP2UDtWwdGEIs=,qT85iMcOwU1SshnaA8iVlZFXOJo=
7,-7,Yt1O/zQ45CDM7akP2UDtWwdGEIs=,qT85iMcOwU1SshnaA8iVlZFXOJo=
6,-7,Yt1O/zQ45CDM7akP2UDtWwdGEIs=,qT85iMcOwU1SshnaA8iVlZFXOJo=
5,-4,Yt1O/zQ45CDM7akP2UDtWwdGEIs=,qT85iMcOwU1SshnaA8iVlZFXOJo=
7,-1,Yt1O/zQ45CDM7akP2UDtWwdGEIs=,qT85iMcOwU1SshnaA8iVlZFXOJo=
4,-5,Yt1O/zQ45CDM7akP2UDtWwdGEIs=,qT85iMcOwU1SshnaA8iVlZFXOJo=
6,-1,Yt1O/zQ45CDM7akP2UDtWwdGEIs=,qT85iMcOwU1SshnaA8iVlZFXOJo=
5,-1,Yt1O/zQ45CDM7akP2UDtWwdGEIs=,qT85iMcOwU1SshnaA8iVlZFXOJo=
5,-7,Yt1O/zQ45CDM7akP2UDtWwdGEIs=,qT85iMcOwU1SshnaA8iVlZFXOJo=
4,-4,Yt1O/zQ45CDM7akP2UDtWwdGEIs=,qT85iMcOwU1SshnaA8iVlZFXOJo=
3,-4,Yt1O/zQ45CDM7akP2UDtWwdGEIs=,qT85iMcOwU1SshnaA8iVlZFXOJo=
2,-4,Yt1O/zQ45CDM7akP2UDtWwdGEIs=,qT85iMcOwU1SshnaA8iVlZFXOJo=
3,-5,Yt1O/zQ45CDM7akP2UDtWwdGEIs=,qT85iMcOwU1SshnaA8iVlZFXOJo=
4,-1,Yt1O/zQ45CDM7akP2UDtWwdGEIs=,qT85iMcOwU1SshnaA8iVlZFXOJo=
4,-7,Yt1O/zQ45CDM7akP2UDtWwdGEIs=,qT85iMcOwU1SshnaA8iVlZFXOJo=
3,-1,Yt1O/zQ45CDM7akP2UDtWwdGEIs=,qT85iMcOwU1SshnaA8iVlZFXOJo=
1,-3,Yt1O/zQ45CDM7akP2UDtWwdGEIs=,qT85iMcOwU1SshnaA8iVlZFXOJo=
1,-8,Yt1O/zQ45CDM7akP2UDtWwdGEIs=,qT85iMcOwU1SshnaA8iVlZFXOJo=
6,-8,Yt1O/zQ45CDM7akP2UDtWwdGEIs=,qT85iMcOwU1SshnaA8iVlZFXOJo=
5,-6,Yt1O/zQ45CDM7akP2UDtWwdGEIs=,qT85iMcOwU1SshnaA8iVlZFXOJo=
2,-5,Yt1O/zQ45CDM7akP2UDtWwdGEIs=,qT85iMcOwU1SshnaA8iVlZFXOJo=
4,-6,Yt1O/zQ45CDM7akP2UDtWwdGEIs=,qT85iMcOwU1SshnaA8iVlZFXOJo=
3,-6,Yt1O/zQ45CDM7akP2UDtWwdGEIs=,qT85iMcOwU1SshnaA8iVlZFXOJo=
2,-6,Yt1O/zQ45CDM7akP2UDtWwdGEIs=,qT85iMcOwU1SshnaA8iVlZFXOJo=
1,-6,Yt1O/zQ45CDM7akP2UDtWwdGEIs=,qT85iMcOwU1SshnaA8iVlZFXOJo=
4,-8,Yt1O/zQ45CDM7akP2UDtWwdGEIs=,qT85iMcOwU1SshnaA8iVlZFXOJo=
0,-6,Yt1O/zQ45CDM7akP2UDtWwdGEIs=,qT85iMcOwU1SshnaA8iVlZFXOJo=
1,-5,Yt1O/zQ45CDM7akP2UDtWwdGEIs=,qT85iMcOwU1SshnaA8iVlZFXOJo=
2,-1,Yt1O/zQ45CDM7akP2UDtWwdGEIs=,qT85iMcOwU1SshnaA8iVlZFXOJo=
1,-2,Yt1O/zQ45CDM7akP2UDtWwdGEIs=,qT85iMcOwU1SshnaA8iVlZFXOJo=
0,-2,Yt1O/zQ45CDM7akP2UDtWwdGEIs=,qT85iMcOwU1SshnaA8iVlZFXOJo=
1,-1,Yt1O/zQ45CDM7akP2UDtWwdGEIs=,qT85iMcOwU1SshnaA8iVlZFXOJo=
0,-1,Yt1O/zQ45CDM7akP2UDtWwdGEIs=,qT85iMcOwU1SshnaA8iVlZFXOJo=
