-15,-2,+ITli6tzPXrZguk0HLY6jGl6C24=,GO/U5kCaRPAIgYwH7uZ5m2eC1C4=
-14,-3,+ITli6tzPXrZguk0HLY6jGl6C24=,6ItVHZnvSdvXn6Nuv3Sqt9WSnNs=
-14,-2,+ITli6tzPXrZguk0HLY6jGl6C24=,LWnKhdhvUOIU4Rg2hBgXa5XlOKM=
-15,-3,+ITli6tzPXrZguk0HLY6jGl6C24=,CpyL+cCi/oKOVF0blSP8iPg/Q5E=
-14,-5,+ITli6tzPXrZguk0HLY6jGl6C24=,VyLlE3aNsHL88HXn//idjTUqDWc=
-15,-5,+ITli6tzPXrZguk0HLY6jGl6C24=,lexP6TH7tpv49XTN8vvo7hAl40Q=
-15,-4,+ITli6tzPXrZguk0HLY6jGl6C24=,CpyL+cCi/oKOVF0blSP8iPg/Q5E=
-14,-4,+ITli6tzPXrZguk0HLY6jGl6C24=,6ItVHZnvSdvXn6Nuv3Sqt9WSnNs=
-13,-5,45Ydb71DuivS10IGaV5KzYqElGc=,VyLlE3aNsHL88HXn//idjTUqDWc=
-12,-4,45Ydb71DuivS10IGaV5KzYqElGc=,l5ubSEcIKnSmibylMPD46slZ5OU=
-12,-5,45Ydb71DuivS10IGaV5KzYqElGc=,VmeTm37ufC8UojgOSZ7dwISSLQ8=
-13,-4,45Ydb71DuivS10IGaV5KzYqElGc=,6ItVHZnvSdvXn6Nuv3Sqt9WSnNs=
-12,-3,FDMuFOnxITE/OvP1Tc1e4gDE5YM=,l5ubSEcIKnSmibylMPD46slZ5OU=
-12,-2,FDMuFOnxITE/OvP1Tc1e4gDE5YM=,EegYXg/ze3X7/Mb0Cb9LQT/o5q4=
-13,-2,FDMuFOnxITE/OvP1Tc1e4gDE5YM=,LWnKhdhvUOIU4Rg2hBgXa5XlOKM=
-13,-3,FDMuFOnxITE/OvP1Tc1e4gDE5YM=,6ItVHZnvSdvXn6Nuv3Sqt9WSnNs=
-10,-7,IuX79hgBdUI1wiCbX4eYpDYRopI=,MrPU7Uklh25s96D7nqF6BxNPAMk=
-11,-7,IuX79hgBdUI1wiCbX4eYpDYRopI=,Tg+YcYFfMrOZjJl1aaE/aT+mPms=
-10,-6,IuX79hgBdUI1wiCbX4eYpDYRopI=,TiGXtq3KU+r0mzKTpbOWfAj9dHA=
-11,-6,IuX79hgBdUI1wiCbX4eYpDYRopI=,VmeTm37ufC8UojgOSZ7dwISSLQ8=
-10,-5,Xh2hz2M90OixViDoadWhsa3w8nQ=,TiGXtq3KU+r0mzKTpbOWfAj9dHA=
-11,-5,Xh2hz2M90OixViDoadWhsa3w8nQ=,VmeTm37ufC8UojgOSZ7dwISSLQ8=
-10,-4,Xh2hz2M90OixViDoadWhsa3w8nQ=,pQo+lElzpDaiWd+vDWXfpYhGSyE=
-11,-4,Xh2hz2M90OixViDoadWhsa3w8nQ=,l5ubSEcIKnSmibylMPD46slZ5OU=
-9,-8,ZKG83cgOWDo6tj1Ax/gIeX5Ye8w=,MrPU7Uklh25s96D7nqF6BxNPAMk=
-8,-9,ZKG83cgOWDo6tj1Ax/gIeX5Ye8w=,M/g+TH2XouVW+IbRhT9REU2xzA4=
-8,-8,ZKG83cgOWDo6tj1Ax/gIeX5Ye8w=,7e/EIrIxG7mcRQHNN+AfzOJtNRU=
-9,-9,ZKG83cgOWDo6tj1Ax/gIeX5Ye8w=,e7Nq8EN9URZP5SxcCenvM8NuEq4=
-9,-6,ZKG83cgOWDo6tj1Ax/gIeX5Ye8w=,TiGXtq3KU+r0mzKTpbOWfAj9dHA=
-8,-6,ZKG83cgOWDo6tj1Ax/gIeX5Ye8w=,vBG0mo7VUNjTg2RsMUuK7OWY10E=
-9,-7,ZKG83cgOWDo6tj1Ax/gIeX5Ye8w=,MrPU7Uklh25s96D7nqF6BxNPAMk=
-10,-8,ZKG83cgOWDo6tj1Ax/gIeX5Ye8w=,MrPU7Uklh25s96D7nqF6BxNPAMk=
-8,-7,ZKG83cgOWDo6tj1Ax/gIeX5Ye8w=,7e/EIrIxG7mcRQHNN+AfzOJtNRU=
-10,-9,ZKG83cgOWDo6tj1Ax/gIeX5Ye8w=,e7Nq8EN9URZP5SxcCenvM8NuEq4=
-11,-8,ZKG83cgOWDo6tj1Ax/gIeX5Ye8w=,Tg+YcYFfMrOZjJl1aaE/aT+mPms=
-11,-9,ZKG83cgOWDo6tj1Ax/gIeX5Ye8w=,59xZHEfrw0jVxMXyzb/DVQBIsbI=
-12,-11,zozlVBEP3FL/wZ72n7awQYK3uWI=,skbrwZiQzG1DA4zOppQI20Eq+cQ=
-13,-11,zozlVBEP3FL/wZ72n7awQYK3uWI=,uQd3Y+wTtK/9iwKjRuo/svhkhH8=
-12,-10,zozlVBEP3FL/wZ72n7awQYK3uWI=,59xZHEfrw0jVxMXyzb/DVQBIsbI=
-14,-11,zozlVBEP3FL/wZ72n7awQYK3uWI=,uQd3Y+wTtK/9iwKjRuo/svhkhH8=
-13,-10,zozlVBEP3FL/wZ72n7awQYK3uWI=,NzI3bn8UzrmurRdVQEk6xmEA8hE=
-15,-11,zozlVBEP3FL/wZ72n7awQYK3uWI=,EmFaGn7GmdQWVCvS+bK0l20Ho7Y=
-14,-10,zozlVBEP3FL/wZ72n7awQYK3uWI=,NzI3bn8UzrmurRdVQEk6xmEA8hE=
-15,-10,zozlVBEP3FL/wZ72n7awQYK3uWI=,rArDj5FRLHbHtTwjmH1culexFGk=
-15,-13,3AGiV0etks16Q5PCIJK75ox9E6o=,BWz4gxtd00U5UJfh7rEBPkD0bVo=
-15,-12,3AGiV0etks16Q5PCIJK75ox9E6o=,EmFaGn7GmdQWVCvS+bK0l20Ho7Y=
-14,-12,3AGiV0etks16Q5PCIJK75ox9E6o=,uQd3Y+wTtK/9iwKjRuo/svhkhH8=
-14,-13,3AGiV0etks16Q5PCIJK75ox9E6o=,zhTyVqB7I9zno5K+bOU9BcbuRBw=
-14,-14,3AGiV0etks16Q5PCIJK75ox9E6o=,zhTyVqB7I9zno5K+bOU9BcbuRBw=
-14,-15,3AGiV0etks16Q5PCIJK75ox9E6o=,bPv14JJGZWPqcs1dh7m0vxL6gGo=
-15,-15,3AGiV0etks16Q5PCIJK75ox9E6o=,K6can0IyYjd9H+TPDva4eV6a1A8=
-15,-14,3AGiV0etks16Q5PCIJK75ox9E6o=,BWz4gxtd00U5UJfh7rEBPkD0bVo=
-12,-12,z1VxYqIJLwXr4qkQFnSiH6WnRUc=,skbrwZiQzG1DA4zOppQI20Eq+cQ=
-13,-12,z1VxYqIJLwXr4qkQFnSiH6WnRUc=,uQd3Y+wTtK/9iwKjRuo/svhkhH8=
-13,-13,z1VxYqIJLwXr4qkQFnSiH6WnRUc=,zhTyVqB7I9zno5K+bOU9BcbuRBw=
-12,-13,z1VxYqIJLwXr4qkQFnSiH6WnRUc=,ziNZ0bODGZQEI4HUOGn+x9vUfOo=
-13,-15,jlgC/F2tWx7c2yurQpVIaty/ixM=,bPv14JJGZWPqcs1dh7m0vxL6gGo=
-12,-14,jlgC/F2tWx7c2yurQpVIaty/ixM=,ziNZ0bODGZQEI4HUOGn+x9vUfOo=
-12,-15,jlgC/F2tWx7c2yurQpVIaty/ixM=,KpowJTZUF4UTMdwxuHP9xTUJrfs=
-13,-14,jlgC/F2tWx7c2yurQpVIaty/ixM=,zhTyVqB7I9zno5K+bOU9BcbuRBw=
-11,-15,jlgC/F2tWx7c2yurQpVIaty/ixM=,KpowJTZUF4UTMdwxuHP9xTUJrfs=
-11,-14,jlgC/F2tWx7c2yurQpVIaty/ixM=,ziNZ0bODGZQEI4HUOGn+x9vUfOo=
-10,-14,jlgC/F2tWx7c2yurQpVIaty/ixM=,B518COyMpPspxc2i66PtdRe7/hk=
-10,-15,jlgC/F2tWx7c2yurQpVIaty/ixM=,pbxMzaIQ6wWaSvx0aHQ3xVdmKFs=
-8,-14,w6MlhJWgmXH6+KH3M3KoNl+JhJs=,KFFU1K75Nq7zDij1MC19TpDNnkk=
-9,-15,w6MlhJWgmXH6+KH3M3KoNl+JhJs=,pbxMzaIQ6wWaSvx0aHQ3xVdmKFs=
-9,-14,w6MlhJWgmXH6+KH3M3KoNl+JhJs=,B518COyMpPspxc2i66PtdRe7/hk=
-8,-15,w6MlhJWgmXH6+KH3M3KoNl+JhJs=,iNfR2ueBqz4Vmy5J7RisbtztqeE=
-7,-15,w6MlhJWgmXH6+KH3M3KoNl+JhJs=,iNfR2ueBqz4Vmy5J7RisbtztqeE=
-7,-14,w6MlhJWgmXH6+KH3M3KoNl+JhJs=,KFFU1K75Nq7zDij1MC19TpDNnkk=
-6,-14,w6MlhJWgmXH6+KH3M3KoNl+JhJs=,HgdVlJq5WOelXiHfXQjPuEjBpT8=
-6,-15,w6MlhJWgmXH6+KH3M3KoNl+JhJs=,pCA5fRIXBKB6NkXzDPgnqQl75kY=
-5,-15,hyVRElMUN+wI9SFs51tDK0aNBsk=,pCA5fRIXBKB6NkXzDPgnqQl75kY=
-4,-15,1LiRy3vrDg8R3a4Wsq/O47mhvcg=,h+oCXQa/1TOSx+gBntggbb5p4ok=
-4,-14,1LiRy3vrDg8R3a4Wsq/O47mhvcg=,aEzVBUrrqRQy23uk5vNHBSJ71+k=
-5,-14,1LiRy3vrDg8R3a4Wsq/O47mhvcg=,HgdVlJq5WOelXiHfXQjPuEjBpT8=
-2,-15,1LiRy3vrDg8R3a4Wsq/O47mhvcg=,aRwnE/9Jh4z0cMM2VhB/NUqTm9c=
-3,-14,1LiRy3vrDg8R3a4Wsq/O47mhvcg=,aEzVBUrrqRQy23uk5vNHBSJ71+k=
-2,-14,1LiRy3vrDg8R3a4Wsq/O47mhvcg=,bkGvTfp3zUeLdXmNjQ6gPkK28q0=
-3,-15,1LiRy3vrDg8R3a4Wsq/O47mhvcg=,h+oCXQa/1TOSx+gBntggbb5p4ok=
-5,-12,/Sm2VAUFmhjZ3ei8J/HuSrKsnR4=,0/XwTCVloev85Zl0jsnzvgycfKI=
-4,-13,F4xpforr75YE2lrqgOh2jIRu8BU=,aEzVBUrrqRQy23uk5vNHBSJ71+k=
-5,-13,F4xpforr75YE2lrqgOh2jIRu8BU=,HgdVlJq5WOelXiHfXQjPuEjBpT8=
-4,-12,F4xpforr75YE2lrqgOh2jIRu8BU=,kwH8Sbd8fSrqpGk7/yeJcOBV4S0=
-3,-13,F4xpforr75YE2lrqgOh2jIRu8BU=,aEzVBUrrqRQy23uk5vNHBSJ71+k=
-2,-13,F4xpforr75YE2lrqgOh2jIRu8BU=,bkGvTfp3zUeLdXmNjQ6gPkK28q0=
-3,-12,F4xpforr75YE2lrqgOh2jIRu8BU=,kwH8Sbd8fSrqpGk7/yeJcOBV4S0=
-2,-12,F4xpforr75YE2lrqgOh2jIRu8BU=,USuj6ZARj73IPPE9HxaULGDS2Rs=
-6,-13,F4xpforr75YE2lrqgOh2jIRu8BU=,HgdVlJq5WOelXiHfXQjPuEjBpT8=
-7,-13,F4xpforr75YE2lrqgOh2jIRu8BU=,KFFU1K75Nq7zDij1MC19TpDNnkk=
-7,-12,F4xpforr75YE2lrqgOh2jIRu8BU=,vI/LNpaV02Rw7bK187ZDWzpQ6Pg=
-6,-12,F4xpforr75YE2lrqgOh2jIRu8BU=,0/XwTCVloev85Zl0jsnzvgycfKI=
-6,-11,YBMTMR7/u0UP47UuCr0HDE/RX+M=,0/XwTCVloev85Zl0jsnzvgycfKI=
-7,-10,YBMTMR7/u0UP47UuCr0HDE/RX+M=,M/g+TH2XouVW+IbRhT9REU2xzA4=
-7,-11,YBMTMR7/u0UP47UuCr0HDE/RX+M=,vI/LNpaV02Rw7bK187ZDWzpQ6Pg=
-6,-10,YBMTMR7/u0UP47UuCr0HDE/RX+M=,XcNHXlT5aP7pghcFl9pk+FVBSEQ=
-3,-10,YBMTMR7/u0UP47UuCr0HDE/RX+M=,9zV0jY+9JpM9wH4jJM9hBRW7h2E=
-2,-11,YBMTMR7/u0UP47UuCr0HDE/RX+M=,USuj6ZARj73IPPE9HxaULGDS2Rs=
-2,-10,YBMTMR7/u0UP47UuCr0HDE/RX+M=,csYxr9UuPx70y62AOOtEJGguQAM=
-4,-11,YBMTMR7/u0UP47UuCr0HDE/RX+M=,kwH8Sbd8fSrqpGk7/yeJcOBV4S0=
-3,-11,YBMTMR7/u0UP47UuCr0HDE/RX+M=,kwH8Sbd8fSrqpGk7/yeJcOBV4S0=
-5,-11,YBMTMR7/u0UP47UuCr0HDE/RX+M=,0/XwTCVloev85Zl0jsnzvgycfKI=
-5,-10,YBMTMR7/u0UP47UuCr0HDE/RX+M=,XcNHXlT5aP7pghcFl9pk+FVBSEQ=
-4,-10,YBMTMR7/u0UP47UuCr0HDE/RX+M=,9zV0jY+9JpM9wH4jJM9hBRW7h2E=
-6,-9,1B/E1j1XeCxxZhQwniczKFIIph4=,XcNHXlT5aP7pghcFl9pk+FVBSEQ=
-4,-9,1B/E1j1XeCxxZhQwniczKFIIph4=,9zV0jY+9JpM9wH4jJM9hBRW7h2E=
-7,-8,1B/E1j1XeCxxZhQwniczKFIIph4=,7e/EIrIxG7mcRQHNN+AfzOJtNRU=
-7,-9,1B/E1j1XeCxxZhQwniczKFIIph4=,M/g+TH2XouVW+IbRhT9REU2xzA4=
-5,-9,1B/E1j1XeCxxZhQwniczKFIIph4=,XcNHXlT5aP7pghcFl9pk+FVBSEQ=
-5,-8,1B/E1j1XeCxxZhQwniczKFIIph4=,W42QpsBBFV35TrQetNmbZnfvZKo=
-4,-8,1B/E1j1XeCxxZhQwniczKFIIph4=,NRO4yGTqhUqTLI1Pn2I1kNF+bs8=
-6,-8,1B/E1j1XeCxxZhQwniczKFIIph4=,W42QpsBBFV35TrQetNmbZnfvZKo=
-3,-8,KnjPM+Ja3VxdKELoTpYZjpmv52M=,NRO4yGTqhUqTLI1Pn2I1kNF+bs8=
-2,-9,KnjPM+Ja3VxdKELoTpYZjpmv52M=,csYxr9UuPx70y62AOOtEJGguQAM=
-3,-9,KnjPM+Ja3VxdKELoTpYZjpmv52M=,9zV0jY+9JpM9wH4jJM9hBRW7h2E=
-4,-7,KnjPM+Ja3VxdKELoTpYZjpmv52M=,NRO4yGTqhUqTLI1Pn2I1kNF+bs8=
-7,-6,KnjPM+Ja3VxdKELoTpYZjpmv52M=,vBG0mo7VUNjTg2RsMUuK7OWY10E=
-2,-8,KnjPM+Ja3VxdKELoTpYZjpmv52M=,/oxBHrmACX6V5nFkrVV9rNUiqik=
-4,-6,KnjPM+Ja3VxdKELoTpYZjpmv52M=,uo3ETjrjbk2LOTkgGU6w9g/B42U=
-5,-7,KnjPM+Ja3VxdKELoTpYZjpmv52M=,W42QpsBBFV35TrQetNmbZnfvZKo=
-7,-7,KnjPM+Ja3VxdKELoTpYZjpmv52M=,7e/EIrIxG7mcRQHNN+AfzOJtNRU=
-6,-7,KnjPM+Ja3VxdKELoTpYZjpmv52M=,W42QpsBBFV35TrQetNmbZnfvZKo=
-5,-6,KnjPM+Ja3VxdKELoTpYZjpmv52M=,cHD/C5tEG5/LEW35ES7zmzPU1t4=
-6,-6,KnjPM+Ja3VxdKELoTpYZjpmv52M=,cHD/C5tEG5/LEW35ES7zmzPU1t4=
-2,-6,b1diqYZLxHXAUAGJpN9kYCNjujA=,RbuU0gJB8k4aW3zm9Ie9yLbVnY8=
-3,-6,b1diqYZLxHXAUAGJpN9kYCNjujA=,uo3ETjrjbk2LOTkgGU6w9g/B42U=
-3,-7,b1diqYZLxHXAUAGJpN9kYCNjujA=,NRO4yGTqhUqTLI1Pn2I1kNF+bs8=
-2,-7,b1diqYZLxHXAUAGJpN9kYCNjujA=,/oxBHrmACX6V5nFkrVV9rNUiqik=
-2,-5,IePrFnIpN7XgQmp/AWDPQAzoMRg=,RbuU0gJB8k4aW3zm9Ie9yLbVnY8=
-3,-5,IePrFnIpN7XgQmp/AWDPQAzoMRg=,uo3ETjrjbk2LOTkgGU6w9g/B42U=
-4,-5,IePrFnIpN7XgQmp/AWDPQAzoMRg=,uo3ETjrjbk2LOTkgGU6w9g/B42U=
-5,-4,IePrFnIpN7XgQmp/AWDPQAzoMRg=,2rdoqCGaPd1lupYFC/V2EvjO24s=
-3,-4,IePrFnIpN7XgQmp/AWDPQAzoMRg=,9J4sJYcnPGD0yJXwW/FDsPLEGSM=
-2,-4,IePrFnIpN7XgQmp/AWDPQAzoMRg=,1gguvwEysH6w1TpjtCMdPffaKuY=
-5,-5,IePrFnIpN7XgQmp/AWDPQAzoMRg=,cHD/C5tEG5/LEW35ES7zmzPU1t4=
-4,-4,IePrFnIpN7XgQmp/AWDPQAzoMRg=,9J4sJYcnPGD0yJXwW/FDsPLEGSM=
-2,-3,vy6SU9oOxBRGZMr/kUOOX2NFrTQ=,1gguvwEysH6w1TpjtCMdPffaKuY=
-3,-2,vy6SU9oOxBRGZMr/kUOOX2NFrTQ=,vF3bGdpg2PQKQ+PG3V62c49nJA4=
-2,-2,vy6SU9oOxBRGZMr/kUOOX2NFrTQ=,eKZpNZ9HWwiVARViynsBAFgGtPU=
-3,-3,vy6SU9oOxBRGZMr/kUOOX2NFrTQ=,9J4sJYcnPGD0yJXwW/FDsPLEGSM=
-4,-3,K+lczuGJodGKhO78K5dhZ5VdhM8=,9J4sJYcnPGD0yJXwW/FDsPLEGSM=
-4,-2,K+lczuGJodGKhO78K5dhZ5VdhM8=,vF3bGdpg2PQKQ+PG3V62c49nJA4=
-5,-3,K+lczuGJodGKhO78K5dhZ5VdhM8=,2rdoqCGaPd1lupYFC/V2EvjO24s=
-5,-2,K+lczuGJodGKhO78K5dhZ5VdhM8=,Ga0YoWRWMhzf5u+z5cMUF+9AAoc=
-6,-1,K+lczuGJodGKhO78K5dhZ5VdhM8=,Ga0YoWRWMhzf5u+z5cMUF+9AAoc=
-7,-1,K+lczuGJodGKhO78K5dhZ5VdhM8=,sDF7pQYVA32KRXAJHDZ7zED+OOU=
-7,-2,UoJnaQgpHhOySBMBNNKS7ZuAfrI=,sDF7pQYVA32KRXAJHDZ7zED+OOU=
-8,-5,UoJnaQgpHhOySBMBNNKS7ZuAfrI=,vBG0mo7VUNjTg2RsMUuK7OWY10E=
-6,-3,UoJnaQgpHhOySBMBNNKS7ZuAfrI=,2rdoqCGaPd1lupYFC/V2EvjO24s=
-6,-2,UoJnaQgpHhOySBMBNNKS7ZuAfrI=,Ga0YoWRWMhzf5u+z5cMUF+9AAoc=
-6,-4,UoJnaQgpHhOySBMBNNKS7ZuAfrI=,2rdoqCGaPd1lupYFC/V2EvjO24s=
-6,-5,UoJnaQgpHhOySBMBNNKS7ZuAfrI=,cHD/C5tEG5/LEW35ES7zmzPU1t4=
-8,-4,UoJnaQgpHhOySBMBNNKS7ZuAfrI=,vrq97FKH6LpNaLebZYkOVEnuoR0=
-7,-3,UoJnaQgpHhOySBMBNNKS7ZuAfrI=,vrq97FKH6LpNaLebZYkOVEnuoR0=
-7,-4,UoJnaQgpHhOySBMBNNKS7ZuAfrI=,vrq97FKH6LpNaLebZYkOVEnuoR0=
-9,-4,UoJnaQgpHhOySBMBNNKS7ZuAfrI=,pQo+lElzpDaiWd+vDWXfpYhGSyE=
-7,-5,UoJnaQgpHhOySBMBNNKS7ZuAfrI=,vBG0mo7VUNjTg2RsMUuK7OWY10E=
-9,-5,UoJnaQgpHhOySBMBNNKS7ZuAfrI=,TiGXtq3KU+r0mzKTpbOWfAj9dHA=
-9,-3,UoJnaQgpHhOySBMBNNKS7ZuAfrI=,pQo+lElzpDaiWd+vDWXfpYhGSyE=
-11,-2,UoJnaQgpHhOySBMBNNKS7ZuAfrI=,EegYXg/ze3X7/Mb0Cb9LQT/o5q4=
-8,-2,UoJnaQgpHhOySBMBNNKS7ZuAfrI=,sDF7pQYVA32KRXAJHDZ7zED+OOU=
-10,-3,UoJnaQgpHhOySBMBNNKS7ZuAfrI=,pQo+lElzpDaiWd+vDWXfpYhGSyE=
-11,-3,UoJnaQgpHhOySBMBNNKS7ZuAfrI=,l5ubSEcIKnSmibylMPD46slZ5OU=
-9,-2,UoJnaQgpHhOySBMBNNKS7ZuAfrI=,dku2eSwE+VdRM7yy9nyhIh+5sMc=
-10,-2,UoJnaQgpHhOySBMBNNKS7ZuAfrI=,dku2eSwE+VdRM7yy9nyhIh+5sMc=
-8,-3,UoJnaQgpHhOySBMBNNKS7ZuAfrI=,vrq97FKH6LpNaLebZYkOVEnuoR0=
-9,-1,UoJnaQgpHhOySBMBNNKS7ZuAfrI=,dku2eSwE+VdRM7yy9nyhIh+5sMc=
-10,-1,UoJnaQgpHhOySBMBNNKS7ZuAfrI=,dku2eSwE+VdRM7yy9nyhIh+5sMc=
-11,-1,UoJnaQgpHhOySBMBNNKS7ZuAfrI=,EegYXg/ze3X7/Mb0Cb9LQT/o5q4=
-8,-1,UoJnaQgpHhOySBMBNNKS7ZuAfrI=,sDF7pQYVA32KRXAJHDZ7zED+OOU=
-14,-1,UoJnaQgpHhOySBMBNNKS7ZuAfrI=,LWnKhdhvUOIU4Rg2hBgXa5XlOKM=
-15,-1,UoJnaQgpHhOySBMBNNKS7ZuAfrI=,GO/U5kCaRPAIgYwH7uZ5m2eC1C4=
-12,-1,UoJnaQgpHhOySBMBNNKS7ZuAfrI=,EegYXg/ze3X7/Mb0Cb9LQT/o5q4=
-13,-1,UoJnaQgpHhOySBMBNNKS7ZuAfrI=,LWnKhdhvUOIU4Rg2hBgXa5XlOKM=
-16,-3,kj+eflxVyc77l2x4cMtdTYKJC3M=,CpyL+cCi/oKOVF0blSP8iPg/Q5E=
-16,-2,kj+eflxVyc77l2x4cMtdTYKJC3M=,GO/U5kCaRPAIgYwH7uZ5m2eC1C4=
-16,-5,kj+eflxVyc77l2x4cMtdTYKJC3M=,lexP6TH7tpv49XTN8vvo7hAl40Q=
-16,-4,kj+eflxVyc77l2x4cMtdTYKJC3M=,CpyL+cCi/oKOVF0blSP8iPg/Q5E=
-16,-9,3qkFP7RC1WI3zYShemQXOTU3Jz4=,rArDj5FRLHbHtTwjmH1culexFGk=
-16,-8,3qkFP7RC1WI3zYShemQXOTU3Jz4=,DtOmFgmhHEbow5JUiRZz6Zi2a/Y=
-16,-6,8DSd8b2vf5PplwM7ptSglop9Pyc=,lexP6TH7tpv49XTN8vvo7hAl40Q=
-16,-7,8DSd8b2vf5PplwM7ptSglop9Pyc=,DtOmFgmhHEbow5JUiRZz6Zi2a/Y=
-13,-6,8DSd8b2vf5PplwM7ptSglop9Pyc=,VyLlE3aNsHL88HXn//idjTUqDWc=
-14,-6,8DSd8b2vf5PplwM7ptSglop9Pyc=,VyLlE3aNsHL88HXn//idjTUqDWc=
-12,-7,8DSd8b2vf5PplwM7ptSglop9Pyc=,Tg+YcYFfMrOZjJl1aaE/aT+mPms=
-12,-8,8DSd8b2vf5PplwM7ptSglop9Pyc=,Tg+YcYFfMrOZjJl1aaE/aT+mPms=
-12,-9,8DSd8b2vf5PplwM7ptSglop9Pyc=,59xZHEfrw0jVxMXyzb/DVQBIsbI=
-14,-7,8DSd8b2vf5PplwM7ptSglop9Pyc=,E1SKG1OOKjB/ZaY2Jj+8WxOyEQI=
-12,-6,8DSd8b2vf5PplwM7ptSglop9Pyc=,VmeTm37ufC8UojgOSZ7dwISSLQ8=
-15,-6,8DSd8b2vf5PplwM7ptSglop9Pyc=,lexP6TH7tpv49XTN8vvo7hAl40Q=
-13,-7,8DSd8b2vf5PplwM7ptSglop9Pyc=,E1SKG1OOKjB/ZaY2Jj+8WxOyEQI=
-14,-9,8DSd8b2vf5PplwM7ptSglop9Pyc=,NzI3bn8UzrmurRdVQEk6xmEA8hE=
-15,-8,8DSd8b2vf5PplwM7ptSglop9Pyc=,DtOmFgmhHEbow5JUiRZz6Zi2a/Y=
-13,-9,8DSd8b2vf5PplwM7ptSglop9Pyc=,NzI3bn8UzrmurRdVQEk6xmEA8hE=
-14,-8,8DSd8b2vf5PplwM7ptSglop9Pyc=,E1SKG1OOKjB/ZaY2Jj+8WxOyEQI=
-15,-9,8DSd8b2vf5PplwM7ptSglop9Pyc=,rArDj5FRLHbHtTwjmH1culexFGk=
-13,-8,8DSd8b2vf5PplwM7ptSglop9Pyc=,E1SKG1OOKjB/ZaY2Jj+8WxOyEQI=
-16,-12,8DSd8b2vf5PplwM7ptSglop9Pyc=,EmFaGn7GmdQWVCvS+bK0l20Ho7Y=
-15,-7,8DSd8b2vf5PplwM7ptSglop9Pyc=,DtOmFgmhHEbow5JUiRZz6Zi2a/Y=
-16,-11,8DSd8b2vf5PplwM7ptSglop9Pyc=,EmFaGn7GmdQWVCvS+bK0l20Ho7Y=
-16,-10,8DSd8b2vf5PplwM7ptSglop9Pyc=,rArDj5FRLHbHtTwjmH1culexFGk=
-16,-13,8DSd8b2vf5PplwM7ptSglop9Pyc=,BWz4gxtd00U5UJfh7rEBPkD0bVo=
-16,-15,8DSd8b2vf5PplwM7ptSglop9Pyc=,K6can0IyYjd9H+TPDva4eV6a1A8=
-16,-14,8DSd8b2vf5PplwM7ptSglop9Pyc=,BWz4gxtd00U5UJfh7rEBPkD0bVo=
-15,-16,8DSd8b2vf5PplwM7ptSglop9Pyc=,K6can0IyYjd9H+TPDva4eV6a1A8=
-14,-16,8DSd8b2vf5PplwM7ptSglop9Pyc=,bPv14JJGZWPqcs1dh7m0vxL6gGo=
-13,-16,8DSd8b2vf5PplwM7ptSglop9Pyc=,bPv14JJGZWPqcs1dh7m0vxL6gGo=
-12,-16,8DSd8b2vf5PplwM7ptSglop9Pyc=,KpowJTZUF4UTMdwxuHP9xTUJrfs=
-10,-16,8DSd8b2vf5PplwM7ptSglop9Pyc=,pbxMzaIQ6wWaSvx0aHQ3xVdmKFs=
-11,-16,8DSd8b2vf5PplwM7ptSglop9Pyc=,KpowJTZUF4UTMdwxuHP9xTUJrfs=
-9,-16,VPH1w+EEXScYboML0jTo8nZHVAg=,pbxMzaIQ6wWaSvx0aHQ3xVdmKFs=
-8,-16,VPH1w+EEXScYboML0jTo8nZHVAg=,iNfR2ueBqz4Vmy5J7RisbtztqeE=
-7,-16,VPH1w+EEXScYboML0jTo8nZHVAg=,iNfR2ueBqz4Vmy5J7RisbtztqeE=
-6,-16,VPH1w+EEXScYboML0jTo8nZHVAg=,pCA5fRIXBKB6NkXzDPgnqQl75kY=
-4,-16,VPH1w+EEXScYboML0jTo8nZHVAg=,h+oCXQa/1TOSx+gBntggbb5p4ok=
-5,-16,VPH1w+EEXScYboML0jTo8nZHVAg=,pCA5fRIXBKB6NkXzDPgnqQl75kY=
-2,-16,VPH1w+EEXScYboML0jTo8nZHVAg=,aRwnE/9Jh4z0cMM2VhB/NUqTm9c=
-3,-16,VPH1w+EEXScYboML0jTo8nZHVAg=,h+oCXQa/1TOSx+gBntggbb5p4ok=
-1,-15,VPH1w+EEXScYboML0jTo8nZHVAg=,aRwnE/9Jh4z0cMM2VhB/NUqTm9c=
-1,-13,VPH1w+EEXScYboML0jTo8nZHVAg=,bkGvTfp3zUeLdXmNjQ6gPkK28q0=
-1,-12,VPH1w+EEXScYboML0jTo8nZHVAg=,USuj6ZARj73IPPE9HxaULGDS2Rs=
-1,-14,VPH1w+EEXScYboML0jTo8nZHVAg=,bkGvTfp3zUeLdXmNjQ6gPkK28q0=
-1,-10,OIQn8StR+v/2ewO+q/FOEz0rFk8=,csYxr9UuPx70y62AOOtEJGguQAM=
-1,-11,OIQn8StR+v/2ewO+q/FOEz0rFk8=,USuj6ZARj73IPPE9HxaULGDS2Rs=
-1,-9,OIQn8StR+v/2ewO+q/FOEz0rFk8=,csYxr9UuPx70y62AOOtEJGguQAM=
-1,-8,OIQn8StR+v/2ewO+q/FOEz0rFk8=,/oxBHrmACX6V5nFkrVV9rNUiqik=
-1,-7,OIQn8StR+v/2ewO+q/FOEz0rFk8=,/oxBHrmACX6V5nFkrVV9rNUiqik=
-1,-6,OIQn8StR+v/2ewO+q/FOEz0rFk8=,RbuU0gJB8k4aW3zm9Ie9yLbVnY8=
-1,-4,OIQn8StR+v/2ewO+q/FOEz0rFk8=,1gguvwEysH6w1TpjtCMdPffaKuY=
-1,-5,OIQn8StR+v/2ewO+q/FOEz0rFk8=,RbuU0gJB8k4aW3zm9Ie9yLbVnY8=
-1,-2,OIQn8StR+v/2ewO+q/FOEz0rFk8=,eKZpNZ9HWwiVARViynsBAFgGtPU=
-1,-3,OIQn8StR+v/2ewO+q/FOEz0rFk8=,1gguvwEysH6w1TpjtCMdPffaKuY=
-1,-1,OIQn8StR+v/2ewO+q/FOEz0rFk8=,eKZpNZ9HWwiVARViynsBAFgGtPU=
-16,-1,P7niQ5KWgKjtx2zpZAsU5j9I8kM=,GO/U5kCaRPAIgYwH7uZ5m2eC1C4=
-16,-16,P7niQ5KWgKjtx2zpZAsU5j9I8kM=,K6can0IyYjd9H+TPDva4eV6a1A8=
-5,-1,P7niQ5KWgKjtx2zpZAsU5j9I8kM=,Ga0YoWRWMhzf5u+z5cMUF+9AAoc=
-4,-1,P7niQ5KWgKjtx2zpZAsU5j9I8kM=,vF3bGdpg2PQKQ+PG3V62c49nJA4=
-3,-1,P7niQ5KWgKjtx2zpZAsU5j9I8kM=,vF3bGdpg2PQKQ+PG3V62c49nJA4=
-2,-1,P7niQ5KWgKjtx2zpZAsU5j9I8kM=,eKZpNZ9HWwiVARViynsBAFgGtPU=
-1,-16,P7niQ5KWgKjtx2zpZAsU5j9I8kM=,aRwnE/9Jh4z0cMM2VhB/NUqTm9c=
-10,-13,clmeeMySf4bki8X9hL+PvK2DuBw=,B518COyMpPspxc2i66PtdRe7/hk=
-11,-10,clmeeMySf4bki8X9hL+PvK2DuBw=,59xZHEfrw0jVxMXyzb/DVQBIsbI=
-10,-10,clmeeMySf4bki8X9hL+PvK2DuBw=,e7Nq8EN9URZP5SxcCenvM8NuEq4=
-8,-11,clmeeMySf4bki8X9hL+PvK2DuBw=,vI/LNpaV02Rw7bK187ZDWzpQ6Pg=
-8,-13,clmeeMySf4bki8X9hL+PvK2DuBw=,KFFU1K75Nq7zDij1MC19TpDNnkk=
-9,-10,clmeeMySf4bki8X9hL+PvK2DuBw=,e7Nq8EN9URZP5SxcCenvM8NuEq4=
-11,-13,clmeeMySf4bki8X9hL+PvK2DuBw=,ziNZ0bODGZQEI4HUOGn+x9vUfOo=
-8,-10,clmeeMySf4bki8X9hL+PvK2DuBw=,M/g+TH2XouVW+IbRhT9REU2xzA4=
-8,-12,clmeeMySf4bki8X9hL+PvK2DuBw=,vI/LNpaV02Rw7bK187ZDWzpQ6Pg=
-9,-11,clmeeMySf4bki8X9hL+PvK2DuBw=,oxNCyorVxoFu/jpwCZp0cYcxH40=
-9,-12,clmeeMySf4bki8X9hL+PvK2DuBw=,oxNCyorVxoFu/jpwCZp0cYcxH40=
-9,-13,clmeeMySf4bki8X9hL+PvK2DuBw=,B518COyMpPspxc2i66PtdRe7/hk=
-10,-12,clmeeMySf4bki8X9hL+PvK2DuBw=,oxNCyorVxoFu/jpwCZp0cYcxH40=
-10,-11,clmeeMySf4bki8X9hL+PvK2DuBw=,oxNCyorVxoFu/jpwCZp0cYcxH40=
-11,-11,clmeeMySf4bki8X9hL+PvK2DuBw=,skbrwZiQzG1DA4zOppQI20Eq+cQ=
-11,-12,clmeeMySf4bki8X9hL+PvK2DuBw=,skbrwZiQzG1DA4zOppQI20Eq+cQ=
-14,-19,T1+QMaYF7ACYtvJWdM/C1sl/kkE=,2op5atdzJXZAPaa4q3Wu+l/j+mE=
-15,-19,T1+QMaYF7ACYtvJWdM/C1sl/kkE=,IVtX+kYHqSZHwjsvzueI+6nqtRg=
-15,-18,T1+QMaYF7ACYtvJWdM/C1sl/kkE=,MDmamC6ycmhcR3/QmQonBKOdi+8=
-14,-18,T1+QMaYF7ACYtvJWdM/C1sl/kkE=,mDwtXdR7BWIXrAbe/SMeU+QvJho=
-14,-21,T1+QMaYF7ACYtvJWdM/C1sl/kkE=,LcLAUdkdDJ3l2Wc+XtQc4ec2f/M=
-15,-21,T1+QMaYF7ACYtvJWdM/C1sl/kkE=,fbs/JbBp1KiWqXeuilOv83Pnr0c=
-14,-20,T1+QMaYF7ACYtvJWdM/C1sl/kkE=,2op5atdzJXZAPaa4q3Wu+l/j+mE=
-15,-20,T1+QMaYF7ACYtvJWdM/C1sl/kkE=,IVtX+kYHqSZHwjsvzueI+6nqtRg=
-14,-23,7tS0NKtoumLm9qGRixmZtiLYtr0=,ffRd7O7ZYWOlJ0f9lVpA/WX3+j0=
-14,-22,7tS0NKtoumLm9qGRixmZtiLYtr0=,LcLAUdkdDJ3l2Wc+XtQc4ec2f/M=
-15,-22,7tS0NKtoumLm9qGRixmZtiLYtr0=,fbs/JbBp1KiWqXeuilOv83Pnr0c=
-15,-23,7tS0NKtoumLm9qGRixmZtiLYtr0=,Kk8sjtfZf8/bCrGAztn8WLaIDI8=
-13,-24,RQJiJvJsjjKyJqhdT6Wg986sKXg=,ffRd7O7ZYWOlJ0f9lVpA/WX3+j0=
-12,-24,RQJiJvJsjjKyJqhdT6Wg986sKXg=,a4wsW+p9YeTNwTg2ZSACzdaI2b4=
-13,-25,RQJiJvJsjjKyJqhdT6Wg986sKXg=,msGIK1mQ4qRFC4jlKRMCA+tHp3s=
-12,-25,RQJiJvJsjjKyJqhdT6Wg986sKXg=,UpqYqi2FZpIS7XJjHjC+oI5fkto=
-14,-24,RQJiJvJsjjKyJqhdT6Wg986sKXg=,ffRd7O7ZYWOlJ0f9lVpA/WX3+j0=
-14,-25,RQJiJvJsjjKyJqhdT6Wg986sKXg=,msGIK1mQ4qRFC4jlKRMCA+tHp3s=
-15,-24,RQJiJvJsjjKyJqhdT6Wg986sKXg=,Kk8sjtfZf8/bCrGAztn8WLaIDI8=
-15,-25,RQJiJvJsjjKyJqhdT6Wg986sKXg=,1PfGdYw8hESBQfw4vF9MnxUWC4E=
-13,-23,enVsyI6+suBcO/Sn3AYHFt4KcQE=,ffRd7O7ZYWOlJ0f9lVpA/WX3+j0=
-13,-22,enVsyI6+suBcO/Sn3AYHFt4KcQE=,LcLAUdkdDJ3l2Wc+XtQc4ec2f/M=
-12,-23,enVsyI6+suBcO/Sn3AYHFt4KcQE=,a4wsW+p9YeTNwTg2ZSACzdaI2b4=
-12,-22,enVsyI6+suBcO/Sn3AYHFt4KcQE=,no9s1rs6Kd+F+nt1Qe6ORieUw8w=
-8,-20,FkZBb1KRLd4kFtOhep9oknzeRTA=,Q6nE+90Lxthjn5vOW2EAAavF4XE=
-9,-21,FkZBb1KRLd4kFtOhep9oknzeRTA=,H5EpAm9OYusLlPwMRG2JtJg5sYQ=
-9,-20,FkZBb1KRLd4kFtOhep9oknzeRTA=,7mqIFovjEtr2Fc5Ey79CDPpcHyw=
-8,-21,FkZBb1KRLd4kFtOhep9oknzeRTA=,OSfG+wu/hGRhlIHUBb94ai8Zp08=
-7,-25,zX/VRdpPthayoxlNnpaVQlaY/+w=,pmFbnetVc4GHQhe4nTw3iEkfcyQ=
-6,-25,zX/VRdpPthayoxlNnpaVQlaY/+w=,aQHUZt6o4GuJSMDOaRz088ADv64=
-6,-24,zX/VRdpPthayoxlNnpaVQlaY/+w=,yreV7RG+djZhejQ12bHkBOVUhfk=
-7,-24,zX/VRdpPthayoxlNnpaVQlaY/+w=,kRYZHllwdt29shFzsh8WJlMmX5k=
-6,-23,zX/VRdpPthayoxlNnpaVQlaY/+w=,yreV7RG+djZhejQ12bHkBOVUhfk=
-7,-23,zX/VRdpPthayoxlNnpaVQlaY/+w=,kRYZHllwdt29shFzsh8WJlMmX5k=
-6,-22,zX/VRdpPthayoxlNnpaVQlaY/+w=,SX45ifowXh2trV7eDaRZCi9+iBA=
-7,-22,zX/VRdpPthayoxlNnpaVQlaY/+w=,OSfG+wu/hGRhlIHUBb94ai8Zp08=
-5,-27,s5BQEtY8MUkofAO7KO7FQg2tMi8=,PInSjhSsJ5E5phWRROB4vLtjhKg=
-5,-26,s5BQEtY8MUkofAO7KO7FQg2tMi8=,aQHUZt6o4GuJSMDOaRz088ADv64=
-4,-27,s5BQEtY8MUkofAO7KO7FQg2tMi8=,7o9hEU7VgQQLzYL08GdU+tCgEN8=
-5,-25,s5BQEtY8MUkofAO7KO7FQg2tMi8=,aQHUZt6o4GuJSMDOaRz088ADv64=
-4,-26,s5BQEtY8MUkofAO7KO7FQg2tMi8=,0G+2MYszpcDi95CCK+twmy9R2hk=
-5,-24,s5BQEtY8MUkofAO7KO7FQg2tMi8=,yreV7RG+djZhejQ12bHkBOVUhfk=
-4,-25,s5BQEtY8MUkofAO7KO7FQg2tMi8=,0G+2MYszpcDi95CCK+twmy9R2hk=
-4,-24,s5BQEtY8MUkofAO7KO7FQg2tMi8=,M+K3KweEyX7hG69ASrnMMkWX930=
-7,-26,9FM+JYvUmZ1NU+uhwDWdxyqbgKY=,pmFbnetVc4GHQhe4nTw3iEkfcyQ=
-7,-27,9FM+JYvUmZ1NU+uhwDWdxyqbgKY=,4IlYtm8TaQ0gxWNPmEum2uXH4eU=
-6,-27,9FM+JYvUmZ1NU+uhwDWdxyqbgKY=,PInSjhSsJ5E5phWRROB4vLtjhKg=
-6,-26,9FM+JYvUmZ1NU+uhwDWdxyqbgKY=,aQHUZt6o4GuJSMDOaRz088ADv64=
-9,-29,6Ya3izPBuHTqMyiAHFl6LEZWJKA=,RH5G132120bQZvc6C65XTA19f3Q=
-9,-28,6Ya3izPBuHTqMyiAHFl6LEZWJKA=,Elzn7qGCs7JJR3oZTVqi+AccqDY=
-8,-28,6Ya3izPBuHTqMyiAHFl6LEZWJKA=,4IlYtm8TaQ0gxWNPmEum2uXH4eU=
-8,-29,6Ya3izPBuHTqMyiAHFl6LEZWJKA=,2RPGzYzq1ekBCnJ2qcDo0aIQqGE=
-8,-30,6Ya3izPBuHTqMyiAHFl6LEZWJKA=,2RPGzYzq1ekBCnJ2qcDo0aIQqGE=
-9,-30,6Ya3izPBuHTqMyiAHFl6LEZWJKA=,RH5G132120bQZvc6C65XTA19f3Q=
-8,-31,6Ya3izPBuHTqMyiAHFl6LEZWJKA=,KZUoLNkbp7ZHGzC3hCieCJGC4sY=
-9,-31,6Ya3izPBuHTqMyiAHFl6LEZWJKA=,/fxE/umRDyTos+art6UETCG5ZCI=
-10,-28,7IigNvuqXvrCpNqTerZRrK2fuvs=,Elzn7qGCs7JJR3oZTVqi+AccqDY=
-11,-28,7IigNvuqXvrCpNqTerZRrK2fuvs=,qv5EVdpd3d6JJsvyTGFM/C9UCQk=
-11,-29,7IigNvuqXvrCpNqTerZRrK2fuvs=,s+T4d6X0vJrWHfGVCIFgXIv34S8=
-10,-29,7IigNvuqXvrCpNqTerZRrK2fuvs=,RH5G132120bQZvc6C65XTA19f3Q=
-11,-30,7IigNvuqXvrCpNqTerZRrK2fuvs=,s+T4d6X0vJrWHfGVCIFgXIv34S8=
-10,-30,7IigNvuqXvrCpNqTerZRrK2fuvs=,RH5G132120bQZvc6C65XTA19f3Q=
-10,-31,7IigNvuqXvrCpNqTerZRrK2fuvs=,/fxE/umRDyTos+art6UETCG5ZCI=
-11,-31,7IigNvuqXvrCpNqTerZRrK2fuvs=,uJC8MKnZHAaYq3R7jRXp5/jhWdM=
-12,-26,ApSa99SkOMV4c/2XoBGgxBTs9o4=,UpqYqi2FZpIS7XJjHjC+oI5fkto=
-12,-27,ApSa99SkOMV4c/2XoBGgxBTs9o4=,qv5EVdpd3d6JJsvyTGFM/C9UCQk=
-13,-26,ApSa99SkOMV4c/2XoBGgxBTs9o4=,msGIK1mQ4qRFC4jlKRMCA+tHp3s=
-13,-27,ApSa99SkOMV4c/2XoBGgxBTs9o4=,E4e0j2czsc5Ljmv817iJDjsJO6o=
-12,-28,ApSa99SkOMV4c/2XoBGgxBTs9o4=,qv5EVdpd3d6JJsvyTGFM/C9UCQk=
-12,-29,ApSa99SkOMV4c/2XoBGgxBTs9o4=,s+T4d6X0vJrWHfGVCIFgXIv34S8=
-13,-29,ApSa99SkOMV4c/2XoBGgxBTs9o4=,TU0jMlmRGHURm316qiQAHDbaEtE=
-13,-28,ApSa99SkOMV4c/2XoBGgxBTs9o4=,E4e0j2czsc5Ljmv817iJDjsJO6o=
-12,-31,ApSa99SkOMV4c/2XoBGgxBTs9o4=,uJC8MKnZHAaYq3R7jRXp5/jhWdM=
-13,-31,ApSa99SkOMV4c/2XoBGgxBTs9o4=,4dJQTAsG10CYMROPW7ad6mfwaSk=
-12,-30,ApSa99SkOMV4c/2XoBGgxBTs9o4=,s+T4d6X0vJrWHfGVCIFgXIv34S8=
-13,-30,ApSa99SkOMV4c/2XoBGgxBTs9o4=,TU0jMlmRGHURm316qiQAHDbaEtE=
-14,-26,aFuCL8G2+kS9Xo4TJ+meWh7LiPA=,msGIK1mQ4qRFC4jlKRMCA+tHp3s=
-15,-26,aFuCL8G2+kS9Xo4TJ+meWh7LiPA=,1PfGdYw8hESBQfw4vF9MnxUWC4E=
-15,-27,aFuCL8G2+kS9Xo4TJ+meWh7LiPA=,hQXCQMZRS2RbYcMbPLFm/q+X99c=
-14,-27,aFuCL8G2+kS9Xo4TJ+meWh7LiPA=,E4e0j2czsc5Ljmv817iJDjsJO6o=
-14,-28,eKOYu65oVOaj4x3P8l3n0hPX5aw=,E4e0j2czsc5Ljmv817iJDjsJO6o=
-15,-29,eKOYu65oVOaj4x3P8l3n0hPX5aw=,ZEMLg98cW5qWtcbt5t1bw/lkXJw=
-15,-28,eKOYu65oVOaj4x3P8l3n0hPX5aw=,hQXCQMZRS2RbYcMbPLFm/q+X99c=
-14,-29,eKOYu65oVOaj4x3P8l3n0hPX5aw=,TU0jMlmRGHURm316qiQAHDbaEtE=
-15,-30,hwXVv9JP7aX0D1yPy8QGSHG0w/I=,ZEMLg98cW5qWtcbt5t1bw/lkXJw=
-16,-28,hwXVv9JP7aX0D1yPy8QGSHG0w/I=,hQXCQMZRS2RbYcMbPLFm/q+X99c=
-14,-31,hwXVv9JP7aX0D1yPy8QGSHG0w/I=,4dJQTAsG10CYMROPW7ad6mfwaSk=
-14,-30,hwXVv9JP7aX0D1yPy8QGSHG0w/I=,TU0jMlmRGHURm316qiQAHDbaEtE=
-15,-31,hwXVv9JP7aX0D1yPy8QGSHG0w/I=,D2tXsX6D5JCoXvbi//sWrFejym8=
-16,-29,hwXVv9JP7aX0D1yPy8QGSHG0w/I=,ZEMLg98cW5qWtcbt5t1bw/lkXJw=
-16,-30,hwXVv9JP7aX0D1yPy8QGSHG0w/I=,ZEMLg98cW5qWtcbt5t1bw/lkXJw=
-16,-31,hwXVv9JP7aX0D1yPy8QGSHG0w/I=,D2tXsX6D5JCoXvbi//sWrFejym8=
-15,-32,xEkrJHSLANtVHnysLS430slNTik=,D2tXsX6D5JCoXvbi//sWrFejym8=
-14,-32,xEkrJHSLANtVHnysLS430slNTik=,4dJQTAsG10CYMROPW7ad6mfwaSk=
-16,-32,xEkrJHSLANtVHnysLS430slNTik=,D2tXsX6D5JCoXvbi//sWrFejym8=
-7,-29,yQdn/30dmtzuVVCstyIhLK9uSOI=,2RPGzYzq1ekBCnJ2qcDo0aIQqGE=
-5,-28,yQdn/30dmtzuVVCstyIhLK9uSOI=,PInSjhSsJ5E5phWRROB4vLtjhKg=
-4,-29,yQdn/30dmtzuVVCstyIhLK9uSOI=,cYJRxmFd9l1zB90VAM7TBiIRl50=
-4,-28,yQdn/30dmtzuVVCstyIhLK9uSOI=,7o9hEU7VgQQLzYL08GdU+tCgEN8=
-7,-28,yQdn/30dmtzuVVCstyIhLK9uSOI=,4IlYtm8TaQ0gxWNPmEum2uXH4eU=
-6,-29,yQdn/30dmtzuVVCstyIhLK9uSOI=,AGgqx6L4X0stKmzwp1TCC3UB03M=
-6,-28,yQdn/30dmtzuVVCstyIhLK9uSOI=,PInSjhSsJ5E5phWRROB4vLtjhKg=
-5,-29,yQdn/30dmtzuVVCstyIhLK9uSOI=,AGgqx6L4X0stKmzwp1TCC3UB03M=
-4,-31,yQdn/30dmtzuVVCstyIhLK9uSOI=,HND1cr22k75PSX4HWMa7ZQrjV0c=
-7,-31,yQdn/30dmtzuVVCstyIhLK9uSOI=,KZUoLNkbp7ZHGzC3hCieCJGC4sY=
-7,-30,yQdn/30dmtzuVVCstyIhLK9uSOI=,2RPGzYzq1ekBCnJ2qcDo0aIQqGE=
-5,-30,yQdn/30dmtzuVVCstyIhLK9uSOI=,AGgqx6L4X0stKmzwp1TCC3UB03M=
-6,-30,yQdn/30dmtzuVVCstyIhLK9uSOI=,AGgqx6L4X0stKmzwp1TCC3UB03M=
-4,-30,yQdn/30dmtzuVVCstyIhLK9uSOI=,cYJRxmFd9l1zB90VAM7TBiIRl50=
-6,-31,yQdn/30dmtzuVVCstyIhLK9uSOI=,AobLXZwX7Y/v8RL3jyGTgygVJQo=
-5,-31,yQdn/30dmtzuVVCstyIhLK9uSOI=,AobLXZwX7Y/v8RL3jyGTgygVJQo=
-3,-28,t7QDecQxt1qW+YcV3560QuUvTic=,7o9hEU7VgQQLzYL08GdU+tCgEN8=
-2,-28,t7QDecQxt1qW+YcV3560QuUvTic=,nfQ9Uj63grQetwVBJNsI//3q86E=
-2,-29,t7QDecQxt1qW+YcV3560QuUvTic=,65Amy42L/KZIeAi4jEyNGy516fk=
-3,-29,t7QDecQxt1qW+YcV3560QuUvTic=,cYJRxmFd9l1zB90VAM7TBiIRl50=
-3,-30,t7QDecQxt1qW+YcV3560QuUvTic=,cYJRxmFd9l1zB90VAM7TBiIRl50=
-2,-30,t7QDecQxt1qW+YcV3560QuUvTic=,65Amy42L/KZIeAi4jEyNGy516fk=
-3,-31,t7QDecQxt1qW+YcV3560QuUvTic=,HND1cr22k75PSX4HWMa7ZQrjV0c=
-2,-31,t7QDecQxt1qW+YcV3560QuUvTic=,UgGc5oTJFod1tNKQKp/1E3WwHew=
-2,-27,lFT/NsbXnsoQgxhOwe7mlIAgCC8=,nfQ9Uj63grQetwVBJNsI//3q86E=
-3,-26,lFT/NsbXnsoQgxhOwe7mlIAgCC8=,0G+2MYszpcDi95CCK+twmy9R2hk=
-3,-27,lFT/NsbXnsoQgxhOwe7mlIAgCC8=,7o9hEU7VgQQLzYL08GdU+tCgEN8=
-2,-26,lFT/NsbXnsoQgxhOwe7mlIAgCC8=,JLbcWIXH/AV5l4FRhEby4guVyXY=
-3,-25,jruVk1TJjwHg9XD2xCj7TnCFStg=,0G+2MYszpcDi95CCK+twmy9R2hk=
-3,-24,jruVk1TJjwHg9XD2xCj7TnCFStg=,M+K3KweEyX7hG69ASrnMMkWX930=
-2,-25,jruVk1TJjwHg9XD2xCj7TnCFStg=,JLbcWIXH/AV5l4FRhEby4guVyXY=
-2,-24,jruVk1TJjwHg9XD2xCj7TnCFStg=,MpYYO8v3c56GRI1xkHKsO0xm1cs=
-2,-22,jruVk1TJjwHg9XD2xCj7TnCFStg=,cbAgFX19Plg8syimiUwiCVYT0ZY=
-2,-23,jruVk1TJjwHg9XD2xCj7TnCFStg=,MpYYO8v3c56GRI1xkHKsO0xm1cs=
-5,-23,jruVk1TJjwHg9XD2xCj7TnCFStg=,yreV7RG+djZhejQ12bHkBOVUhfk=
-3,-23,jruVk1TJjwHg9XD2xCj7TnCFStg=,M+K3KweEyX7hG69ASrnMMkWX930=
-5,-22,jruVk1TJjwHg9XD2xCj7TnCFStg=,SX45ifowXh2trV7eDaRZCi9+iBA=
-4,-22,jruVk1TJjwHg9XD2xCj7TnCFStg=,K5gkcKDqxdckMc6e1KBe8v4d1bY=
-3,-22,jruVk1TJjwHg9XD2xCj7TnCFStg=,K5gkcKDqxdckMc6e1KBe8v4d1bY=
-4,-23,jruVk1TJjwHg9XD2xCj7TnCFStg=,M+K3KweEyX7hG69ASrnMMkWX930=
-3,-21,cpYyJxSO5pnfyEklfu56aFIupWo=,K5gkcKDqxdckMc6e1KBe8v4d1bY=
-2,-21,cpYyJxSO5pnfyEklfu56aFIupWo=,cbAgFX19Plg8syimiUwiCVYT0ZY=
-2,-20,cpYyJxSO5pnfyEklfu56aFIupWo=,8oAPr7Ot8x8LhL4QsT9IiJ+IELg=
-2,-18,cpYyJxSO5pnfyEklfu56aFIupWo=,8ho+KiTI/2VsnzX1ghk4QV0FDWk=
-3,-20,cpYyJxSO5pnfyEklfu56aFIupWo=,wpsigmTXSdN4xfBycCxkL399yjw=
-2,-19,cpYyJxSO5pnfyEklfu56aFIupWo=,8oAPr7Ot8x8LhL4QsT9IiJ+IELg=
-3,-19,cpYyJxSO5pnfyEklfu56aFIupWo=,wpsigmTXSdN4xfBycCxkL399yjw=
-3,-18,cpYyJxSO5pnfyEklfu56aFIupWo=,LLn+Yzj06sKyWqJC1n5kJRm7IuI=
-4,-18,lGv3yymd4xXs2oHb/ec0mP6uur4=,LLn+Yzj06sKyWqJC1n5kJRm7IuI=
-4,-19,lGv3yymd4xXs2oHb/ec0mP6uur4=,wpsigmTXSdN4xfBycCxkL399yjw=
-4,-21,lGv3yymd4xXs2oHb/ec0mP6uur4=,K5gkcKDqxdckMc6e1KBe8v4d1bY=
-4,-20,m0OK+b12cL4bw8nclQ1eMYfddNc=,wpsigmTXSdN4xfBycCxkL399yjw=
-7,-21,m0OK+b12cL4bw8nclQ1eMYfddNc=,OSfG+wu/hGRhlIHUBb94ai8Zp08=
-6,-21,m0OK+b12cL4bw8nclQ1eMYfddNc=,SX45ifowXh2trV7eDaRZCi9+iBA=
-5,-18,m0OK+b12cL4bw8nclQ1eMYfddNc=,V5mT5QJcgeQ04ksF6zfkRbXg1wk=
-5,-20,m0OK+b12cL4bw8nclQ1eMYfddNc=,fL5ldeWavnK6trIOdg8/mQN6mfI=
-7,-20,m0OK+b12cL4bw8nclQ1eMYfddNc=,Q6nE+90Lxthjn5vOW2EAAavF4XE=
-6,-20,m0OK+b12cL4bw8nclQ1eMYfddNc=,fL5ldeWavnK6trIOdg8/mQN6mfI=
-6,-18,m0OK+b12cL4bw8nclQ1eMYfddNc=,V5mT5QJcgeQ04ksF6zfkRbXg1wk=
-5,-19,m0OK+b12cL4bw8nclQ1eMYfddNc=,fL5ldeWavnK6trIOdg8/mQN6mfI=
-5,-21,m0OK+b12cL4bw8nclQ1eMYfddNc=,SX45ifowXh2trV7eDaRZCi9+iBA=
-6,-19,m0OK+b12cL4bw8nclQ1eMYfddNc=,fL5ldeWavnK6trIOdg8/mQN6mfI=
-7,-19,m0OK+b12cL4bw8nclQ1eMYfddNc=,Q6nE+90Lxthjn5vOW2EAAavF4XE=
-7,-18,m0OK+b12cL4bw8nclQ1eMYfddNc=,tCz7giS6iGaRc3O1IJ4V0lLBjxg=
-8,-19,m0OK+b12cL4bw8nclQ1eMYfddNc=,Q6nE+90Lxthjn5vOW2EAAavF4XE=
-9,-18,m0OK+b12cL4bw8nclQ1eMYfddNc=,Ex/cKsF23tiuLvdT6AosA4OSS+4=
-8,-18,m0OK+b12cL4bw8nclQ1eMYfddNc=,tCz7giS6iGaRc3O1IJ4V0lLBjxg=
-9,-19,RIZcuPGnWv0XV5tvvCk8O9zK0mI=,7mqIFovjEtr2Fc5Ey79CDPpcHyw=
-14,-17,RIZcuPGnWv0XV5tvvCk8O9zK0mI=,mDwtXdR7BWIXrAbe/SMeU+QvJho=
-8,-17,RIZcuPGnWv0XV5tvvCk8O9zK0mI=,tCz7giS6iGaRc3O1IJ4V0lLBjxg=
-15,-17,RIZcuPGnWv0XV5tvvCk8O9zK0mI=,MDmamC6ycmhcR3/QmQonBKOdi+8=
-9,-17,RIZcuPGnWv0XV5tvvCk8O9zK0mI=,Ex/cKsF23tiuLvdT6AosA4OSS+4=
-6,-17,RIZcuPGnWv0XV5tvvCk8O9zK0mI=,V5mT5QJcgeQ04ksF6zfkRbXg1wk=
-4,-17,RIZcuPGnWv0XV5tvvCk8O9zK0mI=,LLn+Yzj06sKyWqJC1n5kJRm7IuI=
-7,-17,RIZcuPGnWv0XV5tvvCk8O9zK0mI=,tCz7giS6iGaRc3O1IJ4V0lLBjxg=
-5,-17,RIZcuPGnWv0XV5tvvCk8O9zK0mI=,V5mT5QJcgeQ04ksF6zfkRbXg1wk=
-2,-17,RIZcuPGnWv0XV5tvvCk8O9zK0mI=,8ho+KiTI/2VsnzX1ghk4QV0FDWk=
-3,-17,RIZcuPGnWv0XV5tvvCk8O9zK0mI=,LLn+Yzj06sKyWqJC1n5kJRm7IuI=
-11,-17,RIZcuPGnWv0XV5tvvCk8O9zK0mI=,K+bnNVSyC/miSo1NzK6lEsDHI1g=
-10,-17,RIZcuPGnWv0XV5tvvCk8O9zK0mI=,Ex/cKsF23tiuLvdT6AosA4OSS+4=
-13,-17,RIZcuPGnWv0XV5tvvCk8O9zK0mI=,mDwtXdR7BWIXrAbe/SMeU+QvJho=
-12,-17,RIZcuPGnWv0XV5tvvCk8O9zK0mI=,K+bnNVSyC/miSo1NzK6lEsDHI1g=
-1,-19,RIZcuPGnWv0XV5tvvCk8O9zK0mI=,8oAPr7Ot8x8LhL4QsT9IiJ+IELg=
-1,-18,RIZcuPGnWv0XV5tvvCk8O9zK0mI=,8ho+KiTI/2VsnzX1ghk4QV0FDWk=
-1,-20,RIZcuPGnWv0XV5tvvCk8O9zK0mI=,8oAPr7Ot8x8LhL4QsT9IiJ+IELg=
-1,-21,9yIDXwp60IQVtag9zdWSG/c978c=,cbAgFX19Plg8syimiUwiCVYT0ZY=
-1,-22,9yIDXwp60IQVtag9zdWSG/c978c=,cbAgFX19Plg8syimiUwiCVYT0ZY=
-1,-23,9yIDXwp60IQVtag9zdWSG/c978c=,MpYYO8v3c56GRI1xkHKsO0xm1cs=
-10,-18,9yIDXwp60IQVtag9zdWSG/c978c=,Ex/cKsF23tiuLvdT6AosA4OSS+4=
-10,-19,9yIDXwp60IQVtag9zdWSG/c978c=,7mqIFovjEtr2Fc5Ey79CDPpcHyw=
-10,-20,9yIDXwp60IQVtag9zdWSG/c978c=,7mqIFovjEtr2Fc5Ey79CDPpcHyw=
-10,-21,9yIDXwp60IQVtag9zdWSG/c978c=,H5EpAm9OYusLlPwMRG2JtJg5sYQ=
-13,-18,9yIDXwp60IQVtag9zdWSG/c978c=,mDwtXdR7BWIXrAbe/SMeU+QvJho=
-13,-21,9yIDXwp60IQVtag9zdWSG/c978c=,LcLAUdkdDJ3l2Wc+XtQc4ec2f/M=
-12,-18,9yIDXwp60IQVtag9zdWSG/c978c=,K+bnNVSyC/miSo1NzK6lEsDHI1g=
-13,-19,9yIDXwp60IQVtag9zdWSG/c978c=,2op5atdzJXZAPaa4q3Wu+l/j+mE=
-13,-20,9yIDXwp60IQVtag9zdWSG/c978c=,2op5atdzJXZAPaa4q3Wu+l/j+mE=
-11,-19,9yIDXwp60IQVtag9zdWSG/c978c=,w+elJRUG02SQCh52OzWVbrTaczM=
-11,-18,9yIDXwp60IQVtag9zdWSG/c978c=,K+bnNVSyC/miSo1NzK6lEsDHI1g=
-12,-19,9yIDXwp60IQVtag9zdWSG/c978c=,w+elJRUG02SQCh52OzWVbrTaczM=
-12,-21,9yIDXwp60IQVtag9zdWSG/c978c=,no9s1rs6Kd+F+nt1Qe6ORieUw8w=
-11,-20,9yIDXwp60IQVtag9zdWSG/c978c=,w+elJRUG02SQCh52OzWVbrTaczM=
-12,-20,9yIDXwp60IQVtag9zdWSG/c978c=,w+elJRUG02SQCh52OzWVbrTaczM=
-11,-21,9yIDXwp60IQVtag9zdWSG/c978c=,no9s1rs6Kd+F+nt1Qe6ORieUw8w=
-1,-24,9yIDXwp60IQVtag9zdWSG/c978c=,MpYYO8v3c56GRI1xkHKsO0xm1cs=
-1,-27,9yIDXwp60IQVtag9zdWSG/c978c=,nfQ9Uj63grQetwVBJNsI//3q86E=
-1,-25,9yIDXwp60IQVtag9zdWSG/c978c=,JLbcWIXH/AV5l4FRhEby4guVyXY=
-1,-26,1mrf1cCOv3u1IOjnRmLgxm/QtaY=,JLbcWIXH/AV5l4FRhEby4guVyXY=
-1,-28,1mrf1cCOv3u1IOjnRmLgxm/QtaY=,nfQ9Uj63grQetwVBJNsI//3q86E=
-1,-29,1mrf1cCOv3u1IOjnRmLgxm/QtaY=,65Amy42L/KZIeAi4jEyNGy516fk=
-1,-30,1mrf1cCOv3u1IOjnRmLgxm/QtaY=,65Amy42L/KZIeAi4jEyNGy516fk=
-1,-31,1mrf1cCOv3u1IOjnRmLgxm/QtaY=,UgGc5oTJFod1tNKQKp/1E3WwHew=
-1,-32,1mrf1cCOv3u1IOjnRmLgxm/QtaY=,UgGc5oTJFod1tNKQKp/1E3WwHew=
-5,-32,1mrf1cCOv3u1IOjnRmLgxm/QtaY=,AobLXZwX7Y/v8RL3jyGTgygVJQo=
-3,-32,1mrf1cCOv3u1IOjnRmLgxm/QtaY=,HND1cr22k75PSX4HWMa7ZQrjV0c=
-4,-32,1mrf1cCOv3u1IOjnRmLgxm/QtaY=,HND1cr22k75PSX4HWMa7ZQrjV0c=
-2,-32,1mrf1cCOv3u1IOjnRmLgxm/QtaY=,UgGc5oTJFod1tNKQKp/1E3WwHew=
-6,-32,1mrf1cCOv3u1IOjnRmLgxm/QtaY=,AobLXZwX7Y/v8RL3jyGTgygVJQo=
-7,-32,1mrf1cCOv3u1IOjnRmLgxm/QtaY=,KZUoLNkbp7ZHGzC3hCieCJGC4sY=
-8,-32,1mrf1cCOv3u1IOjnRmLgxm/QtaY=,KZUoLNkbp7ZHGzC3hCieCJGC4sY=
-9,-32,1mrf1cCOv3u1IOjnRmLgxm/QtaY=,/fxE/umRDyTos+art6UETCG5ZCI=
-13,-32,+fwYVF2TAQo8BrT4fhvc355UppQ=,4dJQTAsG10CYMROPW7ad6mfwaSk=
-12,-32,+fwYVF2TAQo8BrT4fhvc355UppQ=,uJC8MKnZHAaYq3R7jRXp5/jhWdM=
-10,-32,+fwYVF2TAQo8BrT4fhvc355UppQ=,/fxE/umRDyTos+art6UETCG5ZCI=
-11,-32,+fwYVF2TAQo8BrT4fhvc355UppQ=,uJC8MKnZHAaYq3R7jRXp5/jhWdM=
-16,-18,+fwYVF2TAQo8BrT4fhvc355UppQ=,MDmamC6ycmhcR3/QmQonBKOdi+8=
-16,-19,+fwYVF2TAQo8BrT4fhvc355UppQ=,IVtX+kYHqSZHwjsvzueI+6nqtRg=
-16,-21,+fwYVF2TAQo8BrT4fhvc355UppQ=,fbs/JbBp1KiWqXeuilOv83Pnr0c=
-16,-20,+fwYVF2TAQo8BrT4fhvc355UppQ=,IVtX+kYHqSZHwjsvzueI+6nqtRg=
-16,-22,+fwYVF2TAQo8BrT4fhvc355UppQ=,fbs/JbBp1KiWqXeuilOv83Pnr0c=
-16,-23,+fwYVF2TAQo8BrT4fhvc355UppQ=,Kk8sjtfZf8/bCrGAztn8WLaIDI8=
-1,-17,+fwYVF2TAQo8BrT4fhvc355UppQ=,8ho+KiTI/2VsnzX1ghk4QV0FDWk=
-16,-17,+fwYVF2TAQo8BrT4fhvc355UppQ=,MDmamC6ycmhcR3/QmQonBKOdi+8=
-16,-27,+fwYVF2TAQo8BrT4fhvc355UppQ=,hQXCQMZRS2RbYcMbPLFm/q+X99c=
-16,-25,+fwYVF2TAQo8BrT4fhvc355UppQ=,1PfGdYw8hESBQfw4vF9MnxUWC4E=
-16,-24,+fwYVF2TAQo8BrT4fhvc355UppQ=,Kk8sjtfZf8/bCrGAztn8WLaIDI8=
-16,-26,+fwYVF2TAQo8BrT4fhvc355UppQ=,1PfGdYw8hESBQfw4vF9MnxUWC4E=
-8,-27,dlVTIFuqln7RtrLSTzRfhBPzJ0k=,4IlYtm8TaQ0gxWNPmEum2uXH4eU=
-10,-27,dlVTIFuqln7RtrLSTzRfhBPzJ0k=,Elzn7qGCs7JJR3oZTVqi+AccqDY=
-9,-27,dlVTIFuqln7RtrLSTzRfhBPzJ0k=,Elzn7qGCs7JJR3oZTVqi+AccqDY=
-11,-26,1mJ2N82F7PdUorOxK7wRbkjvl+I=,UpqYqi2FZpIS7XJjHjC+oI5fkto=
-11,-27,1mJ2N82F7PdUorOxK7wRbkjvl+I=,qv5EVdpd3d6JJsvyTGFM/C9UCQk=
-8,-26,1mJ2N82F7PdUorOxK7wRbkjvl+I=,pmFbnetVc4GHQhe4nTw3iEkfcyQ=
-11,-25,1mJ2N82F7PdUorOxK7wRbkjvl+I=,UpqYqi2FZpIS7XJjHjC+oI5fkto=
-8,-24,1mJ2N82F7PdUorOxK7wRbkjvl+I=,kRYZHllwdt29shFzsh8WJlMmX5k=
-8,-22,1mJ2N82F7PdUorOxK7wRbkjvl+I=,OSfG+wu/hGRhlIHUBb94ai8Zp08=
-8,-23,1mJ2N82F7PdUorOxK7wRbkjvl+I=,kRYZHllwdt29shFzsh8WJlMmX5k=
-9,-25,1mJ2N82F7PdUorOxK7wRbkjvl+I=,6LeOOJvlWCkkCFjAzQB6qYc6Pj4=
-10,-25,1mJ2N82F7PdUorOxK7wRbkjvl+I=,6LeOOJvlWCkkCFjAzQB6qYc6Pj4=
-8,-25,1mJ2N82F7PdUorOxK7wRbkjvl+I=,pmFbnetVc4GHQhe4nTw3iEkfcyQ=
-11,-24,1mJ2N82F7PdUorOxK7wRbkjvl+I=,a4wsW+p9YeTNwTg2ZSACzdaI2b4=
-9,-26,1mJ2N82F7PdUorOxK7wRbkjvl+I=,6LeOOJvlWCkkCFjAzQB6qYc6Pj4=
-10,-22,1mJ2N82F7PdUorOxK7wRbkjvl+I=,H5EpAm9OYusLlPwMRG2JtJg5sYQ=
-10,-26,1mJ2N82F7PdUorOxK7wRbkjvl+I=,6LeOOJvlWCkkCFjAzQB6qYc6Pj4=
-9,-22,1mJ2N82F7PdUorOxK7wRbkjvl+I=,H5EpAm9OYusLlPwMRG2JtJg5sYQ=
-11,-23,1mJ2N82F7PdUorOxK7wRbkjvl+I=,a4wsW+p9YeTNwTg2ZSACzdaI2b4=
-11,-22,1mJ2N82F7PdUorOxK7wRbkjvl+I=,no9s1rs6Kd+F+nt1Qe6ORieUw8w=
-9,-24,1mJ2N82F7PdUorOxK7wRbkjvl+I=,1CBPK94AwWXEQ9lN3fjv5KC7JSE=
-9,-23,1mJ2N82F7PdUorOxK7wRbkjvl+I=,1CBPK94AwWXEQ9lN3fjv5KC7JSE=
-10,-24,1mJ2N82F7PdUorOxK7wRbkjvl+I=,1CBPK94AwWXEQ9lN3fjv5KC7JSE=
-10,-23,1mJ2N82F7PdUorOxK7wRbkjvl+I=,1CBPK94AwWXEQ9lN3fjv5KC7JSE=
-31,-19,iUkIGPvGnOmWrz4gIvfKce6tntc=,OpZHYjs30Yz8bGW5j72YlhVi05g=
-31,-18,iUkIGPvGnOmWrz4gIvfKce6tntc=,0tvO+khwCUernCfQvOJdeSpyu7I=
-30,-18,iUkIGPvGnOmWrz4gIvfKce6tntc=,+o070WAfD2r0HZXo1CAQtRF3BVw=
-30,-19,iUkIGPvGnOmWrz4gIvfKce6tntc=,QkZNFLfSyLU0WfhLM/yMUzUyIU0=
-31,-21,xw9voVRB67agJNL3UkM1MygoPcg=,V8gcg/86bH99BtM78aelSRLxmx0=
-31,-20,xw9voVRB67agJNL3UkM1MygoPcg=,OpZHYjs30Yz8bGW5j72YlhVi05g=
-30,-20,xw9voVRB67agJNL3UkM1MygoPcg=,QkZNFLfSyLU0WfhLM/yMUzUyIU0=
-30,-21,xw9voVRB67agJNL3UkM1MygoPcg=,LQi0V0jGtCBwv3y4DXDgoWtC7Qk=
-29,-20,xw9voVRB67agJNL3UkM1MygoPcg=,QkZNFLfSyLU0WfhLM/yMUzUyIU0=
-29,-21,xw9voVRB67agJNL3UkM1MygoPcg=,LQi0V0jGtCBwv3y4DXDgoWtC7Qk=
-28,-21,xw9voVRB67agJNL3UkM1MygoPcg=,yHtohBWyvaHIAoPaJXzaWCQcOl0=
-28,-20,xw9voVRB67agJNL3UkM1MygoPcg=,X/Jy05rdmbc/CHcNha0G3JgD06o=
-29,-18,gvWjRZfOAgMBF8vXk3mW/+Bicho=,+o070WAfD2r0HZXo1CAQtRF3BVw=
-28,-18,gvWjRZfOAgMBF8vXk3mW/+Bicho=,o/rpsEepriojZI4a2utzxedKQ58=
-29,-19,gvWjRZfOAgMBF8vXk3mW/+Bicho=,QkZNFLfSyLU0WfhLM/yMUzUyIU0=
-28,-19,gvWjRZfOAgMBF8vXk3mW/+Bicho=,X/Jy05rdmbc/CHcNha0G3JgD06o=
-27,-20,gvWjRZfOAgMBF8vXk3mW/+Bicho=,X/Jy05rdmbc/CHcNha0G3JgD06o=
-27,-21,gvWjRZfOAgMBF8vXk3mW/+Bicho=,yHtohBWyvaHIAoPaJXzaWCQcOl0=
-26,-21,gvWjRZfOAgMBF8vXk3mW/+Bicho=,GAfVDWiOQFg8l0/9J0mt2cTqhHQ=
-26,-20,gvWjRZfOAgMBF8vXk3mW/+Bicho=,+CYHETLx7V5Tj5LDIEUKi93E2dY=
-26,-19,gvWjRZfOAgMBF8vXk3mW/+Bicho=,+CYHETLx7V5Tj5LDIEUKi93E2dY=
-27,-19,gvWjRZfOAgMBF8vXk3mW/+Bicho=,X/Jy05rdmbc/CHcNha0G3JgD06o=
-26,-18,gvWjRZfOAgMBF8vXk3mW/+Bicho=,i6hjCOOUONE4xvyUA6k1jHt4TjE=
-27,-18,gvWjRZfOAgMBF8vXk3mW/+Bicho=,o/rpsEepriojZI4a2utzxedKQ58=
-25,-22,KOn/o72QdJzDo4qKLCOTS56FmlI=,GAfVDWiOQFg8l0/9J0mt2cTqhHQ=
-25,-23,KOn/o72QdJzDo4qKLCOTS56FmlI=,re3R8Pz5qjIdFEV9Kav7nJ+HcPo=
-24,-23,KOn/o72QdJzDo4qKLCOTS56FmlI=,tgi7bsu5+u2e3S2YOMuPKCyBIPg=
-24,-22,KOn/o72QdJzDo4qKLCOTS56FmlI=,b15Vs3/IVTDfqilxvO9+/oP0UhI=
-24,-20,KOn/o72QdJzDo4qKLCOTS56FmlI=,GESaqGmTnT7BhJh+g6eIhsn799g=
-24,-21,KOn/o72QdJzDo4qKLCOTS56FmlI=,b15Vs3/IVTDfqilxvO9+/oP0UhI=
-25,-20,KOn/o72QdJzDo4qKLCOTS56FmlI=,+CYHETLx7V5Tj5LDIEUKi93E2dY=
-25,-21,KOn/o72QdJzDo4qKLCOTS56FmlI=,GAfVDWiOQFg8l0/9J0mt2cTqhHQ=
-24,-18,ukcixvkgSwj57Z/wDxDkg2yg4x4=,PW09xpdMgD8vYTHa4F3mwd7AvwM=
-24,-19,ukcixvkgSwj57Z/wDxDkg2yg4x4=,GESaqGmTnT7BhJh+g6eIhsn799g=
-25,-18,ukcixvkgSwj57Z/wDxDkg2yg4x4=,i6hjCOOUONE4xvyUA6k1jHt4TjE=
-25,-19,ukcixvkgSwj57Z/wDxDkg2yg4x4=,+CYHETLx7V5Tj5LDIEUKi93E2dY=
-23,-20,ukcixvkgSwj57Z/wDxDkg2yg4x4=,GESaqGmTnT7BhJh+g6eIhsn799g=
-23,-21,ukcixvkgSwj57Z/wDxDkg2yg4x4=,b15Vs3/IVTDfqilxvO9+/oP0UhI=
-22,-21,ukcixvkgSwj57Z/wDxDkg2yg4x4=,K6xndlOSDQFXkUJGuCUr2ZAfVeo=
-22,-20,ukcixvkgSwj57Z/wDxDkg2yg4x4=,19EHxdUudnxVDyQU/VwwPQ2QoeA=
-22,-18,ukcixvkgSwj57Z/wDxDkg2yg4x4=,IE/MhZQ3+MKIrxYysMAKBLCZU5k=
-22,-19,ukcixvkgSwj57Z/wDxDkg2yg4x4=,19EHxdUudnxVDyQU/VwwPQ2QoeA=
-23,-18,ukcixvkgSwj57Z/wDxDkg2yg4x4=,PW09xpdMgD8vYTHa4F3mwd7AvwM=
-23,-19,ukcixvkgSwj57Z/wDxDkg2yg4x4=,GESaqGmTnT7BhJh+g6eIhsn799g=
-20,-18,ynVuIW1Ypc4hSWUZBuWYBJgEm/4=,yGmmV+oSdfJQBZmW9tXdb+djGzA=
-20,-19,ynVuIW1Ypc4hSWUZBuWYBJgEm/4=,ZogWupcaMpNgzhJ1rcaFxXTktZ4=
-20,-20,ynVuIW1Ypc4hSWUZBuWYBJgEm/4=,ZogWupcaMpNgzhJ1rcaFxXTktZ4=
-21,-18,ynVuIW1Ypc4hSWUZBuWYBJgEm/4=,IE/MhZQ3+MKIrxYysMAKBLCZU5k=
-21,-19,ynVuIW1Ypc4hSWUZBuWYBJgEm/4=,19EHxdUudnxVDyQU/VwwPQ2QoeA=
-20,-21,ynVuIW1Ypc4hSWUZBuWYBJgEm/4=,c7ZTMv9ovUxvYrUKvMovYxGf9+U=
-21,-20,ynVuIW1Ypc4hSWUZBuWYBJgEm/4=,19EHxdUudnxVDyQU/VwwPQ2QoeA=
-21,-21,ynVuIW1Ypc4hSWUZBuWYBJgEm/4=,K6xndlOSDQFXkUJGuCUr2ZAfVeo=
-19,-21,n9h5AwiTYhFhA5iNatOcG0xmkbc=,c7ZTMv9ovUxvYrUKvMovYxGf9+U=
-19,-20,n9h5AwiTYhFhA5iNatOcG0xmkbc=,ZogWupcaMpNgzhJ1rcaFxXTktZ4=
-19,-23,n9h5AwiTYhFhA5iNatOcG0xmkbc=,ThAlWMR7W/X1WXKCW8EjO4knV08=
-18,-21,n9h5AwiTYhFhA5iNatOcG0xmkbc=,HMgDU/JvHNeAN6QYkNqrhvKNsJI=
-18,-20,n9h5AwiTYhFhA5iNatOcG0xmkbc=,qkhPgCbXrudSIyYnIe1Cfm1aOYU=
-19,-22,n9h5AwiTYhFhA5iNatOcG0xmkbc=,c7ZTMv9ovUxvYrUKvMovYxGf9+U=
-18,-22,n9h5AwiTYhFhA5iNatOcG0xmkbc=,HMgDU/JvHNeAN6QYkNqrhvKNsJI=
-18,-23,n9h5AwiTYhFhA5iNatOcG0xmkbc=,MZTo5syjHbl+I/naRY4pCWdBSPw=
-19,-24,5pgxymDiBFaV+3POBxYzUOKrIUs=,ThAlWMR7W/X1WXKCW8EjO4knV08=
-19,-25,5pgxymDiBFaV+3POBxYzUOKrIUs=,RlWJQMnge6XQr4dl6Zv2dUsTccQ=
-18,-25,5pgxymDiBFaV+3POBxYzUOKrIUs=,AqZTwnBz5aYDInD4/Uf3Wfed160=
-18,-24,5pgxymDiBFaV+3POBxYzUOKrIUs=,MZTo5syjHbl+I/naRY4pCWdBSPw=
-18,-27,5pgxymDiBFaV+3POBxYzUOKrIUs=,p0pOnKQPJbMwMSpQheykgHQjJ3w=
-19,-26,5pgxymDiBFaV+3POBxYzUOKrIUs=,RlWJQMnge6XQr4dl6Zv2dUsTccQ=
-19,-27,5pgxymDiBFaV+3POBxYzUOKrIUs=,FmZuVCajNQiGvuCeUTHYGPvqr0g=
-18,-26,5pgxymDiBFaV+3POBxYzUOKrIUs=,AqZTwnBz5aYDInD4/Uf3Wfed160=
-21,-29,HhS3L7Gw3E9sfRfXzQPkQCbStZY=,wU03sKBjFHyeT0DniZ9RPp3VGcE=
-21,-28,HhS3L7Gw3E9sfRfXzQPkQCbStZY=,irUlU1ZVwM7nTSGaaKhDZzOw3W4=
-19,-28,HhS3L7Gw3E9sfRfXzQPkQCbStZY=,FmZuVCajNQiGvuCeUTHYGPvqr0g=
-20,-29,HhS3L7Gw3E9sfRfXzQPkQCbStZY=,/8gc3vunCzZA9RvK7Ax4BQ2ngc4=
-19,-29,HhS3L7Gw3E9sfRfXzQPkQCbStZY=,/8gc3vunCzZA9RvK7Ax4BQ2ngc4=
-20,-28,HhS3L7Gw3E9sfRfXzQPkQCbStZY=,FmZuVCajNQiGvuCeUTHYGPvqr0g=
-18,-28,HhS3L7Gw3E9sfRfXzQPkQCbStZY=,p0pOnKQPJbMwMSpQheykgHQjJ3w=
-18,-29,HhS3L7Gw3E9sfRfXzQPkQCbStZY=,MZfuzJekt0cK7UVT8AwF5UbAE0U=
-23,-29,JPsfiCT8JcwYCN/FABOrmPwvy1U=,sIk8tMwo1UDAnolFQSoDeQ+xL8s=
-22,-29,JPsfiCT8JcwYCN/FABOrmPwvy1U=,wU03sKBjFHyeT0DniZ9RPp3VGcE=
-22,-28,JPsfiCT8JcwYCN/FABOrmPwvy1U=,irUlU1ZVwM7nTSGaaKhDZzOw3W4=
-23,-28,JPsfiCT8JcwYCN/FABOrmPwvy1U=,cyDNUPQXHI+OSyu3CxIaQhtog7U=
-24,-28,JPsfiCT8JcwYCN/FABOrmPwvy1U=,cyDNUPQXHI+OSyu3CxIaQhtog7U=
-24,-29,JPsfiCT8JcwYCN/FABOrmPwvy1U=,sIk8tMwo1UDAnolFQSoDeQ+xL8s=
-25,-29,JPsfiCT8JcwYCN/FABOrmPwvy1U=,YmtAmS4rble9Jvn3IGbnmPGryr8=
-25,-28,JPsfiCT8JcwYCN/FABOrmPwvy1U=,jEUJhpqWduvfTBWzu5L+E0OHt6c=
-26,-29,dXB4UTxJOHwG40sVQIJ0zzS3SDs=,YmtAmS4rble9Jvn3IGbnmPGryr8=
-27,-28,dXB4UTxJOHwG40sVQIJ0zzS3SDs=,5cZCjfl/JBcQERLEcw7Y8BWQBDU=
-27,-29,dXB4UTxJOHwG40sVQIJ0zzS3SDs=,t6ymBf3VULUnsiYmxjEdD606gb0=
-26,-28,dXB4UTxJOHwG40sVQIJ0zzS3SDs=,jEUJhpqWduvfTBWzu5L+E0OHt6c=
-27,-27,dXB4UTxJOHwG40sVQIJ0zzS3SDs=,5cZCjfl/JBcQERLEcw7Y8BWQBDU=
-26,-27,dXB4UTxJOHwG40sVQIJ0zzS3SDs=,jEUJhpqWduvfTBWzu5L+E0OHt6c=
-26,-26,dXB4UTxJOHwG40sVQIJ0zzS3SDs=,LGdYWpGX/vTEl5Sxo9+5tWWQs/c=
-27,-26,dXB4UTxJOHwG40sVQIJ0zzS3SDs=,HNh/0Uuaw+3bjYrMVdJCPkQABbI=
-28,-29,KokTs1CN13MqqgcuwLVWD506bLU=,t6ymBf3VULUnsiYmxjEdD606gb0=
-29,-29,KokTs1CN13MqqgcuwLVWD506bLU=,ukYLicIRJ2/LHwuCMS5eU0CspE4=
-28,-28,KokTs1CN13MqqgcuwLVWD506bLU=,5cZCjfl/JBcQERLEcw7Y8BWQBDU=
-29,-28,KokTs1CN13MqqgcuwLVWD506bLU=,ncc9X95gHqFIR30ddxpTlJDOF+k=
-31,-29,KokTs1CN13MqqgcuwLVWD506bLU=,o8yDyBUfoVIjPa77cuHZybC+Xfc=
-30,-29,KokTs1CN13MqqgcuwLVWD506bLU=,ukYLicIRJ2/LHwuCMS5eU0CspE4=
-31,-28,KokTs1CN13MqqgcuwLVWD506bLU=,Dc2i98h6fAfVoIEvbAzVmSabW1k=
-30,-28,KokTs1CN13MqqgcuwLVWD506bLU=,ncc9X95gHqFIR30ddxpTlJDOF+k=
-31,-30,KokTs1CN13MqqgcuwLVWD506bLU=,o8yDyBUfoVIjPa77cuHZybC+Xfc=
-30,-30,KokTs1CN13MqqgcuwLVWD506bLU=,ukYLicIRJ2/LHwuCMS5eU0CspE4=
-30,-31,KokTs1CN13MqqgcuwLVWD506bLU=,uqebUZzLquYSk0L7F4lnWozdx5w=
-31,-31,KokTs1CN13MqqgcuwLVWD506bLU=,nf9TOKxf04BkQd4Y2nChsNQUM3Q=
-29,-27,DVi/YYov66yjf3Um8yu9LhqOCls=,ncc9X95gHqFIR30ddxpTlJDOF+k=
-28,-27,DVi/YYov66yjf3Um8yu9LhqOCls=,5cZCjfl/JBcQERLEcw7Y8BWQBDU=
-29,-26,DVi/YYov66yjf3Um8yu9LhqOCls=,WANYv4FQDbdYlV06w+3Npe84ybQ=
-28,-26,DVi/YYov66yjf3Um8yu9LhqOCls=,HNh/0Uuaw+3bjYrMVdJCPkQABbI=
-30,-27,DVi/YYov66yjf3Um8yu9LhqOCls=,ncc9X95gHqFIR30ddxpTlJDOF+k=
-31,-26,DVi/YYov66yjf3Um8yu9LhqOCls=,Zcq2nE0UOOJKDh9GLlmodyhyFc0=
-30,-26,DVi/YYov66yjf3Um8yu9LhqOCls=,WANYv4FQDbdYlV06w+3Npe84ybQ=
-31,-27,DVi/YYov66yjf3Um8yu9LhqOCls=,Dc2i98h6fAfVoIEvbAzVmSabW1k=
-31,-23,gmGjbKqN8ETVboIxS2ng5gGCjgY=,1ETlgyAtFHt1iXHUbX2iZ8dObrA=
-30,-25,gmGjbKqN8ETVboIxS2ng5gGCjgY=,WANYv4FQDbdYlV06w+3Npe84ybQ=
-30,-23,gmGjbKqN8ETVboIxS2ng5gGCjgY=,/n2XlHaVdwUtQnB4b7Is5CdUsJA=
-31,-22,gmGjbKqN8ETVboIxS2ng5gGCjgY=,V8gcg/86bH99BtM78aelSRLxmx0=
-31,-25,gmGjbKqN8ETVboIxS2ng5gGCjgY=,Zcq2nE0UOOJKDh9GLlmodyhyFc0=
-30,-22,gmGjbKqN8ETVboIxS2ng5gGCjgY=,LQi0V0jGtCBwv3y4DXDgoWtC7Qk=
-31,-24,gmGjbKqN8ETVboIxS2ng5gGCjgY=,1ETlgyAtFHt1iXHUbX2iZ8dObrA=
-30,-24,gmGjbKqN8ETVboIxS2ng5gGCjgY=,/n2XlHaVdwUtQnB4b7Is5CdUsJA=
-29,-25,gmGjbKqN8ETVboIxS2ng5gGCjgY=,WANYv4FQDbdYlV06w+3Npe84ybQ=
-27,-25,NSy09YDAcgT0h22dhyFM8/0TjK8=,HNh/0Uuaw+3bjYrMVdJCPkQABbI=
-29,-23,NSy09YDAcgT0h22dhyFM8/0TjK8=,/n2XlHaVdwUtQnB4b7Is5CdUsJA=
-28,-25,NSy09YDAcgT0h22dhyFM8/0TjK8=,HNh/0Uuaw+3bjYrMVdJCPkQABbI=
-26,-25,NSy09YDAcgT0h22dhyFM8/0TjK8=,LGdYWpGX/vTEl5Sxo9+5tWWQs/c=
-29,-24,NSy09YDAcgT0h22dhyFM8/0TjK8=,/n2XlHaVdwUtQnB4b7Is5CdUsJA=
-26,-24,NSy09YDAcgT0h22dhyFM8/0TjK8=,re3R8Pz5qjIdFEV9Kav7nJ+HcPo=
-29,-22,NSy09YDAcgT0h22dhyFM8/0TjK8=,LQi0V0jGtCBwv3y4DXDgoWtC7Qk=
-27,-24,NSy09YDAcgT0h22dhyFM8/0TjK8=,M71/6l7XFQt7anAhSj+FBQ2LgZA=
-26,-22,NSy09YDAcgT0h22dhyFM8/0TjK8=,GAfVDWiOQFg8l0/9J0mt2cTqhHQ=
-26,-23,NSy09YDAcgT0h22dhyFM8/0TjK8=,re3R8Pz5qjIdFEV9Kav7nJ+HcPo=
-27,-22,NSy09YDAcgT0h22dhyFM8/0TjK8=,yHtohBWyvaHIAoPaJXzaWCQcOl0=
-28,-22,NSy09YDAcgT0h22dhyFM8/0TjK8=,yHtohBWyvaHIAoPaJXzaWCQcOl0=
-28,-24,NSy09YDAcgT0h22dhyFM8/0TjK8=,M71/6l7XFQt7anAhSj+FBQ2LgZA=
-27,-23,NSy09YDAcgT0h22dhyFM8/0TjK8=,M71/6l7XFQt7anAhSj+FBQ2LgZA=
-32,-23,NSy09YDAcgT0h22dhyFM8/0TjK8=,1ETlgyAtFHt1iXHUbX2iZ8dObrA=
-28,-23,NSy09YDAcgT0h22dhyFM8/0TjK8=,M71/6l7XFQt7anAhSj+FBQ2LgZA=
-32,-22,NSy09YDAcgT0h22dhyFM8/0TjK8=,V8gcg/86bH99BtM78aelSRLxmx0=
-32,-21,NSy09YDAcgT0h22dhyFM8/0TjK8=,V8gcg/86bH99BtM78aelSRLxmx0=
-32,-20,NSy09YDAcgT0h22dhyFM8/0TjK8=,OpZHYjs30Yz8bGW5j72YlhVi05g=
-32,-19,NSy09YDAcgT0h22dhyFM8/0TjK8=,OpZHYjs30Yz8bGW5j72YlhVi05g=
-32,-18,NSy09YDAcgT0h22dhyFM8/0TjK8=,0tvO+khwCUernCfQvOJdeSpyu7I=
-32,-17,NSy09YDAcgT0h22dhyFM8/0TjK8=,0tvO+khwCUernCfQvOJdeSpyu7I=
-20,-30,NSy09YDAcgT0h22dhyFM8/0TjK8=,/8gc3vunCzZA9RvK7Ax4BQ2ngc4=
-21,-31,NSy09YDAcgT0h22dhyFM8/0TjK8=,Wi17/BToAXDIY+Bml6fu/hCnh2I=
-20,-31,NSy09YDAcgT0h22dhyFM8/0TjK8=,EDQXrmkAD8uVmYnTPSGrGaQyVcA=
-21,-30,NSy09YDAcgT0h22dhyFM8/0TjK8=,wU03sKBjFHyeT0DniZ9RPp3VGcE=
-23,-31,NSy09YDAcgT0h22dhyFM8/0TjK8=,kUPp14F0206mCSjSIj1+Bzscfnk=
-23,-30,NSy09YDAcgT0h22dhyFM8/0TjK8=,sIk8tMwo1UDAnolFQSoDeQ+xL8s=
-22,-31,NSy09YDAcgT0h22dhyFM8/0TjK8=,Wi17/BToAXDIY+Bml6fu/hCnh2I=
-22,-30,NSy09YDAcgT0h22dhyFM8/0TjK8=,wU03sKBjFHyeT0DniZ9RPp3VGcE=
-19,-30,NSy09YDAcgT0h22dhyFM8/0TjK8=,/8gc3vunCzZA9RvK7Ax4BQ2ngc4=
-19,-31,NSy09YDAcgT0h22dhyFM8/0TjK8=,EDQXrmkAD8uVmYnTPSGrGaQyVcA=
-18,-30,NSy09YDAcgT0h22dhyFM8/0TjK8=,MZfuzJekt0cK7UVT8AwF5UbAE0U=
-18,-31,NSy09YDAcgT0h22dhyFM8/0TjK8=,b+siOSWN3H0y9OQF5t8rGqCLhFM=
-25,-30,yzBdSPY67AoljPCodCH57aFNabk=,YmtAmS4rble9Jvn3IGbnmPGryr8=
-24,-30,yzBdSPY67AoljPCodCH57aFNabk=,sIk8tMwo1UDAnolFQSoDeQ+xL8s=
-24,-31,yzBdSPY67AoljPCodCH57aFNabk=,kUPp14F0206mCSjSIj1+Bzscfnk=
-25,-31,yzBdSPY67AoljPCodCH57aFNabk=,CsASjpOdJJ/bPIGbueks0jrLo18=
-29,-30,yzBdSPY67AoljPCodCH57aFNabk=,ukYLicIRJ2/LHwuCMS5eU0CspE4=
-29,-31,yzBdSPY67AoljPCodCH57aFNabk=,uqebUZzLquYSk0L7F4lnWozdx5w=
-27,-32,yzBdSPY67AoljPCodCH57aFNabk=,Mus7W2kJN51kC/Vd70FDib3jQu0=
-26,-32,yzBdSPY67AoljPCodCH57aFNabk=,CsASjpOdJJ/bPIGbueks0jrLo18=
-26,-30,yzBdSPY67AoljPCodCH57aFNabk=,YmtAmS4rble9Jvn3IGbnmPGryr8=
-28,-31,yzBdSPY67AoljPCodCH57aFNabk=,Mus7W2kJN51kC/Vd70FDib3jQu0=
-27,-30,yzBdSPY67AoljPCodCH57aFNabk=,t6ymBf3VULUnsiYmxjEdD606gb0=
-27,-31,yzBdSPY67AoljPCodCH57aFNabk=,Mus7W2kJN51kC/Vd70FDib3jQu0=
-28,-30,yzBdSPY67AoljPCodCH57aFNabk=,t6ymBf3VULUnsiYmxjEdD606gb0=
-26,-31,yzBdSPY67AoljPCodCH57aFNabk=,CsASjpOdJJ/bPIGbueks0jrLo18=
-28,-32,yzBdSPY67AoljPCodCH57aFNabk=,Mus7W2kJN51kC/Vd70FDib3jQu0=
-29,-32,yzBdSPY67AoljPCodCH57aFNabk=,uqebUZzLquYSk0L7F4lnWozdx5w=
-31,-32,yzBdSPY67AoljPCodCH57aFNabk=,nf9TOKxf04BkQd4Y2nChsNQUM3Q=
-30,-32,yzBdSPY67AoljPCodCH57aFNabk=,uqebUZzLquYSk0L7F4lnWozdx5w=
-24,-32,yzBdSPY67AoljPCodCH57aFNabk=,kUPp14F0206mCSjSIj1+Bzscfnk=
-25,-32,yzBdSPY67AoljPCodCH57aFNabk=,CsASjpOdJJ/bPIGbueks0jrLo18=
-23,-32,yzBdSPY67AoljPCodCH57aFNabk=,kUPp14F0206mCSjSIj1+Bzscfnk=
-22,-32,yzBdSPY67AoljPCodCH57aFNabk=,Wi17/BToAXDIY+Bml6fu/hCnh2I=
-21,-32,nyCqy/rY3+H+E9Y2yAoXaqUsrhk=,Wi17/BToAXDIY+Bml6fu/hCnh2I=
-20,-32,nyCqy/rY3+H+E9Y2yAoXaqUsrhk=,EDQXrmkAD8uVmYnTPSGrGaQyVcA=
-19,-32,nyCqy/rY3+H+E9Y2yAoXaqUsrhk=,EDQXrmkAD8uVmYnTPSGrGaQyVcA=
-18,-32,nyCqy/rY3+H+E9Y2yAoXaqUsrhk=,b+siOSWN3H0y9OQF5t8rGqCLhFM=
-17,-31,nyCqy/rY3+H+E9Y2yAoXaqUsrhk=,b+siOSWN3H0y9OQF5t8rGqCLhFM=
-17,-30,nyCqy/rY3+H+E9Y2yAoXaqUsrhk=,MZfuzJekt0cK7UVT8AwF5UbAE0U=
-17,-28,nyCqy/rY3+H+E9Y2yAoXaqUsrhk=,p0pOnKQPJbMwMSpQheykgHQjJ3w=
-17,-29,nyCqy/rY3+H+E9Y2yAoXaqUsrhk=,MZfuzJekt0cK7UVT8AwF5UbAE0U=
-17,-26,nyCqy/rY3+H+E9Y2yAoXaqUsrhk=,AqZTwnBz5aYDInD4/Uf3Wfed160=
-17,-27,nyCqy/rY3+H+E9Y2yAoXaqUsrhk=,p0pOnKQPJbMwMSpQheykgHQjJ3w=
-17,-25,nyCqy/rY3+H+E9Y2yAoXaqUsrhk=,AqZTwnBz5aYDInD4/Uf3Wfed160=
-17,-24,nyCqy/rY3+H+E9Y2yAoXaqUsrhk=,MZTo5syjHbl+I/naRY4pCWdBSPw=
-17,-22,nyCqy/rY3+H+E9Y2yAoXaqUsrhk=,HMgDU/JvHNeAN6QYkNqrhvKNsJI=
-17,-23,nyCqy/rY3+H+E9Y2yAoXaqUsrhk=,MZTo5syjHbl+I/naRY4pCWdBSPw=
-17,-21,nyCqy/rY3+H+E9Y2yAoXaqUsrhk=,HMgDU/JvHNeAN6QYkNqrhvKNsJI=
-17,-20,nyCqy/rY3+H+E9Y2yAoXaqUsrhk=,qkhPgCbXrudSIyYnIe1Cfm1aOYU=
-19,-19,h5QHlGhGFuGVa/hlXMhhimzZ+E4=,ZogWupcaMpNgzhJ1rcaFxXTktZ4=
-19,-17,h5QHlGhGFuGVa/hlXMhhimzZ+E4=,yGmmV+oSdfJQBZmW9tXdb+djGzA=
-18,-19,h5QHlGhGFuGVa/hlXMhhimzZ+E4=,qkhPgCbXrudSIyYnIe1Cfm1aOYU=
-17,-19,h5QHlGhGFuGVa/hlXMhhimzZ+E4=,qkhPgCbXrudSIyYnIe1Cfm1aOYU=
-18,-17,h5QHlGhGFuGVa/hlXMhhimzZ+E4=,tFKcCPnTGzaqSP+MSoFCC4xRnzA=
-19,-18,h5QHlGhGFuGVa/hlXMhhimzZ+E4=,yGmmV+oSdfJQBZmW9tXdb+djGzA=
-18,-18,h5QHlGhGFuGVa/hlXMhhimzZ+E4=,tFKcCPnTGzaqSP+MSoFCC4xRnzA=
-17,-18,h5QHlGhGFuGVa/hlXMhhimzZ+E4=,tFKcCPnTGzaqSP+MSoFCC4xRnzA=
-20,-17,h5QHlGhGFuGVa/hlXMhhimzZ+E4=,yGmmV+oSdfJQBZmW9tXdb+djGzA=
-21,-17,h5QHlGhGFuGVa/hlXMhhimzZ+E4=,IE/MhZQ3+MKIrxYysMAKBLCZU5k=
-22,-17,h5QHlGhGFuGVa/hlXMhhimzZ+E4=,IE/MhZQ3+MKIrxYysMAKBLCZU5k=
-23,-17,h5QHlGhGFuGVa/hlXMhhimzZ+E4=,PW09xpdMgD8vYTHa4F3mwd7AvwM=
-25,-17,h5QHlGhGFuGVa/hlXMhhimzZ+E4=,i6hjCOOUONE4xvyUA6k1jHt4TjE=
-24,-17,h5QHlGhGFuGVa/hlXMhhimzZ+E4=,PW09xpdMgD8vYTHa4F3mwd7AvwM=
-27,-17,h5QHlGhGFuGVa/hlXMhhimzZ+E4=,o/rpsEepriojZI4a2utzxedKQ58=
-26,-17,h5QHlGhGFuGVa/hlXMhhimzZ+E4=,i6hjCOOUONE4xvyUA6k1jHt4TjE=
-31,-17,h5QHlGhGFuGVa/hlXMhhimzZ+E4=,0tvO+khwCUernCfQvOJdeSpyu7I=
-30,-17,h5QHlGhGFuGVa/hlXMhhimzZ+E4=,+o070WAfD2r0HZXo1CAQtRF3BVw=
-28,-17,h5QHlGhGFuGVa/hlXMhhimzZ+E4=,o/rpsEepriojZI4a2utzxedKQ58=
-29,-17,h5QHlGhGFuGVa/hlXMhhimzZ+E4=,+o070WAfD2r0HZXo1CAQtRF3BVw=
-32,-31,y+NYvP9HjuHCYABcdHAM3rQIJQg=,nf9TOKxf04BkQd4Y2nChsNQUM3Q=
-32,-30,y+NYvP9HjuHCYABcdHAM3rQIJQg=,o8yDyBUfoVIjPa77cuHZybC+Xfc=
-32,-32,y+NYvP9HjuHCYABcdHAM3rQIJQg=,nf9TOKxf04BkQd4Y2nChsNQUM3Q=
-32,-29,y+NYvP9HjuHCYABcdHAM3rQIJQg=,o8yDyBUfoVIjPa77cuHZybC+Xfc=
-32,-28,y+NYvP9HjuHCYABcdHAM3rQIJQg=,Dc2i98h6fAfVoIEvbAzVmSabW1k=
-32,-26,y+NYvP9HjuHCYABcdHAM3rQIJQg=,Zcq2nE0UOOJKDh9GLlmodyhyFc0=
-32,-27,y+NYvP9HjuHCYABcdHAM3rQIJQg=,Dc2i98h6fAfVoIEvbAzVmSabW1k=
-32,-25,y+NYvP9HjuHCYABcdHAM3rQIJQg=,Zcq2nE0UOOJKDh9GLlmodyhyFc0=
-32,-24,y+NYvP9HjuHCYABcdHAM3rQIJQg=,1ETlgyAtFHt1iXHUbX2iZ8dObrA=
-17,-32,y+NYvP9HjuHCYABcdHAM3rQIJQg=,b+siOSWN3H0y9OQF5t8rGqCLhFM=
-17,-17,y+NYvP9HjuHCYABcdHAM3rQIJQg=,tFKcCPnTGzaqSP+MSoFCC4xRnzA=
-25,-27,iF9NtUW0UrQzpmoXHyLUeCUYCN4=,jEUJhpqWduvfTBWzu5L+E0OHt6c=
-24,-27,iF9NtUW0UrQzpmoXHyLUeCUYCN4=,cyDNUPQXHI+OSyu3CxIaQhtog7U=
-24,-26,iF9NtUW0UrQzpmoXHyLUeCUYCN4=,SdCn9ZhvabD4jqyI1WR0HuDgMsU=
-24,-24,iF9NtUW0UrQzpmoXHyLUeCUYCN4=,tgi7bsu5+u2e3S2YOMuPKCyBIPg=
-25,-25,iF9NtUW0UrQzpmoXHyLUeCUYCN4=,LGdYWpGX/vTEl5Sxo9+5tWWQs/c=
-24,-25,iF9NtUW0UrQzpmoXHyLUeCUYCN4=,SdCn9ZhvabD4jqyI1WR0HuDgMsU=
-25,-26,iF9NtUW0UrQzpmoXHyLUeCUYCN4=,LGdYWpGX/vTEl5Sxo9+5tWWQs/c=
-25,-24,iF9NtUW0UrQzpmoXHyLUeCUYCN4=,re3R8Pz5qjIdFEV9Kav7nJ+HcPo=
-21,-27,iF9NtUW0UrQzpmoXHyLUeCUYCN4=,irUlU1ZVwM7nTSGaaKhDZzOw3W4=
-23,-27,iF9NtUW0UrQzpmoXHyLUeCUYCN4=,cyDNUPQXHI+OSyu3CxIaQhtog7U=
-22,-27,iF9NtUW0UrQzpmoXHyLUeCUYCN4=,irUlU1ZVwM7nTSGaaKhDZzOw3W4=
-23,-26,iF9NtUW0UrQzpmoXHyLUeCUYCN4=,SdCn9ZhvabD4jqyI1WR0HuDgMsU=
-20,-27,iF9NtUW0UrQzpmoXHyLUeCUYCN4=,FmZuVCajNQiGvuCeUTHYGPvqr0g=
-20,-26,iF9NtUW0UrQzpmoXHyLUeCUYCN4=,RlWJQMnge6XQr4dl6Zv2dUsTccQ=
-20,-24,iF9NtUW0UrQzpmoXHyLUeCUYCN4=,ThAlWMR7W/X1WXKCW8EjO4knV08=
-20,-22,iF9NtUW0UrQzpmoXHyLUeCUYCN4=,c7ZTMv9ovUxvYrUKvMovYxGf9+U=
-20,-25,iF9NtUW0UrQzpmoXHyLUeCUYCN4=,RlWJQMnge6XQr4dl6Zv2dUsTccQ=
-20,-23,iF9NtUW0UrQzpmoXHyLUeCUYCN4=,ThAlWMR7W/X1WXKCW8EjO4knV08=
-23,-25,iF9NtUW0UrQzpmoXHyLUeCUYCN4=,SdCn9ZhvabD4jqyI1WR0HuDgMsU=
-23,-23,iF9NtUW0UrQzpmoXHyLUeCUYCN4=,tgi7bsu5+u2e3S2YOMuPKCyBIPg=
-23,-22,iF9NtUW0UrQzpmoXHyLUeCUYCN4=,b15Vs3/IVTDfqilxvO9+/oP0UhI=
-22,-22,iF9NtUW0UrQzpmoXHyLUeCUYCN4=,K6xndlOSDQFXkUJGuCUr2ZAfVeo=
-21,-24,iF9NtUW0UrQzpmoXHyLUeCUYCN4=,zMfaPsL0b0a4jNvvm+dPhYJKv8I=
-22,-26,iF9NtUW0UrQzpmoXHyLUeCUYCN4=,uIdTfbxbnw3JKj90LvuloQcTvG0=
-22,-25,iF9NtUW0UrQzpmoXHyLUeCUYCN4=,uIdTfbxbnw3JKj90LvuloQcTvG0=
-22,-24,iF9NtUW0UrQzpmoXHyLUeCUYCN4=,zMfaPsL0b0a4jNvvm+dPhYJKv8I=
-21,-26,iF9NtUW0UrQzpmoXHyLUeCUYCN4=,uIdTfbxbnw3JKj90LvuloQcTvG0=
-21,-23,iF9NtUW0UrQzpmoXHyLUeCUYCN4=,zMfaPsL0b0a4jNvvm+dPhYJKv8I=
-21,-25,iF9NtUW0UrQzpmoXHyLUeCUYCN4=,uIdTfbxbnw3JKj90LvuloQcTvG0=
-22,-23,iF9NtUW0UrQzpmoXHyLUeCUYCN4=,zMfaPsL0b0a4jNvvm+dPhYJKv8I=
-23,-24,iF9NtUW0UrQzpmoXHyLUeCUYCN4=,tgi7bsu5+u2e3S2YOMuPKCyBIPg=
-21,-22,iF9NtUW0UrQzpmoXHyLUeCUYCN4=,K6xndlOSDQFXkUJGuCUr2ZAfVeo=
-30,-3,+GafJBRbQ5/Pg29GPn0LweCYjSU=,G3gIODTMwVmIwkhA3klK2hTB2Ks=
-31,-3,+GafJBRbQ5/Pg29GPn0LweCYjSU=,SwFEpVwtpE3AbbASM465OeWSPvE=
-31,-2,+GafJBRbQ5/Pg29GPn0LweCYjSU=,u6KeyxVtahGuBYfpDcJlH3ZMA4k=
-30,-2,+GafJBRbQ5/Pg29GPn0LweCYjSU=,nwm0d9Rfm2kFX5ls4VyaoYe0its=
-31,-4,+GafJBRbQ5/Pg29GPn0LweCYjSU=,SwFEpVwtpE3AbbASM465OeWSPvE=
-30,-5,+GafJBRbQ5/Pg29GPn0LweCYjSU=,BM1Owhzf8CN8/hnkQ1TFvKZGosM=
-30,-4,+GafJBRbQ5/Pg29GPn0LweCYjSU=,G3gIODTMwVmIwkhA3klK2hTB2Ks=
-31,-5,+GafJBRbQ5/Pg29GPn0LweCYjSU=,Pi7tfrRMqJSFmdu31FEAIbHjp8U=
-30,-7,AAk1saAWeI9qJCVsnqgXwm8Dde4=,Q8txdcSIZYvf4DqxDhXzzBj9G7w=
-31,-7,AAk1saAWeI9qJCVsnqgXwm8Dde4=,N6/k0YRjQTfZ+0bekMEnFxA53tw=
-30,-6,AAk1saAWeI9qJCVsnqgXwm8Dde4=,BM1Owhzf8CN8/hnkQ1TFvKZGosM=
-31,-6,AAk1saAWeI9qJCVsnqgXwm8Dde4=,Pi7tfrRMqJSFmdu31FEAIbHjp8U=
-29,-7,XBDGqLIJFwU+Wu7lGXfKJlaxeEo=,Q8txdcSIZYvf4DqxDhXzzBj9G7w=
-28,-6,XBDGqLIJFwU+Wu7lGXfKJlaxeEo=,ujCw71J0cXctsQyMNntsasz9uKw=
-29,-6,XBDGqLIJFwU+Wu7lGXfKJlaxeEo=,BM1Owhzf8CN8/hnkQ1TFvKZGosM=
-28,-7,XBDGqLIJFwU+Wu7lGXfKJlaxeEo=,Q2P1oqUu+lHM4fcrcHUdnQl6HWQ=
-29,-5,XBDGqLIJFwU+Wu7lGXfKJlaxeEo=,BM1Owhzf8CN8/hnkQ1TFvKZGosM=
-29,-4,XBDGqLIJFwU+Wu7lGXfKJlaxeEo=,G3gIODTMwVmIwkhA3klK2hTB2Ks=
-28,-4,XBDGqLIJFwU+Wu7lGXfKJlaxeEo=,QaYKbdGiXfdyE12sK11K5oIgbYs=
-28,-5,XBDGqLIJFwU+Wu7lGXfKJlaxeEo=,ujCw71J0cXctsQyMNntsasz9uKw=
-28,-9,XBDGqLIJFwU+Wu7lGXfKJlaxeEo=,SK2fnCt5JMttzAR4V61fao9aWqs=
-29,-8,XBDGqLIJFwU+Wu7lGXfKJlaxeEo=,Q8txdcSIZYvf4DqxDhXzzBj9G7w=
-29,-9,XBDGqLIJFwU+Wu7lGXfKJlaxeEo=,VinzcJa0mZi2WLnCCBliBIR05dA=
-28,-8,XBDGqLIJFwU+Wu7lGXfKJlaxeEo=,Q2P1oqUu+lHM4fcrcHUdnQl6HWQ=
-29,-10,xuFaFCkH6YOhu2wOlqoH0yzaeic=,VinzcJa0mZi2WLnCCBliBIR05dA=
-28,-10,xuFaFCkH6YOhu2wOlqoH0yzaeic=,SK2fnCt5JMttzAR4V61fao9aWqs=
-28,-11,xuFaFCkH6YOhu2wOlqoH0yzaeic=,E5ta+siQZBkTQ9MbqUb8OmCISzI=
-29,-11,xuFaFCkH6YOhu2wOlqoH0yzaeic=,lkFj6DItLZtN3QVue1shAqCe5O8=
-27,-10,pH2V6g+li4RLsdKOwr82Rk6fklo=,SK2fnCt5JMttzAR4V61fao9aWqs=
-27,-11,pH2V6g+li4RLsdKOwr82Rk6fklo=,E5ta+siQZBkTQ9MbqUb8OmCISzI=
-26,-10,pH2V6g+li4RLsdKOwr82Rk6fklo=,VOvXB91oMyWviSzV4vdxkkbIvfY=
-26,-11,pH2V6g+li4RLsdKOwr82Rk6fklo=,dtT3srNByoqauSYJpRvM9xnJqJ4=
-25,-13,pH2V6g+li4RLsdKOwr82Rk6fklo=,gxaozaG2XGHZC+GLUV3U7KHuyhE=
-24,-12,pH2V6g+li4RLsdKOwr82Rk6fklo=,PxASDHOeBmyndAcc940gnS5lxHs=
-24,-13,pH2V6g+li4RLsdKOwr82Rk6fklo=,kKj4I/KIOmNd4aO5YIfYc9sG5K4=
-25,-12,pH2V6g+li4RLsdKOwr82Rk6fklo=,dtT3srNByoqauSYJpRvM9xnJqJ4=
-25,-14,pH2V6g+li4RLsdKOwr82Rk6fklo=,gxaozaG2XGHZC+GLUV3U7KHuyhE=
-25,-15,pH2V6g+li4RLsdKOwr82Rk6fklo=,KW7Tfv2VRgHmYicun9j8CTDmC8I=
-24,-14,pH2V6g+li4RLsdKOwr82Rk6fklo=,kKj4I/KIOmNd4aO5YIfYc9sG5K4=
-24,-15,pH2V6g+li4RLsdKOwr82Rk6fklo=,JKgw8g9ggIqeVFK8oQOqhqsnyqI=
-26,-13,+aWF+IqfLLsAFhxnSUfh2Jj7S8g=,gxaozaG2XGHZC+GLUV3U7KHuyhE=
-27,-15,+aWF+IqfLLsAFhxnSUfh2Jj7S8g=,W20UxznzVZQYF7DU9E++NDc89VU=
-26,-12,+aWF+IqfLLsAFhxnSUfh2Jj7S8g=,dtT3srNByoqauSYJpRvM9xnJqJ4=
-27,-12,+aWF+IqfLLsAFhxnSUfh2Jj7S8g=,E5ta+siQZBkTQ9MbqUb8OmCISzI=
-26,-15,+aWF+IqfLLsAFhxnSUfh2Jj7S8g=,KW7Tfv2VRgHmYicun9j8CTDmC8I=
-27,-13,+aWF+IqfLLsAFhxnSUfh2Jj7S8g=,i6X5L6Z8MHgnRLlQfGJfPjrAZhA=
-26,-14,+aWF+IqfLLsAFhxnSUfh2Jj7S8g=,gxaozaG2XGHZC+GLUV3U7KHuyhE=
-27,-14,+aWF+IqfLLsAFhxnSUfh2Jj7S8g=,i6X5L6Z8MHgnRLlQfGJfPjrAZhA=
-29,-15,VZzTc8zsBWrsyIJmNFEucb484LA=,yXNNI90FDVXjolWZ7ISyEkOLu1w=
-28,-15,VZzTc8zsBWrsyIJmNFEucb484LA=,W20UxznzVZQYF7DU9E++NDc89VU=
-28,-14,VZzTc8zsBWrsyIJmNFEucb484LA=,i6X5L6Z8MHgnRLlQfGJfPjrAZhA=
-29,-12,VZzTc8zsBWrsyIJmNFEucb484LA=,lkFj6DItLZtN3QVue1shAqCe5O8=
-28,-13,VZzTc8zsBWrsyIJmNFEucb484LA=,i6X5L6Z8MHgnRLlQfGJfPjrAZhA=
-28,-12,VZzTc8zsBWrsyIJmNFEucb484LA=,E5ta+siQZBkTQ9MbqUb8OmCISzI=
-29,-13,VZzTc8zsBWrsyIJmNFEucb484LA=,IwVwC39aLaBfz1p7Y2IWHjNKMyg=
-29,-14,VZzTc8zsBWrsyIJmNFEucb484LA=,IwVwC39aLaBfz1p7Y2IWHjNKMyg=
-30,-14,VZzTc8zsBWrsyIJmNFEucb484LA=,IwVwC39aLaBfz1p7Y2IWHjNKMyg=
-31,-15,VZzTc8zsBWrsyIJmNFEucb484LA=,9dD1U4y06Mgq8aplYzE0w5u2JLY=
-30,-15,VZzTc8zsBWrsyIJmNFEucb484LA=,yXNNI90FDVXjolWZ7ISyEkOLu1w=
-31,-14,VZzTc8zsBWrsyIJmNFEucb484LA=,G3XWjUWrCdF4aW7alehnxDpwrrg=
-31,-12,rNg1qHyIzjTIjf8wRQ0cawOVUSA=,XnAEu7R6LP+SW+Kl3EeuEi6VPhs=
-30,-13,rNg1qHyIzjTIjf8wRQ0cawOVUSA=,IwVwC39aLaBfz1p7Y2IWHjNKMyg=
-31,-13,rNg1qHyIzjTIjf8wRQ0cawOVUSA=,G3XWjUWrCdF4aW7alehnxDpwrrg=
-30,-12,rNg1qHyIzjTIjf8wRQ0cawOVUSA=,lkFj6DItLZtN3QVue1shAqCe5O8=
-30,-9,rNg1qHyIzjTIjf8wRQ0cawOVUSA=,VinzcJa0mZi2WLnCCBliBIR05dA=
-31,-8,rNg1qHyIzjTIjf8wRQ0cawOVUSA=,N6/k0YRjQTfZ+0bekMEnFxA53tw=
-30,-8,rNg1qHyIzjTIjf8wRQ0cawOVUSA=,Q8txdcSIZYvf4DqxDhXzzBj9G7w=
-31,-10,rNg1qHyIzjTIjf8wRQ0cawOVUSA=,DgnaMzCv28BFI7FkD1qc9xb/lj4=
-30,-10,rNg1qHyIzjTIjf8wRQ0cawOVUSA=,VinzcJa0mZi2WLnCCBliBIR05dA=
-30,-11,rNg1qHyIzjTIjf8wRQ0cawOVUSA=,lkFj6DItLZtN3QVue1shAqCe5O8=
-31,-9,rNg1qHyIzjTIjf8wRQ0cawOVUSA=,DgnaMzCv28BFI7FkD1qc9xb/lj4=
-31,-11,rNg1qHyIzjTIjf8wRQ0cawOVUSA=,XnAEu7R6LP+SW+Kl3EeuEi6VPhs=
-32,-10,rNg1qHyIzjTIjf8wRQ0cawOVUSA=,DgnaMzCv28BFI7FkD1qc9xb/lj4=
-32,-13,rNg1qHyIzjTIjf8wRQ0cawOVUSA=,G3XWjUWrCdF4aW7alehnxDpwrrg=
-32,-11,rNg1qHyIzjTIjf8wRQ0cawOVUSA=,XnAEu7R6LP+SW+Kl3EeuEi6VPhs=
-32,-12,rNg1qHyIzjTIjf8wRQ0cawOVUSA=,XnAEu7R6LP+SW+Kl3EeuEi6VPhs=
-32,-8,rNg1qHyIzjTIjf8wRQ0cawOVUSA=,N6/k0YRjQTfZ+0bekMEnFxA53tw=
-32,-9,rNg1qHyIzjTIjf8wRQ0cawOVUSA=,DgnaMzCv28BFI7FkD1qc9xb/lj4=
-32,-6,rNg1qHyIzjTIjf8wRQ0cawOVUSA=,Pi7tfrRMqJSFmdu31FEAIbHjp8U=
-32,-7,rNg1qHyIzjTIjf8wRQ0cawOVUSA=,N6/k0YRjQTfZ+0bekMEnFxA53tw=
-32,-5,h6qvSWspeqBpYxEOJPlSSRPvti4=,Pi7tfrRMqJSFmdu31FEAIbHjp8U=
-32,-4,h6qvSWspeqBpYxEOJPlSSRPvti4=,SwFEpVwtpE3AbbASM465OeWSPvE=
-32,-2,h6qvSWspeqBpYxEOJPlSSRPvti4=,u6KeyxVtahGuBYfpDcJlH3ZMA4k=
-32,-3,h6qvSWspeqBpYxEOJPlSSRPvti4=,SwFEpVwtpE3AbbASM465OeWSPvE=
-32,-1,h6qvSWspeqBpYxEOJPlSSRPvti4=,u6KeyxVtahGuBYfpDcJlH3ZMA4k=
-19,-15,RFT7/wo4bIPK8Wz+s4ySP4kQSss=,EVvvyJQuuJ829VFbb1o9Wx84COk=
-18,-14,RFT7/wo4bIPK8Wz+s4ySP4kQSss=,zYcALsgWUsOZ76VRZb0al9FAx8w=
-18,-15,RFT7/wo4bIPK8Wz+s4ySP4kQSss=,KukXfCIkN7YIMPeuPX0AqawRJzE=
-19,-14,RFT7/wo4bIPK8Wz+s4ySP4kQSss=,U0gmXZZvtV59SoAXvhW6oI722iE=
-20,-15,RFT7/wo4bIPK8Wz+s4ySP4kQSss=,EVvvyJQuuJ829VFbb1o9Wx84COk=
-20,-14,RFT7/wo4bIPK8Wz+s4ySP4kQSss=,U0gmXZZvtV59SoAXvhW6oI722iE=
-21,-14,RFT7/wo4bIPK8Wz+s4ySP4kQSss=,hW5ZZS6C85pkw1HDpwqcQxIEUPo=
-22,-15,RFT7/wo4bIPK8Wz+s4ySP4kQSss=,rwAA8NPmE2UYKZ1TZLrbVaQvEZw=
-23,-14,RFT7/wo4bIPK8Wz+s4ySP4kQSss=,kKj4I/KIOmNd4aO5YIfYc9sG5K4=
-23,-15,RFT7/wo4bIPK8Wz+s4ySP4kQSss=,JKgw8g9ggIqeVFK8oQOqhqsnyqI=
-21,-15,RFT7/wo4bIPK8Wz+s4ySP4kQSss=,rwAA8NPmE2UYKZ1TZLrbVaQvEZw=
-22,-14,RFT7/wo4bIPK8Wz+s4ySP4kQSss=,hW5ZZS6C85pkw1HDpwqcQxIEUPo=
-22,-13,8TmgH+EPiUEZ6hmAA9xiSyti6KI=,hW5ZZS6C85pkw1HDpwqcQxIEUPo=
-23,-13,8TmgH+EPiUEZ6hmAA9xiSyti6KI=,kKj4I/KIOmNd4aO5YIfYc9sG5K4=
-22,-12,8TmgH+EPiUEZ6hmAA9xiSyti6KI=,uS2j4wMM64QExAfVK5oMlrAKIqI=
-23,-12,8TmgH+EPiUEZ6hmAA9xiSyti6KI=,PxASDHOeBmyndAcc940gnS5lxHs=
-18,-12,8TmgH+EPiUEZ6hmAA9xiSyti6KI=,8RtBDhJZ+Mui0Tr3d/IWYyClrWY=
-19,-13,8TmgH+EPiUEZ6hmAA9xiSyti6KI=,U0gmXZZvtV59SoAXvhW6oI722iE=
-19,-12,8TmgH+EPiUEZ6hmAA9xiSyti6KI=,0MBdS3abSqr7mcJvwn/b4YR/l7U=
-18,-13,8TmgH+EPiUEZ6hmAA9xiSyti6KI=,zYcALsgWUsOZ76VRZb0al9FAx8w=
-21,-13,8TmgH+EPiUEZ6hmAA9xiSyti6KI=,hW5ZZS6C85pkw1HDpwqcQxIEUPo=
-21,-12,8TmgH+EPiUEZ6hmAA9xiSyti6KI=,uS2j4wMM64QExAfVK5oMlrAKIqI=
-20,-13,8TmgH+EPiUEZ6hmAA9xiSyti6KI=,U0gmXZZvtV59SoAXvhW6oI722iE=
-20,-12,8TmgH+EPiUEZ6hmAA9xiSyti6KI=,0MBdS3abSqr7mcJvwn/b4YR/l7U=
-21,-10,XB3+iZ5FbL3Uk70NuEwJOdVlK4s=,wk55qpbcNfj/Gat2NGdJO0hZzu8=
-20,-11,XB3+iZ5FbL3Uk70NuEwJOdVlK4s=,0MBdS3abSqr7mcJvwn/b4YR/l7U=
-21,-11,XB3+iZ5FbL3Uk70NuEwJOdVlK4s=,uS2j4wMM64QExAfVK5oMlrAKIqI=
-20,-10,XB3+iZ5FbL3Uk70NuEwJOdVlK4s=,2wfQkhZiVJWCCTYArQ2Z9VzTdv0=
-19,-10,XB3+iZ5FbL3Uk70NuEwJOdVlK4s=,2wfQkhZiVJWCCTYArQ2Z9VzTdv0=
-18,-11,XB3+iZ5FbL3Uk70NuEwJOdVlK4s=,8RtBDhJZ+Mui0Tr3d/IWYyClrWY=
-19,-11,XB3+iZ5FbL3Uk70NuEwJOdVlK4s=,0MBdS3abSqr7mcJvwn/b4YR/l7U=
-18,-10,XB3+iZ5FbL3Uk70NuEwJOdVlK4s=,Gaqy0BcejQqUzdbLFuipGFNnqNQ=
-20,-9,XB3+iZ5FbL3Uk70NuEwJOdVlK4s=,2wfQkhZiVJWCCTYArQ2Z9VzTdv0=
-21,-9,XB3+iZ5FbL3Uk70NuEwJOdVlK4s=,wk55qpbcNfj/Gat2NGdJO0hZzu8=
-20,-8,XB3+iZ5FbL3Uk70NuEwJOdVlK4s=,z9eY9H6jtbcxVvMrUBL7Afu75YQ=
-21,-8,XB3+iZ5FbL3Uk70NuEwJOdVlK4s=,L4yzJaeS3p/1NXQ1NvtlrGUxH2g=
-19,-9,FTAsBbisFZlx4fUdHEQEESOPokQ=,2wfQkhZiVJWCCTYArQ2Z9VzTdv0=
-18,-9,FTAsBbisFZlx4fUdHEQEESOPokQ=,Gaqy0BcejQqUzdbLFuipGFNnqNQ=
-19,-8,FTAsBbisFZlx4fUdHEQEESOPokQ=,z9eY9H6jtbcxVvMrUBL7Afu75YQ=
-18,-8,FTAsBbisFZlx4fUdHEQEESOPokQ=,HLrnx6zjMNv4yMHrDmO25KtECbY=
-22,-7,FTAsBbisFZlx4fUdHEQEESOPokQ=,L4yzJaeS3p/1NXQ1NvtlrGUxH2g=
-23,-7,FTAsBbisFZlx4fUdHEQEESOPokQ=,qwiRrt7OJxfApHDgD6afBM/dC+8=
-22,-6,FTAsBbisFZlx4fUdHEQEESOPokQ=,s6rFQs8DqUP4JbdMXlMCj0XruJo=
-23,-6,FTAsBbisFZlx4fUdHEQEESOPokQ=,d12FM64nwNswStclxzU6yooHflY=
-21,-7,+BVT3BzprF2+EmY5qMS/7Oh4eiE=,L4yzJaeS3p/1NXQ1NvtlrGUxH2g=
-21,-6,+BVT3BzprF2+EmY5qMS/7Oh4eiE=,s6rFQs8DqUP4JbdMXlMCj0XruJo=
-20,-7,+BVT3BzprF2+EmY5qMS/7Oh4eiE=,z9eY9H6jtbcxVvMrUBL7Afu75YQ=
-20,-6,+BVT3BzprF2+EmY5qMS/7Oh4eiE=,XpQOhFLQ0OpGZB+wOFdZ9n/BMIc=
-21,-5,+BVT3BzprF2+EmY5qMS/7Oh4eiE=,s6rFQs8DqUP4JbdMXlMCj0XruJo=
-21,-4,+BVT3BzprF2+EmY5qMS/7Oh4eiE=,p0y2GoX/VsNFJpEzhoiUaLVSTQw=
-20,-5,+BVT3BzprF2+EmY5qMS/7Oh4eiE=,XpQOhFLQ0OpGZB+wOFdZ9n/BMIc=
-20,-4,+BVT3BzprF2+EmY5qMS/7Oh4eiE=,3krKyS+4mVcpg/D/Vfpse3CNlgQ=
-22,-5,+BVT3BzprF2+EmY5qMS/7Oh4eiE=,s6rFQs8DqUP4JbdMXlMCj0XruJo=
-23,-5,+BVT3BzprF2+EmY5qMS/7Oh4eiE=,d12FM64nwNswStclxzU6yooHflY=
-22,-4,+BVT3BzprF2+EmY5qMS/7Oh4eiE=,p0y2GoX/VsNFJpEzhoiUaLVSTQw=
-23,-4,+BVT3BzprF2+EmY5qMS/7Oh4eiE=,IR/bTbQnkOnp1vlcZ3CPcSMCAk4=
-25,-3,uxIdXsEwRNJM5zzER8KnHEdySLU=,enHq/vW5hwE87OvzdLbKlhOISUI=
-24,-3,uxIdXsEwRNJM5zzER8KnHEdySLU=,IR/bTbQnkOnp1vlcZ3CPcSMCAk4=
-25,-2,uxIdXsEwRNJM5zzER8KnHEdySLU=,N5e+MvasR0kauIEB/HfobOUndb8=
-24,-2,uxIdXsEwRNJM5zzER8KnHEdySLU=,6iDTnPVop9XiWus6GBDPJXpytSI=
-26,-4,f3PXwXweW90ixgyzBXq3EpBqVCI=,enHq/vW5hwE87OvzdLbKlhOISUI=
-26,-5,f3PXwXweW90ixgyzBXq3EpBqVCI=,C3PQFYbODIeZzdIE8xBEuy39KKg=
-25,-5,f3PXwXweW90ixgyzBXq3EpBqVCI=,C3PQFYbODIeZzdIE8xBEuy39KKg=
-27,-4,f3PXwXweW90ixgyzBXq3EpBqVCI=,QaYKbdGiXfdyE12sK11K5oIgbYs=
-27,-5,f3PXwXweW90ixgyzBXq3EpBqVCI=,ujCw71J0cXctsQyMNntsasz9uKw=
-25,-4,f3PXwXweW90ixgyzBXq3EpBqVCI=,enHq/vW5hwE87OvzdLbKlhOISUI=
-24,-4,f3PXwXweW90ixgyzBXq3EpBqVCI=,IR/bTbQnkOnp1vlcZ3CPcSMCAk4=
-24,-5,f3PXwXweW90ixgyzBXq3EpBqVCI=,d12FM64nwNswStclxzU6yooHflY=
-27,-9,f3PXwXweW90ixgyzBXq3EpBqVCI=,SK2fnCt5JMttzAR4V61fao9aWqs=
-25,-6,f3PXwXweW90ixgyzBXq3EpBqVCI=,C3PQFYbODIeZzdIE8xBEuy39KKg=
-27,-7,f3PXwXweW90ixgyzBXq3EpBqVCI=,Q2P1oqUu+lHM4fcrcHUdnQl6HWQ=
-24,-7,f3PXwXweW90ixgyzBXq3EpBqVCI=,qwiRrt7OJxfApHDgD6afBM/dC+8=
-27,-6,f3PXwXweW90ixgyzBXq3EpBqVCI=,ujCw71J0cXctsQyMNntsasz9uKw=
-26,-8,2GZLwNZaTsYVAppSBtnwx0ORG6M=,NLaenIoB8bxbnejpS5sKTfdSOFY=
-25,-7,2GZLwNZaTsYVAppSBtnwx0ORG6M=,NLaenIoB8bxbnejpS5sKTfdSOFY=
-26,-6,2GZLwNZaTsYVAppSBtnwx0ORG6M=,C3PQFYbODIeZzdIE8xBEuy39KKg=
-26,-7,2GZLwNZaTsYVAppSBtnwx0ORG6M=,NLaenIoB8bxbnejpS5sKTfdSOFY=
-26,-9,2GZLwNZaTsYVAppSBtnwx0ORG6M=,VOvXB91oMyWviSzV4vdxkkbIvfY=
-27,-8,2GZLwNZaTsYVAppSBtnwx0ORG6M=,Q2P1oqUu+lHM4fcrcHUdnQl6HWQ=
-24,-6,2GZLwNZaTsYVAppSBtnwx0ORG6M=,d12FM64nwNswStclxzU6yooHflY=
-29,-3,2GZLwNZaTsYVAppSBtnwx0ORG6M=,G3gIODTMwVmIwkhA3klK2hTB2Ks=
-26,-3,2GZLwNZaTsYVAppSBtnwx0ORG6M=,enHq/vW5hwE87OvzdLbKlhOISUI=
-28,-3,2GZLwNZaTsYVAppSBtnwx0ORG6M=,QaYKbdGiXfdyE12sK11K5oIgbYs=
-26,-2,2GZLwNZaTsYVAppSBtnwx0ORG6M=,N5e+MvasR0kauIEB/HfobOUndb8=
-27,-2,2GZLwNZaTsYVAppSBtnwx0ORG6M=,7FkZ0dItcyQrS80Y00ZvPPjnb3U=
-28,-2,2GZLwNZaTsYVAppSBtnwx0ORG6M=,7FkZ0dItcyQrS80Y00ZvPPjnb3U=
-29,-2,yJzLtuIskOq6yTcSczE7o2/NEAk=,nwm0d9Rfm2kFX5ls4VyaoYe0its=
-22,-8,yJzLtuIskOq6yTcSczE7o2/NEAk=,L4yzJaeS3p/1NXQ1NvtlrGUxH2g=
-22,-9,yJzLtuIskOq6yTcSczE7o2/NEAk=,wk55qpbcNfj/Gat2NGdJO0hZzu8=
-27,-3,yJzLtuIskOq6yTcSczE7o2/NEAk=,QaYKbdGiXfdyE12sK11K5oIgbYs=
-22,-10,yJzLtuIskOq6yTcSczE7o2/NEAk=,wk55qpbcNfj/Gat2NGdJO0hZzu8=
-24,-11,yJzLtuIskOq6yTcSczE7o2/NEAk=,PxASDHOeBmyndAcc940gnS5lxHs=
-23,-11,yJzLtuIskOq6yTcSczE7o2/NEAk=,PxASDHOeBmyndAcc940gnS5lxHs=
-25,-11,yJzLtuIskOq6yTcSczE7o2/NEAk=,dtT3srNByoqauSYJpRvM9xnJqJ4=
-22,-11,yJzLtuIskOq6yTcSczE7o2/NEAk=,uS2j4wMM64QExAfVK5oMlrAKIqI=
-24,-10,yJzLtuIskOq6yTcSczE7o2/NEAk=,pchrcJP1DZjMgu/VFDSOWOQ6kiY=
-24,-8,yJzLtuIskOq6yTcSczE7o2/NEAk=,qwiRrt7OJxfApHDgD6afBM/dC+8=
-25,-8,yJzLtuIskOq6yTcSczE7o2/NEAk=,NLaenIoB8bxbnejpS5sKTfdSOFY=
-23,-9,yJzLtuIskOq6yTcSczE7o2/NEAk=,pchrcJP1DZjMgu/VFDSOWOQ6kiY=
-24,-9,yJzLtuIskOq6yTcSczE7o2/NEAk=,pchrcJP1DZjMgu/VFDSOWOQ6kiY=
-23,-8,yJzLtuIskOq6yTcSczE7o2/NEAk=,qwiRrt7OJxfApHDgD6afBM/dC+8=
-25,-9,yJzLtuIskOq6yTcSczE7o2/NEAk=,VOvXB91oMyWviSzV4vdxkkbIvfY=
-25,-10,yJzLtuIskOq6yTcSczE7o2/NEAk=,VOvXB91oMyWviSzV4vdxkkbIvfY=
-23,-10,yJzLtuIskOq6yTcSczE7o2/NEAk=,pchrcJP1DZjMgu/VFDSOWOQ6kiY=
-28,-1,yJzLtuIskOq6yTcSczE7o2/NEAk=,7FkZ0dItcyQrS80Y00ZvPPjnb3U=
-31,-1,yJzLtuIskOq6yTcSczE7o2/NEAk=,u6KeyxVtahGuBYfpDcJlH3ZMA4k=
-30,-1,yJzLtuIskOq6yTcSczE7o2/NEAk=,nwm0d9Rfm2kFX5ls4VyaoYe0its=
-29,-1,yJzLtuIskOq6yTcSczE7o2/NEAk=,nwm0d9Rfm2kFX5ls4VyaoYe0its=
-27,-1,yJzLtuIskOq6yTcSczE7o2/NEAk=,7FkZ0dItcyQrS80Y00ZvPPjnb3U=
-26,-1,yJzLtuIskOq6yTcSczE7o2/NEAk=,N5e+MvasR0kauIEB/HfobOUndb8=
-25,-1,yJzLtuIskOq6yTcSczE7o2/NEAk=,N5e+MvasR0kauIEB/HfobOUndb8=
-24,-1,yJzLtuIskOq6yTcSczE7o2/NEAk=,6iDTnPVop9XiWus6GBDPJXpytSI=
-23,-3,yJzLtuIskOq6yTcSczE7o2/NEAk=,IR/bTbQnkOnp1vlcZ3CPcSMCAk4=
-23,-2,yJzLtuIskOq6yTcSczE7o2/NEAk=,6iDTnPVop9XiWus6GBDPJXpytSI=
-22,-3,yJzLtuIskOq6yTcSczE7o2/NEAk=,p0y2GoX/VsNFJpEzhoiUaLVSTQw=
-22,-2,yJzLtuIskOq6yTcSczE7o2/NEAk=,CY35mWlNZzOLHo6C52WtBXUUcSw=
-21,-2,yJzLtuIskOq6yTcSczE7o2/NEAk=,CY35mWlNZzOLHo6C52WtBXUUcSw=
-20,-2,yJzLtuIskOq6yTcSczE7o2/NEAk=,qzXq7Lhy0LJsRFzS5ci0Gth5mMc=
-21,-3,yJzLtuIskOq6yTcSczE7o2/NEAk=,p0y2GoX/VsNFJpEzhoiUaLVSTQw=
-20,-3,yJzLtuIskOq6yTcSczE7o2/NEAk=,3krKyS+4mVcpg/D/Vfpse3CNlgQ=
-19,-2,E59S1ELONcpi4F1OnpwFeutuRgQ=,qzXq7Lhy0LJsRFzS5ci0Gth5mMc=
-18,-2,E59S1ELONcpi4F1OnpwFeutuRgQ=,xy4JOtoGyA42n4CiJGIGd0R10ik=
-18,-3,E59S1ELONcpi4F1OnpwFeutuRgQ=,b8uxg0FCgjp4fX2D4D0Tk9XnXIQ=
-19,-3,E59S1ELONcpi4F1OnpwFeutuRgQ=,3krKyS+4mVcpg/D/Vfpse3CNlgQ=
-17,-4,E59S1ELONcpi4F1OnpwFeutuRgQ=,b8uxg0FCgjp4fX2D4D0Tk9XnXIQ=
-19,-4,E59S1ELONcpi4F1OnpwFeutuRgQ=,3krKyS+4mVcpg/D/Vfpse3CNlgQ=
-19,-5,E59S1ELONcpi4F1OnpwFeutuRgQ=,XpQOhFLQ0OpGZB+wOFdZ9n/BMIc=
-19,-7,E59S1ELONcpi4F1OnpwFeutuRgQ=,z9eY9H6jtbcxVvMrUBL7Afu75YQ=
-17,-5,E59S1ELONcpi4F1OnpwFeutuRgQ=,4iRXvYrr/NAVSfI11qaXYyBAmRo=
-19,-6,E59S1ELONcpi4F1OnpwFeutuRgQ=,XpQOhFLQ0OpGZB+wOFdZ9n/BMIc=
-18,-6,E59S1ELONcpi4F1OnpwFeutuRgQ=,4iRXvYrr/NAVSfI11qaXYyBAmRo=
-18,-7,E59S1ELONcpi4F1OnpwFeutuRgQ=,HLrnx6zjMNv4yMHrDmO25KtECbY=
-18,-5,E59S1ELONcpi4F1OnpwFeutuRgQ=,4iRXvYrr/NAVSfI11qaXYyBAmRo=
-18,-4,E59S1ELONcpi4F1OnpwFeutuRgQ=,b8uxg0FCgjp4fX2D4D0Tk9XnXIQ=
-19,-1,E59S1ELONcpi4F1OnpwFeutuRgQ=,qzXq7Lhy0LJsRFzS5ci0Gth5mMc=
-18,-1,E59S1ELONcpi4F1OnpwFeutuRgQ=,xy4JOtoGyA42n4CiJGIGd0R10ik=
-17,-3,E59S1ELONcpi4F1OnpwFeutuRgQ=,b8uxg0FCgjp4fX2D4D0Tk9XnXIQ=
-17,-2,H6tLv/6RvxArCHJ/5x6TcH3P76M=,xy4JOtoGyA42n4CiJGIGd0R10ik=
-17,-7,H6tLv/6RvxArCHJ/5x6TcH3P76M=,HLrnx6zjMNv4yMHrDmO25KtECbY=
-17,-6,H6tLv/6RvxArCHJ/5x6TcH3P76M=,4iRXvYrr/NAVSfI11qaXYyBAmRo=
-17,-9,H6tLv/6RvxArCHJ/5x6TcH3P76M=,Gaqy0BcejQqUzdbLFuipGFNnqNQ=
-17,-8,H6tLv/6RvxArCHJ/5x6TcH3P76M=,HLrnx6zjMNv4yMHrDmO25KtECbY=
-18,-16,H6tLv/6RvxArCHJ/5x6TcH3P76M=,KukXfCIkN7YIMPeuPX0AqawRJzE=
-19,-16,H6tLv/6RvxArCHJ/5x6TcH3P76M=,EVvvyJQuuJ829VFbb1o9Wx84COk=
-20,-16,H6tLv/6RvxArCHJ/5x6TcH3P76M=,EVvvyJQuuJ829VFbb1o9Wx84COk=
-21,-16,H6tLv/6RvxArCHJ/5x6TcH3P76M=,rwAA8NPmE2UYKZ1TZLrbVaQvEZw=
-22,-16,H6tLv/6RvxArCHJ/5x6TcH3P76M=,rwAA8NPmE2UYKZ1TZLrbVaQvEZw=
-23,-16,H6tLv/6RvxArCHJ/5x6TcH3P76M=,JKgw8g9ggIqeVFK8oQOqhqsnyqI=
-25,-16,H6tLv/6RvxArCHJ/5x6TcH3P76M=,KW7Tfv2VRgHmYicun9j8CTDmC8I=
-24,-16,H6tLv/6RvxArCHJ/5x6TcH3P76M=,JKgw8g9ggIqeVFK8oQOqhqsnyqI=
-17,-10,H6tLv/6RvxArCHJ/5x6TcH3P76M=,Gaqy0BcejQqUzdbLFuipGFNnqNQ=
-17,-11,H6tLv/6RvxArCHJ/5x6TcH3P76M=,8RtBDhJZ+Mui0Tr3d/IWYyClrWY=
-27,-16,FPrbmBtX7B2LRk5qfJOsQHTmbK4=,W20UxznzVZQYF7DU9E++NDc89VU=
-26,-16,FPrbmBtX7B2LRk5qfJOsQHTmbK4=,KW7Tfv2VRgHmYicun9j8CTDmC8I=
-28,-16,FPrbmBtX7B2LRk5qfJOsQHTmbK4=,W20UxznzVZQYF7DU9E++NDc89VU=
-29,-16,FPrbmBtX7B2LRk5qfJOsQHTmbK4=,yXNNI90FDVXjolWZ7ISyEkOLu1w=
-30,-16,FPrbmBtX7B2LRk5qfJOsQHTmbK4=,yXNNI90FDVXjolWZ7ISyEkOLu1w=
-31,-16,FPrbmBtX7B2LRk5qfJOsQHTmbK4=,9dD1U4y06Mgq8aplYzE0w5u2JLY=
-17,-15,FPrbmBtX7B2LRk5qfJOsQHTmbK4=,KukXfCIkN7YIMPeuPX0AqawRJzE=
-17,-14,FPrbmBtX7B2LRk5qfJOsQHTmbK4=,zYcALsgWUsOZ76VRZb0al9FAx8w=
-17,-12,FPrbmBtX7B2LRk5qfJOsQHTmbK4=,8RtBDhJZ+Mui0Tr3d/IWYyClrWY=
-17,-13,FPrbmBtX7B2LRk5qfJOsQHTmbK4=,zYcALsgWUsOZ76VRZb0al9FAx8w=
-32,-16,FPrbmBtX7B2LRk5qfJOsQHTmbK4=,9dD1U4y06Mgq8aplYzE0w5u2JLY=
-17,-16,FPrbmBtX7B2LRk5qfJOsQHTmbK4=,KukXfCIkN7YIMPeuPX0AqawRJzE=
-32,-14,FPrbmBtX7B2LRk5qfJOsQHTmbK4=,G3XWjUWrCdF4aW7alehnxDpwrrg=
-32,-15,FPrbmBtX7B2LRk5qfJOsQHTmbK4=,9dD1U4y06Mgq8aplYzE0w5u2JLY=
-17,-1,FPrbmBtX7B2LRk5qfJOsQHTmbK4=,xy4JOtoGyA42n4CiJGIGd0R10ik=
-20,-1,FPrbmBtX7B2LRk5qfJOsQHTmbK4=,qzXq7Lhy0LJsRFzS5ci0Gth5mMc=
-23,-1,FPrbmBtX7B2LRk5qfJOsQHTmbK4=,6iDTnPVop9XiWus6GBDPJXpytSI=
-22,-1,FPrbmBtX7B2LRk5qfJOsQHTmbK4=,CY35mWlNZzOLHo6C52WtBXUUcSw=
-21,-1,FPrbmBtX7B2LRk5qfJOsQHTmbK4=,CY35mWlNZzOLHo6C52WtBXUUcSw=
