19,-6,4sDYIYXz82+gbyhN7zyjkiFIS1c=,a8bhcgkxCMwIskBNXC00fAacgu4=
20,-5,4sDYIYXz82+gbyhN7zyjkiFIS1c=,f+SvdY42jzXAZNCgwbsvZ+jIZA8=
21,-6,4sDYIYXz82+gbyhN7zyjkiFIS1c=,f+SvdY42jzXAZNCgwbsvZ+jIZA8=
18,-3,4sDYIYXz82+gbyhN7zyjkiFIS1c=,iDxC4di67GfdId1IQXepMVKKZCE=
19,-3,4sDYIYXz82+gbyhN7zyjkiFIS1c=,iDxC4di67GfdId1IQXepMVKKZCE=
20,-6,4sDYIYXz82+gbyhN7zyjkiFIS1c=,f+SvdY42jzXAZNCgwbsvZ+jIZA8=
18,-5,4sDYIYXz82+gbyhN7zyjkiFIS1c=,a8bhcgkxCMwIskBNXC00fAacgu4=
21,-4,4sDYIYXz82+gbyhN7zyjkiFIS1c=,+eh/mFbgksYf8c7wuaWc7U2OeM8=
21,-3,4sDYIYXz82+gbyhN7zyjkiFIS1c=,+eh/mFbgksYf8c7wuaWc7U2OeM8=
20,-3,4sDYIYXz82+gbyhN7zyjkiFIS1c=,+eh/mFbgksYf8c7wuaWc7U2OeM8=
19,-5,4sDYIYXz82+gbyhN7zyjkiFIS1c=,a8bhcgkxCMwIskBNXC00fAacgu4=
20,-4,4sDYIYXz82+gbyhN7zyjkiFIS1c=,+eh/mFbgksYf8c7wuaWc7U2OeM8=
18,-4,4sDYIYXz82+gbyhN7zyjkiFIS1c=,iDxC4di67GfdId1IQXepMVKKZCE=
18,-6,4sDYIYXz82+gbyhN7zyjkiFIS1c=,a8bhcgkxCMwIskBNXC00fAacgu4=
21,-5,4sDYIYXz82+gbyhN7zyjkiFIS1c=,f+SvdY42jzXAZNCgwbsvZ+jIZA8=
19,-4,4sDYIYXz82+gbyhN7zyjkiFIS1c=,iDxC4di67GfdId1IQXepMVKKZCE=
24,-5,4sDYIYXz82+gbyhN7zyjkiFIS1c=,L8J5aTW0pZqr6aQ571CdEg9R8vM=
24,-6,Qwuod0KNLhF9gaPnbNnSR5EOdE0=,L8J5aTW0pZqr6aQ571CdEg9R8vM=
23,-6,Qwuod0KNLhF9gaPnbNnSR5EOdE0=,f+SvdY42jzXAZNCgwbsvZ+jIZA8=
23,-5,Qwuod0KNLhF9gaPnbNnSR5EOdE0=,f+SvdY42jzXAZNCgwbsvZ+jIZA8=
22,-6,Qwuod0KNLhF9gaPnbNnSR5EOdE0=,f+SvdY42jzXAZNCgwbsvZ+jIZA8=
25,-6,Qwuod0KNLhF9gaPnbNnSR5EOdE0=,L8J5aTW0pZqr6aQ571CdEg9R8vM=
22,-5,Qwuod0KNLhF9gaPnbNnSR5EOdE0=,f+SvdY42jzXAZNCgwbsvZ+jIZA8=
24,-4,Qwuod0KNLhF9gaPnbNnSR5EOdE0=,O5MSXBVOQMl5qaGidHsFiNhHXxo=
22,-3,Qwuod0KNLhF9gaPnbNnSR5EOdE0=,+eh/mFbgksYf8c7wuaWc7U2OeM8=
25,-3,Qwuod0KNLhF9gaPnbNnSR5EOdE0=,O5MSXBVOQMl5qaGidHsFiNhHXxo=
24,-3,Qwuod0KNLhF9gaPnbNnSR5EOdE0=,O5MSXBVOQMl5qaGidHsFiNhHXxo=
25,-5,Qwuod0KNLhF9gaPnbNnSR5EOdE0=,L8J5aTW0pZqr6aQ571CdEg9R8vM=
25,-4,Qwuod0KNLhF9gaPnbNnSR5EOdE0=,O5MSXBVOQMl5qaGidHsFiNhHXxo=
22,-4,Qwuod0KNLhF9gaPnbNnSR5EOdE0=,+eh/mFbgksYf8c7wuaWc7U2OeM8=
23,-3,Qwuod0KNLhF9gaPnbNnSR5EOdE0=,+eh/mFbgksYf8c7wuaWc7U2OeM8=
23,-4,Qwuod0KNLhF9gaPnbNnSR5EOdE0=,+eh/mFbgksYf8c7wuaWc7U2OeM8=
24,-9,Qwuod0KNLhF9gaPnbNnSR5EOdE0=,YY+ELzC0D2hONvBCvrn/TRVRlHo=
24,-8,5hnvTXCEAQg7bMM9foZ/5O0IX0Y=,L8J5aTW0pZqr6aQ571CdEg9R8vM=
24,-7,5hnvTXCEAQg7bMM9foZ/5O0IX0Y=,L8J5aTW0pZqr6aQ571CdEg9R8vM=
23,-8,5hnvTXCEAQg7bMM9foZ/5O0IX0Y=,f+SvdY42jzXAZNCgwbsvZ+jIZA8=
22,-7,5hnvTXCEAQg7bMM9foZ/5O0IX0Y=,f+SvdY42jzXAZNCgwbsvZ+jIZA8=
23,-7,5hnvTXCEAQg7bMM9foZ/5O0IX0Y=,f+SvdY42jzXAZNCgwbsvZ+jIZA8=
25,-10,5hnvTXCEAQg7bMM9foZ/5O0IX0Y=,YY+ELzC0D2hONvBCvrn/TRVRlHo=
25,-7,5hnvTXCEAQg7bMM9foZ/5O0IX0Y=,L8J5aTW0pZqr6aQ571CdEg9R8vM=
25,-8,5hnvTXCEAQg7bMM9foZ/5O0IX0Y=,L8J5aTW0pZqr6aQ571CdEg9R8vM=
25,-9,5hnvTXCEAQg7bMM9foZ/5O0IX0Y=,YY+ELzC0D2hONvBCvrn/TRVRlHo=
22,-8,5hnvTXCEAQg7bMM9foZ/5O0IX0Y=,f+SvdY42jzXAZNCgwbsvZ+jIZA8=
22,-10,5hnvTXCEAQg7bMM9foZ/5O0IX0Y=,sli+H+bh73I3mKkWmM74rATCkTE=
22,-9,5hnvTXCEAQg7bMM9foZ/5O0IX0Y=,sli+H+bh73I3mKkWmM74rATCkTE=
23,-10,5hnvTXCEAQg7bMM9foZ/5O0IX0Y=,sli+H+bh73I3mKkWmM74rATCkTE=
23,-9,5hnvTXCEAQg7bMM9foZ/5O0IX0Y=,sli+H+bh73I3mKkWmM74rATCkTE=
24,-10,5hnvTXCEAQg7bMM9foZ/5O0IX0Y=,YY+ELzC0D2hONvBCvrn/TRVRlHo=
27,-9,5hnvTXCEAQg7bMM9foZ/5O0IX0Y=,YY+ELzC0D2hONvBCvrn/TRVRlHo=
27,-10,5hnvTXCEAQg7bMM9foZ/5O0IX0Y=,YY+ELzC0D2hONvBCvrn/TRVRlHo=
29,-10,5hnvTXCEAQg7bMM9foZ/5O0IX0Y=,5KVdisHdBSvl9OtdU8K+taMdN1U=
28,-9,5hnvTXCEAQg7bMM9foZ/5O0IX0Y=,5KVdisHdBSvl9OtdU8K+taMdN1U=
28,-10,5hnvTXCEAQg7bMM9foZ/5O0IX0Y=,5KVdisHdBSvl9OtdU8K+taMdN1U=
29,-9,4vlIqkfljmQl8F3O/0pIFyLNzEk=,5KVdisHdBSvl9OtdU8K+taMdN1U=
26,-9,4vlIqkfljmQl8F3O/0pIFyLNzEk=,YY+ELzC0D2hONvBCvrn/TRVRlHo=
28,-7,4vlIqkfljmQl8F3O/0pIFyLNzEk=,fSeJPTS04H8NLizAJYzh5RoNE0A=
26,-8,4vlIqkfljmQl8F3O/0pIFyLNzEk=,L8J5aTW0pZqr6aQ571CdEg9R8vM=
26,-7,4vlIqkfljmQl8F3O/0pIFyLNzEk=,L8J5aTW0pZqr6aQ571CdEg9R8vM=
28,-8,4vlIqkfljmQl8F3O/0pIFyLNzEk=,fSeJPTS04H8NLizAJYzh5RoNE0A=
29,-8,4vlIqkfljmQl8F3O/0pIFyLNzEk=,fSeJPTS04H8NLizAJYzh5RoNE0A=
27,-8,4vlIqkfljmQl8F3O/0pIFyLNzEk=,L8J5aTW0pZqr6aQ571CdEg9R8vM=
29,-7,4vlIqkfljmQl8F3O/0pIFyLNzEk=,fSeJPTS04H8NLizAJYzh5RoNE0A=
27,-7,4vlIqkfljmQl8F3O/0pIFyLNzEk=,L8J5aTW0pZqr6aQ571CdEg9R8vM=
26,-10,4vlIqkfljmQl8F3O/0pIFyLNzEk=,YY+ELzC0D2hONvBCvrn/TRVRlHo=
18,-10,4vlIqkfljmQl8F3O/0pIFyLNzEk=,WjG0YCH5CfO+G5nuuSMrhUJ1oLQ=
18,-8,4vlIqkfljmQl8F3O/0pIFyLNzEk=,a8bhcgkxCMwIskBNXC00fAacgu4=
20,-8,4vlIqkfljmQl8F3O/0pIFyLNzEk=,f+SvdY42jzXAZNCgwbsvZ+jIZA8=
21,-7,4vlIqkfljmQl8F3O/0pIFyLNzEk=,f+SvdY42jzXAZNCgwbsvZ+jIZA8=
20,-7,4vlIqkfljmQl8F3O/0pIFyLNzEk=,f+SvdY42jzXAZNCgwbsvZ+jIZA8=
19,-10,4vlIqkfljmQl8F3O/0pIFyLNzEk=,WjG0YCH5CfO+G5nuuSMrhUJ1oLQ=
20,-10,4vlIqkfljmQl8F3O/0pIFyLNzEk=,sli+H+bh73I3mKkWmM74rATCkTE=
19,-8,4vlIqkfljmQl8F3O/0pIFyLNzEk=,a8bhcgkxCMwIskBNXC00fAacgu4=
20,-9,4vlIqkfljmQl8F3O/0pIFyLNzEk=,sli+H+bh73I3mKkWmM74rATCkTE=
21,-8,4vlIqkfljmQl8F3O/0pIFyLNzEk=,f+SvdY42jzXAZNCgwbsvZ+jIZA8=
21,-10,4vlIqkfljmQl8F3O/0pIFyLNzEk=,sli+H+bh73I3mKkWmM74rATCkTE=
21,-9,4vlIqkfljmQl8F3O/0pIFyLNzEk=,sli+H+bh73I3mKkWmM74rATCkTE=
18,-9,4vlIqkfljmQl8F3O/0pIFyLNzEk=,WjG0YCH5CfO+G5nuuSMrhUJ1oLQ=
18,-7,4vlIqkfljmQl8F3O/0pIFyLNzEk=,a8bhcgkxCMwIskBNXC00fAacgu4=
19,-7,4vlIqkfljmQl8F3O/0pIFyLNzEk=,a8bhcgkxCMwIskBNXC00fAacgu4=
19,-9,4vlIqkfljmQl8F3O/0pIFyLNzEk=,WjG0YCH5CfO+G5nuuSMrhUJ1oLQ=
20,-12,4vlIqkfljmQl8F3O/0pIFyLNzEk=,sli+H+bh73I3mKkWmM74rATCkTE=
20,-11,3c3TcTd6VPItU33jcMLJuPrzCL0=,sli+H+bh73I3mKkWmM74rATCkTE=
21,-11,3c3TcTd6VPItU33jcMLJuPrzCL0=,sli+H+bh73I3mKkWmM74rATCkTE=
18,-14,3c3TcTd6VPItU33jcMLJuPrzCL0=,VCoUrHZL0/S6oAZBHwrz/6B2DF0=
21,-14,3c3TcTd6VPItU33jcMLJuPrzCL0=,G+WSYBlRNX0VquNuRmQ8yYoVjj8=
23,-13,3c3TcTd6VPItU33jcMLJuPrzCL0=,G+WSYBlRNX0VquNuRmQ8yYoVjj8=
19,-14,3c3TcTd6VPItU33jcMLJuPrzCL0=,VCoUrHZL0/S6oAZBHwrz/6B2DF0=
21,-13,slWu8Eonziy+cvTWHqyJFxKnQGM=,G+WSYBlRNX0VquNuRmQ8yYoVjj8=
23,-12,slWu8Eonziy+cvTWHqyJFxKnQGM=,sli+H+bh73I3mKkWmM74rATCkTE=
19,-12,slWu8Eonziy+cvTWHqyJFxKnQGM=,WjG0YCH5CfO+G5nuuSMrhUJ1oLQ=
21,-12,slWu8Eonziy+cvTWHqyJFxKnQGM=,sli+H+bh73I3mKkWmM74rATCkTE=
23,-14,slWu8Eonziy+cvTWHqyJFxKnQGM=,G+WSYBlRNX0VquNuRmQ8yYoVjj8=
19,-11,slWu8Eonziy+cvTWHqyJFxKnQGM=,WjG0YCH5CfO+G5nuuSMrhUJ1oLQ=
20,-13,slWu8Eonziy+cvTWHqyJFxKnQGM=,G+WSYBlRNX0VquNuRmQ8yYoVjj8=
20,-14,slWu8Eonziy+cvTWHqyJFxKnQGM=,G+WSYBlRNX0VquNuRmQ8yYoVjj8=
18,-12,slWu8Eonziy+cvTWHqyJFxKnQGM=,WjG0YCH5CfO+G5nuuSMrhUJ1oLQ=
22,-12,slWu8Eonziy+cvTWHqyJFxKnQGM=,sli+H+bh73I3mKkWmM74rATCkTE=
18,-13,slWu8Eonziy+cvTWHqyJFxKnQGM=,VCoUrHZL0/S6oAZBHwrz/6B2DF0=
19,-13,slWu8Eonziy+cvTWHqyJFxKnQGM=,VCoUrHZL0/S6oAZBHwrz/6B2DF0=
18,-11,slWu8Eonziy+cvTWHqyJFxKnQGM=,WjG0YCH5CfO+G5nuuSMrhUJ1oLQ=
24,-13,slWu8Eonziy+cvTWHqyJFxKnQGM=,p77+XSqfTg8VHf2ED2goMUrN01Y=
22,-13,slWu8Eonziy+cvTWHqyJFxKnQGM=,G+WSYBlRNX0VquNuRmQ8yYoVjj8=
25,-11,slWu8Eonziy+cvTWHqyJFxKnQGM=,YY+ELzC0D2hONvBCvrn/TRVRlHo=
24,-11,slWu8Eonziy+cvTWHqyJFxKnQGM=,YY+ELzC0D2hONvBCvrn/TRVRlHo=
25,-13,slWu8Eonziy+cvTWHqyJFxKnQGM=,p77+XSqfTg8VHf2ED2goMUrN01Y=
22,-14,slWu8Eonziy+cvTWHqyJFxKnQGM=,G+WSYBlRNX0VquNuRmQ8yYoVjj8=
22,-11,I0PF0pq1/CWtwWgr08brLjRPzcU=,sli+H+bh73I3mKkWmM74rATCkTE=
25,-12,I0PF0pq1/CWtwWgr08brLjRPzcU=,YY+ELzC0D2hONvBCvrn/TRVRlHo=
24,-12,I0PF0pq1/CWtwWgr08brLjRPzcU=,YY+ELzC0D2hONvBCvrn/TRVRlHo=
25,-14,I0PF0pq1/CWtwWgr08brLjRPzcU=,p77+XSqfTg8VHf2ED2goMUrN01Y=
23,-11,I0PF0pq1/CWtwWgr08brLjRPzcU=,sli+H+bh73I3mKkWmM74rATCkTE=
24,-14,I0PF0pq1/CWtwWgr08brLjRPzcU=,p77+XSqfTg8VHf2ED2goMUrN01Y=
27,-13,I0PF0pq1/CWtwWgr08brLjRPzcU=,p77+XSqfTg8VHf2ED2goMUrN01Y=
27,-14,I0PF0pq1/CWtwWgr08brLjRPzcU=,p77+XSqfTg8VHf2ED2goMUrN01Y=
29,-12,I0PF0pq1/CWtwWgr08brLjRPzcU=,5KVdisHdBSvl9OtdU8K+taMdN1U=
29,-13,I0PF0pq1/CWtwWgr08brLjRPzcU=,oXQrqtogAyPdZuTQOfZHULRYej8=
28,-11,I0PF0pq1/CWtwWgr08brLjRPzcU=,5KVdisHdBSvl9OtdU8K+taMdN1U=
27,-12,I0PF0pq1/CWtwWgr08brLjRPzcU=,YY+ELzC0D2hONvBCvrn/TRVRlHo=
28,-12,I0PF0pq1/CWtwWgr08brLjRPzcU=,5KVdisHdBSvl9OtdU8K+taMdN1U=
28,-13,I0PF0pq1/CWtwWgr08brLjRPzcU=,oXQrqtogAyPdZuTQOfZHULRYej8=
29,-11,I0PF0pq1/CWtwWgr08brLjRPzcU=,5KVdisHdBSvl9OtdU8K+taMdN1U=
26,-14,I0PF0pq1/CWtwWgr08brLjRPzcU=,p77+XSqfTg8VHf2ED2goMUrN01Y=
27,-11,I0PF0pq1/CWtwWgr08brLjRPzcU=,YY+ELzC0D2hONvBCvrn/TRVRlHo=
28,-14,I0PF0pq1/CWtwWgr08brLjRPzcU=,oXQrqtogAyPdZuTQOfZHULRYej8=
26,-11,I0PF0pq1/CWtwWgr08brLjRPzcU=,YY+ELzC0D2hONvBCvrn/TRVRlHo=
29,-14,I0PF0pq1/CWtwWgr08brLjRPzcU=,oXQrqtogAyPdZuTQOfZHULRYej8=
26,-13,I0PF0pq1/CWtwWgr08brLjRPzcU=,p77+XSqfTg8VHf2ED2goMUrN01Y=
26,-12,I0PF0pq1/CWtwWgr08brLjRPzcU=,YY+ELzC0D2hONvBCvrn/TRVRlHo=
27,-15,I0PF0pq1/CWtwWgr08brLjRPzcU=,p77+XSqfTg8VHf2ED2goMUrN01Y=
27,-16,I0PF0pq1/CWtwWgr08brLjRPzcU=,p77+XSqfTg8VHf2ED2goMUrN01Y=
29,-16,I0PF0pq1/CWtwWgr08brLjRPzcU=,oXQrqtogAyPdZuTQOfZHULRYej8=
28,-15,I0PF0pq1/CWtwWgr08brLjRPzcU=,oXQrqtogAyPdZuTQOfZHULRYej8=
26,-16,I0PF0pq1/CWtwWgr08brLjRPzcU=,p77+XSqfTg8VHf2ED2goMUrN01Y=
26,-15,I0PF0pq1/CWtwWgr08brLjRPzcU=,p77+XSqfTg8VHf2ED2goMUrN01Y=
28,-16,I0PF0pq1/CWtwWgr08brLjRPzcU=,oXQrqtogAyPdZuTQOfZHULRYej8=
31,-13,I0PF0pq1/CWtwWgr08brLjRPzcU=,oXQrqtogAyPdZuTQOfZHULRYej8=
30,-11,I0PF0pq1/CWtwWgr08brLjRPzcU=,5KVdisHdBSvl9OtdU8K+taMdN1U=
30,-12,I0PF0pq1/CWtwWgr08brLjRPzcU=,5KVdisHdBSvl9OtdU8K+taMdN1U=
29,-15,TKra9eOLo+ADGcuMOIFRGRs6saQ=,oXQrqtogAyPdZuTQOfZHULRYej8=
30,-13,TKra9eOLo+ADGcuMOIFRGRs6saQ=,oXQrqtogAyPdZuTQOfZHULRYej8=
31,-12,TKra9eOLo+ADGcuMOIFRGRs6saQ=,5KVdisHdBSvl9OtdU8K+taMdN1U=
31,-11,TKra9eOLo+ADGcuMOIFRGRs6saQ=,5KVdisHdBSvl9OtdU8K+taMdN1U=
31,-14,TKra9eOLo+ADGcuMOIFRGRs6saQ=,oXQrqtogAyPdZuTQOfZHULRYej8=
30,-14,TKra9eOLo+ADGcuMOIFRGRs6saQ=,oXQrqtogAyPdZuTQOfZHULRYej8=
30,-7,TKra9eOLo+ADGcuMOIFRGRs6saQ=,fSeJPTS04H8NLizAJYzh5RoNE0A=
31,-7,TKra9eOLo+ADGcuMOIFRGRs6saQ=,fSeJPTS04H8NLizAJYzh5RoNE0A=
31,-10,TKra9eOLo+ADGcuMOIFRGRs6saQ=,5KVdisHdBSvl9OtdU8K+taMdN1U=
31,-9,TKra9eOLo+ADGcuMOIFRGRs6saQ=,5KVdisHdBSvl9OtdU8K+taMdN1U=
31,-8,TKra9eOLo+ADGcuMOIFRGRs6saQ=,fSeJPTS04H8NLizAJYzh5RoNE0A=
30,-10,TKra9eOLo+ADGcuMOIFRGRs6saQ=,5KVdisHdBSvl9OtdU8K+taMdN1U=
30,-8,cta/mW6Y9H/I6haUk1dZ5A/QkiI=,fSeJPTS04H8NLizAJYzh5RoNE0A=
30,-9,cta/mW6Y9H/I6haUk1dZ5A/QkiI=,5KVdisHdBSvl9OtdU8K+taMdN1U=
19,-1,cta/mW6Y9H/I6haUk1dZ5A/QkiI=,iDxC4di67GfdId1IQXepMVKKZCE=
19,-2,cta/mW6Y9H/I6haUk1dZ5A/QkiI=,iDxC4di67GfdId1IQXepMVKKZCE=
18,-1,cta/mW6Y9H/I6haUk1dZ5A/QkiI=,iDxC4di67GfdId1IQXepMVKKZCE=
18,-2,cta/mW6Y9H/I6haUk1dZ5A/QkiI=,iDxC4di67GfdId1IQXepMVKKZCE=
27,-5,cta/mW6Y9H/I6haUk1dZ5A/QkiI=,L8J5aTW0pZqr6aQ571CdEg9R8vM=
23,-1,cta/mW6Y9H/I6haUk1dZ5A/QkiI=,+eh/mFbgksYf8c7wuaWc7U2OeM8=
27,-6,cta/mW6Y9H/I6haUk1dZ5A/QkiI=,L8J5aTW0pZqr6aQ571CdEg9R8vM=
20,-2,cta/mW6Y9H/I6haUk1dZ5A/QkiI=,+eh/mFbgksYf8c7wuaWc7U2OeM8=
21,-2,cta/mW6Y9H/I6haUk1dZ5A/QkiI=,+eh/mFbgksYf8c7wuaWc7U2OeM8=
26,-5,cta/mW6Y9H/I6haUk1dZ5A/QkiI=,L8J5aTW0pZqr6aQ571CdEg9R8vM=
31,-5,cta/mW6Y9H/I6haUk1dZ5A/QkiI=,fSeJPTS04H8NLizAJYzh5RoNE0A=
29,-5,cta/mW6Y9H/I6haUk1dZ5A/QkiI=,fSeJPTS04H8NLizAJYzh5RoNE0A=
22,-1,cta/mW6Y9H/I6haUk1dZ5A/QkiI=,+eh/mFbgksYf8c7wuaWc7U2OeM8=
22,-2,cta/mW6Y9H/I6haUk1dZ5A/QkiI=,+eh/mFbgksYf8c7wuaWc7U2OeM8=
26,-6,cta/mW6Y9H/I6haUk1dZ5A/QkiI=,L8J5aTW0pZqr6aQ571CdEg9R8vM=
28,-5,cta/mW6Y9H/I6haUk1dZ5A/QkiI=,fSeJPTS04H8NLizAJYzh5RoNE0A=
30,-5,cta/mW6Y9H/I6haUk1dZ5A/QkiI=,fSeJPTS04H8NLizAJYzh5RoNE0A=
31,-6,cta/mW6Y9H/I6haUk1dZ5A/QkiI=,fSeJPTS04H8NLizAJYzh5RoNE0A=
30,-6,cta/mW6Y9H/I6haUk1dZ5A/QkiI=,fSeJPTS04H8NLizAJYzh5RoNE0A=
29,-6,SDiu4VSGGZ1Ny0urVhPamo3FXSE=,fSeJPTS04H8NLizAJYzh5RoNE0A=
28,-6,SDiu4VSGGZ1Ny0urVhPamo3FXSE=,fSeJPTS04H8NLizAJYzh5RoNE0A=
21,-1,SDiu4VSGGZ1Ny0urVhPamo3FXSE=,+eh/mFbgksYf8c7wuaWc7U2OeM8=
27,-3,SDiu4VSGGZ1Ny0urVhPamo3FXSE=,O5MSXBVOQMl5qaGidHsFiNhHXxo=
20,-1,SDiu4VSGGZ1Ny0urVhPamo3FXSE=,+eh/mFbgksYf8c7wuaWc7U2OeM8=
31,-1,SDiu4VSGGZ1Ny0urVhPamo3FXSE=,X+R7Kw/tBloP/sk3SZj1ZyoxaLQ=
26,-4,SDiu4VSGGZ1Ny0urVhPamo3FXSE=,O5MSXBVOQMl5qaGidHsFiNhHXxo=
24,-2,SDiu4VSGGZ1Ny0urVhPamo3FXSE=,O5MSXBVOQMl5qaGidHsFiNhHXxo=
23,-2,SDiu4VSGGZ1Ny0urVhPamo3FXSE=,+eh/mFbgksYf8c7wuaWc7U2OeM8=
31,-4,SDiu4VSGGZ1Ny0urVhPamo3FXSE=,X+R7Kw/tBloP/sk3SZj1ZyoxaLQ=
25,-1,SDiu4VSGGZ1Ny0urVhPamo3FXSE=,O5MSXBVOQMl5qaGidHsFiNhHXxo=
24,-1,SDiu4VSGGZ1Ny0urVhPamo3FXSE=,O5MSXBVOQMl5qaGidHsFiNhHXxo=
25,-2,SDiu4VSGGZ1Ny0urVhPamo3FXSE=,O5MSXBVOQMl5qaGidHsFiNhHXxo=
26,-2,SDiu4VSGGZ1Ny0urVhPamo3FXSE=,O5MSXBVOQMl5qaGidHsFiNhHXxo=
27,-2,SDiu4VSGGZ1Ny0urVhPamo3FXSE=,O5MSXBVOQMl5qaGidHsFiNhHXxo=
28,-3,SDiu4VSGGZ1Ny0urVhPamo3FXSE=,X+R7Kw/tBloP/sk3SZj1ZyoxaLQ=
26,-3,SDiu4VSGGZ1Ny0urVhPamo3FXSE=,O5MSXBVOQMl5qaGidHsFiNhHXxo=
31,-2,SDiu4VSGGZ1Ny0urVhPamo3FXSE=,X+R7Kw/tBloP/sk3SZj1ZyoxaLQ=
26,-1,SDiu4VSGGZ1Ny0urVhPamo3FXSE=,O5MSXBVOQMl5qaGidHsFiNhHXxo=
29,-3,SDiu4VSGGZ1Ny0urVhPamo3FXSE=,X+R7Kw/tBloP/sk3SZj1ZyoxaLQ=
28,-4,SDiu4VSGGZ1Ny0urVhPamo3FXSE=,X+R7Kw/tBloP/sk3SZj1ZyoxaLQ=
30,-3,SDiu4VSGGZ1Ny0urVhPamo3FXSE=,X+R7Kw/tBloP/sk3SZj1ZyoxaLQ=
31,-3,SDiu4VSGGZ1Ny0urVhPamo3FXSE=,X+R7Kw/tBloP/sk3SZj1ZyoxaLQ=
27,-4,SDiu4VSGGZ1Ny0urVhPamo3FXSE=,O5MSXBVOQMl5qaGidHsFiNhHXxo=
30,-1,SDiu4VSGGZ1Ny0urVhPamo3FXSE=,X+R7Kw/tBloP/sk3SZj1ZyoxaLQ=
28,-2,SDiu4VSGGZ1Ny0urVhPamo3FXSE=,X+R7Kw/tBloP/sk3SZj1ZyoxaLQ=
30,-4,SDiu4VSGGZ1Ny0urVhPamo3FXSE=,X+R7Kw/tBloP/sk3SZj1ZyoxaLQ=
27,-1,SDiu4VSGGZ1Ny0urVhPamo3FXSE=,O5MSXBVOQMl5qaGidHsFiNhHXxo=
29,-1,SDiu4VSGGZ1Ny0urVhPamo3FXSE=,X+R7Kw/tBloP/sk3SZj1ZyoxaLQ=
29,-2,SDiu4VSGGZ1Ny0urVhPamo3FXSE=,X+R7Kw/tBloP/sk3SZj1ZyoxaLQ=
30,-2,SDiu4VSGGZ1Ny0urVhPamo3FXSE=,X+R7Kw/tBloP/sk3SZj1ZyoxaLQ=
29,-4,SDiu4VSGGZ1Ny0urVhPamo3FXSE=,X+R7Kw/tBloP/sk3SZj1ZyoxaLQ=
28,-1,SDiu4VSGGZ1Ny0urVhPamo3FXSE=,X+R7Kw/tBloP/sk3SZj1ZyoxaLQ=
16,-6,SDiu4VSGGZ1Ny0urVhPamo3FXSE=,a8bhcgkxCMwIskBNXC00fAacgu4=
17,-5,SDiu4VSGGZ1Ny0urVhPamo3FXSE=,a8bhcgkxCMwIskBNXC00fAacgu4=
16,-4,SDiu4VSGGZ1Ny0urVhPamo3FXSE=,iDxC4di67GfdId1IQXepMVKKZCE=
17,-4,SDiu4VSGGZ1Ny0urVhPamo3FXSE=,iDxC4di67GfdId1IQXepMVKKZCE=
17,-3,SDiu4VSGGZ1Ny0urVhPamo3FXSE=,iDxC4di67GfdId1IQXepMVKKZCE=
17,-6,SDiu4VSGGZ1Ny0urVhPamo3FXSE=,a8bhcgkxCMwIskBNXC00fAacgu4=
16,-5,SDiu4VSGGZ1Ny0urVhPamo3FXSE=,a8bhcgkxCMwIskBNXC00fAacgu4=
16,-3,SDiu4VSGGZ1Ny0urVhPamo3FXSE=,iDxC4di67GfdId1IQXepMVKKZCE=
16,-2,SDiu4VSGGZ1Ny0urVhPamo3FXSE=,iDxC4di67GfdId1IQXepMVKKZCE=
16,-1,SDiu4VSGGZ1Ny0urVhPamo3FXSE=,iDxC4di67GfdId1IQXepMVKKZCE=
17,-2,SDiu4VSGGZ1Ny0urVhPamo3FXSE=,iDxC4di67GfdId1IQXepMVKKZCE=
17,-1,SDiu4VSGGZ1Ny0urVhPamo3FXSE=,iDxC4di67GfdId1IQXepMVKKZCE=
16,-9,SDiu4VSGGZ1Ny0urVhPamo3FXSE=,WjG0YCH5CfO+G5nuuSMrhUJ1oLQ=
17,-9,SDiu4VSGGZ1Ny0urVhPamo3FXSE=,WjG0YCH5CfO+G5nuuSMrhUJ1oLQ=
16,-8,SDiu4VSGGZ1Ny0urVhPamo3FXSE=,a8bhcgkxCMwIskBNXC00fAacgu4=
16,-10,SDiu4VSGGZ1Ny0urVhPamo3FXSE=,WjG0YCH5CfO+G5nuuSMrhUJ1oLQ=
17,-10,SDiu4VSGGZ1Ny0urVhPamo3FXSE=,WjG0YCH5CfO+G5nuuSMrhUJ1oLQ=
16,-14,SDiu4VSGGZ1Ny0urVhPamo3FXSE=,VCoUrHZL0/S6oAZBHwrz/6B2DF0=
17,-8,SDiu4VSGGZ1Ny0urVhPamo3FXSE=,a8bhcgkxCMwIskBNXC00fAacgu4=
17,-7,SDiu4VSGGZ1Ny0urVhPamo3FXSE=,a8bhcgkxCMwIskBNXC00fAacgu4=
16,-7,SDiu4VSGGZ1Ny0urVhPamo3FXSE=,a8bhcgkxCMwIskBNXC00fAacgu4=
16,-12,SDiu4VSGGZ1Ny0urVhPamo3FXSE=,WjG0YCH5CfO+G5nuuSMrhUJ1oLQ=
17,-13,SDiu4VSGGZ1Ny0urVhPamo3FXSE=,VCoUrHZL0/S6oAZBHwrz/6B2DF0=
17,-14,SDiu4VSGGZ1Ny0urVhPamo3FXSE=,VCoUrHZL0/S6oAZBHwrz/6B2DF0=
16,-13,SDiu4VSGGZ1Ny0urVhPamo3FXSE=,VCoUrHZL0/S6oAZBHwrz/6B2DF0=
17,-12,SDiu4VSGGZ1Ny0urVhPamo3FXSE=,WjG0YCH5CfO+G5nuuSMrhUJ1oLQ=
17,-11,SDiu4VSGGZ1Ny0urVhPamo3FXSE=,WjG0YCH5CfO+G5nuuSMrhUJ1oLQ=
16,-11,SDiu4VSGGZ1Ny0urVhPamo3FXSE=,WjG0YCH5CfO+G5nuuSMrhUJ1oLQ=
17,-16,SDiu4VSGGZ1Ny0urVhPamo3FXSE=,VCoUrHZL0/S6oAZBHwrz/6B2DF0=
16,-15,SDiu4VSGGZ1Ny0urVhPamo3FXSE=,VCoUrHZL0/S6oAZBHwrz/6B2DF0=
16,-16,SDiu4VSGGZ1Ny0urVhPamo3FXSE=,VCoUrHZL0/S6oAZBHwrz/6B2DF0=
17,-15,SDiu4VSGGZ1Ny0urVhPamo3FXSE=,VCoUrHZL0/S6oAZBHwrz/6B2DF0=
31,-16,SDiu4VSGGZ1Ny0urVhPamo3FXSE=,oXQrqtogAyPdZuTQOfZHULRYej8=
30,-15,SDiu4VSGGZ1Ny0urVhPamo3FXSE=,oXQrqtogAyPdZuTQOfZHULRYej8=
31,-15,SDiu4VSGGZ1Ny0urVhPamo3FXSE=,oXQrqtogAyPdZuTQOfZHULRYej8=
30,-16,SDiu4VSGGZ1Ny0urVhPamo3FXSE=,oXQrqtogAyPdZuTQOfZHULRYej8=
22,-16,SDiu4VSGGZ1Ny0urVhPamo3FXSE=,G+WSYBlRNX0VquNuRmQ8yYoVjj8=
24,-16,SDiu4VSGGZ1Ny0urVhPamo3FXSE=,p77+XSqfTg8VHf2ED2goMUrN01Y=
21,-15,SDiu4VSGGZ1Ny0urVhPamo3FXSE=,G+WSYBlRNX0VquNuRmQ8yYoVjj8=
22,-15,SDiu4VSGGZ1Ny0urVhPamo3FXSE=,G+WSYBlRNX0VquNuRmQ8yYoVjj8=
25,-16,SDiu4VSGGZ1Ny0urVhPamo3FXSE=,p77+XSqfTg8VHf2ED2goMUrN01Y=
23,-16,SDiu4VSGGZ1Ny0urVhPamo3FXSE=,G+WSYBlRNX0VquNuRmQ8yYoVjj8=
25,-15,SDiu4VSGGZ1Ny0urVhPamo3FXSE=,p77+XSqfTg8VHf2ED2goMUrN01Y=
19,-15,SDiu4VSGGZ1Ny0urVhPamo3FXSE=,VCoUrHZL0/S6oAZBHwrz/6B2DF0=
24,-15,SDiu4VSGGZ1Ny0urVhPamo3FXSE=,p77+XSqfTg8VHf2ED2goMUrN01Y=
18,-15,SDiu4VSGGZ1Ny0urVhPamo3FXSE=,VCoUrHZL0/S6oAZBHwrz/6B2DF0=
21,-16,SDiu4VSGGZ1Ny0urVhPamo3FXSE=,G+WSYBlRNX0VquNuRmQ8yYoVjj8=
20,-15,SDiu4VSGGZ1Ny0urVhPamo3FXSE=,G+WSYBlRNX0VquNuRmQ8yYoVjj8=
23,-15,SDiu4VSGGZ1Ny0urVhPamo3FXSE=,G+WSYBlRNX0VquNuRmQ8yYoVjj8=
18,-16,SDiu4VSGGZ1Ny0urVhPamo3FXSE=,VCoUrHZL0/S6oAZBHwrz/6B2DF0=
20,-16,SDiu4VSGGZ1Ny0urVhPamo3FXSE=,G+WSYBlRNX0VquNuRmQ8yYoVjj8=
19,-16,SDiu4VSGGZ1Ny0urVhPamo3FXSE=,VCoUrHZL0/S6oAZBHwrz/6B2DF0=
20,-20,KQU6ohCTfyEej1QKgIsVS4en4eA=,7wunvPkaaITQpoqCsl5d25/o2JY=
18,-19,KQU6ohCTfyEej1QKgIsVS4en4eA=,zD4cvGoO4b+flUdwjGbPLK71otY=
19,-20,KQU6ohCTfyEej1QKgIsVS4en4eA=,zD4cvGoO4b+flUdwjGbPLK71otY=
20,-19,KQU6ohCTfyEej1QKgIsVS4en4eA=,7wunvPkaaITQpoqCsl5d25/o2JY=
18,-22,KQU6ohCTfyEej1QKgIsVS4en4eA=,5pWLwxxJMcH6m/K2lvUkUZQSApU=
19,-19,KQU6ohCTfyEej1QKgIsVS4en4eA=,zD4cvGoO4b+flUdwjGbPLK71otY=
18,-20,KQU6ohCTfyEej1QKgIsVS4en4eA=,zD4cvGoO4b+flUdwjGbPLK71otY=
18,-21,KQU6ohCTfyEej1QKgIsVS4en4eA=,5pWLwxxJMcH6m/K2lvUkUZQSApU=
19,-22,KQU6ohCTfyEej1QKgIsVS4en4eA=,5pWLwxxJMcH6m/K2lvUkUZQSApU=
21,-19,KQU6ohCTfyEej1QKgIsVS4en4eA=,7wunvPkaaITQpoqCsl5d25/o2JY=
19,-21,KQU6ohCTfyEej1QKgIsVS4en4eA=,5pWLwxxJMcH6m/K2lvUkUZQSApU=
21,-22,KQU6ohCTfyEej1QKgIsVS4en4eA=,nvpOFdlfo8dJIc6DmcA/SXY7Y2o=
21,-20,KQU6ohCTfyEej1QKgIsVS4en4eA=,7wunvPkaaITQpoqCsl5d25/o2JY=
21,-21,KQU6ohCTfyEej1QKgIsVS4en4eA=,nvpOFdlfo8dJIc6DmcA/SXY7Y2o=
20,-22,KQU6ohCTfyEej1QKgIsVS4en4eA=,nvpOFdlfo8dJIc6DmcA/SXY7Y2o=
20,-21,KQU6ohCTfyEej1QKgIsVS4en4eA=,nvpOFdlfo8dJIc6DmcA/SXY7Y2o=
23,-19,KQU6ohCTfyEej1QKgIsVS4en4eA=,7wunvPkaaITQpoqCsl5d25/o2JY=
23,-20,eOZsD+jcZfJk+nBWcCM0YD936Tg=,7wunvPkaaITQpoqCsl5d25/o2JY=
24,-20,eOZsD+jcZfJk+nBWcCM0YD936Tg=,PGbx9ZeUFw/3jU5aE+02Np/8PSY=
25,-20,eOZsD+jcZfJk+nBWcCM0YD936Tg=,PGbx9ZeUFw/3jU5aE+02Np/8PSY=
25,-22,eOZsD+jcZfJk+nBWcCM0YD936Tg=,8mJ6k1295hYvqp5TiQAbs+Q/gd0=
23,-21,eOZsD+jcZfJk+nBWcCM0YD936Tg=,nvpOFdlfo8dJIc6DmcA/SXY7Y2o=
23,-22,eOZsD+jcZfJk+nBWcCM0YD936Tg=,nvpOFdlfo8dJIc6DmcA/SXY7Y2o=
24,-21,eOZsD+jcZfJk+nBWcCM0YD936Tg=,8mJ6k1295hYvqp5TiQAbs+Q/gd0=
22,-19,eOZsD+jcZfJk+nBWcCM0YD936Tg=,7wunvPkaaITQpoqCsl5d25/o2JY=
22,-20,eOZsD+jcZfJk+nBWcCM0YD936Tg=,7wunvPkaaITQpoqCsl5d25/o2JY=
22,-22,eOZsD+jcZfJk+nBWcCM0YD936Tg=,nvpOFdlfo8dJIc6DmcA/SXY7Y2o=
22,-21,eOZsD+jcZfJk+nBWcCM0YD936Tg=,nvpOFdlfo8dJIc6DmcA/SXY7Y2o=
25,-21,eOZsD+jcZfJk+nBWcCM0YD936Tg=,8mJ6k1295hYvqp5TiQAbs+Q/gd0=
24,-19,eOZsD+jcZfJk+nBWcCM0YD936Tg=,PGbx9ZeUFw/3jU5aE+02Np/8PSY=
24,-22,eOZsD+jcZfJk+nBWcCM0YD936Tg=,8mJ6k1295hYvqp5TiQAbs+Q/gd0=
25,-19,eOZsD+jcZfJk+nBWcCM0YD936Tg=,PGbx9ZeUFw/3jU5aE+02Np/8PSY=
24,-24,eOZsD+jcZfJk+nBWcCM0YD936Tg=,8mJ6k1295hYvqp5TiQAbs+Q/gd0=
23,-24,eOZsD+jcZfJk+nBWcCM0YD936Tg=,nvpOFdlfo8dJIc6DmcA/SXY7Y2o=
23,-26,aYgep53S7Oo1OxjtjZMBdf/r65Y=,ZcjT4RCkOSazGOtDBr6IDZP0xYU=
25,-26,aYgep53S7Oo1OxjtjZMBdf/r65Y=,HRNoMJz7OYgckF3qPZNofhEutR4=
24,-25,aYgep53S7Oo1OxjtjZMBdf/r65Y=,HRNoMJz7OYgckF3qPZNofhEutR4=
25,-25,aYgep53S7Oo1OxjtjZMBdf/r65Y=,HRNoMJz7OYgckF3qPZNofhEutR4=
23,-25,aYgep53S7Oo1OxjtjZMBdf/r65Y=,ZcjT4RCkOSazGOtDBr6IDZP0xYU=
22,-26,aYgep53S7Oo1OxjtjZMBdf/r65Y=,ZcjT4RCkOSazGOtDBr6IDZP0xYU=
22,-25,aYgep53S7Oo1OxjtjZMBdf/r65Y=,ZcjT4RCkOSazGOtDBr6IDZP0xYU=
22,-24,aYgep53S7Oo1OxjtjZMBdf/r65Y=,nvpOFdlfo8dJIc6DmcA/SXY7Y2o=
24,-26,aYgep53S7Oo1OxjtjZMBdf/r65Y=,HRNoMJz7OYgckF3qPZNofhEutR4=
22,-23,aYgep53S7Oo1OxjtjZMBdf/r65Y=,nvpOFdlfo8dJIc6DmcA/SXY7Y2o=
25,-23,aYgep53S7Oo1OxjtjZMBdf/r65Y=,8mJ6k1295hYvqp5TiQAbs+Q/gd0=
23,-23,aYgep53S7Oo1OxjtjZMBdf/r65Y=,nvpOFdlfo8dJIc6DmcA/SXY7Y2o=
24,-23,aYgep53S7Oo1OxjtjZMBdf/r65Y=,8mJ6k1295hYvqp5TiQAbs+Q/gd0=
25,-24,aYgep53S7Oo1OxjtjZMBdf/r65Y=,8mJ6k1295hYvqp5TiQAbs+Q/gd0=
25,-27,aYgep53S7Oo1OxjtjZMBdf/r65Y=,HRNoMJz7OYgckF3qPZNofhEutR4=
22,-30,aYgep53S7Oo1OxjtjZMBdf/r65Y=,L6StT9YCa3mD4uGgnZtWSK0tbQQ=
23,-28,aYgep53S7Oo1OxjtjZMBdf/r65Y=,ZcjT4RCkOSazGOtDBr6IDZP0xYU=
25,-30,aYgep53S7Oo1OxjtjZMBdf/r65Y=,bzTknni7OVitCsPf1vjp+yFRSIo=
22,-27,aYgep53S7Oo1OxjtjZMBdf/r65Y=,ZcjT4RCkOSazGOtDBr6IDZP0xYU=
22,-29,aYgep53S7Oo1OxjtjZMBdf/r65Y=,L6StT9YCa3mD4uGgnZtWSK0tbQQ=
24,-27,aYgep53S7Oo1OxjtjZMBdf/r65Y=,HRNoMJz7OYgckF3qPZNofhEutR4=
23,-29,aYgep53S7Oo1OxjtjZMBdf/r65Y=,L6StT9YCa3mD4uGgnZtWSK0tbQQ=
23,-27,aYgep53S7Oo1OxjtjZMBdf/r65Y=,ZcjT4RCkOSazGOtDBr6IDZP0xYU=
24,-29,aYgep53S7Oo1OxjtjZMBdf/r65Y=,bzTknni7OVitCsPf1vjp+yFRSIo=
24,-28,aYgep53S7Oo1OxjtjZMBdf/r65Y=,HRNoMJz7OYgckF3qPZNofhEutR4=
24,-30,aYgep53S7Oo1OxjtjZMBdf/r65Y=,bzTknni7OVitCsPf1vjp+yFRSIo=
22,-28,aYgep53S7Oo1OxjtjZMBdf/r65Y=,ZcjT4RCkOSazGOtDBr6IDZP0xYU=
25,-28,aYgep53S7Oo1OxjtjZMBdf/r65Y=,HRNoMJz7OYgckF3qPZNofhEutR4=
23,-30,aYgep53S7Oo1OxjtjZMBdf/r65Y=,L6StT9YCa3mD4uGgnZtWSK0tbQQ=
25,-29,aYgep53S7Oo1OxjtjZMBdf/r65Y=,bzTknni7OVitCsPf1vjp+yFRSIo=
28,-30,QC1XkgwE8Fkc2ZzV8KchnCC7I2A=,QFYCwWhmipE8oneTqtl91iIxBwQ=
26,-27,QC1XkgwE8Fkc2ZzV8KchnCC7I2A=,HRNoMJz7OYgckF3qPZNofhEutR4=
29,-30,QC1XkgwE8Fkc2ZzV8KchnCC7I2A=,QFYCwWhmipE8oneTqtl91iIxBwQ=
27,-29,QC1XkgwE8Fkc2ZzV8KchnCC7I2A=,bzTknni7OVitCsPf1vjp+yFRSIo=
28,-28,QC1XkgwE8Fkc2ZzV8KchnCC7I2A=,MfW/FAXFXTh0AmI4whdVu3B6AMo=
28,-27,QC1XkgwE8Fkc2ZzV8KchnCC7I2A=,MfW/FAXFXTh0AmI4whdVu3B6AMo=
29,-29,QC1XkgwE8Fkc2ZzV8KchnCC7I2A=,QFYCwWhmipE8oneTqtl91iIxBwQ=
27,-27,QC1XkgwE8Fkc2ZzV8KchnCC7I2A=,HRNoMJz7OYgckF3qPZNofhEutR4=
29,-28,QC1XkgwE8Fkc2ZzV8KchnCC7I2A=,MfW/FAXFXTh0AmI4whdVu3B6AMo=
29,-27,QC1XkgwE8Fkc2ZzV8KchnCC7I2A=,MfW/FAXFXTh0AmI4whdVu3B6AMo=
26,-28,QC1XkgwE8Fkc2ZzV8KchnCC7I2A=,HRNoMJz7OYgckF3qPZNofhEutR4=
28,-29,QC1XkgwE8Fkc2ZzV8KchnCC7I2A=,QFYCwWhmipE8oneTqtl91iIxBwQ=
27,-28,QC1XkgwE8Fkc2ZzV8KchnCC7I2A=,HRNoMJz7OYgckF3qPZNofhEutR4=
26,-29,QC1XkgwE8Fkc2ZzV8KchnCC7I2A=,bzTknni7OVitCsPf1vjp+yFRSIo=
27,-30,QC1XkgwE8Fkc2ZzV8KchnCC7I2A=,bzTknni7OVitCsPf1vjp+yFRSIo=
26,-30,QC1XkgwE8Fkc2ZzV8KchnCC7I2A=,bzTknni7OVitCsPf1vjp+yFRSIo=
21,-23,QC1XkgwE8Fkc2ZzV8KchnCC7I2A=,nvpOFdlfo8dJIc6DmcA/SXY7Y2o=
20,-23,QC1XkgwE8Fkc2ZzV8KchnCC7I2A=,nvpOFdlfo8dJIc6DmcA/SXY7Y2o=
20,-29,L841uVWTSJVyJZkt4eAFTxp+M4c=,L6StT9YCa3mD4uGgnZtWSK0tbQQ=
19,-25,L841uVWTSJVyJZkt4eAFTxp+M4c=,4PTSTTesAjKWIpzSPmlG0qaItdw=
19,-29,L841uVWTSJVyJZkt4eAFTxp+M4c=,YBgLAsR2QodGJb/dZESO/IrLEw0=
21,-30,L841uVWTSJVyJZkt4eAFTxp+M4c=,L6StT9YCa3mD4uGgnZtWSK0tbQQ=
19,-23,L841uVWTSJVyJZkt4eAFTxp+M4c=,5pWLwxxJMcH6m/K2lvUkUZQSApU=
18,-23,L841uVWTSJVyJZkt4eAFTxp+M4c=,5pWLwxxJMcH6m/K2lvUkUZQSApU=
18,-25,L841uVWTSJVyJZkt4eAFTxp+M4c=,4PTSTTesAjKWIpzSPmlG0qaItdw=
18,-29,L841uVWTSJVyJZkt4eAFTxp+M4c=,YBgLAsR2QodGJb/dZESO/IrLEw0=
21,-26,L841uVWTSJVyJZkt4eAFTxp+M4c=,ZcjT4RCkOSazGOtDBr6IDZP0xYU=
21,-28,L841uVWTSJVyJZkt4eAFTxp+M4c=,ZcjT4RCkOSazGOtDBr6IDZP0xYU=
20,-28,L841uVWTSJVyJZkt4eAFTxp+M4c=,ZcjT4RCkOSazGOtDBr6IDZP0xYU=
19,-30,L841uVWTSJVyJZkt4eAFTxp+M4c=,YBgLAsR2QodGJb/dZESO/IrLEw0=
21,-27,L841uVWTSJVyJZkt4eAFTxp+M4c=,ZcjT4RCkOSazGOtDBr6IDZP0xYU=
19,-26,L841uVWTSJVyJZkt4eAFTxp+M4c=,4PTSTTesAjKWIpzSPmlG0qaItdw=
21,-25,L841uVWTSJVyJZkt4eAFTxp+M4c=,ZcjT4RCkOSazGOtDBr6IDZP0xYU=
20,-26,L841uVWTSJVyJZkt4eAFTxp+M4c=,ZcjT4RCkOSazGOtDBr6IDZP0xYU=
20,-27,L841uVWTSJVyJZkt4eAFTxp+M4c=,ZcjT4RCkOSazGOtDBr6IDZP0xYU=
18,-28,L841uVWTSJVyJZkt4eAFTxp+M4c=,4PTSTTesAjKWIpzSPmlG0qaItdw=
18,-30,L841uVWTSJVyJZkt4eAFTxp+M4c=,YBgLAsR2QodGJb/dZESO/IrLEw0=
21,-24,L841uVWTSJVyJZkt4eAFTxp+M4c=,nvpOFdlfo8dJIc6DmcA/SXY7Y2o=
18,-26,L841uVWTSJVyJZkt4eAFTxp+M4c=,4PTSTTesAjKWIpzSPmlG0qaItdw=
18,-27,L841uVWTSJVyJZkt4eAFTxp+M4c=,4PTSTTesAjKWIpzSPmlG0qaItdw=
19,-27,L841uVWTSJVyJZkt4eAFTxp+M4c=,4PTSTTesAjKWIpzSPmlG0qaItdw=
20,-30,L841uVWTSJVyJZkt4eAFTxp+M4c=,L6StT9YCa3mD4uGgnZtWSK0tbQQ=
19,-24,L841uVWTSJVyJZkt4eAFTxp+M4c=,5pWLwxxJMcH6m/K2lvUkUZQSApU=
20,-24,L841uVWTSJVyJZkt4eAFTxp+M4c=,nvpOFdlfo8dJIc6DmcA/SXY7Y2o=
20,-25,9MU3g7DPMdz+fJnz1DC1KqQFSKE=,ZcjT4RCkOSazGOtDBr6IDZP0xYU=
21,-29,9MU3g7DPMdz+fJnz1DC1KqQFSKE=,L6StT9YCa3mD4uGgnZtWSK0tbQQ=
19,-28,9MU3g7DPMdz+fJnz1DC1KqQFSKE=,4PTSTTesAjKWIpzSPmlG0qaItdw=
18,-24,9MU3g7DPMdz+fJnz1DC1KqQFSKE=,5pWLwxxJMcH6m/K2lvUkUZQSApU=
29,-20,9MU3g7DPMdz+fJnz1DC1KqQFSKE=,3Ty8tt+w3YDIuYSwDjYo5kN7Xt0=
27,-22,9MU3g7DPMdz+fJnz1DC1KqQFSKE=,8mJ6k1295hYvqp5TiQAbs+Q/gd0=
28,-24,9MU3g7DPMdz+fJnz1DC1KqQFSKE=,npgAd2fZ9KZHAQuDD0nOLBwrvrc=
27,-26,9MU3g7DPMdz+fJnz1DC1KqQFSKE=,HRNoMJz7OYgckF3qPZNofhEutR4=
27,-25,XT2VSf41133oBVQASL2CH4X5ZtE=,HRNoMJz7OYgckF3qPZNofhEutR4=
28,-20,XT2VSf41133oBVQASL2CH4X5ZtE=,3Ty8tt+w3YDIuYSwDjYo5kN7Xt0=
26,-19,XT2VSf41133oBVQASL2CH4X5ZtE=,PGbx9ZeUFw/3jU5aE+02Np/8PSY=
26,-25,XT2VSf41133oBVQASL2CH4X5ZtE=,HRNoMJz7OYgckF3qPZNofhEutR4=
27,-21,XT2VSf41133oBVQASL2CH4X5ZtE=,8mJ6k1295hYvqp5TiQAbs+Q/gd0=
30,-22,XT2VSf41133oBVQASL2CH4X5ZtE=,npgAd2fZ9KZHAQuDD0nOLBwrvrc=
31,-21,XT2VSf41133oBVQASL2CH4X5ZtE=,npgAd2fZ9KZHAQuDD0nOLBwrvrc=
27,-20,XT2VSf41133oBVQASL2CH4X5ZtE=,PGbx9ZeUFw/3jU5aE+02Np/8PSY=
26,-23,XT2VSf41133oBVQASL2CH4X5ZtE=,8mJ6k1295hYvqp5TiQAbs+Q/gd0=
26,-26,XT2VSf41133oBVQASL2CH4X5ZtE=,HRNoMJz7OYgckF3qPZNofhEutR4=
28,-23,XT2VSf41133oBVQASL2CH4X5ZtE=,npgAd2fZ9KZHAQuDD0nOLBwrvrc=
26,-20,XT2VSf41133oBVQASL2CH4X5ZtE=,PGbx9ZeUFw/3jU5aE+02Np/8PSY=
31,-20,XT2VSf41133oBVQASL2CH4X5ZtE=,3Ty8tt+w3YDIuYSwDjYo5kN7Xt0=
29,-22,XT2VSf41133oBVQASL2CH4X5ZtE=,npgAd2fZ9KZHAQuDD0nOLBwrvrc=
29,-23,pW2feWjp2CdmSthQb4yUqonvKM0=,npgAd2fZ9KZHAQuDD0nOLBwrvrc=
26,-21,pW2feWjp2CdmSthQb4yUqonvKM0=,8mJ6k1295hYvqp5TiQAbs+Q/gd0=
26,-22,pW2feWjp2CdmSthQb4yUqonvKM0=,8mJ6k1295hYvqp5TiQAbs+Q/gd0=
26,-24,pW2feWjp2CdmSthQb4yUqonvKM0=,8mJ6k1295hYvqp5TiQAbs+Q/gd0=
27,-23,pW2feWjp2CdmSthQb4yUqonvKM0=,8mJ6k1295hYvqp5TiQAbs+Q/gd0=
31,-22,pW2feWjp2CdmSthQb4yUqonvKM0=,npgAd2fZ9KZHAQuDD0nOLBwrvrc=
28,-19,pW2feWjp2CdmSthQb4yUqonvKM0=,3Ty8tt+w3YDIuYSwDjYo5kN7Xt0=
30,-20,pW2feWjp2CdmSthQb4yUqonvKM0=,3Ty8tt+w3YDIuYSwDjYo5kN7Xt0=
28,-21,pW2feWjp2CdmSthQb4yUqonvKM0=,npgAd2fZ9KZHAQuDD0nOLBwrvrc=
29,-26,pW2feWjp2CdmSthQb4yUqonvKM0=,MfW/FAXFXTh0AmI4whdVu3B6AMo=
28,-26,pW2feWjp2CdmSthQb4yUqonvKM0=,MfW/FAXFXTh0AmI4whdVu3B6AMo=
29,-19,pW2feWjp2CdmSthQb4yUqonvKM0=,3Ty8tt+w3YDIuYSwDjYo5kN7Xt0=
27,-24,QG1MRntyQzvPHarqZ9K0RJVwn4w=,8mJ6k1295hYvqp5TiQAbs+Q/gd0=
29,-21,QG1MRntyQzvPHarqZ9K0RJVwn4w=,npgAd2fZ9KZHAQuDD0nOLBwrvrc=
27,-19,QG1MRntyQzvPHarqZ9K0RJVwn4w=,PGbx9ZeUFw/3jU5aE+02Np/8PSY=
28,-22,QG1MRntyQzvPHarqZ9K0RJVwn4w=,npgAd2fZ9KZHAQuDD0nOLBwrvrc=
29,-24,QG1MRntyQzvPHarqZ9K0RJVwn4w=,npgAd2fZ9KZHAQuDD0nOLBwrvrc=
30,-19,QG1MRntyQzvPHarqZ9K0RJVwn4w=,3Ty8tt+w3YDIuYSwDjYo5kN7Xt0=
31,-19,QG1MRntyQzvPHarqZ9K0RJVwn4w=,3Ty8tt+w3YDIuYSwDjYo5kN7Xt0=
28,-25,QG1MRntyQzvPHarqZ9K0RJVwn4w=,MfW/FAXFXTh0AmI4whdVu3B6AMo=
29,-25,QG1MRntyQzvPHarqZ9K0RJVwn4w=,MfW/FAXFXTh0AmI4whdVu3B6AMo=
30,-21,QG1MRntyQzvPHarqZ9K0RJVwn4w=,npgAd2fZ9KZHAQuDD0nOLBwrvrc=
26,-32,QG1MRntyQzvPHarqZ9K0RJVwn4w=,bzTknni7OVitCsPf1vjp+yFRSIo=
29,-32,QG1MRntyQzvPHarqZ9K0RJVwn4w=,QFYCwWhmipE8oneTqtl91iIxBwQ=
28,-32,QG1MRntyQzvPHarqZ9K0RJVwn4w=,QFYCwWhmipE8oneTqtl91iIxBwQ=
26,-31,3YEvOIks4zHUY3ZcvPtNFNmibpc=,bzTknni7OVitCsPf1vjp+yFRSIo=
27,-31,3YEvOIks4zHUY3ZcvPtNFNmibpc=,bzTknni7OVitCsPf1vjp+yFRSIo=
29,-31,3YEvOIks4zHUY3ZcvPtNFNmibpc=,QFYCwWhmipE8oneTqtl91iIxBwQ=
28,-31,3YEvOIks4zHUY3ZcvPtNFNmibpc=,QFYCwWhmipE8oneTqtl91iIxBwQ=
24,-32,3YEvOIks4zHUY3ZcvPtNFNmibpc=,bzTknni7OVitCsPf1vjp+yFRSIo=
25,-32,3YEvOIks4zHUY3ZcvPtNFNmibpc=,bzTknni7OVitCsPf1vjp+yFRSIo=
27,-32,3YEvOIks4zHUY3ZcvPtNFNmibpc=,bzTknni7OVitCsPf1vjp+yFRSIo=
22,-32,3YEvOIks4zHUY3ZcvPtNFNmibpc=,L6StT9YCa3mD4uGgnZtWSK0tbQQ=
22,-31,3YEvOIks4zHUY3ZcvPtNFNmibpc=,L6StT9YCa3mD4uGgnZtWSK0tbQQ=
24,-31,3YEvOIks4zHUY3ZcvPtNFNmibpc=,bzTknni7OVitCsPf1vjp+yFRSIo=
23,-32,3YEvOIks4zHUY3ZcvPtNFNmibpc=,L6StT9YCa3mD4uGgnZtWSK0tbQQ=
25,-31,3YEvOIks4zHUY3ZcvPtNFNmibpc=,bzTknni7OVitCsPf1vjp+yFRSIo=
23,-31,3YEvOIks4zHUY3ZcvPtNFNmibpc=,L6StT9YCa3mD4uGgnZtWSK0tbQQ=
19,-31,3YEvOIks4zHUY3ZcvPtNFNmibpc=,YBgLAsR2QodGJb/dZESO/IrLEw0=
21,-32,3YEvOIks4zHUY3ZcvPtNFNmibpc=,L6StT9YCa3mD4uGgnZtWSK0tbQQ=
18,-31,3YEvOIks4zHUY3ZcvPtNFNmibpc=,YBgLAsR2QodGJb/dZESO/IrLEw0=
19,-32,3YEvOIks4zHUY3ZcvPtNFNmibpc=,YBgLAsR2QodGJb/dZESO/IrLEw0=
18,-32,3YEvOIks4zHUY3ZcvPtNFNmibpc=,YBgLAsR2QodGJb/dZESO/IrLEw0=
20,-32,3YEvOIks4zHUY3ZcvPtNFNmibpc=,L6StT9YCa3mD4uGgnZtWSK0tbQQ=
21,-31,3YEvOIks4zHUY3ZcvPtNFNmibpc=,L6StT9YCa3mD4uGgnZtWSK0tbQQ=
20,-31,3YEvOIks4zHUY3ZcvPtNFNmibpc=,L6StT9YCa3mD4uGgnZtWSK0tbQQ=
31,-24,3YEvOIks4zHUY3ZcvPtNFNmibpc=,npgAd2fZ9KZHAQuDD0nOLBwrvrc=
31,-27,3YEvOIks4zHUY3ZcvPtNFNmibpc=,MfW/FAXFXTh0AmI4whdVu3B6AMo=
31,-28,3YEvOIks4zHUY3ZcvPtNFNmibpc=,MfW/FAXFXTh0AmI4whdVu3B6AMo=
30,-30,3YEvOIks4zHUY3ZcvPtNFNmibpc=,QFYCwWhmipE8oneTqtl91iIxBwQ=
30,-26,3YEvOIks4zHUY3ZcvPtNFNmibpc=,MfW/FAXFXTh0AmI4whdVu3B6AMo=
31,-25,3YEvOIks4zHUY3ZcvPtNFNmibpc=,MfW/FAXFXTh0AmI4whdVu3B6AMo=
30,-23,3YEvOIks4zHUY3ZcvPtNFNmibpc=,npgAd2fZ9KZHAQuDD0nOLBwrvrc=
16,-32,3YEvOIks4zHUY3ZcvPtNFNmibpc=,YBgLAsR2QodGJb/dZESO/IrLEw0=
30,-29,3YEvOIks4zHUY3ZcvPtNFNmibpc=,QFYCwWhmipE8oneTqtl91iIxBwQ=
31,-29,3YEvOIks4zHUY3ZcvPtNFNmibpc=,QFYCwWhmipE8oneTqtl91iIxBwQ=
30,-28,3YEvOIks4zHUY3ZcvPtNFNmibpc=,MfW/FAXFXTh0AmI4whdVu3B6AMo=
31,-23,3YEvOIks4zHUY3ZcvPtNFNmibpc=,npgAd2fZ9KZHAQuDD0nOLBwrvrc=
16,-28,3YEvOIks4zHUY3ZcvPtNFNmibpc=,4PTSTTesAjKWIpzSPmlG0qaItdw=
16,-29,3YEvOIks4zHUY3ZcvPtNFNmibpc=,YBgLAsR2QodGJb/dZESO/IrLEw0=
30,-24,3YEvOIks4zHUY3ZcvPtNFNmibpc=,npgAd2fZ9KZHAQuDD0nOLBwrvrc=
31,-30,3YEvOIks4zHUY3ZcvPtNFNmibpc=,QFYCwWhmipE8oneTqtl91iIxBwQ=
16,-30,3YEvOIks4zHUY3ZcvPtNFNmibpc=,YBgLAsR2QodGJb/dZESO/IrLEw0=
31,-26,3YEvOIks4zHUY3ZcvPtNFNmibpc=,MfW/FAXFXTh0AmI4whdVu3B6AMo=
30,-27,3YEvOIks4zHUY3ZcvPtNFNmibpc=,MfW/FAXFXTh0AmI4whdVu3B6AMo=
17,-32,3YEvOIks4zHUY3ZcvPtNFNmibpc=,YBgLAsR2QodGJb/dZESO/IrLEw0=
16,-31,3YEvOIks4zHUY3ZcvPtNFNmibpc=,YBgLAsR2QodGJb/dZESO/IrLEw0=
30,-25,3YEvOIks4zHUY3ZcvPtNFNmibpc=,MfW/FAXFXTh0AmI4whdVu3B6AMo=
16,-27,3YEvOIks4zHUY3ZcvPtNFNmibpc=,4PTSTTesAjKWIpzSPmlG0qaItdw=
17,-30,3YEvOIks4zHUY3ZcvPtNFNmibpc=,YBgLAsR2QodGJb/dZESO/IrLEw0=
17,-31,3YEvOIks4zHUY3ZcvPtNFNmibpc=,YBgLAsR2QodGJb/dZESO/IrLEw0=
17,-28,3YEvOIks4zHUY3ZcvPtNFNmibpc=,4PTSTTesAjKWIpzSPmlG0qaItdw=
17,-29,3YEvOIks4zHUY3ZcvPtNFNmibpc=,YBgLAsR2QodGJb/dZESO/IrLEw0=
17,-27,3YEvOIks4zHUY3ZcvPtNFNmibpc=,4PTSTTesAjKWIpzSPmlG0qaItdw=
19,-17,3YEvOIks4zHUY3ZcvPtNFNmibpc=,zD4cvGoO4b+flUdwjGbPLK71otY=
19,-18,3YEvOIks4zHUY3ZcvPtNFNmibpc=,zD4cvGoO4b+flUdwjGbPLK71otY=
21,-17,3YEvOIks4zHUY3ZcvPtNFNmibpc=,7wunvPkaaITQpoqCsl5d25/o2JY=
20,-18,3YEvOIks4zHUY3ZcvPtNFNmibpc=,7wunvPkaaITQpoqCsl5d25/o2JY=
18,-18,3YEvOIks4zHUY3ZcvPtNFNmibpc=,zD4cvGoO4b+flUdwjGbPLK71otY=
18,-17,3YEvOIks4zHUY3ZcvPtNFNmibpc=,zD4cvGoO4b+flUdwjGbPLK71otY=
21,-18,3YEvOIks4zHUY3ZcvPtNFNmibpc=,7wunvPkaaITQpoqCsl5d25/o2JY=
20,-17,3YEvOIks4zHUY3ZcvPtNFNmibpc=,7wunvPkaaITQpoqCsl5d25/o2JY=
22,-18,3YEvOIks4zHUY3ZcvPtNFNmibpc=,7wunvPkaaITQpoqCsl5d25/o2JY=
23,-17,3YEvOIks4zHUY3ZcvPtNFNmibpc=,7wunvPkaaITQpoqCsl5d25/o2JY=
26,-17,3YEvOIks4zHUY3ZcvPtNFNmibpc=,PGbx9ZeUFw/3jU5aE+02Np/8PSY=
25,-17,3YEvOIks4zHUY3ZcvPtNFNmibpc=,PGbx9ZeUFw/3jU5aE+02Np/8PSY=
29,-17,3YEvOIks4zHUY3ZcvPtNFNmibpc=,3Ty8tt+w3YDIuYSwDjYo5kN7Xt0=
24,-17,3YEvOIks4zHUY3ZcvPtNFNmibpc=,PGbx9ZeUFw/3jU5aE+02Np/8PSY=
27,-17,3YEvOIks4zHUY3ZcvPtNFNmibpc=,PGbx9ZeUFw/3jU5aE+02Np/8PSY=
28,-17,3YEvOIks4zHUY3ZcvPtNFNmibpc=,3Ty8tt+w3YDIuYSwDjYo5kN7Xt0=
28,-18,3YEvOIks4zHUY3ZcvPtNFNmibpc=,3Ty8tt+w3YDIuYSwDjYo5kN7Xt0=
29,-18,3YEvOIks4zHUY3ZcvPtNFNmibpc=,3Ty8tt+w3YDIuYSwDjYo5kN7Xt0=
22,-17,3YEvOIks4zHUY3ZcvPtNFNmibpc=,7wunvPkaaITQpoqCsl5d25/o2JY=
23,-18,3YEvOIks4zHUY3ZcvPtNFNmibpc=,7wunvPkaaITQpoqCsl5d25/o2JY=
24,-18,3YEvOIks4zHUY3ZcvPtNFNmibpc=,PGbx9ZeUFw/3jU5aE+02Np/8PSY=
27,-18,3YEvOIks4zHUY3ZcvPtNFNmibpc=,PGbx9ZeUFw/3jU5aE+02Np/8PSY=
25,-18,3YEvOIks4zHUY3ZcvPtNFNmibpc=,PGbx9ZeUFw/3jU5aE+02Np/8PSY=
26,-18,3YEvOIks4zHUY3ZcvPtNFNmibpc=,PGbx9ZeUFw/3jU5aE+02Np/8PSY=
31,-18,3YEvOIks4zHUY3ZcvPtNFNmibpc=,3Ty8tt+w3YDIuYSwDjYo5kN7Xt0=
30,-18,3YEvOIks4zHUY3ZcvPtNFNmibpc=,3Ty8tt+w3YDIuYSwDjYo5kN7Xt0=
30,-17,3YEvOIks4zHUY3ZcvPtNFNmibpc=,3Ty8tt+w3YDIuYSwDjYo5kN7Xt0=
31,-17,3YEvOIks4zHUY3ZcvPtNFNmibpc=,3Ty8tt+w3YDIuYSwDjYo5kN7Xt0=
31,-32,3YEvOIks4zHUY3ZcvPtNFNmibpc=,QFYCwWhmipE8oneTqtl91iIxBwQ=
30,-32,3YEvOIks4zHUY3ZcvPtNFNmibpc=,QFYCwWhmipE8oneTqtl91iIxBwQ=
30,-31,3YEvOIks4zHUY3ZcvPtNFNmibpc=,QFYCwWhmipE8oneTqtl91iIxBwQ=
31,-31,3YEvOIks4zHUY3ZcvPtNFNmibpc=,QFYCwWhmipE8oneTqtl91iIxBwQ=
17,-17,3YEvOIks4zHUY3ZcvPtNFNmibpc=,zD4cvGoO4b+flUdwjGbPLK71otY=
16,-17,3YEvOIks4zHUY3ZcvPtNFNmibpc=,zD4cvGoO4b+flUdwjGbPLK71otY=
16,-18,3YEvOIks4zHUY3ZcvPtNFNmibpc=,zD4cvGoO4b+flUdwjGbPLK71otY=
17,-18,3YEvOIks4zHUY3ZcvPtNFNmibpc=,zD4cvGoO4b+flUdwjGbPLK71otY=
16,-19,3YEvOIks4zHUY3ZcvPtNFNmibpc=,zD4cvGoO4b+flUdwjGbPLK71otY=
16,-22,3YEvOIks4zHUY3ZcvPtNFNmibpc=,5pWLwxxJMcH6m/K2lvUkUZQSApU=
16,-24,3YEvOIks4zHUY3ZcvPtNFNmibpc=,5pWLwxxJMcH6m/K2lvUkUZQSApU=
16,-25,3YEvOIks4zHUY3ZcvPtNFNmibpc=,4PTSTTesAjKWIpzSPmlG0qaItdw=
17,-26,3YEvOIks4zHUY3ZcvPtNFNmibpc=,4PTSTTesAjKWIpzSPmlG0qaItdw=
16,-21,3YEvOIks4zHUY3ZcvPtNFNmibpc=,5pWLwxxJMcH6m/K2lvUkUZQSApU=
16,-20,3YEvOIks4zHUY3ZcvPtNFNmibpc=,zD4cvGoO4b+flUdwjGbPLK71otY=
17,-19,3YEvOIks4zHUY3ZcvPtNFNmibpc=,zD4cvGoO4b+flUdwjGbPLK71otY=
17,-21,3YEvOIks4zHUY3ZcvPtNFNmibpc=,5pWLwxxJMcH6m/K2lvUkUZQSApU=
17,-20,3YEvOIks4zHUY3ZcvPtNFNmibpc=,zD4cvGoO4b+flUdwjGbPLK71otY=
17,-24,3YEvOIks4zHUY3ZcvPtNFNmibpc=,5pWLwxxJMcH6m/K2lvUkUZQSApU=
16,-26,3YEvOIks4zHUY3ZcvPtNFNmibpc=,4PTSTTesAjKWIpzSPmlG0qaItdw=
16,-23,3YEvOIks4zHUY3ZcvPtNFNmibpc=,5pWLwxxJMcH6m/K2lvUkUZQSApU=
17,-22,3YEvOIks4zHUY3ZcvPtNFNmibpc=,5pWLwxxJMcH6m/K2lvUkUZQSApU=
17,-25,3YEvOIks4zHUY3ZcvPtNFNmibpc=,4PTSTTesAjKWIpzSPmlG0qaItdw=
17,-23,3YEvOIks4zHUY3ZcvPtNFNmibpc=,5pWLwxxJMcH6m/K2lvUkUZQSApU=
4,-21,Q/fhYFTrj+lYtwNGroYE+zExNAw=,BKs2IuZX8PwJqQjfmdTLhd130D4=
5,-22,Q/fhYFTrj+lYtwNGroYE+zExNAw=,BKs2IuZX8PwJqQjfmdTLhd130D4=
3,-21,Q/fhYFTrj+lYtwNGroYE+zExNAw=,j0n+oofDjgtAS7hiQ0odGsz4/B4=
2,-21,Q/fhYFTrj+lYtwNGroYE+zExNAw=,j0n+oofDjgtAS7hiQ0odGsz4/B4=
4,-20,Q/fhYFTrj+lYtwNGroYE+zExNAw=,6dIwaI2zEY0qRSilaFR8rU/cko4=
4,-22,Q/fhYFTrj+lYtwNGroYE+zExNAw=,BKs2IuZX8PwJqQjfmdTLhd130D4=
5,-21,Q/fhYFTrj+lYtwNGroYE+zExNAw=,BKs2IuZX8PwJqQjfmdTLhd130D4=
5,-20,Q/fhYFTrj+lYtwNGroYE+zExNAw=,6dIwaI2zEY0qRSilaFR8rU/cko4=
3,-22,Q/fhYFTrj+lYtwNGroYE+zExNAw=,j0n+oofDjgtAS7hiQ0odGsz4/B4=
2,-19,Q/fhYFTrj+lYtwNGroYE+zExNAw=,Fmf98bXA/iTFTdjhGk+1JLsfOXQ=
3,-19,Q/fhYFTrj+lYtwNGroYE+zExNAw=,Fmf98bXA/iTFTdjhGk+1JLsfOXQ=
3,-20,Q/fhYFTrj+lYtwNGroYE+zExNAw=,Fmf98bXA/iTFTdjhGk+1JLsfOXQ=
2,-22,Q/fhYFTrj+lYtwNGroYE+zExNAw=,j0n+oofDjgtAS7hiQ0odGsz4/B4=
5,-19,Q/fhYFTrj+lYtwNGroYE+zExNAw=,6dIwaI2zEY0qRSilaFR8rU/cko4=
2,-20,Q/fhYFTrj+lYtwNGroYE+zExNAw=,Fmf98bXA/iTFTdjhGk+1JLsfOXQ=
4,-19,Q/fhYFTrj+lYtwNGroYE+zExNAw=,6dIwaI2zEY0qRSilaFR8rU/cko4=
8,-20,Q/fhYFTrj+lYtwNGroYE+zExNAw=,IclURmwwmaI/mxmVjVODePUy7zY=
8,-21,HRmRN43gSjiwDAm8F2MCulPzWOM=,hH+ey7RqhxZi2R1GhvW69IDV0Pw=
7,-22,HRmRN43gSjiwDAm8F2MCulPzWOM=,BKs2IuZX8PwJqQjfmdTLhd130D4=
7,-20,HRmRN43gSjiwDAm8F2MCulPzWOM=,6dIwaI2zEY0qRSilaFR8rU/cko4=
7,-21,HRmRN43gSjiwDAm8F2MCulPzWOM=,BKs2IuZX8PwJqQjfmdTLhd130D4=
8,-22,HRmRN43gSjiwDAm8F2MCulPzWOM=,hH+ey7RqhxZi2R1GhvW69IDV0Pw=
9,-22,HRmRN43gSjiwDAm8F2MCulPzWOM=,hH+ey7RqhxZi2R1GhvW69IDV0Pw=
6,-22,HRmRN43gSjiwDAm8F2MCulPzWOM=,BKs2IuZX8PwJqQjfmdTLhd130D4=
9,-21,HRmRN43gSjiwDAm8F2MCulPzWOM=,hH+ey7RqhxZi2R1GhvW69IDV0Pw=
8,-19,HRmRN43gSjiwDAm8F2MCulPzWOM=,IclURmwwmaI/mxmVjVODePUy7zY=
6,-21,HRmRN43gSjiwDAm8F2MCulPzWOM=,BKs2IuZX8PwJqQjfmdTLhd130D4=
6,-20,HRmRN43gSjiwDAm8F2MCulPzWOM=,6dIwaI2zEY0qRSilaFR8rU/cko4=
7,-19,HRmRN43gSjiwDAm8F2MCulPzWOM=,6dIwaI2zEY0qRSilaFR8rU/cko4=
9,-20,HRmRN43gSjiwDAm8F2MCulPzWOM=,IclURmwwmaI/mxmVjVODePUy7zY=
9,-19,HRmRN43gSjiwDAm8F2MCulPzWOM=,IclURmwwmaI/mxmVjVODePUy7zY=
6,-19,HRmRN43gSjiwDAm8F2MCulPzWOM=,6dIwaI2zEY0qRSilaFR8rU/cko4=
10,-24,ZgwR9nVgvmRONaDT5J2wJqYW6ow=,hH+ey7RqhxZi2R1GhvW69IDV0Pw=
11,-25,ZgwR9nVgvmRONaDT5J2wJqYW6ow=,0mK6JWJkUrFn4d1m9QF4LQ2in7U=
11,-23,ZgwR9nVgvmRONaDT5J2wJqYW6ow=,hH+ey7RqhxZi2R1GhvW69IDV0Pw=
11,-24,ZgwR9nVgvmRONaDT5J2wJqYW6ow=,hH+ey7RqhxZi2R1GhvW69IDV0Pw=
12,-25,ZgwR9nVgvmRONaDT5J2wJqYW6ow=,FOyxhYfF6arXSfazHvIna3qc7so=
12,-24,ZgwR9nVgvmRONaDT5J2wJqYW6ow=,2Lc2ymIJQn89oGsAu6pQMvT1LS0=
12,-23,ZgwR9nVgvmRONaDT5J2wJqYW6ow=,2Lc2ymIJQn89oGsAu6pQMvT1LS0=
13,-23,ZgwR9nVgvmRONaDT5J2wJqYW6ow=,2Lc2ymIJQn89oGsAu6pQMvT1LS0=
13,-26,ZgwR9nVgvmRONaDT5J2wJqYW6ow=,FOyxhYfF6arXSfazHvIna3qc7so=
10,-23,ZgwR9nVgvmRONaDT5J2wJqYW6ow=,hH+ey7RqhxZi2R1GhvW69IDV0Pw=
10,-26,ZgwR9nVgvmRONaDT5J2wJqYW6ow=,0mK6JWJkUrFn4d1m9QF4LQ2in7U=
12,-26,ZgwR9nVgvmRONaDT5J2wJqYW6ow=,FOyxhYfF6arXSfazHvIna3qc7so=
13,-24,ZgwR9nVgvmRONaDT5J2wJqYW6ow=,2Lc2ymIJQn89oGsAu6pQMvT1LS0=
13,-25,ZgwR9nVgvmRONaDT5J2wJqYW6ow=,FOyxhYfF6arXSfazHvIna3qc7so=
11,-26,ZgwR9nVgvmRONaDT5J2wJqYW6ow=,0mK6JWJkUrFn4d1m9QF4LQ2in7U=
10,-25,ZgwR9nVgvmRONaDT5J2wJqYW6ow=,0mK6JWJkUrFn4d1m9QF4LQ2in7U=
7,-26,ZgwR9nVgvmRONaDT5J2wJqYW6ow=,WhMeJfF+fj39OinlqR+UCnsoWns=
7,-29,EYA70C7penVkYHQQf8pUKZ+AYNs=,ajgYtibWv0A/TZLm5fiW5rjmE00=
9,-23,EYA70C7penVkYHQQf8pUKZ+AYNs=,hH+ey7RqhxZi2R1GhvW69IDV0Pw=
6,-23,0NI6Y164k3d0eUrpwbRl/pgIyQE=,BKs2IuZX8PwJqQjfmdTLhd130D4=
8,-23,0NI6Y164k3d0eUrpwbRl/pgIyQE=,hH+ey7RqhxZi2R1GhvW69IDV0Pw=
8,-29,0NI6Y164k3d0eUrpwbRl/pgIyQE=,CUPnov0RTxLwd+1FZOXWdVusreM=
7,-23,0NI6Y164k3d0eUrpwbRl/pgIyQE=,BKs2IuZX8PwJqQjfmdTLhd130D4=
9,-26,0NI6Y164k3d0eUrpwbRl/pgIyQE=,0mK6JWJkUrFn4d1m9QF4LQ2in7U=
9,-27,0NI6Y164k3d0eUrpwbRl/pgIyQE=,0mK6JWJkUrFn4d1m9QF4LQ2in7U=
6,-29,DYz7PG1PGPoqnhUzYKhOVC+SRPU=,ajgYtibWv0A/TZLm5fiW5rjmE00=
9,-25,DYz7PG1PGPoqnhUzYKhOVC+SRPU=,0mK6JWJkUrFn4d1m9QF4LQ2in7U=
9,-29,DYz7PG1PGPoqnhUzYKhOVC+SRPU=,CUPnov0RTxLwd+1FZOXWdVusreM=
7,-30,DYz7PG1PGPoqnhUzYKhOVC+SRPU=,ajgYtibWv0A/TZLm5fiW5rjmE00=
9,-24,DYz7PG1PGPoqnhUzYKhOVC+SRPU=,hH+ey7RqhxZi2R1GhvW69IDV0Pw=
6,-30,DYz7PG1PGPoqnhUzYKhOVC+SRPU=,ajgYtibWv0A/TZLm5fiW5rjmE00=
9,-28,DYz7PG1PGPoqnhUzYKhOVC+SRPU=,0mK6JWJkUrFn4d1m9QF4LQ2in7U=
6,-27,DYz7PG1PGPoqnhUzYKhOVC+SRPU=,WhMeJfF+fj39OinlqR+UCnsoWns=
7,-27,DYz7PG1PGPoqnhUzYKhOVC+SRPU=,WhMeJfF+fj39OinlqR+UCnsoWns=
9,-30,DYz7PG1PGPoqnhUzYKhOVC+SRPU=,CUPnov0RTxLwd+1FZOXWdVusreM=
6,-26,DYz7PG1PGPoqnhUzYKhOVC+SRPU=,WhMeJfF+fj39OinlqR+UCnsoWns=
8,-30,lWfVHOxBowywvZ+wAaAu137yhlA=,CUPnov0RTxLwd+1FZOXWdVusreM=
8,-28,lWfVHOxBowywvZ+wAaAu137yhlA=,0mK6JWJkUrFn4d1m9QF4LQ2in7U=
8,-27,lWfVHOxBowywvZ+wAaAu137yhlA=,0mK6JWJkUrFn4d1m9QF4LQ2in7U=
6,-28,lWfVHOxBowywvZ+wAaAu137yhlA=,WhMeJfF+fj39OinlqR+UCnsoWns=
7,-25,lWfVHOxBowywvZ+wAaAu137yhlA=,WhMeJfF+fj39OinlqR+UCnsoWns=
7,-28,0neL8FauAmECQ30QgNCwtM3ZJRI=,WhMeJfF+fj39OinlqR+UCnsoWns=
6,-24,0neL8FauAmECQ30QgNCwtM3ZJRI=,BKs2IuZX8PwJqQjfmdTLhd130D4=
8,-25,0neL8FauAmECQ30QgNCwtM3ZJRI=,0mK6JWJkUrFn4d1m9QF4LQ2in7U=
8,-24,0neL8FauAmECQ30QgNCwtM3ZJRI=,hH+ey7RqhxZi2R1GhvW69IDV0Pw=
8,-26,lr/j5kgEDDcqwjFoqMYuhiV62EA=,0mK6JWJkUrFn4d1m9QF4LQ2in7U=
7,-24,lr/j5kgEDDcqwjFoqMYuhiV62EA=,BKs2IuZX8PwJqQjfmdTLhd130D4=
6,-25,lr/j5kgEDDcqwjFoqMYuhiV62EA=,WhMeJfF+fj39OinlqR+UCnsoWns=
4,-32,lr/j5kgEDDcqwjFoqMYuhiV62EA=,ajgYtibWv0A/TZLm5fiW5rjmE00=
2,-32,lr/j5kgEDDcqwjFoqMYuhiV62EA=,cG/B1U3YAhKIkRtpz1RKp3f36AA=
5,-32,lr/j5kgEDDcqwjFoqMYuhiV62EA=,ajgYtibWv0A/TZLm5fiW5rjmE00=
4,-31,lr/j5kgEDDcqwjFoqMYuhiV62EA=,ajgYtibWv0A/TZLm5fiW5rjmE00=
5,-31,lr/j5kgEDDcqwjFoqMYuhiV62EA=,ajgYtibWv0A/TZLm5fiW5rjmE00=
3,-31,lr/j5kgEDDcqwjFoqMYuhiV62EA=,cG/B1U3YAhKIkRtpz1RKp3f36AA=
3,-32,lr/j5kgEDDcqwjFoqMYuhiV62EA=,cG/B1U3YAhKIkRtpz1RKp3f36AA=
2,-31,lr/j5kgEDDcqwjFoqMYuhiV62EA=,cG/B1U3YAhKIkRtpz1RKp3f36AA=
1,-30,lr/j5kgEDDcqwjFoqMYuhiV62EA=,cG/B1U3YAhKIkRtpz1RKp3f36AA=
0,-30,lr/j5kgEDDcqwjFoqMYuhiV62EA=,cG/B1U3YAhKIkRtpz1RKp3f36AA=
4,-29,lr/j5kgEDDcqwjFoqMYuhiV62EA=,ajgYtibWv0A/TZLm5fiW5rjmE00=
3,-30,lr/j5kgEDDcqwjFoqMYuhiV62EA=,cG/B1U3YAhKIkRtpz1RKp3f36AA=
3,-29,lr/j5kgEDDcqwjFoqMYuhiV62EA=,cG/B1U3YAhKIkRtpz1RKp3f36AA=
1,-29,lr/j5kgEDDcqwjFoqMYuhiV62EA=,cG/B1U3YAhKIkRtpz1RKp3f36AA=
2,-29,lr/j5kgEDDcqwjFoqMYuhiV62EA=,cG/B1U3YAhKIkRtpz1RKp3f36AA=
0,-29,lr/j5kgEDDcqwjFoqMYuhiV62EA=,cG/B1U3YAhKIkRtpz1RKp3f36AA=
2,-30,lr/j5kgEDDcqwjFoqMYuhiV62EA=,cG/B1U3YAhKIkRtpz1RKp3f36AA=
4,-30,lr/j5kgEDDcqwjFoqMYuhiV62EA=,ajgYtibWv0A/TZLm5fiW5rjmE00=
0,-28,lr/j5kgEDDcqwjFoqMYuhiV62EA=,Pa59zNHun8lLt9TP5ylM4ASb7U8=
5,-29,lr/j5kgEDDcqwjFoqMYuhiV62EA=,ajgYtibWv0A/TZLm5fiW5rjmE00=
5,-30,hkIm8r4rWCrgRGNNaPQTQS5Et4Y=,ajgYtibWv0A/TZLm5fiW5rjmE00=
2,-24,hkIm8r4rWCrgRGNNaPQTQS5Et4Y=,j0n+oofDjgtAS7hiQ0odGsz4/B4=
5,-23,hkIm8r4rWCrgRGNNaPQTQS5Et4Y=,BKs2IuZX8PwJqQjfmdTLhd130D4=
2,-23,hkIm8r4rWCrgRGNNaPQTQS5Et4Y=,j0n+oofDjgtAS7hiQ0odGsz4/B4=
4,-23,hkIm8r4rWCrgRGNNaPQTQS5Et4Y=,BKs2IuZX8PwJqQjfmdTLhd130D4=
5,-27,hkIm8r4rWCrgRGNNaPQTQS5Et4Y=,WhMeJfF+fj39OinlqR+UCnsoWns=
3,-23,hkIm8r4rWCrgRGNNaPQTQS5Et4Y=,j0n+oofDjgtAS7hiQ0odGsz4/B4=
1,-28,hkIm8r4rWCrgRGNNaPQTQS5Et4Y=,Pa59zNHun8lLt9TP5ylM4ASb7U8=
5,-28,hkIm8r4rWCrgRGNNaPQTQS5Et4Y=,WhMeJfF+fj39OinlqR+UCnsoWns=
5,-25,hkIm8r4rWCrgRGNNaPQTQS5Et4Y=,WhMeJfF+fj39OinlqR+UCnsoWns=
0,-27,hkIm8r4rWCrgRGNNaPQTQS5Et4Y=,Pa59zNHun8lLt9TP5ylM4ASb7U8=
5,-26,yw+nDNf1ZbZZ3UNQ5sD5DpKxveY=,WhMeJfF+fj39OinlqR+UCnsoWns=
5,-24,yw+nDNf1ZbZZ3UNQ5sD5DpKxveY=,BKs2IuZX8PwJqQjfmdTLhd130D4=
3,-24,yw+nDNf1ZbZZ3UNQ5sD5DpKxveY=,j0n+oofDjgtAS7hiQ0odGsz4/B4=
1,-27,yw+nDNf1ZbZZ3UNQ5sD5DpKxveY=,Pa59zNHun8lLt9TP5ylM4ASb7U8=
4,-28,yw+nDNf1ZbZZ3UNQ5sD5DpKxveY=,WhMeJfF+fj39OinlqR+UCnsoWns=
4,-24,yw+nDNf1ZbZZ3UNQ5sD5DpKxveY=,BKs2IuZX8PwJqQjfmdTLhd130D4=
4,-27,yw+nDNf1ZbZZ3UNQ5sD5DpKxveY=,WhMeJfF+fj39OinlqR+UCnsoWns=
2,-27,yw+nDNf1ZbZZ3UNQ5sD5DpKxveY=,Pa59zNHun8lLt9TP5ylM4ASb7U8=
2,-28,yw+nDNf1ZbZZ3UNQ5sD5DpKxveY=,Pa59zNHun8lLt9TP5ylM4ASb7U8=
3,-27,yw+nDNf1ZbZZ3UNQ5sD5DpKxveY=,Pa59zNHun8lLt9TP5ylM4ASb7U8=
2,-26,yw+nDNf1ZbZZ3UNQ5sD5DpKxveY=,Pa59zNHun8lLt9TP5ylM4ASb7U8=
3,-28,yw+nDNf1ZbZZ3UNQ5sD5DpKxveY=,Pa59zNHun8lLt9TP5ylM4ASb7U8=
3,-26,yw+nDNf1ZbZZ3UNQ5sD5DpKxveY=,Pa59zNHun8lLt9TP5ylM4ASb7U8=
4,-26,yw+nDNf1ZbZZ3UNQ5sD5DpKxveY=,WhMeJfF+fj39OinlqR+UCnsoWns=
4,-25,yw+nDNf1ZbZZ3UNQ5sD5DpKxveY=,WhMeJfF+fj39OinlqR+UCnsoWns=
2,-25,yw+nDNf1ZbZZ3UNQ5sD5DpKxveY=,Pa59zNHun8lLt9TP5ylM4ASb7U8=
3,-25,yw+nDNf1ZbZZ3UNQ5sD5DpKxveY=,Pa59zNHun8lLt9TP5ylM4ASb7U8=
0,-17,yw+nDNf1ZbZZ3UNQ5sD5DpKxveY=,Fmf98bXA/iTFTdjhGk+1JLsfOXQ=
0,-25,yw+nDNf1ZbZZ3UNQ5sD5DpKxveY=,Pa59zNHun8lLt9TP5ylM4ASb7U8=
0,-18,yw+nDNf1ZbZZ3UNQ5sD5DpKxveY=,Fmf98bXA/iTFTdjhGk+1JLsfOXQ=
1,-25,yw+nDNf1ZbZZ3UNQ5sD5DpKxveY=,Pa59zNHun8lLt9TP5ylM4ASb7U8=
1,-17,yw+nDNf1ZbZZ3UNQ5sD5DpKxveY=,Fmf98bXA/iTFTdjhGk+1JLsfOXQ=
1,-26,yw+nDNf1ZbZZ3UNQ5sD5DpKxveY=,Pa59zNHun8lLt9TP5ylM4ASb7U8=
0,-23,yw+nDNf1ZbZZ3UNQ5sD5DpKxveY=,j0n+oofDjgtAS7hiQ0odGsz4/B4=
1,-18,yw+nDNf1ZbZZ3UNQ5sD5DpKxveY=,Fmf98bXA/iTFTdjhGk+1JLsfOXQ=
0,-26,yw+nDNf1ZbZZ3UNQ5sD5DpKxveY=,Pa59zNHun8lLt9TP5ylM4ASb7U8=
8,-32,yw+nDNf1ZbZZ3UNQ5sD5DpKxveY=,CUPnov0RTxLwd+1FZOXWdVusreM=
0,-22,yw+nDNf1ZbZZ3UNQ5sD5DpKxveY=,j0n+oofDjgtAS7hiQ0odGsz4/B4=
0,-21,yw+nDNf1ZbZZ3UNQ5sD5DpKxveY=,j0n+oofDjgtAS7hiQ0odGsz4/B4=
0,-20,yw+nDNf1ZbZZ3UNQ5sD5DpKxveY=,Fmf98bXA/iTFTdjhGk+1JLsfOXQ=
6,-32,yw+nDNf1ZbZZ3UNQ5sD5DpKxveY=,ajgYtibWv0A/TZLm5fiW5rjmE00=
0,-19,yw+nDNf1ZbZZ3UNQ5sD5DpKxveY=,Fmf98bXA/iTFTdjhGk+1JLsfOXQ=
7,-32,yw+nDNf1ZbZZ3UNQ5sD5DpKxveY=,ajgYtibWv0A/TZLm5fiW5rjmE00=
0,-24,yw+nDNf1ZbZZ3UNQ5sD5DpKxveY=,j0n+oofDjgtAS7hiQ0odGsz4/B4=
6,-31,yw+nDNf1ZbZZ3UNQ5sD5DpKxveY=,ajgYtibWv0A/TZLm5fiW5rjmE00=
8,-31,yw+nDNf1ZbZZ3UNQ5sD5DpKxveY=,CUPnov0RTxLwd+1FZOXWdVusreM=
1,-24,yw+nDNf1ZbZZ3UNQ5sD5DpKxveY=,j0n+oofDjgtAS7hiQ0odGsz4/B4=
7,-31,yw+nDNf1ZbZZ3UNQ5sD5DpKxveY=,ajgYtibWv0A/TZLm5fiW5rjmE00=
1,-22,yw+nDNf1ZbZZ3UNQ5sD5DpKxveY=,j0n+oofDjgtAS7hiQ0odGsz4/B4=
9,-31,yw+nDNf1ZbZZ3UNQ5sD5DpKxveY=,CUPnov0RTxLwd+1FZOXWdVusreM=
9,-32,yw+nDNf1ZbZZ3UNQ5sD5DpKxveY=,CUPnov0RTxLwd+1FZOXWdVusreM=
1,-19,yw+nDNf1ZbZZ3UNQ5sD5DpKxveY=,Fmf98bXA/iTFTdjhGk+1JLsfOXQ=
15,-25,yw+nDNf1ZbZZ3UNQ5sD5DpKxveY=,FOyxhYfF6arXSfazHvIna3qc7so=
1,-20,yw+nDNf1ZbZZ3UNQ5sD5DpKxveY=,Fmf98bXA/iTFTdjhGk+1JLsfOXQ=
15,-24,yw+nDNf1ZbZZ3UNQ5sD5DpKxveY=,2Lc2ymIJQn89oGsAu6pQMvT1LS0=
1,-23,yw+nDNf1ZbZZ3UNQ5sD5DpKxveY=,j0n+oofDjgtAS7hiQ0odGsz4/B4=
14,-25,yw+nDNf1ZbZZ3UNQ5sD5DpKxveY=,FOyxhYfF6arXSfazHvIna3qc7so=
15,-26,yw+nDNf1ZbZZ3UNQ5sD5DpKxveY=,FOyxhYfF6arXSfazHvIna3qc7so=
14,-24,yw+nDNf1ZbZZ3UNQ5sD5DpKxveY=,2Lc2ymIJQn89oGsAu6pQMvT1LS0=
1,-21,yw+nDNf1ZbZZ3UNQ5sD5DpKxveY=,j0n+oofDjgtAS7hiQ0odGsz4/B4=
14,-23,yw+nDNf1ZbZZ3UNQ5sD5DpKxveY=,2Lc2ymIJQn89oGsAu6pQMvT1LS0=
15,-23,yw+nDNf1ZbZZ3UNQ5sD5DpKxveY=,2Lc2ymIJQn89oGsAu6pQMvT1LS0=
14,-26,yw+nDNf1ZbZZ3UNQ5sD5DpKxveY=,FOyxhYfF6arXSfazHvIna3qc7so=
11,-32,yw+nDNf1ZbZZ3UNQ5sD5DpKxveY=,CUPnov0RTxLwd+1FZOXWdVusreM=
11,-29,yw+nDNf1ZbZZ3UNQ5sD5DpKxveY=,CUPnov0RTxLwd+1FZOXWdVusreM=
11,-30,yw+nDNf1ZbZZ3UNQ5sD5DpKxveY=,CUPnov0RTxLwd+1FZOXWdVusreM=
13,-28,yw+nDNf1ZbZZ3UNQ5sD5DpKxveY=,FOyxhYfF6arXSfazHvIna3qc7so=
11,-31,yw+nDNf1ZbZZ3UNQ5sD5DpKxveY=,CUPnov0RTxLwd+1FZOXWdVusreM=
11,-28,yw+nDNf1ZbZZ3UNQ5sD5DpKxveY=,0mK6JWJkUrFn4d1m9QF4LQ2in7U=
13,-27,yw+nDNf1ZbZZ3UNQ5sD5DpKxveY=,FOyxhYfF6arXSfazHvIna3qc7so=
14,-27,yw+nDNf1ZbZZ3UNQ5sD5DpKxveY=,FOyxhYfF6arXSfazHvIna3qc7so=
12,-30,yw+nDNf1ZbZZ3UNQ5sD5DpKxveY=,Vpd8I21HAx6D3a1RDNto3s29xWk=
15,-27,yw+nDNf1ZbZZ3UNQ5sD5DpKxveY=,FOyxhYfF6arXSfazHvIna3qc7so=
12,-31,yw+nDNf1ZbZZ3UNQ5sD5DpKxveY=,Vpd8I21HAx6D3a1RDNto3s29xWk=
10,-32,yw+nDNf1ZbZZ3UNQ5sD5DpKxveY=,CUPnov0RTxLwd+1FZOXWdVusreM=
13,-31,yw+nDNf1ZbZZ3UNQ5sD5DpKxveY=,Vpd8I21HAx6D3a1RDNto3s29xWk=
14,-29,yw+nDNf1ZbZZ3UNQ5sD5DpKxveY=,Vpd8I21HAx6D3a1RDNto3s29xWk=
13,-29,yw+nDNf1ZbZZ3UNQ5sD5DpKxveY=,Vpd8I21HAx6D3a1RDNto3s29xWk=
13,-30,yw+nDNf1ZbZZ3UNQ5sD5DpKxveY=,Vpd8I21HAx6D3a1RDNto3s29xWk=
15,-29,yw+nDNf1ZbZZ3UNQ5sD5DpKxveY=,Vpd8I21HAx6D3a1RDNto3s29xWk=
10,-29,yw+nDNf1ZbZZ3UNQ5sD5DpKxveY=,CUPnov0RTxLwd+1FZOXWdVusreM=
12,-29,yw+nDNf1ZbZZ3UNQ5sD5DpKxveY=,Vpd8I21HAx6D3a1RDNto3s29xWk=
14,-28,yw+nDNf1ZbZZ3UNQ5sD5DpKxveY=,FOyxhYfF6arXSfazHvIna3qc7so=
12,-27,yw+nDNf1ZbZZ3UNQ5sD5DpKxveY=,FOyxhYfF6arXSfazHvIna3qc7so=
15,-30,yw+nDNf1ZbZZ3UNQ5sD5DpKxveY=,Vpd8I21HAx6D3a1RDNto3s29xWk=
12,-32,yw+nDNf1ZbZZ3UNQ5sD5DpKxveY=,Vpd8I21HAx6D3a1RDNto3s29xWk=
12,-28,yw+nDNf1ZbZZ3UNQ5sD5DpKxveY=,FOyxhYfF6arXSfazHvIna3qc7so=
14,-30,yw+nDNf1ZbZZ3UNQ5sD5DpKxveY=,Vpd8I21HAx6D3a1RDNto3s29xWk=
10,-30,yw+nDNf1ZbZZ3UNQ5sD5DpKxveY=,CUPnov0RTxLwd+1FZOXWdVusreM=
15,-28,yw+nDNf1ZbZZ3UNQ5sD5DpKxveY=,FOyxhYfF6arXSfazHvIna3qc7so=
11,-27,yw+nDNf1ZbZZ3UNQ5sD5DpKxveY=,0mK6JWJkUrFn4d1m9QF4LQ2in7U=
13,-32,yw+nDNf1ZbZZ3UNQ5sD5DpKxveY=,Vpd8I21HAx6D3a1RDNto3s29xWk=
10,-27,yw+nDNf1ZbZZ3UNQ5sD5DpKxveY=,0mK6JWJkUrFn4d1m9QF4LQ2in7U=
10,-28,yw+nDNf1ZbZZ3UNQ5sD5DpKxveY=,0mK6JWJkUrFn4d1m9QF4LQ2in7U=
10,-31,yw+nDNf1ZbZZ3UNQ5sD5DpKxveY=,CUPnov0RTxLwd+1FZOXWdVusreM=
14,-32,yw+nDNf1ZbZZ3UNQ5sD5DpKxveY=,Vpd8I21HAx6D3a1RDNto3s29xWk=
0,-32,yw+nDNf1ZbZZ3UNQ5sD5DpKxveY=,cG/B1U3YAhKIkRtpz1RKp3f36AA=
15,-32,yw+nDNf1ZbZZ3UNQ5sD5DpKxveY=,Vpd8I21HAx6D3a1RDNto3s29xWk=
14,-31,yw+nDNf1ZbZZ3UNQ5sD5DpKxveY=,Vpd8I21HAx6D3a1RDNto3s29xWk=
0,-31,yw+nDNf1ZbZZ3UNQ5sD5DpKxveY=,cG/B1U3YAhKIkRtpz1RKp3f36AA=
1,-31,yw+nDNf1ZbZZ3UNQ5sD5DpKxveY=,cG/B1U3YAhKIkRtpz1RKp3f36AA=
1,-32,yw+nDNf1ZbZZ3UNQ5sD5DpKxveY=,cG/B1U3YAhKIkRtpz1RKp3f36AA=
15,-31,yw+nDNf1ZbZZ3UNQ5sD5DpKxveY=,Vpd8I21HAx6D3a1RDNto3s29xWk=
11,-17,yw+nDNf1ZbZZ3UNQ5sD5DpKxveY=,IclURmwwmaI/mxmVjVODePUy7zY=
12,-19,yw+nDNf1ZbZZ3UNQ5sD5DpKxveY=,tp31NUNPLlmDNB3kJ+x/gVmYzTE=
14,-19,yw+nDNf1ZbZZ3UNQ5sD5DpKxveY=,tp31NUNPLlmDNB3kJ+x/gVmYzTE=
10,-18,yw+nDNf1ZbZZ3UNQ5sD5DpKxveY=,IclURmwwmaI/mxmVjVODePUy7zY=
13,-18,yw+nDNf1ZbZZ3UNQ5sD5DpKxveY=,tp31NUNPLlmDNB3kJ+x/gVmYzTE=
15,-18,yw+nDNf1ZbZZ3UNQ5sD5DpKxveY=,tp31NUNPLlmDNB3kJ+x/gVmYzTE=
13,-19,yw+nDNf1ZbZZ3UNQ5sD5DpKxveY=,tp31NUNPLlmDNB3kJ+x/gVmYzTE=
10,-22,yw+nDNf1ZbZZ3UNQ5sD5DpKxveY=,hH+ey7RqhxZi2R1GhvW69IDV0Pw=
10,-21,yw+nDNf1ZbZZ3UNQ5sD5DpKxveY=,hH+ey7RqhxZi2R1GhvW69IDV0Pw=
10,-19,yw+nDNf1ZbZZ3UNQ5sD5DpKxveY=,IclURmwwmaI/mxmVjVODePUy7zY=
10,-20,yw+nDNf1ZbZZ3UNQ5sD5DpKxveY=,IclURmwwmaI/mxmVjVODePUy7zY=
14,-18,yw+nDNf1ZbZZ3UNQ5sD5DpKxveY=,tp31NUNPLlmDNB3kJ+x/gVmYzTE=
11,-22,yw+nDNf1ZbZZ3UNQ5sD5DpKxveY=,hH+ey7RqhxZi2R1GhvW69IDV0Pw=
15,-20,yw+nDNf1ZbZZ3UNQ5sD5DpKxveY=,tp31NUNPLlmDNB3kJ+x/gVmYzTE=
12,-22,yw+nDNf1ZbZZ3UNQ5sD5DpKxveY=,2Lc2ymIJQn89oGsAu6pQMvT1LS0=
10,-17,yw+nDNf1ZbZZ3UNQ5sD5DpKxveY=,IclURmwwmaI/mxmVjVODePUy7zY=
13,-22,yw+nDNf1ZbZZ3UNQ5sD5DpKxveY=,2Lc2ymIJQn89oGsAu6pQMvT1LS0=
15,-22,yw+nDNf1ZbZZ3UNQ5sD5DpKxveY=,2Lc2ymIJQn89oGsAu6pQMvT1LS0=
13,-21,yw+nDNf1ZbZZ3UNQ5sD5DpKxveY=,2Lc2ymIJQn89oGsAu6pQMvT1LS0=
14,-21,yw+nDNf1ZbZZ3UNQ5sD5DpKxveY=,2Lc2ymIJQn89oGsAu6pQMvT1LS0=
14,-22,yw+nDNf1ZbZZ3UNQ5sD5DpKxveY=,2Lc2ymIJQn89oGsAu6pQMvT1LS0=
12,-20,yw+nDNf1ZbZZ3UNQ5sD5DpKxveY=,tp31NUNPLlmDNB3kJ+x/gVmYzTE=
11,-21,yw+nDNf1ZbZZ3UNQ5sD5DpKxveY=,hH+ey7RqhxZi2R1GhvW69IDV0Pw=
11,-19,yw+nDNf1ZbZZ3UNQ5sD5DpKxveY=,IclURmwwmaI/mxmVjVODePUy7zY=
12,-21,yw+nDNf1ZbZZ3UNQ5sD5DpKxveY=,2Lc2ymIJQn89oGsAu6pQMvT1LS0=
14,-20,yw+nDNf1ZbZZ3UNQ5sD5DpKxveY=,tp31NUNPLlmDNB3kJ+x/gVmYzTE=
14,-17,yw+nDNf1ZbZZ3UNQ5sD5DpKxveY=,tp31NUNPLlmDNB3kJ+x/gVmYzTE=
13,-17,yw+nDNf1ZbZZ3UNQ5sD5DpKxveY=,tp31NUNPLlmDNB3kJ+x/gVmYzTE=
15,-17,yw+nDNf1ZbZZ3UNQ5sD5DpKxveY=,tp31NUNPLlmDNB3kJ+x/gVmYzTE=
11,-18,yw+nDNf1ZbZZ3UNQ5sD5DpKxveY=,IclURmwwmaI/mxmVjVODePUy7zY=
12,-17,yw+nDNf1ZbZZ3UNQ5sD5DpKxveY=,tp31NUNPLlmDNB3kJ+x/gVmYzTE=
15,-19,yw+nDNf1ZbZZ3UNQ5sD5DpKxveY=,tp31NUNPLlmDNB3kJ+x/gVmYzTE=
11,-20,yw+nDNf1ZbZZ3UNQ5sD5DpKxveY=,IclURmwwmaI/mxmVjVODePUy7zY=
13,-20,yw+nDNf1ZbZZ3UNQ5sD5DpKxveY=,tp31NUNPLlmDNB3kJ+x/gVmYzTE=
15,-21,yw+nDNf1ZbZZ3UNQ5sD5DpKxveY=,2Lc2ymIJQn89oGsAu6pQMvT1LS0=
12,-18,yw+nDNf1ZbZZ3UNQ5sD5DpKxveY=,tp31NUNPLlmDNB3kJ+x/gVmYzTE=
6,-18,yw+nDNf1ZbZZ3UNQ5sD5DpKxveY=,6dIwaI2zEY0qRSilaFR8rU/cko4=
4,-17,yw+nDNf1ZbZZ3UNQ5sD5DpKxveY=,6dIwaI2zEY0qRSilaFR8rU/cko4=
3,-17,yw+nDNf1ZbZZ3UNQ5sD5DpKxveY=,Fmf98bXA/iTFTdjhGk+1JLsfOXQ=
5,-18,yw+nDNf1ZbZZ3UNQ5sD5DpKxveY=,6dIwaI2zEY0qRSilaFR8rU/cko4=
3,-18,yw+nDNf1ZbZZ3UNQ5sD5DpKxveY=,Fmf98bXA/iTFTdjhGk+1JLsfOXQ=
8,-18,yw+nDNf1ZbZZ3UNQ5sD5DpKxveY=,IclURmwwmaI/mxmVjVODePUy7zY=
9,-18,yw+nDNf1ZbZZ3UNQ5sD5DpKxveY=,IclURmwwmaI/mxmVjVODePUy7zY=
4,-18,yw+nDNf1ZbZZ3UNQ5sD5DpKxveY=,6dIwaI2zEY0qRSilaFR8rU/cko4=
5,-17,yw+nDNf1ZbZZ3UNQ5sD5DpKxveY=,6dIwaI2zEY0qRSilaFR8rU/cko4=
7,-18,yw+nDNf1ZbZZ3UNQ5sD5DpKxveY=,6dIwaI2zEY0qRSilaFR8rU/cko4=
8,-17,yw+nDNf1ZbZZ3UNQ5sD5DpKxveY=,IclURmwwmaI/mxmVjVODePUy7zY=
9,-17,yw+nDNf1ZbZZ3UNQ5sD5DpKxveY=,IclURmwwmaI/mxmVjVODePUy7zY=
2,-18,yw+nDNf1ZbZZ3UNQ5sD5DpKxveY=,Fmf98bXA/iTFTdjhGk+1JLsfOXQ=
2,-17,yw+nDNf1ZbZZ3UNQ5sD5DpKxveY=,Fmf98bXA/iTFTdjhGk+1JLsfOXQ=
6,-17,yw+nDNf1ZbZZ3UNQ5sD5DpKxveY=,6dIwaI2zEY0qRSilaFR8rU/cko4=
7,-17,yw+nDNf1ZbZZ3UNQ5sD5DpKxveY=,6dIwaI2zEY0qRSilaFR8rU/cko4=
4,-6,cpRuXq4Z9/NH+RX/kpoaRPUoD1A=,6e3KrIpkCtAlHB+h7icaWcWeNrk=
3,-5,cpRuXq4Z9/NH+RX/kpoaRPUoD1A=,aqkkrzSbkaIzOEbfVZhnq095NMw=
5,-5,cpRuXq4Z9/NH+RX/kpoaRPUoD1A=,6e3KrIpkCtAlHB+h7icaWcWeNrk=
4,-4,cpRuXq4Z9/NH+RX/kpoaRPUoD1A=,OxpStiW+hkS6O9nXuRGOf291P8I=
4,-5,cpRuXq4Z9/NH+RX/kpoaRPUoD1A=,6e3KrIpkCtAlHB+h7icaWcWeNrk=
5,-6,cpRuXq4Z9/NH+RX/kpoaRPUoD1A=,6e3KrIpkCtAlHB+h7icaWcWeNrk=
3,-3,cpRuXq4Z9/NH+RX/kpoaRPUoD1A=,MNix3JjAyn0w+f0Z2hqlLCQfefs=
3,-6,cpRuXq4Z9/NH+RX/kpoaRPUoD1A=,aqkkrzSbkaIzOEbfVZhnq095NMw=
2,-3,cpRuXq4Z9/NH+RX/kpoaRPUoD1A=,MNix3JjAyn0w+f0Z2hqlLCQfefs=
2,-6,cpRuXq4Z9/NH+RX/kpoaRPUoD1A=,aqkkrzSbkaIzOEbfVZhnq095NMw=
5,-4,cpRuXq4Z9/NH+RX/kpoaRPUoD1A=,OxpStiW+hkS6O9nXuRGOf291P8I=
2,-4,cpRuXq4Z9/NH+RX/kpoaRPUoD1A=,MNix3JjAyn0w+f0Z2hqlLCQfefs=
2,-5,cpRuXq4Z9/NH+RX/kpoaRPUoD1A=,aqkkrzSbkaIzOEbfVZhnq095NMw=
3,-4,cpRuXq4Z9/NH+RX/kpoaRPUoD1A=,MNix3JjAyn0w+f0Z2hqlLCQfefs=
5,-3,cpRuXq4Z9/NH+RX/kpoaRPUoD1A=,OxpStiW+hkS6O9nXuRGOf291P8I=
4,-3,cpRuXq4Z9/NH+RX/kpoaRPUoD1A=,OxpStiW+hkS6O9nXuRGOf291P8I=
8,-5,MBfyyUV2P9cX9Mx8ZWopTkDgtf4=,KNMofUzCLioYiXXE3BP/9BEBRx8=
7,-5,MBfyyUV2P9cX9Mx8ZWopTkDgtf4=,6e3KrIpkCtAlHB+h7icaWcWeNrk=
8,-6,MBfyyUV2P9cX9Mx8ZWopTkDgtf4=,KNMofUzCLioYiXXE3BP/9BEBRx8=
7,-6,MBfyyUV2P9cX9Mx8ZWopTkDgtf4=,6e3KrIpkCtAlHB+h7icaWcWeNrk=
9,-5,MBfyyUV2P9cX9Mx8ZWopTkDgtf4=,KNMofUzCLioYiXXE3BP/9BEBRx8=
9,-6,MBfyyUV2P9cX9Mx8ZWopTkDgtf4=,KNMofUzCLioYiXXE3BP/9BEBRx8=
6,-5,MBfyyUV2P9cX9Mx8ZWopTkDgtf4=,6e3KrIpkCtAlHB+h7icaWcWeNrk=
7,-4,MBfyyUV2P9cX9Mx8ZWopTkDgtf4=,OxpStiW+hkS6O9nXuRGOf291P8I=
8,-3,MBfyyUV2P9cX9Mx8ZWopTkDgtf4=,akQfohPm5no2kyDpO+b5Kpt7cvA=
9,-3,MBfyyUV2P9cX9Mx8ZWopTkDgtf4=,akQfohPm5no2kyDpO+b5Kpt7cvA=
8,-4,MBfyyUV2P9cX9Mx8ZWopTkDgtf4=,akQfohPm5no2kyDpO+b5Kpt7cvA=
6,-4,MBfyyUV2P9cX9Mx8ZWopTkDgtf4=,OxpStiW+hkS6O9nXuRGOf291P8I=
6,-3,MBfyyUV2P9cX9Mx8ZWopTkDgtf4=,OxpStiW+hkS6O9nXuRGOf291P8I=
7,-3,6Znov0pZ95dVuGtAJDsGuy4PIVA=,OxpStiW+hkS6O9nXuRGOf291P8I=
6,-6,6Znov0pZ95dVuGtAJDsGuy4PIVA=,6e3KrIpkCtAlHB+h7icaWcWeNrk=
9,-4,6Znov0pZ95dVuGtAJDsGuy4PIVA=,akQfohPm5no2kyDpO+b5Kpt7cvA=
13,-3,6Znov0pZ95dVuGtAJDsGuy4PIVA=,kmJHDBDSPYrS3AOufIKN2QSQiZs=
13,-5,6Znov0pZ95dVuGtAJDsGuy4PIVA=,bim10ch8/AIRd/L1npWdk2p615U=
10,-6,6Znov0pZ95dVuGtAJDsGuy4PIVA=,KNMofUzCLioYiXXE3BP/9BEBRx8=
10,-4,6Znov0pZ95dVuGtAJDsGuy4PIVA=,akQfohPm5no2kyDpO+b5Kpt7cvA=
11,-5,6Znov0pZ95dVuGtAJDsGuy4PIVA=,KNMofUzCLioYiXXE3BP/9BEBRx8=
11,-3,6Znov0pZ95dVuGtAJDsGuy4PIVA=,akQfohPm5no2kyDpO+b5Kpt7cvA=
12,-5,6Znov0pZ95dVuGtAJDsGuy4PIVA=,bim10ch8/AIRd/L1npWdk2p615U=
10,-5,6Znov0pZ95dVuGtAJDsGuy4PIVA=,KNMofUzCLioYiXXE3BP/9BEBRx8=
13,-6,6Znov0pZ95dVuGtAJDsGuy4PIVA=,bim10ch8/AIRd/L1npWdk2p615U=
12,-6,6Znov0pZ95dVuGtAJDsGuy4PIVA=,bim10ch8/AIRd/L1npWdk2p615U=
13,-4,6Znov0pZ95dVuGtAJDsGuy4PIVA=,kmJHDBDSPYrS3AOufIKN2QSQiZs=
11,-4,6Znov0pZ95dVuGtAJDsGuy4PIVA=,akQfohPm5no2kyDpO+b5Kpt7cvA=
11,-6,6Znov0pZ95dVuGtAJDsGuy4PIVA=,KNMofUzCLioYiXXE3BP/9BEBRx8=
12,-4,6Znov0pZ95dVuGtAJDsGuy4PIVA=,kmJHDBDSPYrS3AOufIKN2QSQiZs=
12,-3,6Znov0pZ95dVuGtAJDsGuy4PIVA=,kmJHDBDSPYrS3AOufIKN2QSQiZs=
10,-3,6Znov0pZ95dVuGtAJDsGuy4PIVA=,akQfohPm5no2kyDpO+b5Kpt7cvA=
11,-10,577Mse2Brjtc2VfeWdz2ghXTl1Q=,MYN/sVFmsKxTHQYKObZP9slstec=
10,-14,577Mse2Brjtc2VfeWdz2ghXTl1Q=,5dFVRRgVAb4/mQefriTWPlAj/+E=
10,-11,577Mse2Brjtc2VfeWdz2ghXTl1Q=,MYN/sVFmsKxTHQYKObZP9slstec=
10,-10,577Mse2Brjtc2VfeWdz2ghXTl1Q=,MYN/sVFmsKxTHQYKObZP9slstec=
11,-8,577Mse2Brjtc2VfeWdz2ghXTl1Q=,KNMofUzCLioYiXXE3BP/9BEBRx8=
10,-8,577Mse2Brjtc2VfeWdz2ghXTl1Q=,KNMofUzCLioYiXXE3BP/9BEBRx8=
10,-12,577Mse2Brjtc2VfeWdz2ghXTl1Q=,MYN/sVFmsKxTHQYKObZP9slstec=
11,-11,577Mse2Brjtc2VfeWdz2ghXTl1Q=,MYN/sVFmsKxTHQYKObZP9slstec=
10,-13,dbVRK2RUnOQR8B3H2IybK9YwVMQ=,5dFVRRgVAb4/mQefriTWPlAj/+E=
12,-14,dbVRK2RUnOQR8B3H2IybK9YwVMQ=,ouoAfp12AL+ubP9ohljqX89Xnk0=
13,-14,dbVRK2RUnOQR8B3H2IybK9YwVMQ=,ouoAfp12AL+ubP9ohljqX89Xnk0=
13,-13,dbVRK2RUnOQR8B3H2IybK9YwVMQ=,ouoAfp12AL+ubP9ohljqX89Xnk0=
11,-7,dbVRK2RUnOQR8B3H2IybK9YwVMQ=,KNMofUzCLioYiXXE3BP/9BEBRx8=
10,-9,dbVRK2RUnOQR8B3H2IybK9YwVMQ=,MYN/sVFmsKxTHQYKObZP9slstec=
12,-13,dbVRK2RUnOQR8B3H2IybK9YwVMQ=,ouoAfp12AL+ubP9ohljqX89Xnk0=
11,-14,dbVRK2RUnOQR8B3H2IybK9YwVMQ=,5dFVRRgVAb4/mQefriTWPlAj/+E=
11,-13,dbVRK2RUnOQR8B3H2IybK9YwVMQ=,5dFVRRgVAb4/mQefriTWPlAj/+E=
10,-7,dbVRK2RUnOQR8B3H2IybK9YwVMQ=,KNMofUzCLioYiXXE3BP/9BEBRx8=
12,-12,dbVRK2RUnOQR8B3H2IybK9YwVMQ=,lYbjPRGBQt82N1RO82c6JEwFK3I=
11,-12,dbVRK2RUnOQR8B3H2IybK9YwVMQ=,MYN/sVFmsKxTHQYKObZP9slstec=
13,-8,dbVRK2RUnOQR8B3H2IybK9YwVMQ=,bim10ch8/AIRd/L1npWdk2p615U=
13,-12,dbVRK2RUnOQR8B3H2IybK9YwVMQ=,lYbjPRGBQt82N1RO82c6JEwFK3I=
12,-7,dbVRK2RUnOQR8B3H2IybK9YwVMQ=,bim10ch8/AIRd/L1npWdk2p615U=
12,-11,dbVRK2RUnOQR8B3H2IybK9YwVMQ=,lYbjPRGBQt82N1RO82c6JEwFK3I=
11,-9,dbVRK2RUnOQR8B3H2IybK9YwVMQ=,MYN/sVFmsKxTHQYKObZP9slstec=
13,-11,dbVRK2RUnOQR8B3H2IybK9YwVMQ=,lYbjPRGBQt82N1RO82c6JEwFK3I=
13,-7,dbVRK2RUnOQR8B3H2IybK9YwVMQ=,bim10ch8/AIRd/L1npWdk2p615U=
12,-8,dbVRK2RUnOQR8B3H2IybK9YwVMQ=,bim10ch8/AIRd/L1npWdk2p615U=
12,-10,dbVRK2RUnOQR8B3H2IybK9YwVMQ=,lYbjPRGBQt82N1RO82c6JEwFK3I=
13,-9,dbVRK2RUnOQR8B3H2IybK9YwVMQ=,lYbjPRGBQt82N1RO82c6JEwFK3I=
13,-10,dbVRK2RUnOQR8B3H2IybK9YwVMQ=,lYbjPRGBQt82N1RO82c6JEwFK3I=
12,-9,dbVRK2RUnOQR8B3H2IybK9YwVMQ=,lYbjPRGBQt82N1RO82c6JEwFK3I=
8,-13,76x+QYJB/UiaQfii00TnkySYNDs=,5dFVRRgVAb4/mQefriTWPlAj/+E=
8,-11,76x+QYJB/UiaQfii00TnkySYNDs=,MYN/sVFmsKxTHQYKObZP9slstec=
6,-7,76x+QYJB/UiaQfii00TnkySYNDs=,6e3KrIpkCtAlHB+h7icaWcWeNrk=
7,-7,+sghkzQU5W6w5r+2UjKpK2LnHr0=,6e3KrIpkCtAlHB+h7icaWcWeNrk=
8,-7,+sghkzQU5W6w5r+2UjKpK2LnHr0=,KNMofUzCLioYiXXE3BP/9BEBRx8=
9,-7,+sghkzQU5W6w5r+2UjKpK2LnHr0=,KNMofUzCLioYiXXE3BP/9BEBRx8=
9,-9,+sghkzQU5W6w5r+2UjKpK2LnHr0=,MYN/sVFmsKxTHQYKObZP9slstec=
9,-14,+sghkzQU5W6w5r+2UjKpK2LnHr0=,5dFVRRgVAb4/mQefriTWPlAj/+E=
7,-9,+sghkzQU5W6w5r+2UjKpK2LnHr0=,C/oB6F6KKWhUspmcCPmaAqhbc8Y=
9,-11,+sghkzQU5W6w5r+2UjKpK2LnHr0=,MYN/sVFmsKxTHQYKObZP9slstec=
9,-10,+sghkzQU5W6w5r+2UjKpK2LnHr0=,MYN/sVFmsKxTHQYKObZP9slstec=
9,-8,+sghkzQU5W6w5r+2UjKpK2LnHr0=,KNMofUzCLioYiXXE3BP/9BEBRx8=
7,-12,+sghkzQU5W6w5r+2UjKpK2LnHr0=,C/oB6F6KKWhUspmcCPmaAqhbc8Y=
4,-15,+sghkzQU5W6w5r+2UjKpK2LnHr0=,mvCgk90FHxSqRVILEVQs9NnpI4Y=
6,-11,+sghkzQU5W6w5r+2UjKpK2LnHr0=,C/oB6F6KKWhUspmcCPmaAqhbc8Y=
9,-12,+sghkzQU5W6w5r+2UjKpK2LnHr0=,MYN/sVFmsKxTHQYKObZP9slstec=
7,-8,3LY1gFr949NTx7O9fEPIgkFF0Q8=,6e3KrIpkCtAlHB+h7icaWcWeNrk=
9,-13,3LY1gFr949NTx7O9fEPIgkFF0Q8=,5dFVRRgVAb4/mQefriTWPlAj/+E=
8,-9,3LY1gFr949NTx7O9fEPIgkFF0Q8=,MYN/sVFmsKxTHQYKObZP9slstec=
8,-12,3LY1gFr949NTx7O9fEPIgkFF0Q8=,MYN/sVFmsKxTHQYKObZP9slstec=
6,-9,3LY1gFr949NTx7O9fEPIgkFF0Q8=,C/oB6F6KKWhUspmcCPmaAqhbc8Y=
5,-16,AmUFxBiK2GuLipyTm58t9rDqJds=,mvCgk90FHxSqRVILEVQs9NnpI4Y=
6,-8,AmUFxBiK2GuLipyTm58t9rDqJds=,6e3KrIpkCtAlHB+h7icaWcWeNrk=
7,-10,AmUFxBiK2GuLipyTm58t9rDqJds=,C/oB6F6KKWhUspmcCPmaAqhbc8Y=
6,-14,AmUFxBiK2GuLipyTm58t9rDqJds=,mvCgk90FHxSqRVILEVQs9NnpI4Y=
7,-14,AmUFxBiK2GuLipyTm58t9rDqJds=,mvCgk90FHxSqRVILEVQs9NnpI4Y=
5,-15,AmUFxBiK2GuLipyTm58t9rDqJds=,mvCgk90FHxSqRVILEVQs9NnpI4Y=
6,-12,AmUFxBiK2GuLipyTm58t9rDqJds=,C/oB6F6KKWhUspmcCPmaAqhbc8Y=
6,-10,AmUFxBiK2GuLipyTm58t9rDqJds=,C/oB6F6KKWhUspmcCPmaAqhbc8Y=
7,-11,AmUFxBiK2GuLipyTm58t9rDqJds=,C/oB6F6KKWhUspmcCPmaAqhbc8Y=
8,-10,AmUFxBiK2GuLipyTm58t9rDqJds=,MYN/sVFmsKxTHQYKObZP9slstec=
4,-16,AmUFxBiK2GuLipyTm58t9rDqJds=,mvCgk90FHxSqRVILEVQs9NnpI4Y=
8,-8,AmUFxBiK2GuLipyTm58t9rDqJds=,KNMofUzCLioYiXXE3BP/9BEBRx8=
8,-14,AmUFxBiK2GuLipyTm58t9rDqJds=,5dFVRRgVAb4/mQefriTWPlAj/+E=
3,-16,AmUFxBiK2GuLipyTm58t9rDqJds=,m2d494xjBgY8m2icbZhRYsrVYpI=
6,-13,sbSDO/HaiJZroqw0VRhqi9KVunc=,mvCgk90FHxSqRVILEVQs9NnpI4Y=
2,-15,sbSDO/HaiJZroqw0VRhqi9KVunc=,m2d494xjBgY8m2icbZhRYsrVYpI=
2,-16,sbSDO/HaiJZroqw0VRhqi9KVunc=,m2d494xjBgY8m2icbZhRYsrVYpI=
3,-15,sbSDO/HaiJZroqw0VRhqi9KVunc=,m2d494xjBgY8m2icbZhRYsrVYpI=
7,-13,sbSDO/HaiJZroqw0VRhqi9KVunc=,mvCgk90FHxSqRVILEVQs9NnpI4Y=
3,-12,sbSDO/HaiJZroqw0VRhqi9KVunc=,XaZOAvQiObhEGY8Dm8cOlG4xIPg=
3,-8,sbSDO/HaiJZroqw0VRhqi9KVunc=,aqkkrzSbkaIzOEbfVZhnq095NMw=
5,-14,sbSDO/HaiJZroqw0VRhqi9KVunc=,mvCgk90FHxSqRVILEVQs9NnpI4Y=
2,-12,sbSDO/HaiJZroqw0VRhqi9KVunc=,XaZOAvQiObhEGY8Dm8cOlG4xIPg=
5,-7,sbSDO/HaiJZroqw0VRhqi9KVunc=,6e3KrIpkCtAlHB+h7icaWcWeNrk=
2,-9,sbSDO/HaiJZroqw0VRhqi9KVunc=,XaZOAvQiObhEGY8Dm8cOlG4xIPg=
2,-8,sbSDO/HaiJZroqw0VRhqi9KVunc=,aqkkrzSbkaIzOEbfVZhnq095NMw=
3,-7,sbSDO/HaiJZroqw0VRhqi9KVunc=,aqkkrzSbkaIzOEbfVZhnq095NMw=
2,-7,sbSDO/HaiJZroqw0VRhqi9KVunc=,aqkkrzSbkaIzOEbfVZhnq095NMw=
4,-7,sbSDO/HaiJZroqw0VRhqi9KVunc=,6e3KrIpkCtAlHB+h7icaWcWeNrk=
3,-10,fZvh+yOAFJhklB0N1/uE+up2xY4=,XaZOAvQiObhEGY8Dm8cOlG4xIPg=
4,-8,fZvh+yOAFJhklB0N1/uE+up2xY4=,6e3KrIpkCtAlHB+h7icaWcWeNrk=
5,-8,fZvh+yOAFJhklB0N1/uE+up2xY4=,6e3KrIpkCtAlHB+h7icaWcWeNrk=
4,-14,fZvh+yOAFJhklB0N1/uE+up2xY4=,mvCgk90FHxSqRVILEVQs9NnpI4Y=
2,-14,fZvh+yOAFJhklB0N1/uE+up2xY4=,m2d494xjBgY8m2icbZhRYsrVYpI=
3,-9,fZvh+yOAFJhklB0N1/uE+up2xY4=,XaZOAvQiObhEGY8Dm8cOlG4xIPg=
3,-14,fZvh+yOAFJhklB0N1/uE+up2xY4=,m2d494xjBgY8m2icbZhRYsrVYpI=
5,-13,fZvh+yOAFJhklB0N1/uE+up2xY4=,mvCgk90FHxSqRVILEVQs9NnpI4Y=
5,-12,fZvh+yOAFJhklB0N1/uE+up2xY4=,C/oB6F6KKWhUspmcCPmaAqhbc8Y=
5,-11,fZvh+yOAFJhklB0N1/uE+up2xY4=,C/oB6F6KKWhUspmcCPmaAqhbc8Y=
2,-10,fZvh+yOAFJhklB0N1/uE+up2xY4=,XaZOAvQiObhEGY8Dm8cOlG4xIPg=
5,-10,fZvh+yOAFJhklB0N1/uE+up2xY4=,C/oB6F6KKWhUspmcCPmaAqhbc8Y=
5,-9,fZvh+yOAFJhklB0N1/uE+up2xY4=,C/oB6F6KKWhUspmcCPmaAqhbc8Y=
4,-9,fZvh+yOAFJhklB0N1/uE+up2xY4=,C/oB6F6KKWhUspmcCPmaAqhbc8Y=
3,-11,fZvh+yOAFJhklB0N1/uE+up2xY4=,XaZOAvQiObhEGY8Dm8cOlG4xIPg=
4,-10,fZvh+yOAFJhklB0N1/uE+up2xY4=,C/oB6F6KKWhUspmcCPmaAqhbc8Y=
4,-13,fZvh+yOAFJhklB0N1/uE+up2xY4=,mvCgk90FHxSqRVILEVQs9NnpI4Y=
4,-11,yqSoUIKNVpPFwFpCH2gvsfqioWQ=,C/oB6F6KKWhUspmcCPmaAqhbc8Y=
2,-13,yqSoUIKNVpPFwFpCH2gvsfqioWQ=,m2d494xjBgY8m2icbZhRYsrVYpI=
2,-11,yqSoUIKNVpPFwFpCH2gvsfqioWQ=,XaZOAvQiObhEGY8Dm8cOlG4xIPg=
3,-13,yqSoUIKNVpPFwFpCH2gvsfqioWQ=,m2d494xjBgY8m2icbZhRYsrVYpI=
4,-12,yqSoUIKNVpPFwFpCH2gvsfqioWQ=,C/oB6F6KKWhUspmcCPmaAqhbc8Y=
0,-12,yqSoUIKNVpPFwFpCH2gvsfqioWQ=,XaZOAvQiObhEGY8Dm8cOlG4xIPg=
0,-11,yqSoUIKNVpPFwFpCH2gvsfqioWQ=,XaZOAvQiObhEGY8Dm8cOlG4xIPg=
1,-11,yqSoUIKNVpPFwFpCH2gvsfqioWQ=,XaZOAvQiObhEGY8Dm8cOlG4xIPg=
0,-13,yqSoUIKNVpPFwFpCH2gvsfqioWQ=,m2d494xjBgY8m2icbZhRYsrVYpI=
1,-13,yqSoUIKNVpPFwFpCH2gvsfqioWQ=,m2d494xjBgY8m2icbZhRYsrVYpI=
1,-14,yqSoUIKNVpPFwFpCH2gvsfqioWQ=,m2d494xjBgY8m2icbZhRYsrVYpI=
1,-12,yqSoUIKNVpPFwFpCH2gvsfqioWQ=,XaZOAvQiObhEGY8Dm8cOlG4xIPg=
0,-14,yqSoUIKNVpPFwFpCH2gvsfqioWQ=,m2d494xjBgY8m2icbZhRYsrVYpI=
9,-16,yqSoUIKNVpPFwFpCH2gvsfqioWQ=,5dFVRRgVAb4/mQefriTWPlAj/+E=
6,-16,yqSoUIKNVpPFwFpCH2gvsfqioWQ=,mvCgk90FHxSqRVILEVQs9NnpI4Y=
8,-16,yqSoUIKNVpPFwFpCH2gvsfqioWQ=,5dFVRRgVAb4/mQefriTWPlAj/+E=
7,-16,yqSoUIKNVpPFwFpCH2gvsfqioWQ=,mvCgk90FHxSqRVILEVQs9NnpI4Y=
7,-15,yqSoUIKNVpPFwFpCH2gvsfqioWQ=,mvCgk90FHxSqRVILEVQs9NnpI4Y=
8,-15,yqSoUIKNVpPFwFpCH2gvsfqioWQ=,5dFVRRgVAb4/mQefriTWPlAj/+E=
10,-16,yqSoUIKNVpPFwFpCH2gvsfqioWQ=,5dFVRRgVAb4/mQefriTWPlAj/+E=
11,-16,yqSoUIKNVpPFwFpCH2gvsfqioWQ=,5dFVRRgVAb4/mQefriTWPlAj/+E=
6,-15,yqSoUIKNVpPFwFpCH2gvsfqioWQ=,mvCgk90FHxSqRVILEVQs9NnpI4Y=
12,-16,yqSoUIKNVpPFwFpCH2gvsfqioWQ=,ouoAfp12AL+ubP9ohljqX89Xnk0=
10,-15,yqSoUIKNVpPFwFpCH2gvsfqioWQ=,5dFVRRgVAb4/mQefriTWPlAj/+E=
12,-15,yqSoUIKNVpPFwFpCH2gvsfqioWQ=,ouoAfp12AL+ubP9ohljqX89Xnk0=
11,-15,yqSoUIKNVpPFwFpCH2gvsfqioWQ=,5dFVRRgVAb4/mQefriTWPlAj/+E=
9,-15,yqSoUIKNVpPFwFpCH2gvsfqioWQ=,5dFVRRgVAb4/mQefriTWPlAj/+E=
13,-15,yqSoUIKNVpPFwFpCH2gvsfqioWQ=,ouoAfp12AL+ubP9ohljqX89Xnk0=
13,-16,yqSoUIKNVpPFwFpCH2gvsfqioWQ=,ouoAfp12AL+ubP9ohljqX89Xnk0=
0,-10,yqSoUIKNVpPFwFpCH2gvsfqioWQ=,XaZOAvQiObhEGY8Dm8cOlG4xIPg=
0,-7,yqSoUIKNVpPFwFpCH2gvsfqioWQ=,aqkkrzSbkaIzOEbfVZhnq095NMw=
0,-5,yqSoUIKNVpPFwFpCH2gvsfqioWQ=,aqkkrzSbkaIzOEbfVZhnq095NMw=
0,-9,yqSoUIKNVpPFwFpCH2gvsfqioWQ=,XaZOAvQiObhEGY8Dm8cOlG4xIPg=
1,-7,yqSoUIKNVpPFwFpCH2gvsfqioWQ=,aqkkrzSbkaIzOEbfVZhnq095NMw=
1,-10,yqSoUIKNVpPFwFpCH2gvsfqioWQ=,XaZOAvQiObhEGY8Dm8cOlG4xIPg=
0,-6,yqSoUIKNVpPFwFpCH2gvsfqioWQ=,aqkkrzSbkaIzOEbfVZhnq095NMw=
0,-8,yqSoUIKNVpPFwFpCH2gvsfqioWQ=,aqkkrzSbkaIzOEbfVZhnq095NMw=
1,-8,yqSoUIKNVpPFwFpCH2gvsfqioWQ=,aqkkrzSbkaIzOEbfVZhnq095NMw=
1,-9,yqSoUIKNVpPFwFpCH2gvsfqioWQ=,XaZOAvQiObhEGY8Dm8cOlG4xIPg=
1,-5,yqSoUIKNVpPFwFpCH2gvsfqioWQ=,aqkkrzSbkaIzOEbfVZhnq095NMw=
0,-4,yqSoUIKNVpPFwFpCH2gvsfqioWQ=,MNix3JjAyn0w+f0Z2hqlLCQfefs=
1,-6,yqSoUIKNVpPFwFpCH2gvsfqioWQ=,aqkkrzSbkaIzOEbfVZhnq095NMw=
1,-1,yqSoUIKNVpPFwFpCH2gvsfqioWQ=,MNix3JjAyn0w+f0Z2hqlLCQfefs=
1,-3,yqSoUIKNVpPFwFpCH2gvsfqioWQ=,MNix3JjAyn0w+f0Z2hqlLCQfefs=
0,-3,yqSoUIKNVpPFwFpCH2gvsfqioWQ=,MNix3JjAyn0w+f0Z2hqlLCQfefs=
1,-2,yqSoUIKNVpPFwFpCH2gvsfqioWQ=,MNix3JjAyn0w+f0Z2hqlLCQfefs=
1,-4,yqSoUIKNVpPFwFpCH2gvsfqioWQ=,MNix3JjAyn0w+f0Z2hqlLCQfefs=
0,-1,yqSoUIKNVpPFwFpCH2gvsfqioWQ=,MNix3JjAyn0w+f0Z2hqlLCQfefs=
0,-2,yqSoUIKNVpPFwFpCH2gvsfqioWQ=,MNix3JjAyn0w+f0Z2hqlLCQfefs=
14,-14,yqSoUIKNVpPFwFpCH2gvsfqioWQ=,ouoAfp12AL+ubP9ohljqX89Xnk0=
15,-13,yqSoUIKNVpPFwFpCH2gvsfqioWQ=,ouoAfp12AL+ubP9ohljqX89Xnk0=
14,-11,yqSoUIKNVpPFwFpCH2gvsfqioWQ=,lYbjPRGBQt82N1RO82c6JEwFK3I=
14,-13,yqSoUIKNVpPFwFpCH2gvsfqioWQ=,ouoAfp12AL+ubP9ohljqX89Xnk0=
15,-14,yqSoUIKNVpPFwFpCH2gvsfqioWQ=,ouoAfp12AL+ubP9ohljqX89Xnk0=
14,-12,yqSoUIKNVpPFwFpCH2gvsfqioWQ=,lYbjPRGBQt82N1RO82c6JEwFK3I=
15,-11,yqSoUIKNVpPFwFpCH2gvsfqioWQ=,lYbjPRGBQt82N1RO82c6JEwFK3I=
15,-12,yqSoUIKNVpPFwFpCH2gvsfqioWQ=,lYbjPRGBQt82N1RO82c6JEwFK3I=
15,-5,yqSoUIKNVpPFwFpCH2gvsfqioWQ=,bim10ch8/AIRd/L1npWdk2p615U=
15,-9,yqSoUIKNVpPFwFpCH2gvsfqioWQ=,lYbjPRGBQt82N1RO82c6JEwFK3I=
14,-3,yqSoUIKNVpPFwFpCH2gvsfqioWQ=,kmJHDBDSPYrS3AOufIKN2QSQiZs=
14,-7,yqSoUIKNVpPFwFpCH2gvsfqioWQ=,bim10ch8/AIRd/L1npWdk2p615U=
14,-6,yqSoUIKNVpPFwFpCH2gvsfqioWQ=,bim10ch8/AIRd/L1npWdk2p615U=
15,-10,yqSoUIKNVpPFwFpCH2gvsfqioWQ=,lYbjPRGBQt82N1RO82c6JEwFK3I=
14,-4,yqSoUIKNVpPFwFpCH2gvsfqioWQ=,kmJHDBDSPYrS3AOufIKN2QSQiZs=
14,-10,yqSoUIKNVpPFwFpCH2gvsfqioWQ=,lYbjPRGBQt82N1RO82c6JEwFK3I=
14,-5,yqSoUIKNVpPFwFpCH2gvsfqioWQ=,bim10ch8/AIRd/L1npWdk2p615U=
15,-6,yqSoUIKNVpPFwFpCH2gvsfqioWQ=,bim10ch8/AIRd/L1npWdk2p615U=
15,-7,yqSoUIKNVpPFwFpCH2gvsfqioWQ=,bim10ch8/AIRd/L1npWdk2p615U=
15,-8,yqSoUIKNVpPFwFpCH2gvsfqioWQ=,bim10ch8/AIRd/L1npWdk2p615U=
15,-4,yqSoUIKNVpPFwFpCH2gvsfqioWQ=,kmJHDBDSPYrS3AOufIKN2QSQiZs=
14,-8,yqSoUIKNVpPFwFpCH2gvsfqioWQ=,bim10ch8/AIRd/L1npWdk2p615U=
14,-9,yqSoUIKNVpPFwFpCH2gvsfqioWQ=,lYbjPRGBQt82N1RO82c6JEwFK3I=
15,-16,yqSoUIKNVpPFwFpCH2gvsfqioWQ=,ouoAfp12AL+ubP9ohljqX89Xnk0=
15,-3,yqSoUIKNVpPFwFpCH2gvsfqioWQ=,kmJHDBDSPYrS3AOufIKN2QSQiZs=
15,-15,yqSoUIKNVpPFwFpCH2gvsfqioWQ=,ouoAfp12AL+ubP9ohljqX89Xnk0=
14,-15,yqSoUIKNVpPFwFpCH2gvsfqioWQ=,ouoAfp12AL+ubP9ohljqX89Xnk0=
14,-16,yqSoUIKNVpPFwFpCH2gvsfqioWQ=,ouoAfp12AL+ubP9ohljqX89Xnk0=
0,-15,yqSoUIKNVpPFwFpCH2gvsfqioWQ=,m2d494xjBgY8m2icbZhRYsrVYpI=
1,-16,yqSoUIKNVpPFwFpCH2gvsfqioWQ=,m2d494xjBgY8m2icbZhRYsrVYpI=
0,-16,yqSoUIKNVpPFwFpCH2gvsfqioWQ=,m2d494xjBgY8m2icbZhRYsrVYpI=
1,-15,yqSoUIKNVpPFwFpCH2gvsfqioWQ=,m2d494xjBgY8m2icbZhRYsrVYpI=
15,-2,yqSoUIKNVpPFwFpCH2gvsfqioWQ=,kmJHDBDSPYrS3AOufIKN2QSQiZs=
14,-1,yqSoUIKNVpPFwFpCH2gvsfqioWQ=,kmJHDBDSPYrS3AOufIKN2QSQiZs=
15,-1,yqSoUIKNVpPFwFpCH2gvsfqioWQ=,kmJHDBDSPYrS3AOufIKN2QSQiZs=
14,-2,yqSoUIKNVpPFwFpCH2gvsfqioWQ=,kmJHDBDSPYrS3AOufIKN2QSQiZs=
12,-1,yqSoUIKNVpPFwFpCH2gvsfqioWQ=,kmJHDBDSPYrS3AOufIKN2QSQiZs=
12,-2,yqSoUIKNVpPFwFpCH2gvsfqioWQ=,kmJHDBDSPYrS3AOufIKN2QSQiZs=
13,-2,yqSoUIKNVpPFwFpCH2gvsfqioWQ=,kmJHDBDSPYrS3AOufIKN2QSQiZs=
11,-1,yqSoUIKNVpPFwFpCH2gvsfqioWQ=,akQfohPm5no2kyDpO+b5Kpt7cvA=
10,-2,yqSoUIKNVpPFwFpCH2gvsfqioWQ=,akQfohPm5no2kyDpO+b5Kpt7cvA=
13,-1,yqSoUIKNVpPFwFpCH2gvsfqioWQ=,kmJHDBDSPYrS3AOufIKN2QSQiZs=
11,-2,yqSoUIKNVpPFwFpCH2gvsfqioWQ=,akQfohPm5no2kyDpO+b5Kpt7cvA=
9,-2,yqSoUIKNVpPFwFpCH2gvsfqioWQ=,akQfohPm5no2kyDpO+b5Kpt7cvA=
10,-1,yqSoUIKNVpPFwFpCH2gvsfqioWQ=,akQfohPm5no2kyDpO+b5Kpt7cvA=
6,-2,yqSoUIKNVpPFwFpCH2gvsfqioWQ=,OxpStiW+hkS6O9nXuRGOf291P8I=
6,-1,yqSoUIKNVpPFwFpCH2gvsfqioWQ=,OxpStiW+hkS6O9nXuRGOf291P8I=
7,-1,yqSoUIKNVpPFwFpCH2gvsfqioWQ=,OxpStiW+hkS6O9nXuRGOf291P8I=
8,-1,yqSoUIKNVpPFwFpCH2gvsfqioWQ=,akQfohPm5no2kyDpO+b5Kpt7cvA=
2,-2,yqSoUIKNVpPFwFpCH2gvsfqioWQ=,MNix3JjAyn0w+f0Z2hqlLCQfefs=
5,-1,yqSoUIKNVpPFwFpCH2gvsfqioWQ=,OxpStiW+hkS6O9nXuRGOf291P8I=
8,-2,yqSoUIKNVpPFwFpCH2gvsfqioWQ=,akQfohPm5no2kyDpO+b5Kpt7cvA=
9,-1,yqSoUIKNVpPFwFpCH2gvsfqioWQ=,akQfohPm5no2kyDpO+b5Kpt7cvA=
2,-1,yqSoUIKNVpPFwFpCH2gvsfqioWQ=,MNix3JjAyn0w+f0Z2hqlLCQfefs=
3,-1,yqSoUIKNVpPFwFpCH2gvsfqioWQ=,MNix3JjAyn0w+f0Z2hqlLCQfefs=
7,-2,yqSoUIKNVpPFwFpCH2gvsfqioWQ=,OxpStiW+hkS6O9nXuRGOf291P8I=
4,-1,yqSoUIKNVpPFwFpCH2gvsfqioWQ=,OxpStiW+hkS6O9nXuRGOf291P8I=
4,-2,yqSoUIKNVpPFwFpCH2gvsfqioWQ=,OxpStiW+hkS6O9nXuRGOf291P8I=
5,-2,yqSoUIKNVpPFwFpCH2gvsfqioWQ=,OxpStiW+hkS6O9nXuRGOf291P8I=
3,-2,yqSoUIKNVpPFwFpCH2gvsfqioWQ=,MNix3JjAyn0w+f0Z2hqlLCQfefs=
